ISO-10303-21;
HEADER;
FILE_DESCRIPTION(('Open CASCADE Model'),'2;1');
FILE_NAME('Open CASCADE Shape Model','2026-08-07T02:34:41',('Author'),(
    'Open CASCADE'),'Open CASCADE STEP processor 7.7','Open CASCADE 7.7'
  ,'Unknown');
FILE_SCHEMA(('AUTOMOTIVE_DESIGN { 1 0 10303 214 1 1 1 1 }'));
ENDSEC;
DATA;
#1 = APPLICATION_PROTOCOL_DEFINITION('international standard',
  'automotive_design',2000,#2);
#2 = APPLICATION_CONTEXT(
  'core data for automotive mechanical design processes');
#3 = SHAPE_DEFINITION_REPRESENTATION(#4,#10);
#4 = PRODUCT_DEFINITION_SHAPE('','',#5);
#5 = PRODUCT_DEFINITION('design','',#6,#9);
#6 = PRODUCT_DEFINITION_FORMATION('','',#7);
#7 = PRODUCT('Open CASCADE STEP translator 7.7 1',
  'Open CASCADE STEP translator 7.7 1','',(#8));
#8 = PRODUCT_CONTEXT('',#2,'mechanical');
#9 = PRODUCT_DEFINITION_CONTEXT('part definition',#2,'design');
#10 = ADVANCED_BREP_SHAPE_REPRESENTATION('',(#11,#15),#9119);
#11 = AXIS2_PLACEMENT_3D('',#12,#13,#14);
#12 = CARTESIAN_POINT('',(0.,0.,0.));
#13 = DIRECTION('',(0.,0.,1.));
#14 = DIRECTION('',(1.,0.,-0.));
#15 = MANIFOLD_SOLID_BREP('',#16);
#16 = CLOSED_SHELL('',(#17,#614,#2127,#2178,#2281,#2307,#3540,#3592,
    #3695,#3720,#4159,#4598,#5037,#5476,#5915,#5960,#5987,#6014,#6041,
    #6048,#6093,#6120,#6147,#6174,#6181,#6226,#6253,#6280,#6307,#6314,
    #6359,#6386,#6413,#6440,#6447,#6492,#6519,#6546,#6573,#6580,#6625,
    #6650,#6657,#6664,#6671,#6678,#6685,#6692,#6719,#6746,#6773,#6800,
    #6807,#6834,#6861,#6888,#6915,#6922,#6949,#6976,#7003,#7030,#7037,
    #7107,#7179,#7205,#7277,#7324,#7373,#7425,#7528,#7553,#7578,#7606,
    #7612,#7663,#7766,#7792,#7817,#7845,#7851,#7897,#7990,#8016,#8068,
    #8171,#8196,#8247,#8350,#8376,#8423,#8516,#8541,#8587,#8680,#8706,
    #8753,#8846,#8871,#8899,#8926,#8933,#8960,#8987,#8995,#9023,#9050,
    #9057,#9084,#9111));
#17 = ADVANCED_FACE('',(#18),#33,.T.);
#18 = FACE_BOUND('',#19,.F.);
#19 = EDGE_LOOP('',(#20,#60,#109,#248,#309,#337,#425,#561));
#20 = ORIENTED_EDGE('',*,*,#21,.F.);
#21 = EDGE_CURVE('',#22,#24,#26,.T.);
#22 = VERTEX_POINT('',#23);
#23 = CARTESIAN_POINT('',(7.499999995625,12.990381059293,35.));
#24 = VERTEX_POINT('',#25);
#25 = CARTESIAN_POINT('',(15.,-1.287858708565E-13,35.));
#26 = SURFACE_CURVE('',#27,(#32,#44),.PCURVE_S1.);
#27 = CIRCLE('',#28,15.);
#28 = AXIS2_PLACEMENT_3D('',#29,#30,#31);
#29 = CARTESIAN_POINT('',(0.,0.,35.));
#30 = DIRECTION('',(0.,0.,-1.));
#31 = DIRECTION('',(0.499999999708,0.866025403953,0.));
#32 = PCURVE('',#33,#38);
#33 = CYLINDRICAL_SURFACE('',#34,15.);
#34 = AXIS2_PLACEMENT_3D('',#35,#36,#37);
#35 = CARTESIAN_POINT('',(0.,0.,0.));
#36 = DIRECTION('',(-0.,-0.,-1.));
#37 = DIRECTION('',(1.,0.,0.));
#38 = DEFINITIONAL_REPRESENTATION('',(#39),#43);
#39 = LINE('',#40,#41);
#40 = CARTESIAN_POINT('',(-7.330382858713,-35.));
#41 = VECTOR('',#42,1.);
#42 = DIRECTION('',(1.,-0.));
#43 = ( GEOMETRIC_REPRESENTATION_CONTEXT(2) 
PARAMETRIC_REPRESENTATION_CONTEXT() REPRESENTATION_CONTEXT('2D SPACE',''
  ) );
#44 = PCURVE('',#45,#50);
#45 = PLANE('',#46);
#46 = AXIS2_PLACEMENT_3D('',#47,#48,#49);
#47 = CARTESIAN_POINT('',(-7.29301404021E-16,1.169780044473E-16,35.));
#48 = DIRECTION('',(0.,0.,1.));
#49 = DIRECTION('',(1.,0.,-0.));
#50 = DEFINITIONAL_REPRESENTATION('',(#51),#59);
#51 = ( BOUNDED_CURVE() B_SPLINE_CURVE(2,(#52,#53,#54,#55,#56,#57,#58),
.UNSPECIFIED.,.T.,.F.) B_SPLINE_CURVE_WITH_KNOTS((1,2,2,2,2,1),(
    -2.094395102393,0.,2.094395102393,4.188790204786,6.28318530718,
8.377580409573),.UNSPECIFIED.) CURVE() GEOMETRIC_REPRESENTATION_ITEM() 
RATIONAL_B_SPLINE_CURVE((1.,0.5,1.,0.5,1.,0.5,1.)) REPRESENTATION_ITEM(
  '') );
#52 = CARTESIAN_POINT('',(7.499999995625,12.990381059293));
#53 = CARTESIAN_POINT('',(30.,1.010431904218E-08));
#54 = CARTESIAN_POINT('',(7.500000004375,-12.99038105424));
#55 = CARTESIAN_POINT('',(-14.99999999124,-25.98076211858));
#56 = CARTESIAN_POINT('',(-15.,-5.052165913804E-09));
#57 = CARTESIAN_POINT('',(-15.00000000875,25.980762108481));
#58 = CARTESIAN_POINT('',(7.499999995625,12.990381059293));
#59 = ( GEOMETRIC_REPRESENTATION_CONTEXT(2) 
PARAMETRIC_REPRESENTATION_CONTEXT() REPRESENTATION_CONTEXT('2D SPACE',''
  ) );
#60 = ORIENTED_EDGE('',*,*,#61,.F.);
#61 = EDGE_CURVE('',#62,#22,#64,.T.);
#62 = VERTEX_POINT('',#63);
#63 = CARTESIAN_POINT('',(8.847809095852,12.112649346999,34.724722601875
    ));
#64 = SURFACE_CURVE('',#65,(#76,#90),.PCURVE_S1.);
#65 = B_SPLINE_CURVE_WITH_KNOTS('',5,(#66,#67,#68,#69,#70,#71,#72,#73,
    #74,#75),.UNSPECIFIED.,.F.,.F.,(6,4,6),(0.,0.501903646688,1.),
  .UNSPECIFIED.);
#66 = CARTESIAN_POINT('',(8.847809095852,12.112649346999,34.724722601875
    ));
#67 = CARTESIAN_POINT('',(8.71183037023,12.211976403445,34.773689034061)
  );
#68 = CARTESIAN_POINT('',(8.575616459529,12.308548942451,34.818449925122
    ));
#69 = CARTESIAN_POINT('',(8.439308286375,12.402363910971,34.858594661473
    ));
#70 = CARTESIAN_POINT('',(8.303095892381,12.493391478631,34.893589970826
    ));
#71 = CARTESIAN_POINT('',(8.032426284149,12.669094820016,34.951541685301
    ));
#72 = CARTESIAN_POINT('',(7.897971937616,12.753808110243,34.974585902381
    ));
#73 = CARTESIAN_POINT('',(7.764134966249,12.835671093671,34.991062946685
    ));
#74 = CARTESIAN_POINT('',(7.631290866806,12.914580239472,34.999999999993
    ));
#75 = CARTESIAN_POINT('',(7.50000000013,12.990381056692,35.));
#76 = PCURVE('',#33,#77);
#77 = DEFINITIONAL_REPRESENTATION('',(#78),#89);
#78 = B_SPLINE_CURVE_WITH_KNOTS('',5,(#79,#80,#81,#82,#83,#84,#85,#86,
    #87,#88),.UNSPECIFIED.,.F.,.F.,(6,4,6),(0.,0.501903646688,1.),
  .UNSPECIFIED.);
#79 = CARTESIAN_POINT('',(-7.223103682517,-34.72472260187));
#80 = CARTESIAN_POINT('',(-7.234329857876,-34.77368903406));
#81 = CARTESIAN_POINT('',(-7.245460377373,-34.81844992512));
#82 = CARTESIAN_POINT('',(-7.25649047746,-34.85859466147));
#83 = CARTESIAN_POINT('',(-7.267411416045,-34.89358997082));
#84 = CARTESIAN_POINT('',(-7.288924585241,-34.9515416853));
#85 = CARTESIAN_POINT('',(-7.299518017981,-34.97458590238));
#86 = CARTESIAN_POINT('',(-7.309976021462,-34.99106294668));
#87 = CARTESIAN_POINT('',(-7.320276082737,-34.99999999999));
#88 = CARTESIAN_POINT('',(-7.330382858366,-35.));
#89 = ( GEOMETRIC_REPRESENTATION_CONTEXT(2) 
PARAMETRIC_REPRESENTATION_CONTEXT() REPRESENTATION_CONTEXT('2D SPACE',''
  ) );
#90 = PCURVE('',#91,#96);
#91 = B_SPLINE_SURFACE_WITH_KNOTS('',1,1,(
    (#92,#93)
    ,(#94,#95)),.UNSPECIFIED.,.F.,.F.,.F.,(2,2),(2,2),(0.,8.),(0.,1.),
  .PIECEWISE_BEZIER_KNOTS.);
#92 = CARTESIAN_POINT('',(15.,4.,0.));
#93 = CARTESIAN_POINT('',(6.200961894323,13.740381056767,35.));
#94 = CARTESIAN_POINT('',(15.,-4.,0.));
#95 = CARTESIAN_POINT('',(8.799038105677,12.240381056767,35.));
#96 = DEFINITIONAL_REPRESENTATION('',(#97),#108);
#97 = B_SPLINE_CURVE_WITH_KNOTS('',5,(#98,#99,#100,#101,#102,#103,#104,
    #105,#106,#107),.UNSPECIFIED.,.F.,.F.,(6,4,6),(0.,0.501903646688,1.)
  ,.UNSPECIFIED.);
#98 = CARTESIAN_POINT('',(8.,0.992134931482));
#99 = CARTESIAN_POINT('',(7.604899926074,0.993533972402));
#100 = CARTESIAN_POINT('',(7.208150432479,0.994812855003));
#101 = CARTESIAN_POINT('',(6.809734604482,0.995959847471));
#102 = CARTESIAN_POINT('',(6.409673909166,0.996959713452));
#103 = CARTESIAN_POINT('',(5.609373038049,0.998615476723));
#104 = CARTESIAN_POINT('',(5.209182189004,0.999273882925));
#105 = CARTESIAN_POINT('',(4.807428063444,0.99974465562));
#106 = CARTESIAN_POINT('',(4.404271025556,1.));
#107 = CARTESIAN_POINT('',(4.0000000004,1.));
#108 = ( GEOMETRIC_REPRESENTATION_CONTEXT(2) 
PARAMETRIC_REPRESENTATION_CONTEXT() REPRESENTATION_CONTEXT('2D SPACE',''
  ) );
#109 = ORIENTED_EDGE('',*,*,#110,.F.);
#110 = EDGE_CURVE('',#111,#62,#113,.T.);
#111 = VERTEX_POINT('',#112);
#112 = CARTESIAN_POINT('',(14.669089074383,-3.133340984924,
    1.867755776274));
#113 = SURFACE_CURVE('',#114,(#141,#192),.PCURVE_S1.);
#114 = B_SPLINE_CURVE_WITH_KNOTS('',7,(#115,#116,#117,#118,#119,#120,
    #121,#122,#123,#124,#125,#126,#127,#128,#129,#130,#131,#132,#133,
    #134,#135,#136,#137,#138,#139,#140),.UNSPECIFIED.,.F.,.F.,(8,6,6,6,8
    ),(0.,1.,2.618533420178,4.005985046067,5.377130876801),
  .UNSPECIFIED.);
#115 = CARTESIAN_POINT('',(14.669089074383,-3.133340984924,
    1.867755776274));
#116 = CARTESIAN_POINT('',(14.757974898241,-2.717211979528,
    2.739661467809));
#117 = CARTESIAN_POINT('',(14.834953403037,-2.289410779083,
    3.610097834799));
#118 = CARTESIAN_POINT('',(14.898835325654,-1.850415079073,
    4.479250071029));
#119 = CARTESIAN_POINT('',(14.948411081436,-1.400912382386,
    5.347320195013));
#120 = CARTESIAN_POINT('',(14.98249703347,-0.941836589143,6.214532176668
    ));
#121 = CARTESIAN_POINT('',(15.,-0.474382752441,7.081126562782));
#122 = CARTESIAN_POINT('',(15.,0.767804338781,9.349347445725));
#123 = CARTESIAN_POINT('',(14.95414807097,1.553899862083,10.750617745193
    ));
#124 = CARTESIAN_POINT('',(14.858512637716,2.351932083019,
    12.151776430708));
#125 = CARTESIAN_POINT('',(14.710411707753,3.153880272283,
    13.553591092358));
#126 = CARTESIAN_POINT('',(14.509274684545,3.950233592445,
    14.956905588841));
#127 = CARTESIAN_POINT('',(14.25753239178,4.731114329429,16.362251674092
    ));
#128 = CARTESIAN_POINT('',(13.705266262582,6.136054507387,
    18.975650487822));
#129 = CARTESIAN_POINT('',(13.416790792506,6.766707691093,
    20.183452111357));
#130 = CARTESIAN_POINT('',(13.097858110804,7.373920678183,
    21.392698823738));
#131 = CARTESIAN_POINT('',(12.752823420805,7.9529107368,22.603559346548)
  );
#132 = CARTESIAN_POINT('',(12.38691269445,8.500235152528,23.816295277228
    ));
#133 = CARTESIAN_POINT('',(12.005534467242,9.013887712754,
    25.031102531063));
#134 = CARTESIAN_POINT('',(11.226777282981,9.966621860054,
    27.450747711836));
#135 = CARTESIAN_POINT('',(10.82960975313,10.406545030893,
    28.655626060323));
#136 = CARTESIAN_POINT('',(10.427250826214,10.812162422707,
    29.863059454882));
#137 = CARTESIAN_POINT('',(10.024321897026,11.18396021484,
    31.073416986914));
#138 = CARTESIAN_POINT('',(9.624773605508,11.523329971511,
    32.286996779673));
#139 = CARTESIAN_POINT('',(9.231782598314,11.832171959243,33.50403087046
    ));
#140 = CARTESIAN_POINT('',(8.847809095852,12.112649346999,
    34.724722601875));
#141 = PCURVE('',#33,#142);
#142 = DEFINITIONAL_REPRESENTATION('',(#143),#191);
#143 = B_SPLINE_CURVE_WITH_KNOTS('',3,(#144,#145,#146,#147,#148,#149,
    #150,#151,#152,#153,#154,#155,#156,#157,#158,#159,#160,#161,#162,
    #163,#164,#165,#166,#167,#168,#169,#170,#171,#172,#173,#174,#175,
    #176,#177,#178,#179,#180,#181,#182,#183,#184,#185,#186,#187,#188,
    #189,#190),.UNSPECIFIED.,.F.,.F.,(4,1,1,1,1,1,1,1,1,1,1,1,1,1,1,1,1,
    1,1,1,1,1,1,1,1,1,1,1,1,1,1,1,1,1,1,1,1,1,1,1,1,1,1,1,4),(0.,
    0.122207519927,0.244415039855,0.366622559782,0.488830079709,
    0.611037599637,0.733245119564,0.855452639491,0.977660159418,
    1.099867679346,1.222075199273,1.3442827192,1.466490239128,
    1.588697759055,1.710905278982,1.83311279891,1.955320318837,
    2.077527838764,2.199735358691,2.321942878619,2.444150398546,
    2.566357918473,2.688565438401,2.810772958328,2.932980478255,
    3.055187998183,3.17739551811,3.299603038037,3.421810557965,
    3.544018077892,3.666225597819,3.788433117746,3.910640637674,
    4.032848157601,4.155055677528,4.277263197456,4.399470717383,
    4.52167823731,4.643885757238,4.766093277165,4.888300797092,
    5.01050831702,5.132715836947,5.254923356874,5.377130876801),
  .QUASI_UNIFORM_KNOTS.);
#144 = CARTESIAN_POINT('',(-6.072746139809,-1.867755776274));
#145 = CARTESIAN_POINT('',(-6.080835110482,-2.116380737003));
#146 = CARTESIAN_POINT('',(-6.097137933984,-2.613322364758));
#147 = CARTESIAN_POINT('',(-6.121960617265,-3.357886281529));
#148 = CARTESIAN_POINT('',(-6.147146122184,-4.101676672265));
#149 = CARTESIAN_POINT('',(-6.172686820169,-4.844773286744));
#150 = CARTESIAN_POINT('',(-6.198573677559,-5.587259075653));
#151 = CARTESIAN_POINT('',(-6.224795984941,-6.329219750739));
#152 = CARTESIAN_POINT('',(-6.251341422266,-7.070745504791));
#153 = CARTESIAN_POINT('',(-6.278195671174,-7.811921924304));
#154 = CARTESIAN_POINT('',(-6.305343509865,-8.552860913771));
#155 = CARTESIAN_POINT('',(-6.332768219316,-9.293683473042));
#156 = CARTESIAN_POINT('',(-6.360448412417,-10.03443519831));
#157 = CARTESIAN_POINT('',(-6.388361630314,-10.77518389319));
#158 = CARTESIAN_POINT('',(-6.416483451292,-11.51599381271));
#159 = CARTESIAN_POINT('',(-6.444787764175,-12.2569309579));
#160 = CARTESIAN_POINT('',(-6.473246751067,-12.99805975837));
#161 = CARTESIAN_POINT('',(-6.50183096737,-13.73944178943));
#162 = CARTESIAN_POINT('',(-6.530509415022,-14.48113371038));
#163 = CARTESIAN_POINT('',(-6.55924963501,-15.22318514041));
#164 = CARTESIAN_POINT('',(-6.588017822147,-15.96563652986));
#165 = CARTESIAN_POINT('',(-6.616778932972,-16.70851618887));
#166 = CARTESIAN_POINT('',(-6.645496914893,-17.45183987741));
#167 = CARTESIAN_POINT('',(-6.674134593516,-18.19560028862));
#168 = CARTESIAN_POINT('',(-6.702657820143,-18.93986866685));
#169 = CARTESIAN_POINT('',(-6.731029449386,-19.68463108203));
#170 = CARTESIAN_POINT('',(-6.759213882348,-20.42989919629));
#171 = CARTESIAN_POINT('',(-6.787176482147,-21.17568848467));
#172 = CARTESIAN_POINT('',(-6.814883927417,-21.92202127461));
#173 = CARTESIAN_POINT('',(-6.84230429773,-22.66892332084));
#174 = CARTESIAN_POINT('',(-6.869407212114,-23.41642221541));
#175 = CARTESIAN_POINT('',(-6.896163948606,-24.16454583932));
#176 = CARTESIAN_POINT('',(-6.922547511958,-24.91331985153));
#177 = CARTESIAN_POINT('',(-6.948532847173,-25.66277014801));
#178 = CARTESIAN_POINT('',(-6.974096429325,-26.4129076863));
#179 = CARTESIAN_POINT('',(-6.999218256608,-27.16378509432));
#180 = CARTESIAN_POINT('',(-7.023880706435,-27.91546451675));
#181 = CARTESIAN_POINT('',(-7.048067808589,-28.66799529848));
#182 = CARTESIAN_POINT('',(-7.071765744109,-29.42142892801));
#183 = CARTESIAN_POINT('',(-7.09496265206,-30.17581409903));
#184 = CARTESIAN_POINT('',(-7.117648608319,-30.93119735584));
#185 = CARTESIAN_POINT('',(-7.139815551402,-31.68762247303));
#186 = CARTESIAN_POINT('',(-7.161457197198,-32.4451304149));
#187 = CARTESIAN_POINT('',(-7.182569006571,-33.20375925566));
#188 = CARTESIAN_POINT('',(-7.203147914671,-33.96354460394));
#189 = CARTESIAN_POINT('',(-7.216511257511,-34.47086079422));
#190 = CARTESIAN_POINT('',(-7.223103682517,-34.72472260187));
#191 = ( GEOMETRIC_REPRESENTATION_CONTEXT(2) 
PARAMETRIC_REPRESENTATION_CONTEXT() REPRESENTATION_CONTEXT('2D SPACE',''
  ) );
#192 = PCURVE('',#193,#198);
#193 = B_SPLINE_SURFACE_WITH_KNOTS('',1,1,(
    (#194,#195)
    ,(#196,#197
  )),.UNSPECIFIED.,.F.,.F.,.F.,(2,2),(2,2),(0.,30.),(0.,1.),
  .PIECEWISE_BEZIER_KNOTS.);
#194 = CARTESIAN_POINT('',(15.,-4.,0.));
#195 = CARTESIAN_POINT('',(8.799038105677,12.240381056767,35.));
#196 = CARTESIAN_POINT('',(45.,-4.,0.));
#197 = CARTESIAN_POINT('',(23.799038105677,38.2211431703,35.));
#198 = DEFINITIONAL_REPRESENTATION('',(#199),#247);
#199 = B_SPLINE_CURVE_WITH_KNOTS('',3,(#200,#201,#202,#203,#204,#205,
    #206,#207,#208,#209,#210,#211,#212,#213,#214,#215,#216,#217,#218,
    #219,#220,#221,#222,#223,#224,#225,#226,#227,#228,#229,#230,#231,
    #232,#233,#234,#235,#236,#237,#238,#239,#240,#241,#242,#243,#244,
    #245,#246),.UNSPECIFIED.,.F.,.F.,(4,1,1,1,1,1,1,1,1,1,1,1,1,1,1,1,1,
    1,1,1,1,1,1,1,1,1,1,1,1,1,1,1,1,1,1,1,1,1,1,1,1,1,1,1,4),(0.,
    0.122207519927,0.244415039855,0.366622559782,0.488830079709,
    0.611037599637,0.733245119564,0.855452639491,0.977660159418,
    1.099867679346,1.222075199273,1.3442827192,1.466490239128,
    1.588697759055,1.710905278982,1.83311279891,1.955320318837,
    2.077527838764,2.199735358691,2.321942878619,2.444150398546,
    2.566357918473,2.688565438401,2.810772958328,2.932980478255,
    3.055187998183,3.17739551811,3.299603038037,3.421810557965,
    3.544018077892,3.666225597819,3.788433117746,3.910640637674,
    4.032848157601,4.155055677528,4.277263197456,4.399470717383,
    4.52167823731,4.643885757238,4.766093277165,4.888300797092,
    5.01050831702,5.132715836947,5.254923356874,5.377130876801),
  .QUASI_UNIFORM_KNOTS.);
#200 = CARTESIAN_POINT('',(0.,5.336445075069E-02));
#201 = CARTESIAN_POINT('',(7.129512589638E-02,6.046802115866E-02));
#202 = CARTESIAN_POINT('',(0.212840375437,7.466635343877E-02));
#203 = CARTESIAN_POINT('',(0.421415363874,9.593960807683E-02));
#204 = CARTESIAN_POINT('',(0.625648558396,0.117190761911));
#205 = CARTESIAN_POINT('',(0.824909652204,0.138422093885));
#206 = CARTESIAN_POINT('',(1.018551518056,0.159635973744));
#207 = CARTESIAN_POINT('',(1.205910528964,0.180834850051));
#208 = CARTESIAN_POINT('',(1.386311992182,0.202021299934));
#209 = CARTESIAN_POINT('',(1.559072595926,0.223197769206));
#210 = CARTESIAN_POINT('',(1.723513031463,0.244367455034));
#211 = CARTESIAN_POINT('',(1.878958291753,0.265533813996));
#212 = CARTESIAN_POINT('',(2.02472769295,0.286698148414));
#213 = CARTESIAN_POINT('',(2.160164210327,0.30786239654));
#214 = CARTESIAN_POINT('',(2.284635778426,0.329028394457));
#215 = CARTESIAN_POINT('',(2.397543961901,0.350198027596));
#216 = CARTESIAN_POINT('',(2.498330763042,0.371373136332));
#217 = CARTESIAN_POINT('',(2.58648589479,0.392555479795));
#218 = CARTESIAN_POINT('',(2.661553736526,0.413746677117));
#219 = CARTESIAN_POINT('',(2.723140021901,0.434948146492));
#220 = CARTESIAN_POINT('',(2.770918056362,0.456161043811));
#221 = CARTESIAN_POINT('',(2.804634419971,0.477386177452));
#222 = CARTESIAN_POINT('',(2.824113734735,0.498623996573));
#223 = CARTESIAN_POINT('',(2.829263449765,0.519874293865));
#224 = CARTESIAN_POINT('',(2.820074260908,0.541139104607));
#225 = CARTESIAN_POINT('',(2.796619507045,0.562418030989));
#226 = CARTESIAN_POINT('',(2.759056292915,0.583711405731));
#227 = CARTESIAN_POINT('',(2.707621452011,0.605019670977));
#228 = CARTESIAN_POINT('',(2.642627466825,0.626343464871));
#229 = CARTESIAN_POINT('',(2.564457293409,0.647683523407));
#230 = CARTESIAN_POINT('',(2.473558554689,0.669040634824));
#231 = CARTESIAN_POINT('',(2.370437067518,0.690415595507));
#232 = CARTESIAN_POINT('',(2.255650162246,0.711809138512));
#233 = CARTESIAN_POINT('',(2.129798769462,0.733222004104));
#234 = CARTESIAN_POINT('',(1.993522662573,0.754654505357));
#235 = CARTESIAN_POINT('',(1.84748213042,0.776108145535));
#236 = CARTESIAN_POINT('',(1.692354198819,0.797584700483));
#237 = CARTESIAN_POINT('',(1.528830203514,0.819085579963));
#238 = CARTESIAN_POINT('',(1.357606115492,0.840612255086));
#239 = CARTESIAN_POINT('',(1.179377192323,0.862166117108));
#240 = CARTESIAN_POINT('',(0.994832172886,0.883748495878));
#241 = CARTESIAN_POINT('',(0.80464820906,0.905360642093));
#242 = CARTESIAN_POINT('',(0.609486604833,0.927003726149));
#243 = CARTESIAN_POINT('',(0.40998794978,0.94867883587));
#244 = CARTESIAN_POINT('',(0.20677228895,0.970386988672));
#245 = CARTESIAN_POINT('',(6.920624963096E-02,0.984881736971));
#246 = CARTESIAN_POINT('',(0.,0.992134931482));
#247 = ( GEOMETRIC_REPRESENTATION_CONTEXT(2) 
PARAMETRIC_REPRESENTATION_CONTEXT() REPRESENTATION_CONTEXT('2D SPACE',''
  ) );
#248 = ORIENTED_EDGE('',*,*,#249,.T.);
#249 = EDGE_CURVE('',#111,#250,#252,.T.);
#250 = VERTEX_POINT('',#251);
#251 = CARTESIAN_POINT('',(15.,0.,0.));
#252 = SURFACE_CURVE('',#253,(#268,#286),.PCURVE_S1.);
#253 = B_SPLINE_CURVE_WITH_KNOTS('',7,(#254,#255,#256,#257,#258,#259,
    #260,#261,#262,#263,#264,#265,#266,#267),.UNSPECIFIED.,.F.,.F.,(8,6,
    8),(0.,0.565890768242,1.),.UNSPECIFIED.);
#254 = CARTESIAN_POINT('',(14.669089074383,-3.133340984924,
    1.867755776274));
#255 = CARTESIAN_POINT('',(14.705684545624,-2.962015160532,
    1.632520988098));
#256 = CARTESIAN_POINT('',(14.7423377009,-2.7789915368,1.40493757966));
#257 = CARTESIAN_POINT('',(14.778786515216,-2.582807502882,
    1.186121726762));
#258 = CARTESIAN_POINT('',(14.814604184209,-2.371958781343,
    0.978108020316));
#259 = CARTESIAN_POINT('',(14.849150313899,-2.144931312974,
    0.783877673986));
#260 = CARTESIAN_POINT('',(14.881517050462,-1.900232655912,
    0.607392508161));
#261 = CARTESIAN_POINT('',(14.932680810697,-1.434047710576,
    0.335683184489));
#262 = CARTESIAN_POINT('',(14.952886546321,-1.220390440877,
    0.231085420624));
#263 = CARTESIAN_POINT('',(14.970474126706,-0.995290441349,
    0.142389667768));
#264 = CARTESIAN_POINT('',(14.984710546643,-0.759102463253,
    7.249324778325E-02));
#265 = CARTESIAN_POINT('',(14.994795205831,-0.512884034957,
    2.428908767034E-02));
#266 = CARTESIAN_POINT('',(15.,-0.258688028195,1.478406839963E-16));
#267 = CARTESIAN_POINT('',(15.,0.,0.));
#268 = PCURVE('',#33,#269);
#269 = DEFINITIONAL_REPRESENTATION('',(#270),#285);
#270 = B_SPLINE_CURVE_WITH_KNOTS('',7,(#271,#272,#273,#274,#275,#276,
    #277,#278,#279,#280,#281,#282,#283,#284),.UNSPECIFIED.,.F.,.F.,(8,6,
    8),(0.,0.565890768242,1.),.UNSPECIFIED.);
#271 = CARTESIAN_POINT('',(-6.072746139809,-1.867755776274));
#272 = CARTESIAN_POINT('',(-6.084425517003,-1.632520988098));
#273 = CARTESIAN_POINT('',(-6.096868351953,-1.40493757966));
#274 = CARTESIAN_POINT('',(-6.110168925434,-1.186121726762));
#275 = CARTESIAN_POINT('',(-6.124423565609,-0.978108020316));
#276 = CARTESIAN_POINT('',(-6.139728673526,-0.783877673986));
#277 = CARTESIAN_POINT('',(-6.156179957705,-0.607392508161));
#278 = CARTESIAN_POINT('',(-6.187445567752,-0.335683184489));
#279 = CARTESIAN_POINT('',(-6.201751326347,-0.231085420624));
#280 = CARTESIAN_POINT('',(-6.21680041608,-0.142389667768));
#281 = CARTESIAN_POINT('',(-6.23257009478,-7.24932477831E-02));
#282 = CARTESIAN_POINT('',(-6.248993039119,-2.428908767039E-02));
#283 = CARTESIAN_POINT('',(-6.265939438633,-2.22044604925E-16));
#284 = CARTESIAN_POINT('',(-6.28318530718,0.));
#285 = ( GEOMETRIC_REPRESENTATION_CONTEXT(2) 
PARAMETRIC_REPRESENTATION_CONTEXT() REPRESENTATION_CONTEXT('2D SPACE',''
  ) );
#286 = PCURVE('',#287,#292);
#287 = B_SPLINE_SURFACE_WITH_KNOTS('',1,1,(
    (#288,#289)
    ,(#290,#291)),.UNSPECIFIED.,.F.,.F.,.F.,(2,2),(2,2),(0.,8.),(0.,1.),
  .PIECEWISE_BEZIER_KNOTS.);
#288 = CARTESIAN_POINT('',(15.,4.,0.));
#289 = CARTESIAN_POINT('',(6.200961894323,13.740381056767,35.));
#290 = CARTESIAN_POINT('',(15.,-4.,0.));
#291 = CARTESIAN_POINT('',(8.799038105677,12.240381056767,35.));
#292 = DEFINITIONAL_REPRESENTATION('',(#293),#308);
#293 = B_SPLINE_CURVE_WITH_KNOTS('',7,(#294,#295,#296,#297,#298,#299,
    #300,#301,#302,#303,#304,#305,#306,#307),.UNSPECIFIED.,.F.,.F.,(8,6,
    8),(0.,0.565890768242,1.),.UNSPECIFIED.);
#294 = CARTESIAN_POINT('',(8.,5.336445075069E-02));
#295 = CARTESIAN_POINT('',(7.706810376442,4.664345680281E-02));
#296 = CARTESIAN_POINT('',(7.409009097225,4.014107370458E-02));
#297 = CARTESIAN_POINT('',(7.105490670876,3.38891921932E-02));
#298 = CARTESIAN_POINT('',(6.7955289315,2.794594343759E-02));
#299 = CARTESIAN_POINT('',(6.478712399404,2.239650497103E-02));
#300 = CARTESIAN_POINT('',(6.154871737401,1.735407166174E-02));
#301 = CARTESIAN_POINT('',(5.57017862489,9.590948128263E-03));
#302 = CARTESIAN_POINT('',(5.312175238665,6.602440589257E-03));
#303 = CARTESIAN_POINT('',(5.05060622126,4.06827622193E-03));
#304 = CARTESIAN_POINT('',(4.786621091871,2.071235650949E-03));
#305 = CARTESIAN_POINT('',(4.521899046645,6.939739334384E-04));
#306 = CARTESIAN_POINT('',(4.258688028195,4.224019542752E-18));
#307 = CARTESIAN_POINT('',(4.,0.));
#308 = ( GEOMETRIC_REPRESENTATION_CONTEXT(2) 
PARAMETRIC_REPRESENTATION_CONTEXT() REPRESENTATION_CONTEXT('2D SPACE',''
  ) );
#309 = ORIENTED_EDGE('',*,*,#310,.F.);
#310 = EDGE_CURVE('',#311,#250,#313,.T.);
#311 = VERTEX_POINT('',#312);
#312 = CARTESIAN_POINT('',(7.500001374484,-12.9903802632,0.));
#313 = SURFACE_CURVE('',#314,(#319,#325),.PCURVE_S1.);
#314 = CIRCLE('',#315,15.);
#315 = AXIS2_PLACEMENT_3D('',#316,#317,#318);
#316 = CARTESIAN_POINT('',(0.,0.,0.));
#317 = DIRECTION('',(0.,0.,1.));
#318 = DIRECTION('',(1.,0.,0.));
#319 = PCURVE('',#33,#320);
#320 = DEFINITIONAL_REPRESENTATION('',(#321),#324);
#321 = B_SPLINE_CURVE_WITH_KNOTS('',1,(#322,#323),.UNSPECIFIED.,.F.,.F.,
  (2,2),(2.094395196847,6.28318530718),.PIECEWISE_BEZIER_KNOTS.);
#322 = CARTESIAN_POINT('',(-2.094395196847,0.));
#323 = CARTESIAN_POINT('',(-6.28318530718,0.));
#324 = ( GEOMETRIC_REPRESENTATION_CONTEXT(2) 
PARAMETRIC_REPRESENTATION_CONTEXT() REPRESENTATION_CONTEXT('2D SPACE',''
  ) );
#325 = PCURVE('',#326,#331);
#326 = PLANE('',#327);
#327 = AXIS2_PLACEMENT_3D('',#328,#329,#330);
#328 = CARTESIAN_POINT('',(-7.29301404021E-16,1.169780044473E-16,0.));
#329 = DIRECTION('',(0.,0.,1.));
#330 = DIRECTION('',(1.,0.,-0.));
#331 = DEFINITIONAL_REPRESENTATION('',(#332),#336);
#332 = CIRCLE('',#333,15.);
#333 = AXIS2_PLACEMENT_2D('',#334,#335);
#334 = CARTESIAN_POINT('',(7.29301404021E-16,-1.169780044473E-16));
#335 = DIRECTION('',(1.,0.));
#336 = ( GEOMETRIC_REPRESENTATION_CONTEXT(2) 
PARAMETRIC_REPRESENTATION_CONTEXT() REPRESENTATION_CONTEXT('2D SPACE',''
  ) );
#337 = ORIENTED_EDGE('',*,*,#338,.F.);
#338 = EDGE_CURVE('',#339,#311,#341,.T.);
#339 = VERTEX_POINT('',#340);
#340 = CARTESIAN_POINT('',(11.344366827165,-9.813528483208,3.29772485622
    ));
#341 = SURFACE_CURVE('',#342,(#366,#393),.PCURVE_S1.);
#342 = B_SPLINE_CURVE_WITH_KNOTS('',8,(#343,#344,#345,#346,#347,#348,
    #349,#350,#351,#352,#353,#354,#355,#356,#357,#358,#359,#360,#361,
    #362,#363,#364,#365),.UNSPECIFIED.,.F.,.F.,(9,7,7,9),(0.,
    0.600189197431,0.752613012656,1.),.UNSPECIFIED.);
#343 = CARTESIAN_POINT('',(11.344366827165,-9.813528483208,3.29772485622
    ));
#344 = CARTESIAN_POINT('',(11.151765677418,-10.03617399728,
    2.937246930266));
#345 = CARTESIAN_POINT('',(10.948023232539,-10.26160553515,
    2.584737145902));
#346 = CARTESIAN_POINT('',(10.731376104253,-10.49073651172,
    2.240474655454));
#347 = CARTESIAN_POINT('',(10.500018044962,-10.72408900308,
    1.906068674323));
#348 = CARTESIAN_POINT('',(10.252147170247,-10.96179967593,
    1.584428745708));
#349 = CARTESIAN_POINT('',(9.985836295901,-11.20367871366,1.280008565273
    ));
#350 = CARTESIAN_POINT('',(9.699143201407,-11.44920916407,0.998726979972
    ));
#351 = CARTESIAN_POINT('',(9.310716306374,-11.76098368637,0.685596818648
    ));
#352 = CARTESIAN_POINT('',(9.230619410394,-11.8242800167,0.624262505424)
  );
#353 = CARTESIAN_POINT('',(9.149075338233,-11.88770220172,0.565161660457
    ));
#354 = CARTESIAN_POINT('',(9.066078297817,-11.9512121468,0.50846253009)
  );
#355 = CARTESIAN_POINT('',(8.981635737526,-12.01476168702,0.4543470795)
  );
#356 = CARTESIAN_POINT('',(8.895770495257,-12.07829262904,0.403007200942
    ));
#357 = CARTESIAN_POINT('',(8.808522947493,-12.14173679323,0.354640921977
    ));
#358 = CARTESIAN_POINT('',(8.576202568805,-12.30771959986,0.236100567841
    ));
#359 = CARTESIAN_POINT('',(8.428862287,-12.41006502866,0.171058381696));
#360 = CARTESIAN_POINT('',(8.278323019612,-12.51161672957,0.11526750447)
  );
#361 = CARTESIAN_POINT('',(8.12509030409,-12.61190243174,
    6.961655062796E-02));
#362 = CARTESIAN_POINT('',(7.969797971962,-12.71042598808,
    3.486757242456E-02));
#363 = CARTESIAN_POINT('',(7.813217728868,-12.80668045977,
    1.157596442258E-02));
#364 = CARTESIAN_POINT('',(7.656264851345,-12.90016150277,
    2.24588227809E-11));
#365 = CARTESIAN_POINT('',(7.500000000346,-12.99038105656,0.));
#366 = PCURVE('',#33,#367);
#367 = DEFINITIONAL_REPRESENTATION('',(#368),#392);
#368 = B_SPLINE_CURVE_WITH_KNOTS('',8,(#369,#370,#371,#372,#373,#374,
    #375,#376,#377,#378,#379,#380,#381,#382,#383,#384,#385,#386,#387,
    #388,#389,#390,#391),.UNSPECIFIED.,.F.,.F.,(9,7,7,9),(0.,
    0.600189197431,0.752613012656,1.),.UNSPECIFIED.);
#369 = CARTESIAN_POINT('',(-5.570014337745,-3.29772485622));
#370 = CARTESIAN_POINT('',(-5.550388252176,-2.937246930266));
#371 = CARTESIAN_POINT('',(-5.53013575791,-2.584737145903));
#372 = CARTESIAN_POINT('',(-5.509122399284,-2.240474655451));
#373 = CARTESIAN_POINT('',(-5.487228359916,-1.906068674327));
#374 = CARTESIAN_POINT('',(-5.46434863459,-1.584428745705));
#375 = CARTESIAN_POINT('',(-5.440380990658,-1.280008565274));
#376 = CARTESIAN_POINT('',(-5.415229567449,-0.998726979972));
#377 = CARTESIAN_POINT('',(-5.382024560762,-0.685596818648));
#378 = CARTESIAN_POINT('',(-5.375218896178,-0.624262505424));
#379 = CARTESIAN_POINT('',(-5.368332279521,-0.565161660457));
#380 = CARTESIAN_POINT('',(-5.361365486484,-0.50846253009));
#381 = CARTESIAN_POINT('',(-5.354320352367,-0.4543470795));
#382 = CARTESIAN_POINT('',(-5.347199886369,-0.403007200942));
#383 = CARTESIAN_POINT('',(-5.340008385878,-0.354640921977));
#384 = CARTESIAN_POINT('',(-5.320973558096,-0.236100567841));
#385 = CARTESIAN_POINT('',(-5.309014721878,-0.171058381696));
#386 = CARTESIAN_POINT('',(-5.29691063409,-0.11526750447));
#387 = CARTESIAN_POINT('',(-5.284704201671,-6.961655062795E-02));
#388 = CARTESIAN_POINT('',(-5.27244604044,-3.486757242455E-02));
#389 = CARTESIAN_POINT('',(-5.260194744319,-1.157596442258E-02));
#390 = CARTESIAN_POINT('',(-5.248017029848,-2.245870156514E-11));
#391 = CARTESIAN_POINT('',(-5.23598775601,0.));
#392 = ( GEOMETRIC_REPRESENTATION_CONTEXT(2) 
PARAMETRIC_REPRESENTATION_CONTEXT() REPRESENTATION_CONTEXT('2D SPACE',''
  ) );
#393 = PCURVE('',#394,#399);
#394 = B_SPLINE_SURFACE_WITH_KNOTS('',1,1,(
    (#395,#396)
    ,(#397,#398)),.UNSPECIFIED.,.F.,.F.,.F.,(2,2),(2,2),(0.,8.),(0.,1.),
  .PIECEWISE_BEZIER_KNOTS.);
#395 = CARTESIAN_POINT('',(10.964101615138,-10.99038105676,0.));
#396 = CARTESIAN_POINT('',(15.,1.5,35.));
#397 = CARTESIAN_POINT('',(4.035898384862,-14.99038105676,0.));
#398 = CARTESIAN_POINT('',(15.,-1.5,35.));
#399 = DEFINITIONAL_REPRESENTATION('',(#400),#424);
#400 = B_SPLINE_CURVE_WITH_KNOTS('',8,(#401,#402,#403,#404,#405,#406,
    #407,#408,#409,#410,#411,#412,#413,#414,#415,#416,#417,#418,#419,
    #420,#421,#422,#423),.UNSPECIFIED.,.F.,.F.,(9,7,7,9),(0.,
    0.600189197431,0.752613012656,1.),.UNSPECIFIED.);
#401 = CARTESIAN_POINT('',(0.,9.422071017773E-02));
#402 = CARTESIAN_POINT('',(0.192540253279,8.392134086473E-02));
#403 = CARTESIAN_POINT('',(0.395450830496,7.384963274008E-02));
#404 = CARTESIAN_POINT('',(0.610742041332,6.401356158435E-02));
#405 = CARTESIAN_POINT('',(0.840570848039,5.445910498072E-02));
#406 = CARTESIAN_POINT('',(1.087247875309,4.526939273447E-02));
#407 = CARTESIAN_POINT('',(1.353565852937,3.657167329352E-02));
#408 = CARTESIAN_POINT('',(1.642768641619,2.853505657062E-02));
#409 = CARTESIAN_POINT('',(2.040569841535,1.95884805328E-02));
#410 = CARTESIAN_POINT('',(2.122884288298,1.783607158353E-02));
#411 = CARTESIAN_POINT('',(2.207003676097,1.614747601306E-02));
#412 = CARTESIAN_POINT('',(2.292976833918,1.452750085971E-02));
#413 = CARTESIAN_POINT('',(2.380843279355,1.298134512858E-02));
#414 = CARTESIAN_POINT('',(2.470630717638,1.151449145547E-02));
#415 = CARTESIAN_POINT('',(2.562352540666,1.013259777077E-02));
#416 = CARTESIAN_POINT('',(2.808005723037,6.745730509743E-03));
#417 = CARTESIAN_POINT('',(2.965205085541,4.887382334174E-03));
#418 = CARTESIAN_POINT('',(3.127449936296,3.293357270568E-03));
#419 = CARTESIAN_POINT('',(3.294481676346,1.989044303656E-03));
#420 = CARTESIAN_POINT('',(3.465912591841,9.962163549874E-04));
#421 = CARTESIAN_POINT('',(3.641191765399,3.307418406451E-04));
#422 = CARTESIAN_POINT('',(3.819560892028,6.416806304533E-13));
#423 = CARTESIAN_POINT('',(3.9999999996,0.));
#424 = ( GEOMETRIC_REPRESENTATION_CONTEXT(2) 
PARAMETRIC_REPRESENTATION_CONTEXT() REPRESENTATION_CONTEXT('2D SPACE',''
  ) );
#425 = ORIENTED_EDGE('',*,*,#426,.F.);
#426 = EDGE_CURVE('',#427,#339,#429,.T.);
#427 = VERTEX_POINT('',#428);
#428 = CARTESIAN_POINT('',(14.941813815505,1.319924203418,
    34.495399471665));
#429 = SURFACE_CURVE('',#430,(#454,#505),.PCURVE_S1.);
#430 = B_SPLINE_CURVE_WITH_KNOTS('',8,(#431,#432,#433,#434,#435,#436,
    #437,#438,#439,#440,#441,#442,#443,#444,#445,#446,#447,#448,#449,
    #450,#451,#452,#453),.UNSPECIFIED.,.F.,.F.,(9,7,7,9),(0.,1.,
    4.807641017723,8.770041105193),.UNSPECIFIED.);
#431 = CARTESIAN_POINT('',(14.941813815505,1.319924203418,
    34.495399471665));
#432 = CARTESIAN_POINT('',(14.955928694879,1.160140862013,
    34.049969068236));
#433 = CARTESIAN_POINT('',(14.968215356144,0.998774879907,
    33.604728214986));
#434 = CARTESIAN_POINT('',(14.978609545184,0.835865983277,
    33.159671018652));
#435 = CARTESIAN_POINT('',(14.987047315948,0.671459903309,
    32.714790961879));
#436 = CARTESIAN_POINT('',(14.993465636213,0.505608580674,
    32.270080903916));
#437 = CARTESIAN_POINT('',(14.997802993333,0.33837037002,31.82553308131)
  );
#438 = CARTESIAN_POINT('',(15.,0.169810244449,31.381139108601));
#439 = CARTESIAN_POINT('',(15.,-0.646576451993,29.245348771136));
#440 = CARTESIAN_POINT('',(14.968148035779,-1.311355316072,
    27.555704123581));
#441 = CARTESIAN_POINT('',(14.901303181835,-1.990307988403,
    25.867661179832));
#442 = CARTESIAN_POINT('',(14.796945421975,-2.678002255554,
    24.180735914761));
#443 = CARTESIAN_POINT('',(14.653684329723,-3.367589943544,
    22.494253280584));
#444 = CARTESIAN_POINT('',(14.472050242009,-4.051107572703,20.8074130526
    ));
#445 = CARTESIAN_POINT('',(14.254753645962,-4.720625739702,
    19.119564011292));
#446 = CARTESIAN_POINT('',(13.747482752282,-6.043925038344,
    15.672601928411));
#447 = CARTESIAN_POINT('',(13.45488863776,-6.69602511215,13.913211662774
    ));
#448 = CARTESIAN_POINT('',(13.133312946076,-7.317450214643,
    12.15190708398));
#449 = CARTESIAN_POINT('',(12.789534512184,-7.901543449938,
    10.388065199318));
#450 = CARTESIAN_POINT('',(12.43155984511,-8.443962630466,8.621017157272
    ));
#451 = CARTESIAN_POINT('',(12.067123645535,-8.943049613679,
    6.850343686946));
#452 = CARTESIAN_POINT('',(11.70291511867,-9.399049292461,5.075889857454
    ));
#453 = CARTESIAN_POINT('',(11.344366827165,-9.813528483208,3.29772485622
    ));
#454 = PCURVE('',#33,#455);
#455 = DEFINITIONAL_REPRESENTATION('',(#456),#504);
#456 = B_SPLINE_CURVE_WITH_KNOTS('',3,(#457,#458,#459,#460,#461,#462,
    #463,#464,#465,#466,#467,#468,#469,#470,#471,#472,#473,#474,#475,
    #476,#477,#478,#479,#480,#481,#482,#483,#484,#485,#486,#487,#488,
    #489,#490,#491,#492,#493,#494,#495,#496,#497,#498,#499,#500,#501,
    #502,#503),.UNSPECIFIED.,.F.,.F.,(4,1,1,1,1,1,1,1,1,1,1,1,1,1,1,1,1,
    1,1,1,1,1,1,1,1,1,1,1,1,1,1,1,1,1,1,1,1,1,1,1,1,1,1,1,4),(0.,
    0.199319116027,0.398638232054,0.597957348081,0.797276464108,
    0.996595580136,1.195914696163,1.39523381219,1.594552928217,
    1.793872044244,1.993191160271,2.192510276298,2.391829392325,
    2.591148508352,2.79046762438,2.989786740407,3.189105856434,
    3.388424972461,3.587744088488,3.787063204515,3.986382320542,
    4.185701436569,4.385020552596,4.584339668624,4.783658784651,
    4.982977900678,5.182297016705,5.381616132732,5.580935248759,
    5.780254364786,5.979573480813,6.17889259684,6.378211712868,
    6.577530828895,6.776849944922,6.976169060949,7.175488176976,
    7.374807293003,7.57412640903,7.773445525057,7.972764641084,
    8.172083757112,8.371402873139,8.570721989166,8.770041105193),
  .QUASI_UNIFORM_KNOTS.);
#457 = CARTESIAN_POINT('',(-6.371294210695,-34.49539947166));
#458 = CARTESIAN_POINT('',(-6.365610377588,-34.25864521587));
#459 = CARTESIAN_POINT('',(-6.354172498621,-33.7852778098));
#460 = CARTESIAN_POINT('',(-6.336809232188,-33.07563157276));
#461 = CARTESIAN_POINT('',(-6.319243434395,-32.36637290017));
#462 = CARTESIAN_POINT('',(-6.301479979661,-31.65748050538));
#463 = CARTESIAN_POINT('',(-6.283524599305,-30.94893796965));
#464 = CARTESIAN_POINT('',(-6.265383241067,-30.2407034792));
#465 = CARTESIAN_POINT('',(-6.247062824942,-29.53274066486));
#466 = CARTESIAN_POINT('',(-6.228571784715,-28.82503740702));
#467 = CARTESIAN_POINT('',(-6.209919215862,-28.11757212542));
#468 = CARTESIAN_POINT('',(-6.19111511383,-27.41032289742));
#469 = CARTESIAN_POINT('',(-6.172170313167,-26.70326515994));
#470 = CARTESIAN_POINT('',(-6.153096498932,-25.99637252656));
#471 = CARTESIAN_POINT('',(-6.133906190219,-25.28961682846));
#472 = CARTESIAN_POINT('',(-6.1146127221,-24.58296842358));
#473 = CARTESIAN_POINT('',(-6.095230218491,-23.87639649404));
#474 = CARTESIAN_POINT('',(-6.075773557671,-23.16986940623));
#475 = CARTESIAN_POINT('',(-6.056258329795,-22.46335511072));
#476 = CARTESIAN_POINT('',(-6.036700786626,-21.7568215869));
#477 = CARTESIAN_POINT('',(-6.017117783334,-21.05023731849));
#478 = CARTESIAN_POINT('',(-5.997526713521,-20.3435718275));
#479 = CARTESIAN_POINT('',(-5.977945434526,-19.63679614139));
#480 = CARTESIAN_POINT('',(-5.958392195747,-18.92988363271));
#481 = CARTESIAN_POINT('',(-5.938885524921,-18.2228095593));
#482 = CARTESIAN_POINT('',(-5.919444243199,-17.51555550759));
#483 = CARTESIAN_POINT('',(-5.900086974714,-16.80809554942));
#484 = CARTESIAN_POINT('',(-5.880831979532,-16.10039390791));
#485 = CARTESIAN_POINT('',(-5.861697937266,-15.3924377281));
#486 = CARTESIAN_POINT('',(-5.842702974426,-14.68420546784));
#487 = CARTESIAN_POINT('',(-5.823864804144,-13.97567577388));
#488 = CARTESIAN_POINT('',(-5.805200582458,-13.2668257774));
#489 = CARTESIAN_POINT('',(-5.786726848153,-12.55763220286));
#490 = CARTESIAN_POINT('',(-5.768459448472,-11.84807169257));
#491 = CARTESIAN_POINT('',(-5.750413477467,-11.13812130307));
#492 = CARTESIAN_POINT('',(-5.732603220394,-10.42775891052));
#493 = CARTESIAN_POINT('',(-5.715042106377,-9.716963590127));
#494 = CARTESIAN_POINT('',(-5.697742669099,-9.005715947914));
#495 = CARTESIAN_POINT('',(-5.680716515847,-8.293998407434));
#496 = CARTESIAN_POINT('',(-5.663974304677,-7.581795449365));
#497 = CARTESIAN_POINT('',(-5.647525730516,-6.869093801392));
#498 = CARTESIAN_POINT('',(-5.631379516409,-6.15588258855));
#499 = CARTESIAN_POINT('',(-5.615543422787,-5.442153408939));
#500 = CARTESIAN_POINT('',(-5.600024224613,-4.727900473596));
#501 = CARTESIAN_POINT('',(-5.584827840789,-4.013120304547));
#502 = CARTESIAN_POINT('',(-5.57491522968,-3.536248698734));
#503 = CARTESIAN_POINT('',(-5.570014337745,-3.29772485622));
#504 = ( GEOMETRIC_REPRESENTATION_CONTEXT(2) 
PARAMETRIC_REPRESENTATION_CONTEXT() REPRESENTATION_CONTEXT('2D SPACE',''
  ) );
#505 = PCURVE('',#506,#511);
#506 = B_SPLINE_SURFACE_WITH_KNOTS('',1,1,(
    (#507,#508)
    ,(#509,#510
  )),.UNSPECIFIED.,.F.,.F.,.F.,(2,2),(2,2),(0.,30.),(0.,1.),
  .PIECEWISE_BEZIER_KNOTS.);
#507 = CARTESIAN_POINT('',(25.964101615138,-36.9711431703,0.));
#508 = CARTESIAN_POINT('',(45.,1.5,35.));
#509 = CARTESIAN_POINT('',(10.964101615138,-10.99038105676,0.));
#510 = CARTESIAN_POINT('',(15.,1.5,35.));
#511 = DEFINITIONAL_REPRESENTATION('',(#512),#560);
#512 = B_SPLINE_CURVE_WITH_KNOTS('',3,(#513,#514,#515,#516,#517,#518,
    #519,#520,#521,#522,#523,#524,#525,#526,#527,#528,#529,#530,#531,
    #532,#533,#534,#535,#536,#537,#538,#539,#540,#541,#542,#543,#544,
    #545,#546,#547,#548,#549,#550,#551,#552,#553,#554,#555,#556,#557,
    #558,#559),.UNSPECIFIED.,.F.,.F.,(4,1,1,1,1,1,1,1,1,1,1,1,1,1,1,1,1,
    1,1,1,1,1,1,1,1,1,1,1,1,1,1,1,1,1,1,1,1,1,1,1,1,1,1,1,4),(0.,
    0.199319116027,0.398638232054,0.597957348081,0.797276464108,
    0.996595580136,1.195914696163,1.39523381219,1.594552928217,
    1.793872044244,1.993191160271,2.192510276298,2.391829392325,
    2.591148508352,2.79046762438,2.989786740407,3.189105856434,
    3.388424972461,3.587744088488,3.787063204515,3.986382320542,
    4.185701436569,4.385020552596,4.584339668624,4.783658784651,
    4.982977900678,5.182297016705,5.381616132732,5.580935248759,
    5.780254364786,5.979573480813,6.17889259684,6.378211712868,
    6.577530828895,6.776849944922,6.976169060949,7.175488176976,
    7.374807293003,7.57412640903,7.773445525057,7.972764641084,
    8.172083757112,8.371402873139,8.570721989166,8.770041105193),
  .QUASI_UNIFORM_KNOTS.);
#513 = CARTESIAN_POINT('',(30.,0.985582842048));
#514 = CARTESIAN_POINT('',(29.964945152913,0.978818434783));
#515 = CARTESIAN_POINT('',(29.895498547694,0.965293651763));
#516 = CARTESIAN_POINT('',(29.793563442997,0.945018044909));
#517 = CARTESIAN_POINT('',(29.69410611829,0.924753511395));
#518 = CARTESIAN_POINT('',(29.597378508354,0.904499443085));
#519 = CARTESIAN_POINT('',(29.503638107495,0.884255370536));
#520 = CARTESIAN_POINT('',(29.413143856035,0.864020099433));
#521 = CARTESIAN_POINT('',(29.326158912183,0.843792590446));
#522 = CARTESIAN_POINT('',(29.242951166562,0.82357249734));
#523 = CARTESIAN_POINT('',(29.163787192073,0.803359203561));
#524 = CARTESIAN_POINT('',(29.088931703138,0.783152082766));
#525 = CARTESIAN_POINT('',(29.018645370456,0.762950433144));
#526 = CARTESIAN_POINT('',(28.953182940009,0.74275350078));
#527 = CARTESIAN_POINT('',(28.892791167597,0.722560480837));
#528 = CARTESIAN_POINT('',(28.837706734062,0.702370526395));
#529 = CARTESIAN_POINT('',(28.788154132067,0.682182756957));
#530 = CARTESIAN_POINT('',(28.74434356301,0.661996268721));
#531 = CARTESIAN_POINT('',(28.706468871112,0.641810146));
#532 = CARTESIAN_POINT('',(28.674705546022,0.621623473918));
#533 = CARTESIAN_POINT('',(28.649208825704,0.601435351989));
#534 = CARTESIAN_POINT('',(28.630111932128,0.58124490939));
#535 = CARTESIAN_POINT('',(28.617524475524,0.561051318325));
#536 = CARTESIAN_POINT('',(28.611531055882,0.54085381803));
#537 = CARTESIAN_POINT('',(28.612190121617,0.520651701647));
#538 = CARTESIAN_POINT('',(28.61953303258,0.500444443075));
#539 = CARTESIAN_POINT('',(28.633563698391,0.480231301451));
#540 = CARTESIAN_POINT('',(28.654258800873,0.460011254583));
#541 = CARTESIAN_POINT('',(28.681567136769,0.439783935112));
#542 = CARTESIAN_POINT('',(28.715410661135,0.419548727626));
#543 = CARTESIAN_POINT('',(28.755685236359,0.399305022067));
#544 = CARTESIAN_POINT('',(28.802261833449,0.379052165043));
#545 = CARTESIAN_POINT('',(28.854987941938,0.358789491517));
#546 = CARTESIAN_POINT('',(28.913689206157,0.338516334104));
#547 = CARTESIAN_POINT('',(28.978171236591,0.318232037261));
#548 = CARTESIAN_POINT('',(29.048221564716,0.297935968883));
#549 = CARTESIAN_POINT('',(29.123611705805,0.277627531133));
#550 = CARTESIAN_POINT('',(29.20409929677,0.257306169914));
#551 = CARTESIAN_POINT('',(29.289430276599,0.236971383049));
#552 = CARTESIAN_POINT('',(29.379341079462,0.216622727124));
#553 = CARTESIAN_POINT('',(29.473560807008,0.196259822916));
#554 = CARTESIAN_POINT('',(29.571813364596,0.175882359694));
#555 = CARTESIAN_POINT('',(29.673819483049,0.155490097402));
#556 = CARTESIAN_POINT('',(29.77929878752,0.135082870653));
#557 = CARTESIAN_POINT('',(29.887971183139,0.114660580113));
#558 = CARTESIAN_POINT('',(29.962363833769,0.1010356771));
#559 = CARTESIAN_POINT('',(30.,9.422071017773E-02));
#560 = ( GEOMETRIC_REPRESENTATION_CONTEXT(2) 
PARAMETRIC_REPRESENTATION_CONTEXT() REPRESENTATION_CONTEXT('2D SPACE',''
  ) );
#561 = ORIENTED_EDGE('',*,*,#562,.T.);
#562 = EDGE_CURVE('',#427,#24,#563,.T.);
#563 = SURFACE_CURVE('',#564,(#577,#593),.PCURVE_S1.);
#564 = B_SPLINE_CURVE_WITH_KNOTS('',6,(#565,#566,#567,#568,#569,#570,
    #571,#572,#573,#574,#575,#576),.UNSPECIFIED.,.F.,.F.,(7,5,7),(0.,
    0.504899933711,1.),.UNSPECIFIED.);
#565 = CARTESIAN_POINT('',(14.941813815505,1.319924203418,
    34.495399471665));
#566 = CARTESIAN_POINT('',(14.949366128321,1.234430466982,
    34.595752984357));
#567 = CARTESIAN_POINT('',(14.957014945846,1.141147850047,
    34.681081037668));
#568 = CARTESIAN_POINT('',(14.964453549762,1.041272302525,34.75245398195
    ));
#569 = CARTESIAN_POINT('',(14.971403787953,0.935979770477,
    34.811363250961));
#570 = CARTESIAN_POINT('',(14.977660974195,0.8262009312,34.85920746629)
  );
#571 = CARTESIAN_POINT('',(14.988362561646,0.601187706448,
    34.934521170362));
#572 = CARTESIAN_POINT('',(14.992838608253,0.486128407475,
    34.962358328082));
#573 = CARTESIAN_POINT('',(14.996340949237,0.368043951785,
    34.981922464952));
#574 = CARTESIAN_POINT('',(14.998756735055,0.247432383949,
    34.994197869967));
#575 = CARTESIAN_POINT('',(15.,0.124666394318,35.));
#576 = CARTESIAN_POINT('',(15.,0.,35.));
#577 = PCURVE('',#33,#578);
#578 = DEFINITIONAL_REPRESENTATION('',(#579),#592);
#579 = B_SPLINE_CURVE_WITH_KNOTS('',6,(#580,#581,#582,#583,#584,#585,
    #586,#587,#588,#589,#590,#591),.UNSPECIFIED.,.F.,.F.,(7,5,7),(0.,
    0.504899933711,1.),.UNSPECIFIED.);
#580 = CARTESIAN_POINT('',(-6.371294210695,-34.49539947166));
#581 = CARTESIAN_POINT('',(-6.365572433039,-34.59575298435));
#582 = CARTESIAN_POINT('',(-6.359332844199,-34.68108103766));
#583 = CARTESIAN_POINT('',(-6.35265633115,-34.75245398195));
#584 = CARTESIAN_POINT('',(-6.345621961268,-34.81136325096));
#585 = CARTESIAN_POINT('',(-6.338291817363,-34.85920746629));
#586 = CARTESIAN_POINT('',(-6.323273979779,-34.93452117036));
#587 = CARTESIAN_POINT('',(-6.315597845596,-34.96235832808));
#588 = CARTESIAN_POINT('',(-6.307722601647,-34.98192246495));
#589 = CARTESIAN_POINT('',(-6.29968080061,-34.99419786996));
#590 = CARTESIAN_POINT('',(-6.291496400134,-35.));
#591 = CARTESIAN_POINT('',(-6.28318530718,-35.));
#592 = ( GEOMETRIC_REPRESENTATION_CONTEXT(2) 
PARAMETRIC_REPRESENTATION_CONTEXT() REPRESENTATION_CONTEXT('2D SPACE',''
  ) );
#593 = PCURVE('',#594,#599);
#594 = B_SPLINE_SURFACE_WITH_KNOTS('',1,1,(
    (#595,#596)
    ,(#597,#598)),.UNSPECIFIED.,.F.,.F.,.F.,(2,2),(2,2),(0.,8.),(0.,1.),
  .PIECEWISE_BEZIER_KNOTS.);
#595 = CARTESIAN_POINT('',(10.964101615138,-10.99038105676,0.));
#596 = CARTESIAN_POINT('',(15.,1.5,35.));
#597 = CARTESIAN_POINT('',(4.035898384862,-14.99038105676,0.));
#598 = CARTESIAN_POINT('',(15.,-1.5,35.));
#599 = DEFINITIONAL_REPRESENTATION('',(#600),#613);
#600 = B_SPLINE_CURVE_WITH_KNOTS('',6,(#601,#602,#603,#604,#605,#606,
    #607,#608,#609,#610,#611,#612),.UNSPECIFIED.,.F.,.F.,(7,5,7),(0.,
    0.504899933711,1.),.UNSPECIFIED.);
#601 = CARTESIAN_POINT('',(0.,0.985582842048));
#602 = CARTESIAN_POINT('',(0.321937384186,0.988450085267));
#603 = CARTESIAN_POINT('',(0.651050192015,0.990888029648));
#604 = CARTESIAN_POINT('',(0.985002258897,0.992927256627));
#605 = CARTESIAN_POINT('',(1.321903793073,0.994610378599));
#606 = CARTESIAN_POINT('',(1.660463124671,0.99597735618));
#607 = CARTESIAN_POINT('',(2.332946899395,0.998129176296));
#608 = CARTESIAN_POINT('',(2.666750198588,0.998924523659));
#609 = CARTESIAN_POINT('',(3.000739983041,0.999483498999));
#610 = CARTESIAN_POINT('',(3.334437708755,0.999834224856));
#611 = CARTESIAN_POINT('',(3.667556281818,1.));
#612 = CARTESIAN_POINT('',(4.,1.));
#613 = ( GEOMETRIC_REPRESENTATION_CONTEXT(2) 
PARAMETRIC_REPRESENTATION_CONTEXT() REPRESENTATION_CONTEXT('2D SPACE',''
  ) );
#614 = ADVANCED_FACE('',(#615,#773,#915,#1057,#1199,#1341,#1483,#1707,
    #1847,#1987),#45,.T.);
#615 = FACE_BOUND('',#616,.T.);
#616 = EDGE_LOOP('',(#617,#618,#647,#676,#709,#742));
#617 = ORIENTED_EDGE('',*,*,#21,.F.);
#618 = ORIENTED_EDGE('',*,*,#619,.T.);
#619 = EDGE_CURVE('',#22,#620,#622,.T.);
#620 = VERTEX_POINT('',#621);
#621 = CARTESIAN_POINT('',(-7.499999995624,12.990381059293,35.));
#622 = SURFACE_CURVE('',#623,(#628,#635),.PCURVE_S1.);
#623 = CIRCLE('',#624,15.);
#624 = AXIS2_PLACEMENT_3D('',#625,#626,#627);
#625 = CARTESIAN_POINT('',(0.,0.,35.));
#626 = DIRECTION('',(0.,0.,1.));
#627 = DIRECTION('',(1.,0.,0.));
#628 = PCURVE('',#45,#629);
#629 = DEFINITIONAL_REPRESENTATION('',(#630),#634);
#630 = CIRCLE('',#631,15.);
#631 = AXIS2_PLACEMENT_2D('',#632,#633);
#632 = CARTESIAN_POINT('',(7.29301404021E-16,-1.169780044473E-16));
#633 = DIRECTION('',(1.,0.));
#634 = ( GEOMETRIC_REPRESENTATION_CONTEXT(2) 
PARAMETRIC_REPRESENTATION_CONTEXT() REPRESENTATION_CONTEXT('2D SPACE',''
  ) );
#635 = PCURVE('',#636,#641);
#636 = CYLINDRICAL_SURFACE('',#637,15.);
#637 = AXIS2_PLACEMENT_3D('',#638,#639,#640);
#638 = CARTESIAN_POINT('',(0.,0.,0.));
#639 = DIRECTION('',(-0.,-0.,-1.));
#640 = DIRECTION('',(1.,0.,0.));
#641 = DEFINITIONAL_REPRESENTATION('',(#642),#646);
#642 = LINE('',#643,#644);
#643 = CARTESIAN_POINT('',(-0.,-35.));
#644 = VECTOR('',#645,1.);
#645 = DIRECTION('',(-1.,0.));
#646 = ( GEOMETRIC_REPRESENTATION_CONTEXT(2) 
PARAMETRIC_REPRESENTATION_CONTEXT() REPRESENTATION_CONTEXT('2D SPACE',''
  ) );
#647 = ORIENTED_EDGE('',*,*,#648,.T.);
#648 = EDGE_CURVE('',#620,#649,#651,.T.);
#649 = VERTEX_POINT('',#650);
#650 = CARTESIAN_POINT('',(-15.,-1.503655757873E-12,35.));
#651 = SURFACE_CURVE('',#652,(#657,#664),.PCURVE_S1.);
#652 = CIRCLE('',#653,15.);
#653 = AXIS2_PLACEMENT_3D('',#654,#655,#656);
#654 = CARTESIAN_POINT('',(0.,0.,35.));
#655 = DIRECTION('',(0.,0.,1.));
#656 = DIRECTION('',(1.,0.,0.));
#657 = PCURVE('',#45,#658);
#658 = DEFINITIONAL_REPRESENTATION('',(#659),#663);
#659 = CIRCLE('',#660,15.);
#660 = AXIS2_PLACEMENT_2D('',#661,#662);
#661 = CARTESIAN_POINT('',(7.29301404021E-16,-1.169780044473E-16));
#662 = DIRECTION('',(1.,0.));
#663 = ( GEOMETRIC_REPRESENTATION_CONTEXT(2) 
PARAMETRIC_REPRESENTATION_CONTEXT() REPRESENTATION_CONTEXT('2D SPACE',''
  ) );
#664 = PCURVE('',#665,#670);
#665 = CYLINDRICAL_SURFACE('',#666,15.);
#666 = AXIS2_PLACEMENT_3D('',#667,#668,#669);
#667 = CARTESIAN_POINT('',(0.,0.,0.));
#668 = DIRECTION('',(-0.,-0.,-1.));
#669 = DIRECTION('',(1.,0.,0.));
#670 = DEFINITIONAL_REPRESENTATION('',(#671),#675);
#671 = LINE('',#672,#673);
#672 = CARTESIAN_POINT('',(-0.,-35.));
#673 = VECTOR('',#674,1.);
#674 = DIRECTION('',(-1.,0.));
#675 = ( GEOMETRIC_REPRESENTATION_CONTEXT(2) 
PARAMETRIC_REPRESENTATION_CONTEXT() REPRESENTATION_CONTEXT('2D SPACE',''
  ) );
#676 = ORIENTED_EDGE('',*,*,#677,.F.);
#677 = EDGE_CURVE('',#678,#649,#680,.T.);
#678 = VERTEX_POINT('',#679);
#679 = CARTESIAN_POINT('',(-7.500000040591,-12.99038103333,35.));
#680 = SURFACE_CURVE('',#681,(#686,#697),.PCURVE_S1.);
#681 = CIRCLE('',#682,15.);
#682 = AXIS2_PLACEMENT_3D('',#683,#684,#685);
#683 = CARTESIAN_POINT('',(0.,0.,35.));
#684 = DIRECTION('',(0.,0.,-1.));
#685 = DIRECTION('',(0.499999999708,0.866025403953,0.));
#686 = PCURVE('',#45,#687);
#687 = DEFINITIONAL_REPRESENTATION('',(#688),#696);
#688 = ( BOUNDED_CURVE() B_SPLINE_CURVE(2,(#689,#690,#691,#692,#693,#694
,#695),.UNSPECIFIED.,.T.,.F.) B_SPLINE_CURVE_WITH_KNOTS((1,2,2,2,2,1),(
    -2.094395102393,0.,2.094395102393,4.188790204786,6.28318530718,
8.377580409573),.UNSPECIFIED.) CURVE() GEOMETRIC_REPRESENTATION_ITEM() 
RATIONAL_B_SPLINE_CURVE((1.,0.5,1.,0.5,1.,0.5,1.)) REPRESENTATION_ITEM(
  '') );
#689 = CARTESIAN_POINT('',(7.499999995625,12.990381059293));
#690 = CARTESIAN_POINT('',(30.,1.010431904218E-08));
#691 = CARTESIAN_POINT('',(7.500000004375,-12.99038105424));
#692 = CARTESIAN_POINT('',(-14.99999999124,-25.98076211858));
#693 = CARTESIAN_POINT('',(-15.,-5.052165913804E-09));
#694 = CARTESIAN_POINT('',(-15.00000000875,25.980762108481));
#695 = CARTESIAN_POINT('',(7.499999995625,12.990381059293));
#696 = ( GEOMETRIC_REPRESENTATION_CONTEXT(2) 
PARAMETRIC_REPRESENTATION_CONTEXT() REPRESENTATION_CONTEXT('2D SPACE',''
  ) );
#697 = PCURVE('',#698,#703);
#698 = CYLINDRICAL_SURFACE('',#699,15.);
#699 = AXIS2_PLACEMENT_3D('',#700,#701,#702);
#700 = CARTESIAN_POINT('',(0.,0.,0.));
#701 = DIRECTION('',(-0.,-0.,-1.));
#702 = DIRECTION('',(1.,0.,0.));
#703 = DEFINITIONAL_REPRESENTATION('',(#704),#708);
#704 = LINE('',#705,#706);
#705 = CARTESIAN_POINT('',(-7.330382858713,-35.));
#706 = VECTOR('',#707,1.);
#707 = DIRECTION('',(1.,-0.));
#708 = ( GEOMETRIC_REPRESENTATION_CONTEXT(2) 
PARAMETRIC_REPRESENTATION_CONTEXT() REPRESENTATION_CONTEXT('2D SPACE',''
  ) );
#709 = ORIENTED_EDGE('',*,*,#710,.F.);
#710 = EDGE_CURVE('',#711,#678,#713,.T.);
#711 = VERTEX_POINT('',#712);
#712 = CARTESIAN_POINT('',(7.500000082094,-12.99038100937,35.));
#713 = SURFACE_CURVE('',#714,(#719,#730),.PCURVE_S1.);
#714 = CIRCLE('',#715,15.);
#715 = AXIS2_PLACEMENT_3D('',#716,#717,#718);
#716 = CARTESIAN_POINT('',(0.,0.,35.));
#717 = DIRECTION('',(0.,0.,-1.));
#718 = DIRECTION('',(0.499999999708,0.866025403953,0.));
#719 = PCURVE('',#45,#720);
#720 = DEFINITIONAL_REPRESENTATION('',(#721),#729);
#721 = ( BOUNDED_CURVE() B_SPLINE_CURVE(2,(#722,#723,#724,#725,#726,#727
,#728),.UNSPECIFIED.,.T.,.F.) B_SPLINE_CURVE_WITH_KNOTS((1,2,2,2,2,1),(
    -2.094395102393,0.,2.094395102393,4.188790204786,6.28318530718,
8.377580409573),.UNSPECIFIED.) CURVE() GEOMETRIC_REPRESENTATION_ITEM() 
RATIONAL_B_SPLINE_CURVE((1.,0.5,1.,0.5,1.,0.5,1.)) REPRESENTATION_ITEM(
  '') );
#722 = CARTESIAN_POINT('',(7.499999995625,12.990381059293));
#723 = CARTESIAN_POINT('',(30.,1.010431904218E-08));
#724 = CARTESIAN_POINT('',(7.500000004375,-12.99038105424));
#725 = CARTESIAN_POINT('',(-14.99999999124,-25.98076211858));
#726 = CARTESIAN_POINT('',(-15.,-5.052165913804E-09));
#727 = CARTESIAN_POINT('',(-15.00000000875,25.980762108481));
#728 = CARTESIAN_POINT('',(7.499999995625,12.990381059293));
#729 = ( GEOMETRIC_REPRESENTATION_CONTEXT(2) 
PARAMETRIC_REPRESENTATION_CONTEXT() REPRESENTATION_CONTEXT('2D SPACE',''
  ) );
#730 = PCURVE('',#731,#736);
#731 = CYLINDRICAL_SURFACE('',#732,15.);
#732 = AXIS2_PLACEMENT_3D('',#733,#734,#735);
#733 = CARTESIAN_POINT('',(0.,0.,0.));
#734 = DIRECTION('',(-0.,-0.,-1.));
#735 = DIRECTION('',(1.,0.,0.));
#736 = DEFINITIONAL_REPRESENTATION('',(#737),#741);
#737 = LINE('',#738,#739);
#738 = CARTESIAN_POINT('',(-7.330382858713,-35.));
#739 = VECTOR('',#740,1.);
#740 = DIRECTION('',(1.,-0.));
#741 = ( GEOMETRIC_REPRESENTATION_CONTEXT(2) 
PARAMETRIC_REPRESENTATION_CONTEXT() REPRESENTATION_CONTEXT('2D SPACE',''
  ) );
#742 = ORIENTED_EDGE('',*,*,#743,.F.);
#743 = EDGE_CURVE('',#24,#711,#744,.T.);
#744 = SURFACE_CURVE('',#745,(#750,#761),.PCURVE_S1.);
#745 = CIRCLE('',#746,15.);
#746 = AXIS2_PLACEMENT_3D('',#747,#748,#749);
#747 = CARTESIAN_POINT('',(0.,0.,35.));
#748 = DIRECTION('',(0.,0.,-1.));
#749 = DIRECTION('',(0.499999999708,0.866025403953,0.));
#750 = PCURVE('',#45,#751);
#751 = DEFINITIONAL_REPRESENTATION('',(#752),#760);
#752 = ( BOUNDED_CURVE() B_SPLINE_CURVE(2,(#753,#754,#755,#756,#757,#758
,#759),.UNSPECIFIED.,.T.,.F.) B_SPLINE_CURVE_WITH_KNOTS((1,2,2,2,2,1),(
    -2.094395102393,0.,2.094395102393,4.188790204786,6.28318530718,
8.377580409573),.UNSPECIFIED.) CURVE() GEOMETRIC_REPRESENTATION_ITEM() 
RATIONAL_B_SPLINE_CURVE((1.,0.5,1.,0.5,1.,0.5,1.)) REPRESENTATION_ITEM(
  '') );
#753 = CARTESIAN_POINT('',(7.499999995625,12.990381059293));
#754 = CARTESIAN_POINT('',(30.,1.010431904218E-08));
#755 = CARTESIAN_POINT('',(7.500000004375,-12.99038105424));
#756 = CARTESIAN_POINT('',(-14.99999999124,-25.98076211858));
#757 = CARTESIAN_POINT('',(-15.,-5.052165913804E-09));
#758 = CARTESIAN_POINT('',(-15.00000000875,25.980762108481));
#759 = CARTESIAN_POINT('',(7.499999995625,12.990381059293));
#760 = ( GEOMETRIC_REPRESENTATION_CONTEXT(2) 
PARAMETRIC_REPRESENTATION_CONTEXT() REPRESENTATION_CONTEXT('2D SPACE',''
  ) );
#761 = PCURVE('',#762,#767);
#762 = CYLINDRICAL_SURFACE('',#763,15.);
#763 = AXIS2_PLACEMENT_3D('',#764,#765,#766);
#764 = CARTESIAN_POINT('',(0.,0.,0.));
#765 = DIRECTION('',(-0.,-0.,-1.));
#766 = DIRECTION('',(1.,0.,0.));
#767 = DEFINITIONAL_REPRESENTATION('',(#768),#772);
#768 = LINE('',#769,#770);
#769 = CARTESIAN_POINT('',(-7.330382858713,-35.));
#770 = VECTOR('',#771,1.);
#771 = DIRECTION('',(1.,-0.));
#772 = ( GEOMETRIC_REPRESENTATION_CONTEXT(2) 
PARAMETRIC_REPRESENTATION_CONTEXT() REPRESENTATION_CONTEXT('2D SPACE',''
  ) );
#773 = FACE_BOUND('',#774,.T.);
#774 = EDGE_LOOP('',(#775,#805,#833,#861,#889));
#775 = ORIENTED_EDGE('',*,*,#776,.T.);
#776 = EDGE_CURVE('',#777,#779,#781,.T.);
#777 = VERTEX_POINT('',#778);
#778 = CARTESIAN_POINT('',(-4.772970773009,-3.712310601229,35.));
#779 = VERTEX_POINT('',#780);
#780 = CARTESIAN_POINT('',(-4.242640687119,-4.242640687119,35.));
#781 = SURFACE_CURVE('',#782,(#786,#793),.PCURVE_S1.);
#782 = LINE('',#783,#784);
#783 = CARTESIAN_POINT('',(-4.772970773009,-3.712310601229,35.));
#784 = VECTOR('',#785,1.);
#785 = DIRECTION('',(0.707106781187,-0.707106781187,0.));
#786 = PCURVE('',#45,#787);
#787 = DEFINITIONAL_REPRESENTATION('',(#788),#792);
#788 = LINE('',#789,#790);
#789 = CARTESIAN_POINT('',(-4.772970773009,-3.712310601229));
#790 = VECTOR('',#791,1.);
#791 = DIRECTION('',(0.707106781187,-0.707106781187));
#792 = ( GEOMETRIC_REPRESENTATION_CONTEXT(2) 
PARAMETRIC_REPRESENTATION_CONTEXT() REPRESENTATION_CONTEXT('2D SPACE',''
  ) );
#793 = PCURVE('',#794,#799);
#794 = PLANE('',#795);
#795 = AXIS2_PLACEMENT_3D('',#796,#797,#798);
#796 = CARTESIAN_POINT('',(-4.772970773009,-3.712310601229,0.));
#797 = DIRECTION('',(-0.707106781187,-0.707106781187,0.));
#798 = DIRECTION('',(0.,0.,1.));
#799 = DEFINITIONAL_REPRESENTATION('',(#800),#804);
#800 = LINE('',#801,#802);
#801 = CARTESIAN_POINT('',(35.,0.));
#802 = VECTOR('',#803,1.);
#803 = DIRECTION('',(0.,-1.));
#804 = ( GEOMETRIC_REPRESENTATION_CONTEXT(2) 
PARAMETRIC_REPRESENTATION_CONTEXT() REPRESENTATION_CONTEXT('2D SPACE',''
  ) );
#805 = ORIENTED_EDGE('',*,*,#806,.T.);
#806 = EDGE_CURVE('',#779,#807,#809,.T.);
#807 = VERTEX_POINT('',#808);
#808 = CARTESIAN_POINT('',(-3.712310601229,-4.772970773009,35.));
#809 = SURFACE_CURVE('',#810,(#814,#821),.PCURVE_S1.);
#810 = LINE('',#811,#812);
#811 = CARTESIAN_POINT('',(-4.772970773009,-3.712310601229,35.));
#812 = VECTOR('',#813,1.);
#813 = DIRECTION('',(0.707106781187,-0.707106781187,0.));
#814 = PCURVE('',#45,#815);
#815 = DEFINITIONAL_REPRESENTATION('',(#816),#820);
#816 = LINE('',#817,#818);
#817 = CARTESIAN_POINT('',(-4.772970773009,-3.712310601229));
#818 = VECTOR('',#819,1.);
#819 = DIRECTION('',(0.707106781187,-0.707106781187));
#820 = ( GEOMETRIC_REPRESENTATION_CONTEXT(2) 
PARAMETRIC_REPRESENTATION_CONTEXT() REPRESENTATION_CONTEXT('2D SPACE',''
  ) );
#821 = PCURVE('',#822,#827);
#822 = PLANE('',#823);
#823 = AXIS2_PLACEMENT_3D('',#824,#825,#826);
#824 = CARTESIAN_POINT('',(-4.772970773009,-3.712310601229,0.));
#825 = DIRECTION('',(-0.707106781187,-0.707106781187,0.));
#826 = DIRECTION('',(0.,0.,1.));
#827 = DEFINITIONAL_REPRESENTATION('',(#828),#832);
#828 = LINE('',#829,#830);
#829 = CARTESIAN_POINT('',(35.,0.));
#830 = VECTOR('',#831,1.);
#831 = DIRECTION('',(0.,-1.));
#832 = ( GEOMETRIC_REPRESENTATION_CONTEXT(2) 
PARAMETRIC_REPRESENTATION_CONTEXT() REPRESENTATION_CONTEXT('2D SPACE',''
  ) );
#833 = ORIENTED_EDGE('',*,*,#834,.T.);
#834 = EDGE_CURVE('',#807,#835,#837,.T.);
#835 = VERTEX_POINT('',#836);
#836 = CARTESIAN_POINT('',(-5.833630944789,-6.894291116569,35.));
#837 = SURFACE_CURVE('',#838,(#842,#849),.PCURVE_S1.);
#838 = LINE('',#839,#840);
#839 = CARTESIAN_POINT('',(-3.712310601229,-4.772970773009,35.));
#840 = VECTOR('',#841,1.);
#841 = DIRECTION('',(-0.707106781187,-0.707106781187,0.));
#842 = PCURVE('',#45,#843);
#843 = DEFINITIONAL_REPRESENTATION('',(#844),#848);
#844 = LINE('',#845,#846);
#845 = CARTESIAN_POINT('',(-3.712310601229,-4.772970773009));
#846 = VECTOR('',#847,1.);
#847 = DIRECTION('',(-0.707106781187,-0.707106781187));
#848 = ( GEOMETRIC_REPRESENTATION_CONTEXT(2) 
PARAMETRIC_REPRESENTATION_CONTEXT() REPRESENTATION_CONTEXT('2D SPACE',''
  ) );
#849 = PCURVE('',#850,#855);
#850 = PLANE('',#851);
#851 = AXIS2_PLACEMENT_3D('',#852,#853,#854);
#852 = CARTESIAN_POINT('',(-3.712310601229,-4.772970773009,0.));
#853 = DIRECTION('',(0.707106781187,-0.707106781187,0.));
#854 = DIRECTION('',(0.,0.,1.));
#855 = DEFINITIONAL_REPRESENTATION('',(#856),#860);
#856 = LINE('',#857,#858);
#857 = CARTESIAN_POINT('',(35.,0.));
#858 = VECTOR('',#859,1.);
#859 = DIRECTION('',(0.,1.));
#860 = ( GEOMETRIC_REPRESENTATION_CONTEXT(2) 
PARAMETRIC_REPRESENTATION_CONTEXT() REPRESENTATION_CONTEXT('2D SPACE',''
  ) );
#861 = ORIENTED_EDGE('',*,*,#862,.F.);
#862 = EDGE_CURVE('',#863,#835,#865,.T.);
#863 = VERTEX_POINT('',#864);
#864 = CARTESIAN_POINT('',(-6.894291116569,-5.833630944789,35.));
#865 = SURFACE_CURVE('',#866,(#870,#877),.PCURVE_S1.);
#866 = LINE('',#867,#868);
#867 = CARTESIAN_POINT('',(-6.894291116569,-5.833630944789,35.));
#868 = VECTOR('',#869,1.);
#869 = DIRECTION('',(0.707106781187,-0.707106781187,0.));
#870 = PCURVE('',#45,#871);
#871 = DEFINITIONAL_REPRESENTATION('',(#872),#876);
#872 = LINE('',#873,#874);
#873 = CARTESIAN_POINT('',(-6.894291116569,-5.833630944789));
#874 = VECTOR('',#875,1.);
#875 = DIRECTION('',(0.707106781187,-0.707106781187));
#876 = ( GEOMETRIC_REPRESENTATION_CONTEXT(2) 
PARAMETRIC_REPRESENTATION_CONTEXT() REPRESENTATION_CONTEXT('2D SPACE',''
  ) );
#877 = PCURVE('',#878,#883);
#878 = PLANE('',#879);
#879 = AXIS2_PLACEMENT_3D('',#880,#881,#882);
#880 = CARTESIAN_POINT('',(-6.894291116569,-5.833630944789,0.));
#881 = DIRECTION('',(-0.707106781187,-0.707106781187,0.));
#882 = DIRECTION('',(0.,0.,1.));
#883 = DEFINITIONAL_REPRESENTATION('',(#884),#888);
#884 = LINE('',#885,#886);
#885 = CARTESIAN_POINT('',(35.,0.));
#886 = VECTOR('',#887,1.);
#887 = DIRECTION('',(0.,-1.));
#888 = ( GEOMETRIC_REPRESENTATION_CONTEXT(2) 
PARAMETRIC_REPRESENTATION_CONTEXT() REPRESENTATION_CONTEXT('2D SPACE',''
  ) );
#889 = ORIENTED_EDGE('',*,*,#890,.F.);
#890 = EDGE_CURVE('',#777,#863,#891,.T.);
#891 = SURFACE_CURVE('',#892,(#896,#903),.PCURVE_S1.);
#892 = LINE('',#893,#894);
#893 = CARTESIAN_POINT('',(-4.772970773009,-3.712310601229,35.));
#894 = VECTOR('',#895,1.);
#895 = DIRECTION('',(-0.707106781187,-0.707106781187,0.));
#896 = PCURVE('',#45,#897);
#897 = DEFINITIONAL_REPRESENTATION('',(#898),#902);
#898 = LINE('',#899,#900);
#899 = CARTESIAN_POINT('',(-4.772970773009,-3.712310601229));
#900 = VECTOR('',#901,1.);
#901 = DIRECTION('',(-0.707106781187,-0.707106781187));
#902 = ( GEOMETRIC_REPRESENTATION_CONTEXT(2) 
PARAMETRIC_REPRESENTATION_CONTEXT() REPRESENTATION_CONTEXT('2D SPACE',''
  ) );
#903 = PCURVE('',#904,#909);
#904 = PLANE('',#905);
#905 = AXIS2_PLACEMENT_3D('',#906,#907,#908);
#906 = CARTESIAN_POINT('',(-4.772970773009,-3.712310601229,0.));
#907 = DIRECTION('',(0.707106781187,-0.707106781187,0.));
#908 = DIRECTION('',(0.,0.,1.));
#909 = DEFINITIONAL_REPRESENTATION('',(#910),#914);
#910 = LINE('',#911,#912);
#911 = CARTESIAN_POINT('',(35.,0.));
#912 = VECTOR('',#913,1.);
#913 = DIRECTION('',(0.,1.));
#914 = ( GEOMETRIC_REPRESENTATION_CONTEXT(2) 
PARAMETRIC_REPRESENTATION_CONTEXT() REPRESENTATION_CONTEXT('2D SPACE',''
  ) );
#915 = FACE_BOUND('',#916,.T.);
#916 = EDGE_LOOP('',(#917,#947,#975,#1003,#1031));
#917 = ORIENTED_EDGE('',*,*,#918,.T.);
#918 = EDGE_CURVE('',#919,#921,#923,.T.);
#919 = VERTEX_POINT('',#920);
#920 = CARTESIAN_POINT('',(-0.75,-6.,35.));
#921 = VERTEX_POINT('',#922);
#922 = CARTESIAN_POINT('',(2.387019707471E-13,-6.,35.));
#923 = SURFACE_CURVE('',#924,(#928,#935),.PCURVE_S1.);
#924 = LINE('',#925,#926);
#925 = CARTESIAN_POINT('',(-0.75,-6.,35.));
#926 = VECTOR('',#927,1.);
#927 = DIRECTION('',(1.,-2.22044604925E-16,0.));
#928 = PCURVE('',#45,#929);
#929 = DEFINITIONAL_REPRESENTATION('',(#930),#934);
#930 = LINE('',#931,#932);
#931 = CARTESIAN_POINT('',(-0.75,-6.));
#932 = VECTOR('',#933,1.);
#933 = DIRECTION('',(1.,-2.22044604925E-16));
#934 = ( GEOMETRIC_REPRESENTATION_CONTEXT(2) 
PARAMETRIC_REPRESENTATION_CONTEXT() REPRESENTATION_CONTEXT('2D SPACE',''
  ) );
#935 = PCURVE('',#936,#941);
#936 = PLANE('',#937);
#937 = AXIS2_PLACEMENT_3D('',#938,#939,#940);
#938 = CARTESIAN_POINT('',(-0.75,-6.,0.));
#939 = DIRECTION('',(-2.22044604925E-16,-1.,0.));
#940 = DIRECTION('',(0.,0.,1.));
#941 = DEFINITIONAL_REPRESENTATION('',(#942),#946);
#942 = LINE('',#943,#944);
#943 = CARTESIAN_POINT('',(35.,0.));
#944 = VECTOR('',#945,1.);
#945 = DIRECTION('',(0.,-1.));
#946 = ( GEOMETRIC_REPRESENTATION_CONTEXT(2) 
PARAMETRIC_REPRESENTATION_CONTEXT() REPRESENTATION_CONTEXT('2D SPACE',''
  ) );
#947 = ORIENTED_EDGE('',*,*,#948,.T.);
#948 = EDGE_CURVE('',#921,#949,#951,.T.);
#949 = VERTEX_POINT('',#950);
#950 = CARTESIAN_POINT('',(0.75,-6.,35.));
#951 = SURFACE_CURVE('',#952,(#956,#963),.PCURVE_S1.);
#952 = LINE('',#953,#954);
#953 = CARTESIAN_POINT('',(-0.75,-6.,35.));
#954 = VECTOR('',#955,1.);
#955 = DIRECTION('',(1.,-2.22044604925E-16,0.));
#956 = PCURVE('',#45,#957);
#957 = DEFINITIONAL_REPRESENTATION('',(#958),#962);
#958 = LINE('',#959,#960);
#959 = CARTESIAN_POINT('',(-0.75,-6.));
#960 = VECTOR('',#961,1.);
#961 = DIRECTION('',(1.,-2.22044604925E-16));
#962 = ( GEOMETRIC_REPRESENTATION_CONTEXT(2) 
PARAMETRIC_REPRESENTATION_CONTEXT() REPRESENTATION_CONTEXT('2D SPACE',''
  ) );
#963 = PCURVE('',#964,#969);
#964 = PLANE('',#965);
#965 = AXIS2_PLACEMENT_3D('',#966,#967,#968);
#966 = CARTESIAN_POINT('',(-0.75,-6.,0.));
#967 = DIRECTION('',(-2.22044604925E-16,-1.,0.));
#968 = DIRECTION('',(0.,0.,1.));
#969 = DEFINITIONAL_REPRESENTATION('',(#970),#974);
#970 = LINE('',#971,#972);
#971 = CARTESIAN_POINT('',(35.,0.));
#972 = VECTOR('',#973,1.);
#973 = DIRECTION('',(0.,-1.));
#974 = ( GEOMETRIC_REPRESENTATION_CONTEXT(2) 
PARAMETRIC_REPRESENTATION_CONTEXT() REPRESENTATION_CONTEXT('2D SPACE',''
  ) );
#975 = ORIENTED_EDGE('',*,*,#976,.T.);
#976 = EDGE_CURVE('',#949,#977,#979,.T.);
#977 = VERTEX_POINT('',#978);
#978 = CARTESIAN_POINT('',(0.75,-9.,35.));
#979 = SURFACE_CURVE('',#980,(#984,#991),.PCURVE_S1.);
#980 = LINE('',#981,#982);
#981 = CARTESIAN_POINT('',(0.75,-6.,35.));
#982 = VECTOR('',#983,1.);
#983 = DIRECTION('',(-2.22044604925E-16,-1.,0.));
#984 = PCURVE('',#45,#985);
#985 = DEFINITIONAL_REPRESENTATION('',(#986),#990);
#986 = LINE('',#987,#988);
#987 = CARTESIAN_POINT('',(0.75,-6.));
#988 = VECTOR('',#989,1.);
#989 = DIRECTION('',(-2.22044604925E-16,-1.));
#990 = ( GEOMETRIC_REPRESENTATION_CONTEXT(2) 
PARAMETRIC_REPRESENTATION_CONTEXT() REPRESENTATION_CONTEXT('2D SPACE',''
  ) );
#991 = PCURVE('',#992,#997);
#992 = PLANE('',#993);
#993 = AXIS2_PLACEMENT_3D('',#994,#995,#996);
#994 = CARTESIAN_POINT('',(0.75,-6.,0.));
#995 = DIRECTION('',(1.,-2.22044604925E-16,0.));
#996 = DIRECTION('',(0.,0.,1.));
#997 = DEFINITIONAL_REPRESENTATION('',(#998),#1002);
#998 = LINE('',#999,#1000);
#999 = CARTESIAN_POINT('',(35.,0.));
#1000 = VECTOR('',#1001,1.);
#1001 = DIRECTION('',(0.,1.));
#1002 = ( GEOMETRIC_REPRESENTATION_CONTEXT(2) 
PARAMETRIC_REPRESENTATION_CONTEXT() REPRESENTATION_CONTEXT('2D SPACE',''
  ) );
#1003 = ORIENTED_EDGE('',*,*,#1004,.F.);
#1004 = EDGE_CURVE('',#1005,#977,#1007,.T.);
#1005 = VERTEX_POINT('',#1006);
#1006 = CARTESIAN_POINT('',(-0.75,-9.,35.));
#1007 = SURFACE_CURVE('',#1008,(#1012,#1019),.PCURVE_S1.);
#1008 = LINE('',#1009,#1010);
#1009 = CARTESIAN_POINT('',(-0.75,-9.,35.));
#1010 = VECTOR('',#1011,1.);
#1011 = DIRECTION('',(1.,-2.22044604925E-16,0.));
#1012 = PCURVE('',#45,#1013);
#1013 = DEFINITIONAL_REPRESENTATION('',(#1014),#1018);
#1014 = LINE('',#1015,#1016);
#1015 = CARTESIAN_POINT('',(-0.75,-9.));
#1016 = VECTOR('',#1017,1.);
#1017 = DIRECTION('',(1.,-2.22044604925E-16));
#1018 = ( GEOMETRIC_REPRESENTATION_CONTEXT(2) 
PARAMETRIC_REPRESENTATION_CONTEXT() REPRESENTATION_CONTEXT('2D SPACE',''
  ) );
#1019 = PCURVE('',#1020,#1025);
#1020 = PLANE('',#1021);
#1021 = AXIS2_PLACEMENT_3D('',#1022,#1023,#1024);
#1022 = CARTESIAN_POINT('',(-0.75,-9.,0.));
#1023 = DIRECTION('',(-2.22044604925E-16,-1.,0.));
#1024 = DIRECTION('',(0.,0.,1.));
#1025 = DEFINITIONAL_REPRESENTATION('',(#1026),#1030);
#1026 = LINE('',#1027,#1028);
#1027 = CARTESIAN_POINT('',(35.,0.));
#1028 = VECTOR('',#1029,1.);
#1029 = DIRECTION('',(0.,-1.));
#1030 = ( GEOMETRIC_REPRESENTATION_CONTEXT(2) 
PARAMETRIC_REPRESENTATION_CONTEXT() REPRESENTATION_CONTEXT('2D SPACE',''
  ) );
#1031 = ORIENTED_EDGE('',*,*,#1032,.F.);
#1032 = EDGE_CURVE('',#919,#1005,#1033,.T.);
#1033 = SURFACE_CURVE('',#1034,(#1038,#1045),.PCURVE_S1.);
#1034 = LINE('',#1035,#1036);
#1035 = CARTESIAN_POINT('',(-0.75,-6.,35.));
#1036 = VECTOR('',#1037,1.);
#1037 = DIRECTION('',(-2.22044604925E-16,-1.,0.));
#1038 = PCURVE('',#45,#1039);
#1039 = DEFINITIONAL_REPRESENTATION('',(#1040),#1044);
#1040 = LINE('',#1041,#1042);
#1041 = CARTESIAN_POINT('',(-0.75,-6.));
#1042 = VECTOR('',#1043,1.);
#1043 = DIRECTION('',(-2.22044604925E-16,-1.));
#1044 = ( GEOMETRIC_REPRESENTATION_CONTEXT(2) 
PARAMETRIC_REPRESENTATION_CONTEXT() REPRESENTATION_CONTEXT('2D SPACE',''
  ) );
#1045 = PCURVE('',#1046,#1051);
#1046 = PLANE('',#1047);
#1047 = AXIS2_PLACEMENT_3D('',#1048,#1049,#1050);
#1048 = CARTESIAN_POINT('',(-0.75,-6.,0.));
#1049 = DIRECTION('',(1.,-2.22044604925E-16,0.));
#1050 = DIRECTION('',(0.,0.,1.));
#1051 = DEFINITIONAL_REPRESENTATION('',(#1052),#1056);
#1052 = LINE('',#1053,#1054);
#1053 = CARTESIAN_POINT('',(35.,0.));
#1054 = VECTOR('',#1055,1.);
#1055 = DIRECTION('',(0.,1.));
#1056 = ( GEOMETRIC_REPRESENTATION_CONTEXT(2) 
PARAMETRIC_REPRESENTATION_CONTEXT() REPRESENTATION_CONTEXT('2D SPACE',''
  ) );
#1057 = FACE_BOUND('',#1058,.T.);
#1058 = EDGE_LOOP('',(#1059,#1089,#1117,#1145,#1173));
#1059 = ORIENTED_EDGE('',*,*,#1060,.T.);
#1060 = EDGE_CURVE('',#1061,#1063,#1065,.T.);
#1061 = VERTEX_POINT('',#1062);
#1062 = CARTESIAN_POINT('',(3.712310601229,-4.772970773009,35.));
#1063 = VERTEX_POINT('',#1064);
#1064 = CARTESIAN_POINT('',(4.242640687119,-4.24264068712,35.));
#1065 = SURFACE_CURVE('',#1066,(#1070,#1077),.PCURVE_S1.);
#1066 = LINE('',#1067,#1068);
#1067 = CARTESIAN_POINT('',(3.712310601229,-4.772970773009,35.));
#1068 = VECTOR('',#1069,1.);
#1069 = DIRECTION('',(0.707106781187,0.707106781187,0.));
#1070 = PCURVE('',#45,#1071);
#1071 = DEFINITIONAL_REPRESENTATION('',(#1072),#1076);
#1072 = LINE('',#1073,#1074);
#1073 = CARTESIAN_POINT('',(3.712310601229,-4.772970773009));
#1074 = VECTOR('',#1075,1.);
#1075 = DIRECTION('',(0.707106781187,0.707106781187));
#1076 = ( GEOMETRIC_REPRESENTATION_CONTEXT(2) 
PARAMETRIC_REPRESENTATION_CONTEXT() REPRESENTATION_CONTEXT('2D SPACE',''
  ) );
#1077 = PCURVE('',#1078,#1083);
#1078 = PLANE('',#1079);
#1079 = AXIS2_PLACEMENT_3D('',#1080,#1081,#1082);
#1080 = CARTESIAN_POINT('',(3.712310601229,-4.772970773009,0.));
#1081 = DIRECTION('',(0.707106781187,-0.707106781187,0.));
#1082 = DIRECTION('',(0.,0.,1.));
#1083 = DEFINITIONAL_REPRESENTATION('',(#1084),#1088);
#1084 = LINE('',#1085,#1086);
#1085 = CARTESIAN_POINT('',(35.,0.));
#1086 = VECTOR('',#1087,1.);
#1087 = DIRECTION('',(0.,-1.));
#1088 = ( GEOMETRIC_REPRESENTATION_CONTEXT(2) 
PARAMETRIC_REPRESENTATION_CONTEXT() REPRESENTATION_CONTEXT('2D SPACE',''
  ) );
#1089 = ORIENTED_EDGE('',*,*,#1090,.T.);
#1090 = EDGE_CURVE('',#1063,#1091,#1093,.T.);
#1091 = VERTEX_POINT('',#1092);
#1092 = CARTESIAN_POINT('',(4.772970773009,-3.712310601229,35.));
#1093 = SURFACE_CURVE('',#1094,(#1098,#1105),.PCURVE_S1.);
#1094 = LINE('',#1095,#1096);
#1095 = CARTESIAN_POINT('',(3.712310601229,-4.772970773009,35.));
#1096 = VECTOR('',#1097,1.);
#1097 = DIRECTION('',(0.707106781187,0.707106781187,0.));
#1098 = PCURVE('',#45,#1099);
#1099 = DEFINITIONAL_REPRESENTATION('',(#1100),#1104);
#1100 = LINE('',#1101,#1102);
#1101 = CARTESIAN_POINT('',(3.712310601229,-4.772970773009));
#1102 = VECTOR('',#1103,1.);
#1103 = DIRECTION('',(0.707106781187,0.707106781187));
#1104 = ( GEOMETRIC_REPRESENTATION_CONTEXT(2) 
PARAMETRIC_REPRESENTATION_CONTEXT() REPRESENTATION_CONTEXT('2D SPACE',''
  ) );
#1105 = PCURVE('',#1106,#1111);
#1106 = PLANE('',#1107);
#1107 = AXIS2_PLACEMENT_3D('',#1108,#1109,#1110);
#1108 = CARTESIAN_POINT('',(3.712310601229,-4.772970773009,0.));
#1109 = DIRECTION('',(0.707106781187,-0.707106781187,0.));
#1110 = DIRECTION('',(0.,0.,1.));
#1111 = DEFINITIONAL_REPRESENTATION('',(#1112),#1116);
#1112 = LINE('',#1113,#1114);
#1113 = CARTESIAN_POINT('',(35.,0.));
#1114 = VECTOR('',#1115,1.);
#1115 = DIRECTION('',(0.,-1.));
#1116 = ( GEOMETRIC_REPRESENTATION_CONTEXT(2) 
PARAMETRIC_REPRESENTATION_CONTEXT() REPRESENTATION_CONTEXT('2D SPACE',''
  ) );
#1117 = ORIENTED_EDGE('',*,*,#1118,.T.);
#1118 = EDGE_CURVE('',#1091,#1119,#1121,.T.);
#1119 = VERTEX_POINT('',#1120);
#1120 = CARTESIAN_POINT('',(6.894291116569,-5.833630944789,35.));
#1121 = SURFACE_CURVE('',#1122,(#1126,#1133),.PCURVE_S1.);
#1122 = LINE('',#1123,#1124);
#1123 = CARTESIAN_POINT('',(4.772970773009,-3.712310601229,35.));
#1124 = VECTOR('',#1125,1.);
#1125 = DIRECTION('',(0.707106781187,-0.707106781187,0.));
#1126 = PCURVE('',#45,#1127);
#1127 = DEFINITIONAL_REPRESENTATION('',(#1128),#1132);
#1128 = LINE('',#1129,#1130);
#1129 = CARTESIAN_POINT('',(4.772970773009,-3.712310601229));
#1130 = VECTOR('',#1131,1.);
#1131 = DIRECTION('',(0.707106781187,-0.707106781187));
#1132 = ( GEOMETRIC_REPRESENTATION_CONTEXT(2) 
PARAMETRIC_REPRESENTATION_CONTEXT() REPRESENTATION_CONTEXT('2D SPACE',''
  ) );
#1133 = PCURVE('',#1134,#1139);
#1134 = PLANE('',#1135);
#1135 = AXIS2_PLACEMENT_3D('',#1136,#1137,#1138);
#1136 = CARTESIAN_POINT('',(4.772970773009,-3.712310601229,0.));
#1137 = DIRECTION('',(0.707106781187,0.707106781187,0.));
#1138 = DIRECTION('',(0.,0.,1.));
#1139 = DEFINITIONAL_REPRESENTATION('',(#1140),#1144);
#1140 = LINE('',#1141,#1142);
#1141 = CARTESIAN_POINT('',(35.,0.));
#1142 = VECTOR('',#1143,1.);
#1143 = DIRECTION('',(0.,1.));
#1144 = ( GEOMETRIC_REPRESENTATION_CONTEXT(2) 
PARAMETRIC_REPRESENTATION_CONTEXT() REPRESENTATION_CONTEXT('2D SPACE',''
  ) );
#1145 = ORIENTED_EDGE('',*,*,#1146,.F.);
#1146 = EDGE_CURVE('',#1147,#1119,#1149,.T.);
#1147 = VERTEX_POINT('',#1148);
#1148 = CARTESIAN_POINT('',(5.833630944789,-6.894291116569,35.));
#1149 = SURFACE_CURVE('',#1150,(#1154,#1161),.PCURVE_S1.);
#1150 = LINE('',#1151,#1152);
#1151 = CARTESIAN_POINT('',(5.833630944789,-6.894291116569,35.));
#1152 = VECTOR('',#1153,1.);
#1153 = DIRECTION('',(0.707106781187,0.707106781187,0.));
#1154 = PCURVE('',#45,#1155);
#1155 = DEFINITIONAL_REPRESENTATION('',(#1156),#1160);
#1156 = LINE('',#1157,#1158);
#1157 = CARTESIAN_POINT('',(5.833630944789,-6.894291116569));
#1158 = VECTOR('',#1159,1.);
#1159 = DIRECTION('',(0.707106781187,0.707106781187));
#1160 = ( GEOMETRIC_REPRESENTATION_CONTEXT(2) 
PARAMETRIC_REPRESENTATION_CONTEXT() REPRESENTATION_CONTEXT('2D SPACE',''
  ) );
#1161 = PCURVE('',#1162,#1167);
#1162 = PLANE('',#1163);
#1163 = AXIS2_PLACEMENT_3D('',#1164,#1165,#1166);
#1164 = CARTESIAN_POINT('',(5.833630944789,-6.894291116569,0.));
#1165 = DIRECTION('',(0.707106781187,-0.707106781187,0.));
#1166 = DIRECTION('',(0.,0.,1.));
#1167 = DEFINITIONAL_REPRESENTATION('',(#1168),#1172);
#1168 = LINE('',#1169,#1170);
#1169 = CARTESIAN_POINT('',(35.,0.));
#1170 = VECTOR('',#1171,1.);
#1171 = DIRECTION('',(0.,-1.));
#1172 = ( GEOMETRIC_REPRESENTATION_CONTEXT(2) 
PARAMETRIC_REPRESENTATION_CONTEXT() REPRESENTATION_CONTEXT('2D SPACE',''
  ) );
#1173 = ORIENTED_EDGE('',*,*,#1174,.F.);
#1174 = EDGE_CURVE('',#1061,#1147,#1175,.T.);
#1175 = SURFACE_CURVE('',#1176,(#1180,#1187),.PCURVE_S1.);
#1176 = LINE('',#1177,#1178);
#1177 = CARTESIAN_POINT('',(3.712310601229,-4.772970773009,35.));
#1178 = VECTOR('',#1179,1.);
#1179 = DIRECTION('',(0.707106781187,-0.707106781187,0.));
#1180 = PCURVE('',#45,#1181);
#1181 = DEFINITIONAL_REPRESENTATION('',(#1182),#1186);
#1182 = LINE('',#1183,#1184);
#1183 = CARTESIAN_POINT('',(3.712310601229,-4.772970773009));
#1184 = VECTOR('',#1185,1.);
#1185 = DIRECTION('',(0.707106781187,-0.707106781187));
#1186 = ( GEOMETRIC_REPRESENTATION_CONTEXT(2) 
PARAMETRIC_REPRESENTATION_CONTEXT() REPRESENTATION_CONTEXT('2D SPACE',''
  ) );
#1187 = PCURVE('',#1188,#1193);
#1188 = PLANE('',#1189);
#1189 = AXIS2_PLACEMENT_3D('',#1190,#1191,#1192);
#1190 = CARTESIAN_POINT('',(3.712310601229,-4.772970773009,0.));
#1191 = DIRECTION('',(0.707106781187,0.707106781187,0.));
#1192 = DIRECTION('',(0.,0.,1.));
#1193 = DEFINITIONAL_REPRESENTATION('',(#1194),#1198);
#1194 = LINE('',#1195,#1196);
#1195 = CARTESIAN_POINT('',(35.,0.));
#1196 = VECTOR('',#1197,1.);
#1197 = DIRECTION('',(0.,1.));
#1198 = ( GEOMETRIC_REPRESENTATION_CONTEXT(2) 
PARAMETRIC_REPRESENTATION_CONTEXT() REPRESENTATION_CONTEXT('2D SPACE',''
  ) );
#1199 = FACE_BOUND('',#1200,.T.);
#1200 = EDGE_LOOP('',(#1201,#1231,#1259,#1287,#1315));
#1201 = ORIENTED_EDGE('',*,*,#1202,.T.);
#1202 = EDGE_CURVE('',#1203,#1205,#1207,.T.);
#1203 = VERTEX_POINT('',#1204);
#1204 = CARTESIAN_POINT('',(-6.,0.75,35.));
#1205 = VERTEX_POINT('',#1206);
#1206 = CARTESIAN_POINT('',(-6.,3.844490494088E-13,35.));
#1207 = SURFACE_CURVE('',#1208,(#1212,#1219),.PCURVE_S1.);
#1208 = LINE('',#1209,#1210);
#1209 = CARTESIAN_POINT('',(-6.,0.75,35.));
#1210 = VECTOR('',#1211,1.);
#1211 = DIRECTION('',(-1.224646799147E-16,-1.,0.));
#1212 = PCURVE('',#45,#1213);
#1213 = DEFINITIONAL_REPRESENTATION('',(#1214),#1218);
#1214 = LINE('',#1215,#1216);
#1215 = CARTESIAN_POINT('',(-6.,0.75));
#1216 = VECTOR('',#1217,1.);
#1217 = DIRECTION('',(-1.224646799147E-16,-1.));
#1218 = ( GEOMETRIC_REPRESENTATION_CONTEXT(2) 
PARAMETRIC_REPRESENTATION_CONTEXT() REPRESENTATION_CONTEXT('2D SPACE',''
  ) );
#1219 = PCURVE('',#1220,#1225);
#1220 = PLANE('',#1221);
#1221 = AXIS2_PLACEMENT_3D('',#1222,#1223,#1224);
#1222 = CARTESIAN_POINT('',(-6.,0.75,0.));
#1223 = DIRECTION('',(-1.,1.224646799147E-16,0.));
#1224 = DIRECTION('',(0.,0.,1.));
#1225 = DEFINITIONAL_REPRESENTATION('',(#1226),#1230);
#1226 = LINE('',#1227,#1228);
#1227 = CARTESIAN_POINT('',(35.,0.));
#1228 = VECTOR('',#1229,1.);
#1229 = DIRECTION('',(0.,-1.));
#1230 = ( GEOMETRIC_REPRESENTATION_CONTEXT(2) 
PARAMETRIC_REPRESENTATION_CONTEXT() REPRESENTATION_CONTEXT('2D SPACE',''
  ) );
#1231 = ORIENTED_EDGE('',*,*,#1232,.T.);
#1232 = EDGE_CURVE('',#1205,#1233,#1235,.T.);
#1233 = VERTEX_POINT('',#1234);
#1234 = CARTESIAN_POINT('',(-6.,-0.75,35.));
#1235 = SURFACE_CURVE('',#1236,(#1240,#1247),.PCURVE_S1.);
#1236 = LINE('',#1237,#1238);
#1237 = CARTESIAN_POINT('',(-6.,0.75,35.));
#1238 = VECTOR('',#1239,1.);
#1239 = DIRECTION('',(-1.224646799147E-16,-1.,0.));
#1240 = PCURVE('',#45,#1241);
#1241 = DEFINITIONAL_REPRESENTATION('',(#1242),#1246);
#1242 = LINE('',#1243,#1244);
#1243 = CARTESIAN_POINT('',(-6.,0.75));
#1244 = VECTOR('',#1245,1.);
#1245 = DIRECTION('',(-1.224646799147E-16,-1.));
#1246 = ( GEOMETRIC_REPRESENTATION_CONTEXT(2) 
PARAMETRIC_REPRESENTATION_CONTEXT() REPRESENTATION_CONTEXT('2D SPACE',''
  ) );
#1247 = PCURVE('',#1248,#1253);
#1248 = PLANE('',#1249);
#1249 = AXIS2_PLACEMENT_3D('',#1250,#1251,#1252);
#1250 = CARTESIAN_POINT('',(-6.,0.75,0.));
#1251 = DIRECTION('',(-1.,1.224646799147E-16,0.));
#1252 = DIRECTION('',(0.,0.,1.));
#1253 = DEFINITIONAL_REPRESENTATION('',(#1254),#1258);
#1254 = LINE('',#1255,#1256);
#1255 = CARTESIAN_POINT('',(35.,0.));
#1256 = VECTOR('',#1257,1.);
#1257 = DIRECTION('',(0.,-1.));
#1258 = ( GEOMETRIC_REPRESENTATION_CONTEXT(2) 
PARAMETRIC_REPRESENTATION_CONTEXT() REPRESENTATION_CONTEXT('2D SPACE',''
  ) );
#1259 = ORIENTED_EDGE('',*,*,#1260,.T.);
#1260 = EDGE_CURVE('',#1233,#1261,#1263,.T.);
#1261 = VERTEX_POINT('',#1262);
#1262 = CARTESIAN_POINT('',(-9.,-0.75,35.));
#1263 = SURFACE_CURVE('',#1264,(#1268,#1275),.PCURVE_S1.);
#1264 = LINE('',#1265,#1266);
#1265 = CARTESIAN_POINT('',(-6.,-0.75,35.));
#1266 = VECTOR('',#1267,1.);
#1267 = DIRECTION('',(-1.,1.224646799147E-16,0.));
#1268 = PCURVE('',#45,#1269);
#1269 = DEFINITIONAL_REPRESENTATION('',(#1270),#1274);
#1270 = LINE('',#1271,#1272);
#1271 = CARTESIAN_POINT('',(-6.,-0.75));
#1272 = VECTOR('',#1273,1.);
#1273 = DIRECTION('',(-1.,1.224646799147E-16));
#1274 = ( GEOMETRIC_REPRESENTATION_CONTEXT(2) 
PARAMETRIC_REPRESENTATION_CONTEXT() REPRESENTATION_CONTEXT('2D SPACE',''
  ) );
#1275 = PCURVE('',#1276,#1281);
#1276 = PLANE('',#1277);
#1277 = AXIS2_PLACEMENT_3D('',#1278,#1279,#1280);
#1278 = CARTESIAN_POINT('',(-6.,-0.75,0.));
#1279 = DIRECTION('',(-1.224646799147E-16,-1.,0.));
#1280 = DIRECTION('',(0.,0.,1.));
#1281 = DEFINITIONAL_REPRESENTATION('',(#1282),#1286);
#1282 = LINE('',#1283,#1284);
#1283 = CARTESIAN_POINT('',(35.,0.));
#1284 = VECTOR('',#1285,1.);
#1285 = DIRECTION('',(0.,1.));
#1286 = ( GEOMETRIC_REPRESENTATION_CONTEXT(2) 
PARAMETRIC_REPRESENTATION_CONTEXT() REPRESENTATION_CONTEXT('2D SPACE',''
  ) );
#1287 = ORIENTED_EDGE('',*,*,#1288,.F.);
#1288 = EDGE_CURVE('',#1289,#1261,#1291,.T.);
#1289 = VERTEX_POINT('',#1290);
#1290 = CARTESIAN_POINT('',(-9.,0.75,35.));
#1291 = SURFACE_CURVE('',#1292,(#1296,#1303),.PCURVE_S1.);
#1292 = LINE('',#1293,#1294);
#1293 = CARTESIAN_POINT('',(-9.,0.75,35.));
#1294 = VECTOR('',#1295,1.);
#1295 = DIRECTION('',(-1.224646799147E-16,-1.,0.));
#1296 = PCURVE('',#45,#1297);
#1297 = DEFINITIONAL_REPRESENTATION('',(#1298),#1302);
#1298 = LINE('',#1299,#1300);
#1299 = CARTESIAN_POINT('',(-9.,0.75));
#1300 = VECTOR('',#1301,1.);
#1301 = DIRECTION('',(-1.224646799147E-16,-1.));
#1302 = ( GEOMETRIC_REPRESENTATION_CONTEXT(2) 
PARAMETRIC_REPRESENTATION_CONTEXT() REPRESENTATION_CONTEXT('2D SPACE',''
  ) );
#1303 = PCURVE('',#1304,#1309);
#1304 = PLANE('',#1305);
#1305 = AXIS2_PLACEMENT_3D('',#1306,#1307,#1308);
#1306 = CARTESIAN_POINT('',(-9.,0.75,0.));
#1307 = DIRECTION('',(-1.,1.224646799147E-16,0.));
#1308 = DIRECTION('',(0.,0.,1.));
#1309 = DEFINITIONAL_REPRESENTATION('',(#1310),#1314);
#1310 = LINE('',#1311,#1312);
#1311 = CARTESIAN_POINT('',(35.,0.));
#1312 = VECTOR('',#1313,1.);
#1313 = DIRECTION('',(0.,-1.));
#1314 = ( GEOMETRIC_REPRESENTATION_CONTEXT(2) 
PARAMETRIC_REPRESENTATION_CONTEXT() REPRESENTATION_CONTEXT('2D SPACE',''
  ) );
#1315 = ORIENTED_EDGE('',*,*,#1316,.F.);
#1316 = EDGE_CURVE('',#1203,#1289,#1317,.T.);
#1317 = SURFACE_CURVE('',#1318,(#1322,#1329),.PCURVE_S1.);
#1318 = LINE('',#1319,#1320);
#1319 = CARTESIAN_POINT('',(-6.,0.75,35.));
#1320 = VECTOR('',#1321,1.);
#1321 = DIRECTION('',(-1.,1.224646799147E-16,0.));
#1322 = PCURVE('',#45,#1323);
#1323 = DEFINITIONAL_REPRESENTATION('',(#1324),#1328);
#1324 = LINE('',#1325,#1326);
#1325 = CARTESIAN_POINT('',(-6.,0.75));
#1326 = VECTOR('',#1327,1.);
#1327 = DIRECTION('',(-1.,1.224646799147E-16));
#1328 = ( GEOMETRIC_REPRESENTATION_CONTEXT(2) 
PARAMETRIC_REPRESENTATION_CONTEXT() REPRESENTATION_CONTEXT('2D SPACE',''
  ) );
#1329 = PCURVE('',#1330,#1335);
#1330 = PLANE('',#1331);
#1331 = AXIS2_PLACEMENT_3D('',#1332,#1333,#1334);
#1332 = CARTESIAN_POINT('',(-6.,0.75,0.));
#1333 = DIRECTION('',(-1.224646799147E-16,-1.,0.));
#1334 = DIRECTION('',(0.,0.,1.));
#1335 = DEFINITIONAL_REPRESENTATION('',(#1336),#1340);
#1336 = LINE('',#1337,#1338);
#1337 = CARTESIAN_POINT('',(35.,0.));
#1338 = VECTOR('',#1339,1.);
#1339 = DIRECTION('',(0.,1.));
#1340 = ( GEOMETRIC_REPRESENTATION_CONTEXT(2) 
PARAMETRIC_REPRESENTATION_CONTEXT() REPRESENTATION_CONTEXT('2D SPACE',''
  ) );
#1341 = FACE_BOUND('',#1342,.T.);
#1342 = EDGE_LOOP('',(#1343,#1373,#1401,#1429,#1457));
#1343 = ORIENTED_EDGE('',*,*,#1344,.T.);
#1344 = EDGE_CURVE('',#1345,#1347,#1349,.T.);
#1345 = VERTEX_POINT('',#1346);
#1346 = CARTESIAN_POINT('',(-3.712310601229,4.772970773009,35.));
#1347 = VERTEX_POINT('',#1348);
#1348 = CARTESIAN_POINT('',(-4.242640687119,4.242640687119,35.));
#1349 = SURFACE_CURVE('',#1350,(#1354,#1361),.PCURVE_S1.);
#1350 = LINE('',#1351,#1352);
#1351 = CARTESIAN_POINT('',(-3.712310601229,4.772970773009,35.));
#1352 = VECTOR('',#1353,1.);
#1353 = DIRECTION('',(-0.707106781187,-0.707106781187,0.));
#1354 = PCURVE('',#45,#1355);
#1355 = DEFINITIONAL_REPRESENTATION('',(#1356),#1360);
#1356 = LINE('',#1357,#1358);
#1357 = CARTESIAN_POINT('',(-3.712310601229,4.772970773009));
#1358 = VECTOR('',#1359,1.);
#1359 = DIRECTION('',(-0.707106781187,-0.707106781187));
#1360 = ( GEOMETRIC_REPRESENTATION_CONTEXT(2) 
PARAMETRIC_REPRESENTATION_CONTEXT() REPRESENTATION_CONTEXT('2D SPACE',''
  ) );
#1361 = PCURVE('',#1362,#1367);
#1362 = PLANE('',#1363);
#1363 = AXIS2_PLACEMENT_3D('',#1364,#1365,#1366);
#1364 = CARTESIAN_POINT('',(-3.712310601229,4.772970773009,0.));
#1365 = DIRECTION('',(-0.707106781187,0.707106781187,0.));
#1366 = DIRECTION('',(0.,0.,1.));
#1367 = DEFINITIONAL_REPRESENTATION('',(#1368),#1372);
#1368 = LINE('',#1369,#1370);
#1369 = CARTESIAN_POINT('',(35.,0.));
#1370 = VECTOR('',#1371,1.);
#1371 = DIRECTION('',(0.,-1.));
#1372 = ( GEOMETRIC_REPRESENTATION_CONTEXT(2) 
PARAMETRIC_REPRESENTATION_CONTEXT() REPRESENTATION_CONTEXT('2D SPACE',''
  ) );
#1373 = ORIENTED_EDGE('',*,*,#1374,.T.);
#1374 = EDGE_CURVE('',#1347,#1375,#1377,.T.);
#1375 = VERTEX_POINT('',#1376);
#1376 = CARTESIAN_POINT('',(-4.772970773009,3.712310601229,35.));
#1377 = SURFACE_CURVE('',#1378,(#1382,#1389),.PCURVE_S1.);
#1378 = LINE('',#1379,#1380);
#1379 = CARTESIAN_POINT('',(-3.712310601229,4.772970773009,35.));
#1380 = VECTOR('',#1381,1.);
#1381 = DIRECTION('',(-0.707106781187,-0.707106781187,0.));
#1382 = PCURVE('',#45,#1383);
#1383 = DEFINITIONAL_REPRESENTATION('',(#1384),#1388);
#1384 = LINE('',#1385,#1386);
#1385 = CARTESIAN_POINT('',(-3.712310601229,4.772970773009));
#1386 = VECTOR('',#1387,1.);
#1387 = DIRECTION('',(-0.707106781187,-0.707106781187));
#1388 = ( GEOMETRIC_REPRESENTATION_CONTEXT(2) 
PARAMETRIC_REPRESENTATION_CONTEXT() REPRESENTATION_CONTEXT('2D SPACE',''
  ) );
#1389 = PCURVE('',#1390,#1395);
#1390 = PLANE('',#1391);
#1391 = AXIS2_PLACEMENT_3D('',#1392,#1393,#1394);
#1392 = CARTESIAN_POINT('',(-3.712310601229,4.772970773009,0.));
#1393 = DIRECTION('',(-0.707106781187,0.707106781187,0.));
#1394 = DIRECTION('',(0.,0.,1.));
#1395 = DEFINITIONAL_REPRESENTATION('',(#1396),#1400);
#1396 = LINE('',#1397,#1398);
#1397 = CARTESIAN_POINT('',(35.,0.));
#1398 = VECTOR('',#1399,1.);
#1399 = DIRECTION('',(0.,-1.));
#1400 = ( GEOMETRIC_REPRESENTATION_CONTEXT(2) 
PARAMETRIC_REPRESENTATION_CONTEXT() REPRESENTATION_CONTEXT('2D SPACE',''
  ) );
#1401 = ORIENTED_EDGE('',*,*,#1402,.T.);
#1402 = EDGE_CURVE('',#1375,#1403,#1405,.T.);
#1403 = VERTEX_POINT('',#1404);
#1404 = CARTESIAN_POINT('',(-6.894291116569,5.833630944789,35.));
#1405 = SURFACE_CURVE('',#1406,(#1410,#1417),.PCURVE_S1.);
#1406 = LINE('',#1407,#1408);
#1407 = CARTESIAN_POINT('',(-4.772970773009,3.712310601229,35.));
#1408 = VECTOR('',#1409,1.);
#1409 = DIRECTION('',(-0.707106781187,0.707106781187,0.));
#1410 = PCURVE('',#45,#1411);
#1411 = DEFINITIONAL_REPRESENTATION('',(#1412),#1416);
#1412 = LINE('',#1413,#1414);
#1413 = CARTESIAN_POINT('',(-4.772970773009,3.712310601229));
#1414 = VECTOR('',#1415,1.);
#1415 = DIRECTION('',(-0.707106781187,0.707106781187));
#1416 = ( GEOMETRIC_REPRESENTATION_CONTEXT(2) 
PARAMETRIC_REPRESENTATION_CONTEXT() REPRESENTATION_CONTEXT('2D SPACE',''
  ) );
#1417 = PCURVE('',#1418,#1423);
#1418 = PLANE('',#1419);
#1419 = AXIS2_PLACEMENT_3D('',#1420,#1421,#1422);
#1420 = CARTESIAN_POINT('',(-4.772970773009,3.712310601229,0.));
#1421 = DIRECTION('',(-0.707106781187,-0.707106781187,0.));
#1422 = DIRECTION('',(0.,0.,1.));
#1423 = DEFINITIONAL_REPRESENTATION('',(#1424),#1428);
#1424 = LINE('',#1425,#1426);
#1425 = CARTESIAN_POINT('',(35.,0.));
#1426 = VECTOR('',#1427,1.);
#1427 = DIRECTION('',(0.,1.));
#1428 = ( GEOMETRIC_REPRESENTATION_CONTEXT(2) 
PARAMETRIC_REPRESENTATION_CONTEXT() REPRESENTATION_CONTEXT('2D SPACE',''
  ) );
#1429 = ORIENTED_EDGE('',*,*,#1430,.F.);
#1430 = EDGE_CURVE('',#1431,#1403,#1433,.T.);
#1431 = VERTEX_POINT('',#1432);
#1432 = CARTESIAN_POINT('',(-5.833630944789,6.894291116569,35.));
#1433 = SURFACE_CURVE('',#1434,(#1438,#1445),.PCURVE_S1.);
#1434 = LINE('',#1435,#1436);
#1435 = CARTESIAN_POINT('',(-5.833630944789,6.894291116569,35.));
#1436 = VECTOR('',#1437,1.);
#1437 = DIRECTION('',(-0.707106781187,-0.707106781187,0.));
#1438 = PCURVE('',#45,#1439);
#1439 = DEFINITIONAL_REPRESENTATION('',(#1440),#1444);
#1440 = LINE('',#1441,#1442);
#1441 = CARTESIAN_POINT('',(-5.833630944789,6.894291116569));
#1442 = VECTOR('',#1443,1.);
#1443 = DIRECTION('',(-0.707106781187,-0.707106781187));
#1444 = ( GEOMETRIC_REPRESENTATION_CONTEXT(2) 
PARAMETRIC_REPRESENTATION_CONTEXT() REPRESENTATION_CONTEXT('2D SPACE',''
  ) );
#1445 = PCURVE('',#1446,#1451);
#1446 = PLANE('',#1447);
#1447 = AXIS2_PLACEMENT_3D('',#1448,#1449,#1450);
#1448 = CARTESIAN_POINT('',(-5.833630944789,6.894291116569,0.));
#1449 = DIRECTION('',(-0.707106781187,0.707106781187,0.));
#1450 = DIRECTION('',(0.,0.,1.));
#1451 = DEFINITIONAL_REPRESENTATION('',(#1452),#1456);
#1452 = LINE('',#1453,#1454);
#1453 = CARTESIAN_POINT('',(35.,0.));
#1454 = VECTOR('',#1455,1.);
#1455 = DIRECTION('',(0.,-1.));
#1456 = ( GEOMETRIC_REPRESENTATION_CONTEXT(2) 
PARAMETRIC_REPRESENTATION_CONTEXT() REPRESENTATION_CONTEXT('2D SPACE',''
  ) );
#1457 = ORIENTED_EDGE('',*,*,#1458,.F.);
#1458 = EDGE_CURVE('',#1345,#1431,#1459,.T.);
#1459 = SURFACE_CURVE('',#1460,(#1464,#1471),.PCURVE_S1.);
#1460 = LINE('',#1461,#1462);
#1461 = CARTESIAN_POINT('',(-3.712310601229,4.772970773009,35.));
#1462 = VECTOR('',#1463,1.);
#1463 = DIRECTION('',(-0.707106781187,0.707106781187,0.));
#1464 = PCURVE('',#45,#1465);
#1465 = DEFINITIONAL_REPRESENTATION('',(#1466),#1470);
#1466 = LINE('',#1467,#1468);
#1467 = CARTESIAN_POINT('',(-3.712310601229,4.772970773009));
#1468 = VECTOR('',#1469,1.);
#1469 = DIRECTION('',(-0.707106781187,0.707106781187));
#1470 = ( GEOMETRIC_REPRESENTATION_CONTEXT(2) 
PARAMETRIC_REPRESENTATION_CONTEXT() REPRESENTATION_CONTEXT('2D SPACE',''
  ) );
#1471 = PCURVE('',#1472,#1477);
#1472 = PLANE('',#1473);
#1473 = AXIS2_PLACEMENT_3D('',#1474,#1475,#1476);
#1474 = CARTESIAN_POINT('',(-3.712310601229,4.772970773009,0.));
#1475 = DIRECTION('',(-0.707106781187,-0.707106781187,0.));
#1476 = DIRECTION('',(0.,0.,1.));
#1477 = DEFINITIONAL_REPRESENTATION('',(#1478),#1482);
#1478 = LINE('',#1479,#1480);
#1479 = CARTESIAN_POINT('',(35.,0.));
#1480 = VECTOR('',#1481,1.);
#1481 = DIRECTION('',(0.,1.));
#1482 = ( GEOMETRIC_REPRESENTATION_CONTEXT(2) 
PARAMETRIC_REPRESENTATION_CONTEXT() REPRESENTATION_CONTEXT('2D SPACE',''
  ) );
#1483 = FACE_BOUND('',#1484,.T.);
#1484 = EDGE_LOOP('',(#1485,#1516,#1543,#1570,#1597,#1624,#1651,#1680));
#1485 = ORIENTED_EDGE('',*,*,#1486,.F.);
#1486 = EDGE_CURVE('',#1487,#1489,#1491,.T.);
#1487 = VERTEX_POINT('',#1488);
#1488 = CARTESIAN_POINT('',(6.,0.,35.));
#1489 = VERTEX_POINT('',#1490);
#1490 = CARTESIAN_POINT('',(4.242640687119,4.242640687119,35.));
#1491 = SURFACE_CURVE('',#1492,(#1497,#1504),.PCURVE_S1.);
#1492 = CIRCLE('',#1493,6.);
#1493 = AXIS2_PLACEMENT_3D('',#1494,#1495,#1496);
#1494 = CARTESIAN_POINT('',(0.,0.,35.));
#1495 = DIRECTION('',(0.,0.,1.));
#1496 = DIRECTION('',(1.,0.,0.));
#1497 = PCURVE('',#45,#1498);
#1498 = DEFINITIONAL_REPRESENTATION('',(#1499),#1503);
#1499 = CIRCLE('',#1500,6.);
#1500 = AXIS2_PLACEMENT_2D('',#1501,#1502);
#1501 = CARTESIAN_POINT('',(7.29301404021E-16,-1.169780044473E-16));
#1502 = DIRECTION('',(1.,0.));
#1503 = ( GEOMETRIC_REPRESENTATION_CONTEXT(2) 
PARAMETRIC_REPRESENTATION_CONTEXT() REPRESENTATION_CONTEXT('2D SPACE',''
  ) );
#1504 = PCURVE('',#1505,#1510);
#1505 = CYLINDRICAL_SURFACE('',#1506,6.);
#1506 = AXIS2_PLACEMENT_3D('',#1507,#1508,#1509);
#1507 = CARTESIAN_POINT('',(0.,0.,0.));
#1508 = DIRECTION('',(-0.,-0.,-1.));
#1509 = DIRECTION('',(1.,0.,0.));
#1510 = DEFINITIONAL_REPRESENTATION('',(#1511),#1515);
#1511 = LINE('',#1512,#1513);
#1512 = CARTESIAN_POINT('',(-0.,-35.));
#1513 = VECTOR('',#1514,1.);
#1514 = DIRECTION('',(-1.,0.));
#1515 = ( GEOMETRIC_REPRESENTATION_CONTEXT(2) 
PARAMETRIC_REPRESENTATION_CONTEXT() REPRESENTATION_CONTEXT('2D SPACE',''
  ) );
#1516 = ORIENTED_EDGE('',*,*,#1517,.F.);
#1517 = EDGE_CURVE('',#1063,#1487,#1518,.T.);
#1518 = SURFACE_CURVE('',#1519,(#1524,#1531),.PCURVE_S1.);
#1519 = CIRCLE('',#1520,6.);
#1520 = AXIS2_PLACEMENT_3D('',#1521,#1522,#1523);
#1521 = CARTESIAN_POINT('',(0.,0.,35.));
#1522 = DIRECTION('',(0.,0.,1.));
#1523 = DIRECTION('',(1.,0.,0.));
#1524 = PCURVE('',#45,#1525);
#1525 = DEFINITIONAL_REPRESENTATION('',(#1526),#1530);
#1526 = CIRCLE('',#1527,6.);
#1527 = AXIS2_PLACEMENT_2D('',#1528,#1529);
#1528 = CARTESIAN_POINT('',(7.29301404021E-16,-1.169780044473E-16));
#1529 = DIRECTION('',(1.,0.));
#1530 = ( GEOMETRIC_REPRESENTATION_CONTEXT(2) 
PARAMETRIC_REPRESENTATION_CONTEXT() REPRESENTATION_CONTEXT('2D SPACE',''
  ) );
#1531 = PCURVE('',#1532,#1537);
#1532 = CYLINDRICAL_SURFACE('',#1533,6.);
#1533 = AXIS2_PLACEMENT_3D('',#1534,#1535,#1536);
#1534 = CARTESIAN_POINT('',(0.,0.,0.));
#1535 = DIRECTION('',(-0.,-0.,-1.));
#1536 = DIRECTION('',(1.,0.,0.));
#1537 = DEFINITIONAL_REPRESENTATION('',(#1538),#1542);
#1538 = LINE('',#1539,#1540);
#1539 = CARTESIAN_POINT('',(-0.,-35.));
#1540 = VECTOR('',#1541,1.);
#1541 = DIRECTION('',(-1.,0.));
#1542 = ( GEOMETRIC_REPRESENTATION_CONTEXT(2) 
PARAMETRIC_REPRESENTATION_CONTEXT() REPRESENTATION_CONTEXT('2D SPACE',''
  ) );
#1543 = ORIENTED_EDGE('',*,*,#1544,.F.);
#1544 = EDGE_CURVE('',#921,#1063,#1545,.T.);
#1545 = SURFACE_CURVE('',#1546,(#1551,#1558),.PCURVE_S1.);
#1546 = CIRCLE('',#1547,6.);
#1547 = AXIS2_PLACEMENT_3D('',#1548,#1549,#1550);
#1548 = CARTESIAN_POINT('',(0.,0.,35.));
#1549 = DIRECTION('',(0.,0.,1.));
#1550 = DIRECTION('',(1.,0.,0.));
#1551 = PCURVE('',#45,#1552);
#1552 = DEFINITIONAL_REPRESENTATION('',(#1553),#1557);
#1553 = CIRCLE('',#1554,6.);
#1554 = AXIS2_PLACEMENT_2D('',#1555,#1556);
#1555 = CARTESIAN_POINT('',(7.29301404021E-16,-1.169780044473E-16));
#1556 = DIRECTION('',(1.,0.));
#1557 = ( GEOMETRIC_REPRESENTATION_CONTEXT(2) 
PARAMETRIC_REPRESENTATION_CONTEXT() REPRESENTATION_CONTEXT('2D SPACE',''
  ) );
#1558 = PCURVE('',#1559,#1564);
#1559 = CYLINDRICAL_SURFACE('',#1560,6.);
#1560 = AXIS2_PLACEMENT_3D('',#1561,#1562,#1563);
#1561 = CARTESIAN_POINT('',(0.,0.,0.));
#1562 = DIRECTION('',(-0.,-0.,-1.));
#1563 = DIRECTION('',(1.,0.,0.));
#1564 = DEFINITIONAL_REPRESENTATION('',(#1565),#1569);
#1565 = LINE('',#1566,#1567);
#1566 = CARTESIAN_POINT('',(-0.,-35.));
#1567 = VECTOR('',#1568,1.);
#1568 = DIRECTION('',(-1.,0.));
#1569 = ( GEOMETRIC_REPRESENTATION_CONTEXT(2) 
PARAMETRIC_REPRESENTATION_CONTEXT() REPRESENTATION_CONTEXT('2D SPACE',''
  ) );
#1570 = ORIENTED_EDGE('',*,*,#1571,.F.);
#1571 = EDGE_CURVE('',#779,#921,#1572,.T.);
#1572 = SURFACE_CURVE('',#1573,(#1578,#1585),.PCURVE_S1.);
#1573 = CIRCLE('',#1574,6.);
#1574 = AXIS2_PLACEMENT_3D('',#1575,#1576,#1577);
#1575 = CARTESIAN_POINT('',(0.,0.,35.));
#1576 = DIRECTION('',(0.,0.,1.));
#1577 = DIRECTION('',(1.,0.,0.));
#1578 = PCURVE('',#45,#1579);
#1579 = DEFINITIONAL_REPRESENTATION('',(#1580),#1584);
#1580 = CIRCLE('',#1581,6.);
#1581 = AXIS2_PLACEMENT_2D('',#1582,#1583);
#1582 = CARTESIAN_POINT('',(7.29301404021E-16,-1.169780044473E-16));
#1583 = DIRECTION('',(1.,0.));
#1584 = ( GEOMETRIC_REPRESENTATION_CONTEXT(2) 
PARAMETRIC_REPRESENTATION_CONTEXT() REPRESENTATION_CONTEXT('2D SPACE',''
  ) );
#1585 = PCURVE('',#1586,#1591);
#1586 = CYLINDRICAL_SURFACE('',#1587,6.);
#1587 = AXIS2_PLACEMENT_3D('',#1588,#1589,#1590);
#1588 = CARTESIAN_POINT('',(0.,0.,0.));
#1589 = DIRECTION('',(-0.,-0.,-1.));
#1590 = DIRECTION('',(1.,0.,0.));
#1591 = DEFINITIONAL_REPRESENTATION('',(#1592),#1596);
#1592 = LINE('',#1593,#1594);
#1593 = CARTESIAN_POINT('',(-0.,-35.));
#1594 = VECTOR('',#1595,1.);
#1595 = DIRECTION('',(-1.,0.));
#1596 = ( GEOMETRIC_REPRESENTATION_CONTEXT(2) 
PARAMETRIC_REPRESENTATION_CONTEXT() REPRESENTATION_CONTEXT('2D SPACE',''
  ) );
#1597 = ORIENTED_EDGE('',*,*,#1598,.F.);
#1598 = EDGE_CURVE('',#1205,#779,#1599,.T.);
#1599 = SURFACE_CURVE('',#1600,(#1605,#1612),.PCURVE_S1.);
#1600 = CIRCLE('',#1601,6.);
#1601 = AXIS2_PLACEMENT_3D('',#1602,#1603,#1604);
#1602 = CARTESIAN_POINT('',(0.,0.,35.));
#1603 = DIRECTION('',(0.,0.,1.));
#1604 = DIRECTION('',(1.,0.,0.));
#1605 = PCURVE('',#45,#1606);
#1606 = DEFINITIONAL_REPRESENTATION('',(#1607),#1611);
#1607 = CIRCLE('',#1608,6.);
#1608 = AXIS2_PLACEMENT_2D('',#1609,#1610);
#1609 = CARTESIAN_POINT('',(7.29301404021E-16,-1.169780044473E-16));
#1610 = DIRECTION('',(1.,0.));
#1611 = ( GEOMETRIC_REPRESENTATION_CONTEXT(2) 
PARAMETRIC_REPRESENTATION_CONTEXT() REPRESENTATION_CONTEXT('2D SPACE',''
  ) );
#1612 = PCURVE('',#1613,#1618);
#1613 = CYLINDRICAL_SURFACE('',#1614,6.);
#1614 = AXIS2_PLACEMENT_3D('',#1615,#1616,#1617);
#1615 = CARTESIAN_POINT('',(0.,0.,0.));
#1616 = DIRECTION('',(-0.,-0.,-1.));
#1617 = DIRECTION('',(1.,0.,0.));
#1618 = DEFINITIONAL_REPRESENTATION('',(#1619),#1623);
#1619 = LINE('',#1620,#1621);
#1620 = CARTESIAN_POINT('',(-0.,-35.));
#1621 = VECTOR('',#1622,1.);
#1622 = DIRECTION('',(-1.,0.));
#1623 = ( GEOMETRIC_REPRESENTATION_CONTEXT(2) 
PARAMETRIC_REPRESENTATION_CONTEXT() REPRESENTATION_CONTEXT('2D SPACE',''
  ) );
#1624 = ORIENTED_EDGE('',*,*,#1625,.F.);
#1625 = EDGE_CURVE('',#1347,#1205,#1626,.T.);
#1626 = SURFACE_CURVE('',#1627,(#1632,#1639),.PCURVE_S1.);
#1627 = CIRCLE('',#1628,6.);
#1628 = AXIS2_PLACEMENT_3D('',#1629,#1630,#1631);
#1629 = CARTESIAN_POINT('',(0.,0.,35.));
#1630 = DIRECTION('',(0.,0.,1.));
#1631 = DIRECTION('',(1.,0.,0.));
#1632 = PCURVE('',#45,#1633);
#1633 = DEFINITIONAL_REPRESENTATION('',(#1634),#1638);
#1634 = CIRCLE('',#1635,6.);
#1635 = AXIS2_PLACEMENT_2D('',#1636,#1637);
#1636 = CARTESIAN_POINT('',(7.29301404021E-16,-1.169780044473E-16));
#1637 = DIRECTION('',(1.,0.));
#1638 = ( GEOMETRIC_REPRESENTATION_CONTEXT(2) 
PARAMETRIC_REPRESENTATION_CONTEXT() REPRESENTATION_CONTEXT('2D SPACE',''
  ) );
#1639 = PCURVE('',#1640,#1645);
#1640 = CYLINDRICAL_SURFACE('',#1641,6.);
#1641 = AXIS2_PLACEMENT_3D('',#1642,#1643,#1644);
#1642 = CARTESIAN_POINT('',(0.,0.,0.));
#1643 = DIRECTION('',(-0.,-0.,-1.));
#1644 = DIRECTION('',(1.,0.,0.));
#1645 = DEFINITIONAL_REPRESENTATION('',(#1646),#1650);
#1646 = LINE('',#1647,#1648);
#1647 = CARTESIAN_POINT('',(-0.,-35.));
#1648 = VECTOR('',#1649,1.);
#1649 = DIRECTION('',(-1.,0.));
#1650 = ( GEOMETRIC_REPRESENTATION_CONTEXT(2) 
PARAMETRIC_REPRESENTATION_CONTEXT() REPRESENTATION_CONTEXT('2D SPACE',''
  ) );
#1651 = ORIENTED_EDGE('',*,*,#1652,.F.);
#1652 = EDGE_CURVE('',#1653,#1347,#1655,.T.);
#1653 = VERTEX_POINT('',#1654);
#1654 = CARTESIAN_POINT('',(-2.314643370682E-13,6.,35.));
#1655 = SURFACE_CURVE('',#1656,(#1661,#1668),.PCURVE_S1.);
#1656 = CIRCLE('',#1657,6.);
#1657 = AXIS2_PLACEMENT_3D('',#1658,#1659,#1660);
#1658 = CARTESIAN_POINT('',(0.,0.,35.));
#1659 = DIRECTION('',(0.,0.,1.));
#1660 = DIRECTION('',(1.,0.,0.));
#1661 = PCURVE('',#45,#1662);
#1662 = DEFINITIONAL_REPRESENTATION('',(#1663),#1667);
#1663 = CIRCLE('',#1664,6.);
#1664 = AXIS2_PLACEMENT_2D('',#1665,#1666);
#1665 = CARTESIAN_POINT('',(7.29301404021E-16,-1.169780044473E-16));
#1666 = DIRECTION('',(1.,0.));
#1667 = ( GEOMETRIC_REPRESENTATION_CONTEXT(2) 
PARAMETRIC_REPRESENTATION_CONTEXT() REPRESENTATION_CONTEXT('2D SPACE',''
  ) );
#1668 = PCURVE('',#1669,#1674);
#1669 = CYLINDRICAL_SURFACE('',#1670,6.);
#1670 = AXIS2_PLACEMENT_3D('',#1671,#1672,#1673);
#1671 = CARTESIAN_POINT('',(0.,0.,0.));
#1672 = DIRECTION('',(-0.,-0.,-1.));
#1673 = DIRECTION('',(1.,0.,0.));
#1674 = DEFINITIONAL_REPRESENTATION('',(#1675),#1679);
#1675 = LINE('',#1676,#1677);
#1676 = CARTESIAN_POINT('',(-0.,-35.));
#1677 = VECTOR('',#1678,1.);
#1678 = DIRECTION('',(-1.,0.));
#1679 = ( GEOMETRIC_REPRESENTATION_CONTEXT(2) 
PARAMETRIC_REPRESENTATION_CONTEXT() REPRESENTATION_CONTEXT('2D SPACE',''
  ) );
#1680 = ORIENTED_EDGE('',*,*,#1681,.F.);
#1681 = EDGE_CURVE('',#1489,#1653,#1682,.T.);
#1682 = SURFACE_CURVE('',#1683,(#1688,#1695),.PCURVE_S1.);
#1683 = CIRCLE('',#1684,6.);
#1684 = AXIS2_PLACEMENT_3D('',#1685,#1686,#1687);
#1685 = CARTESIAN_POINT('',(0.,0.,35.));
#1686 = DIRECTION('',(0.,0.,1.));
#1687 = DIRECTION('',(1.,0.,0.));
#1688 = PCURVE('',#45,#1689);
#1689 = DEFINITIONAL_REPRESENTATION('',(#1690),#1694);
#1690 = CIRCLE('',#1691,6.);
#1691 = AXIS2_PLACEMENT_2D('',#1692,#1693);
#1692 = CARTESIAN_POINT('',(7.29301404021E-16,-1.169780044473E-16));
#1693 = DIRECTION('',(1.,0.));
#1694 = ( GEOMETRIC_REPRESENTATION_CONTEXT(2) 
PARAMETRIC_REPRESENTATION_CONTEXT() REPRESENTATION_CONTEXT('2D SPACE',''
  ) );
#1695 = PCURVE('',#1696,#1701);
#1696 = CYLINDRICAL_SURFACE('',#1697,6.);
#1697 = AXIS2_PLACEMENT_3D('',#1698,#1699,#1700);
#1698 = CARTESIAN_POINT('',(0.,0.,0.));
#1699 = DIRECTION('',(-0.,-0.,-1.));
#1700 = DIRECTION('',(1.,0.,0.));
#1701 = DEFINITIONAL_REPRESENTATION('',(#1702),#1706);
#1702 = LINE('',#1703,#1704);
#1703 = CARTESIAN_POINT('',(-0.,-35.));
#1704 = VECTOR('',#1705,1.);
#1705 = DIRECTION('',(-1.,0.));
#1706 = ( GEOMETRIC_REPRESENTATION_CONTEXT(2) 
PARAMETRIC_REPRESENTATION_CONTEXT() REPRESENTATION_CONTEXT('2D SPACE',''
  ) );
#1707 = FACE_BOUND('',#1708,.T.);
#1708 = EDGE_LOOP('',(#1709,#1737,#1765,#1793,#1821));
#1709 = ORIENTED_EDGE('',*,*,#1710,.T.);
#1710 = EDGE_CURVE('',#1711,#1487,#1713,.T.);
#1711 = VERTEX_POINT('',#1712);
#1712 = CARTESIAN_POINT('',(6.,-0.75,35.));
#1713 = SURFACE_CURVE('',#1714,(#1718,#1725),.PCURVE_S1.);
#1714 = LINE('',#1715,#1716);
#1715 = CARTESIAN_POINT('',(6.,-0.75,35.));
#1716 = VECTOR('',#1717,1.);
#1717 = DIRECTION('',(0.,1.,0.));
#1718 = PCURVE('',#45,#1719);
#1719 = DEFINITIONAL_REPRESENTATION('',(#1720),#1724);
#1720 = LINE('',#1721,#1722);
#1721 = CARTESIAN_POINT('',(6.,-0.75));
#1722 = VECTOR('',#1723,1.);
#1723 = DIRECTION('',(0.,1.));
#1724 = ( GEOMETRIC_REPRESENTATION_CONTEXT(2) 
PARAMETRIC_REPRESENTATION_CONTEXT() REPRESENTATION_CONTEXT('2D SPACE',''
  ) );
#1725 = PCURVE('',#1726,#1731);
#1726 = PLANE('',#1727);
#1727 = AXIS2_PLACEMENT_3D('',#1728,#1729,#1730);
#1728 = CARTESIAN_POINT('',(6.,-0.75,0.));
#1729 = DIRECTION('',(1.,0.,0.));
#1730 = DIRECTION('',(0.,0.,1.));
#1731 = DEFINITIONAL_REPRESENTATION('',(#1732),#1736);
#1732 = LINE('',#1733,#1734);
#1733 = CARTESIAN_POINT('',(35.,0.));
#1734 = VECTOR('',#1735,1.);
#1735 = DIRECTION('',(0.,-1.));
#1736 = ( GEOMETRIC_REPRESENTATION_CONTEXT(2) 
PARAMETRIC_REPRESENTATION_CONTEXT() REPRESENTATION_CONTEXT('2D SPACE',''
  ) );
#1737 = ORIENTED_EDGE('',*,*,#1738,.T.);
#1738 = EDGE_CURVE('',#1487,#1739,#1741,.T.);
#1739 = VERTEX_POINT('',#1740);
#1740 = CARTESIAN_POINT('',(6.,0.75,35.));
#1741 = SURFACE_CURVE('',#1742,(#1746,#1753),.PCURVE_S1.);
#1742 = LINE('',#1743,#1744);
#1743 = CARTESIAN_POINT('',(6.,-0.75,35.));
#1744 = VECTOR('',#1745,1.);
#1745 = DIRECTION('',(0.,1.,0.));
#1746 = PCURVE('',#45,#1747);
#1747 = DEFINITIONAL_REPRESENTATION('',(#1748),#1752);
#1748 = LINE('',#1749,#1750);
#1749 = CARTESIAN_POINT('',(6.,-0.75));
#1750 = VECTOR('',#1751,1.);
#1751 = DIRECTION('',(0.,1.));
#1752 = ( GEOMETRIC_REPRESENTATION_CONTEXT(2) 
PARAMETRIC_REPRESENTATION_CONTEXT() REPRESENTATION_CONTEXT('2D SPACE',''
  ) );
#1753 = PCURVE('',#1754,#1759);
#1754 = PLANE('',#1755);
#1755 = AXIS2_PLACEMENT_3D('',#1756,#1757,#1758);
#1756 = CARTESIAN_POINT('',(6.,-0.75,0.));
#1757 = DIRECTION('',(1.,0.,0.));
#1758 = DIRECTION('',(0.,0.,1.));
#1759 = DEFINITIONAL_REPRESENTATION('',(#1760),#1764);
#1760 = LINE('',#1761,#1762);
#1761 = CARTESIAN_POINT('',(35.,0.));
#1762 = VECTOR('',#1763,1.);
#1763 = DIRECTION('',(0.,-1.));
#1764 = ( GEOMETRIC_REPRESENTATION_CONTEXT(2) 
PARAMETRIC_REPRESENTATION_CONTEXT() REPRESENTATION_CONTEXT('2D SPACE',''
  ) );
#1765 = ORIENTED_EDGE('',*,*,#1766,.T.);
#1766 = EDGE_CURVE('',#1739,#1767,#1769,.T.);
#1767 = VERTEX_POINT('',#1768);
#1768 = CARTESIAN_POINT('',(9.,0.75,35.));
#1769 = SURFACE_CURVE('',#1770,(#1774,#1781),.PCURVE_S1.);
#1770 = LINE('',#1771,#1772);
#1771 = CARTESIAN_POINT('',(6.,0.75,35.));
#1772 = VECTOR('',#1773,1.);
#1773 = DIRECTION('',(1.,0.,0.));
#1774 = PCURVE('',#45,#1775);
#1775 = DEFINITIONAL_REPRESENTATION('',(#1776),#1780);
#1776 = LINE('',#1777,#1778);
#1777 = CARTESIAN_POINT('',(6.,0.75));
#1778 = VECTOR('',#1779,1.);
#1779 = DIRECTION('',(1.,0.));
#1780 = ( GEOMETRIC_REPRESENTATION_CONTEXT(2) 
PARAMETRIC_REPRESENTATION_CONTEXT() REPRESENTATION_CONTEXT('2D SPACE',''
  ) );
#1781 = PCURVE('',#1782,#1787);
#1782 = PLANE('',#1783);
#1783 = AXIS2_PLACEMENT_3D('',#1784,#1785,#1786);
#1784 = CARTESIAN_POINT('',(6.,0.75,0.));
#1785 = DIRECTION('',(0.,1.,0.));
#1786 = DIRECTION('',(0.,0.,1.));
#1787 = DEFINITIONAL_REPRESENTATION('',(#1788),#1792);
#1788 = LINE('',#1789,#1790);
#1789 = CARTESIAN_POINT('',(35.,0.));
#1790 = VECTOR('',#1791,1.);
#1791 = DIRECTION('',(0.,1.));
#1792 = ( GEOMETRIC_REPRESENTATION_CONTEXT(2) 
PARAMETRIC_REPRESENTATION_CONTEXT() REPRESENTATION_CONTEXT('2D SPACE',''
  ) );
#1793 = ORIENTED_EDGE('',*,*,#1794,.F.);
#1794 = EDGE_CURVE('',#1795,#1767,#1797,.T.);
#1795 = VERTEX_POINT('',#1796);
#1796 = CARTESIAN_POINT('',(9.,-0.75,35.));
#1797 = SURFACE_CURVE('',#1798,(#1802,#1809),.PCURVE_S1.);
#1798 = LINE('',#1799,#1800);
#1799 = CARTESIAN_POINT('',(9.,-0.75,35.));
#1800 = VECTOR('',#1801,1.);
#1801 = DIRECTION('',(0.,1.,0.));
#1802 = PCURVE('',#45,#1803);
#1803 = DEFINITIONAL_REPRESENTATION('',(#1804),#1808);
#1804 = LINE('',#1805,#1806);
#1805 = CARTESIAN_POINT('',(9.,-0.75));
#1806 = VECTOR('',#1807,1.);
#1807 = DIRECTION('',(0.,1.));
#1808 = ( GEOMETRIC_REPRESENTATION_CONTEXT(2) 
PARAMETRIC_REPRESENTATION_CONTEXT() REPRESENTATION_CONTEXT('2D SPACE',''
  ) );
#1809 = PCURVE('',#1810,#1815);
#1810 = PLANE('',#1811);
#1811 = AXIS2_PLACEMENT_3D('',#1812,#1813,#1814);
#1812 = CARTESIAN_POINT('',(9.,-0.75,0.));
#1813 = DIRECTION('',(1.,0.,0.));
#1814 = DIRECTION('',(0.,0.,1.));
#1815 = DEFINITIONAL_REPRESENTATION('',(#1816),#1820);
#1816 = LINE('',#1817,#1818);
#1817 = CARTESIAN_POINT('',(35.,0.));
#1818 = VECTOR('',#1819,1.);
#1819 = DIRECTION('',(0.,-1.));
#1820 = ( GEOMETRIC_REPRESENTATION_CONTEXT(2) 
PARAMETRIC_REPRESENTATION_CONTEXT() REPRESENTATION_CONTEXT('2D SPACE',''
  ) );
#1821 = ORIENTED_EDGE('',*,*,#1822,.F.);
#1822 = EDGE_CURVE('',#1711,#1795,#1823,.T.);
#1823 = SURFACE_CURVE('',#1824,(#1828,#1835),.PCURVE_S1.);
#1824 = LINE('',#1825,#1826);
#1825 = CARTESIAN_POINT('',(6.,-0.75,35.));
#1826 = VECTOR('',#1827,1.);
#1827 = DIRECTION('',(1.,0.,0.));
#1828 = PCURVE('',#45,#1829);
#1829 = DEFINITIONAL_REPRESENTATION('',(#1830),#1834);
#1830 = LINE('',#1831,#1832);
#1831 = CARTESIAN_POINT('',(6.,-0.75));
#1832 = VECTOR('',#1833,1.);
#1833 = DIRECTION('',(1.,0.));
#1834 = ( GEOMETRIC_REPRESENTATION_CONTEXT(2) 
PARAMETRIC_REPRESENTATION_CONTEXT() REPRESENTATION_CONTEXT('2D SPACE',''
  ) );
#1835 = PCURVE('',#1836,#1841);
#1836 = PLANE('',#1837);
#1837 = AXIS2_PLACEMENT_3D('',#1838,#1839,#1840);
#1838 = CARTESIAN_POINT('',(6.,-0.75,0.));
#1839 = DIRECTION('',(0.,1.,0.));
#1840 = DIRECTION('',(0.,0.,1.));
#1841 = DEFINITIONAL_REPRESENTATION('',(#1842),#1846);
#1842 = LINE('',#1843,#1844);
#1843 = CARTESIAN_POINT('',(35.,0.));
#1844 = VECTOR('',#1845,1.);
#1845 = DIRECTION('',(0.,1.));
#1846 = ( GEOMETRIC_REPRESENTATION_CONTEXT(2) 
PARAMETRIC_REPRESENTATION_CONTEXT() REPRESENTATION_CONTEXT('2D SPACE',''
  ) );
#1847 = FACE_BOUND('',#1848,.T.);
#1848 = EDGE_LOOP('',(#1849,#1877,#1905,#1933,#1961));
#1849 = ORIENTED_EDGE('',*,*,#1850,.T.);
#1850 = EDGE_CURVE('',#1851,#1653,#1853,.T.);
#1851 = VERTEX_POINT('',#1852);
#1852 = CARTESIAN_POINT('',(0.75,6.,35.));
#1853 = SURFACE_CURVE('',#1854,(#1858,#1865),.PCURVE_S1.);
#1854 = LINE('',#1855,#1856);
#1855 = CARTESIAN_POINT('',(0.75,6.,35.));
#1856 = VECTOR('',#1857,1.);
#1857 = DIRECTION('',(-1.,1.110223024625E-16,0.));
#1858 = PCURVE('',#45,#1859);
#1859 = DEFINITIONAL_REPRESENTATION('',(#1860),#1864);
#1860 = LINE('',#1861,#1862);
#1861 = CARTESIAN_POINT('',(0.75,6.));
#1862 = VECTOR('',#1863,1.);
#1863 = DIRECTION('',(-1.,1.110223024625E-16));
#1864 = ( GEOMETRIC_REPRESENTATION_CONTEXT(2) 
PARAMETRIC_REPRESENTATION_CONTEXT() REPRESENTATION_CONTEXT('2D SPACE',''
  ) );
#1865 = PCURVE('',#1866,#1871);
#1866 = PLANE('',#1867);
#1867 = AXIS2_PLACEMENT_3D('',#1868,#1869,#1870);
#1868 = CARTESIAN_POINT('',(0.75,6.,0.));
#1869 = DIRECTION('',(1.110223024625E-16,1.,0.));
#1870 = DIRECTION('',(0.,0.,1.));
#1871 = DEFINITIONAL_REPRESENTATION('',(#1872),#1876);
#1872 = LINE('',#1873,#1874);
#1873 = CARTESIAN_POINT('',(35.,0.));
#1874 = VECTOR('',#1875,1.);
#1875 = DIRECTION('',(0.,-1.));
#1876 = ( GEOMETRIC_REPRESENTATION_CONTEXT(2) 
PARAMETRIC_REPRESENTATION_CONTEXT() REPRESENTATION_CONTEXT('2D SPACE',''
  ) );
#1877 = ORIENTED_EDGE('',*,*,#1878,.T.);
#1878 = EDGE_CURVE('',#1653,#1879,#1881,.T.);
#1879 = VERTEX_POINT('',#1880);
#1880 = CARTESIAN_POINT('',(-0.75,6.,35.));
#1881 = SURFACE_CURVE('',#1882,(#1886,#1893),.PCURVE_S1.);
#1882 = LINE('',#1883,#1884);
#1883 = CARTESIAN_POINT('',(0.75,6.,35.));
#1884 = VECTOR('',#1885,1.);
#1885 = DIRECTION('',(-1.,1.110223024625E-16,0.));
#1886 = PCURVE('',#45,#1887);
#1887 = DEFINITIONAL_REPRESENTATION('',(#1888),#1892);
#1888 = LINE('',#1889,#1890);
#1889 = CARTESIAN_POINT('',(0.75,6.));
#1890 = VECTOR('',#1891,1.);
#1891 = DIRECTION('',(-1.,1.110223024625E-16));
#1892 = ( GEOMETRIC_REPRESENTATION_CONTEXT(2) 
PARAMETRIC_REPRESENTATION_CONTEXT() REPRESENTATION_CONTEXT('2D SPACE',''
  ) );
#1893 = PCURVE('',#1894,#1899);
#1894 = PLANE('',#1895);
#1895 = AXIS2_PLACEMENT_3D('',#1896,#1897,#1898);
#1896 = CARTESIAN_POINT('',(0.75,6.,0.));
#1897 = DIRECTION('',(1.110223024625E-16,1.,0.));
#1898 = DIRECTION('',(0.,0.,1.));
#1899 = DEFINITIONAL_REPRESENTATION('',(#1900),#1904);
#1900 = LINE('',#1901,#1902);
#1901 = CARTESIAN_POINT('',(35.,0.));
#1902 = VECTOR('',#1903,1.);
#1903 = DIRECTION('',(0.,-1.));
#1904 = ( GEOMETRIC_REPRESENTATION_CONTEXT(2) 
PARAMETRIC_REPRESENTATION_CONTEXT() REPRESENTATION_CONTEXT('2D SPACE',''
  ) );
#1905 = ORIENTED_EDGE('',*,*,#1906,.T.);
#1906 = EDGE_CURVE('',#1879,#1907,#1909,.T.);
#1907 = VERTEX_POINT('',#1908);
#1908 = CARTESIAN_POINT('',(-0.75,9.,35.));
#1909 = SURFACE_CURVE('',#1910,(#1914,#1921),.PCURVE_S1.);
#1910 = LINE('',#1911,#1912);
#1911 = CARTESIAN_POINT('',(-0.75,6.,35.));
#1912 = VECTOR('',#1913,1.);
#1913 = DIRECTION('',(1.110223024625E-16,1.,0.));
#1914 = PCURVE('',#45,#1915);
#1915 = DEFINITIONAL_REPRESENTATION('',(#1916),#1920);
#1916 = LINE('',#1917,#1918);
#1917 = CARTESIAN_POINT('',(-0.75,6.));
#1918 = VECTOR('',#1919,1.);
#1919 = DIRECTION('',(1.110223024625E-16,1.));
#1920 = ( GEOMETRIC_REPRESENTATION_CONTEXT(2) 
PARAMETRIC_REPRESENTATION_CONTEXT() REPRESENTATION_CONTEXT('2D SPACE',''
  ) );
#1921 = PCURVE('',#1922,#1927);
#1922 = PLANE('',#1923);
#1923 = AXIS2_PLACEMENT_3D('',#1924,#1925,#1926);
#1924 = CARTESIAN_POINT('',(-0.75,6.,0.));
#1925 = DIRECTION('',(-1.,1.110223024625E-16,0.));
#1926 = DIRECTION('',(0.,0.,1.));
#1927 = DEFINITIONAL_REPRESENTATION('',(#1928),#1932);
#1928 = LINE('',#1929,#1930);
#1929 = CARTESIAN_POINT('',(35.,0.));
#1930 = VECTOR('',#1931,1.);
#1931 = DIRECTION('',(0.,1.));
#1932 = ( GEOMETRIC_REPRESENTATION_CONTEXT(2) 
PARAMETRIC_REPRESENTATION_CONTEXT() REPRESENTATION_CONTEXT('2D SPACE',''
  ) );
#1933 = ORIENTED_EDGE('',*,*,#1934,.F.);
#1934 = EDGE_CURVE('',#1935,#1907,#1937,.T.);
#1935 = VERTEX_POINT('',#1936);
#1936 = CARTESIAN_POINT('',(0.75,9.,35.));
#1937 = SURFACE_CURVE('',#1938,(#1942,#1949),.PCURVE_S1.);
#1938 = LINE('',#1939,#1940);
#1939 = CARTESIAN_POINT('',(0.75,9.,35.));
#1940 = VECTOR('',#1941,1.);
#1941 = DIRECTION('',(-1.,1.110223024625E-16,0.));
#1942 = PCURVE('',#45,#1943);
#1943 = DEFINITIONAL_REPRESENTATION('',(#1944),#1948);
#1944 = LINE('',#1945,#1946);
#1945 = CARTESIAN_POINT('',(0.75,9.));
#1946 = VECTOR('',#1947,1.);
#1947 = DIRECTION('',(-1.,1.110223024625E-16));
#1948 = ( GEOMETRIC_REPRESENTATION_CONTEXT(2) 
PARAMETRIC_REPRESENTATION_CONTEXT() REPRESENTATION_CONTEXT('2D SPACE',''
  ) );
#1949 = PCURVE('',#1950,#1955);
#1950 = PLANE('',#1951);
#1951 = AXIS2_PLACEMENT_3D('',#1952,#1953,#1954);
#1952 = CARTESIAN_POINT('',(0.75,9.,0.));
#1953 = DIRECTION('',(1.110223024625E-16,1.,0.));
#1954 = DIRECTION('',(0.,0.,1.));
#1955 = DEFINITIONAL_REPRESENTATION('',(#1956),#1960);
#1956 = LINE('',#1957,#1958);
#1957 = CARTESIAN_POINT('',(35.,0.));
#1958 = VECTOR('',#1959,1.);
#1959 = DIRECTION('',(0.,-1.));
#1960 = ( GEOMETRIC_REPRESENTATION_CONTEXT(2) 
PARAMETRIC_REPRESENTATION_CONTEXT() REPRESENTATION_CONTEXT('2D SPACE',''
  ) );
#1961 = ORIENTED_EDGE('',*,*,#1962,.F.);
#1962 = EDGE_CURVE('',#1851,#1935,#1963,.T.);
#1963 = SURFACE_CURVE('',#1964,(#1968,#1975),.PCURVE_S1.);
#1964 = LINE('',#1965,#1966);
#1965 = CARTESIAN_POINT('',(0.75,6.,35.));
#1966 = VECTOR('',#1967,1.);
#1967 = DIRECTION('',(1.110223024625E-16,1.,0.));
#1968 = PCURVE('',#45,#1969);
#1969 = DEFINITIONAL_REPRESENTATION('',(#1970),#1974);
#1970 = LINE('',#1971,#1972);
#1971 = CARTESIAN_POINT('',(0.75,6.));
#1972 = VECTOR('',#1973,1.);
#1973 = DIRECTION('',(1.110223024625E-16,1.));
#1974 = ( GEOMETRIC_REPRESENTATION_CONTEXT(2) 
PARAMETRIC_REPRESENTATION_CONTEXT() REPRESENTATION_CONTEXT('2D SPACE',''
  ) );
#1975 = PCURVE('',#1976,#1981);
#1976 = PLANE('',#1977);
#1977 = AXIS2_PLACEMENT_3D('',#1978,#1979,#1980);
#1978 = CARTESIAN_POINT('',(0.75,6.,0.));
#1979 = DIRECTION('',(-1.,1.110223024625E-16,0.));
#1980 = DIRECTION('',(0.,0.,1.));
#1981 = DEFINITIONAL_REPRESENTATION('',(#1982),#1986);
#1982 = LINE('',#1983,#1984);
#1983 = CARTESIAN_POINT('',(35.,0.));
#1984 = VECTOR('',#1985,1.);
#1985 = DIRECTION('',(0.,1.));
#1986 = ( GEOMETRIC_REPRESENTATION_CONTEXT(2) 
PARAMETRIC_REPRESENTATION_CONTEXT() REPRESENTATION_CONTEXT('2D SPACE',''
  ) );
#1987 = FACE_BOUND('',#1988,.T.);
#1988 = EDGE_LOOP('',(#1989,#2017,#2045,#2073,#2101));
#1989 = ORIENTED_EDGE('',*,*,#1990,.T.);
#1990 = EDGE_CURVE('',#1991,#1489,#1993,.T.);
#1991 = VERTEX_POINT('',#1992);
#1992 = CARTESIAN_POINT('',(4.772970773009,3.712310601229,35.));
#1993 = SURFACE_CURVE('',#1994,(#1998,#2005),.PCURVE_S1.);
#1994 = LINE('',#1995,#1996);
#1995 = CARTESIAN_POINT('',(4.772970773009,3.712310601229,35.));
#1996 = VECTOR('',#1997,1.);
#1997 = DIRECTION('',(-0.707106781187,0.707106781187,0.));
#1998 = PCURVE('',#45,#1999);
#1999 = DEFINITIONAL_REPRESENTATION('',(#2000),#2004);
#2000 = LINE('',#2001,#2002);
#2001 = CARTESIAN_POINT('',(4.772970773009,3.712310601229));
#2002 = VECTOR('',#2003,1.);
#2003 = DIRECTION('',(-0.707106781187,0.707106781187));
#2004 = ( GEOMETRIC_REPRESENTATION_CONTEXT(2) 
PARAMETRIC_REPRESENTATION_CONTEXT() REPRESENTATION_CONTEXT('2D SPACE',''
  ) );
#2005 = PCURVE('',#2006,#2011);
#2006 = PLANE('',#2007);
#2007 = AXIS2_PLACEMENT_3D('',#2008,#2009,#2010);
#2008 = CARTESIAN_POINT('',(4.772970773009,3.712310601229,0.));
#2009 = DIRECTION('',(0.707106781187,0.707106781187,0.));
#2010 = DIRECTION('',(0.,0.,1.));
#2011 = DEFINITIONAL_REPRESENTATION('',(#2012),#2016);
#2012 = LINE('',#2013,#2014);
#2013 = CARTESIAN_POINT('',(35.,0.));
#2014 = VECTOR('',#2015,1.);
#2015 = DIRECTION('',(0.,-1.));
#2016 = ( GEOMETRIC_REPRESENTATION_CONTEXT(2) 
PARAMETRIC_REPRESENTATION_CONTEXT() REPRESENTATION_CONTEXT('2D SPACE',''
  ) );
#2017 = ORIENTED_EDGE('',*,*,#2018,.T.);
#2018 = EDGE_CURVE('',#1489,#2019,#2021,.T.);
#2019 = VERTEX_POINT('',#2020);
#2020 = CARTESIAN_POINT('',(3.712310601229,4.772970773009,35.));
#2021 = SURFACE_CURVE('',#2022,(#2026,#2033),.PCURVE_S1.);
#2022 = LINE('',#2023,#2024);
#2023 = CARTESIAN_POINT('',(4.772970773009,3.712310601229,35.));
#2024 = VECTOR('',#2025,1.);
#2025 = DIRECTION('',(-0.707106781187,0.707106781187,0.));
#2026 = PCURVE('',#45,#2027);
#2027 = DEFINITIONAL_REPRESENTATION('',(#2028),#2032);
#2028 = LINE('',#2029,#2030);
#2029 = CARTESIAN_POINT('',(4.772970773009,3.712310601229));
#2030 = VECTOR('',#2031,1.);
#2031 = DIRECTION('',(-0.707106781187,0.707106781187));
#2032 = ( GEOMETRIC_REPRESENTATION_CONTEXT(2) 
PARAMETRIC_REPRESENTATION_CONTEXT() REPRESENTATION_CONTEXT('2D SPACE',''
  ) );
#2033 = PCURVE('',#2034,#2039);
#2034 = PLANE('',#2035);
#2035 = AXIS2_PLACEMENT_3D('',#2036,#2037,#2038);
#2036 = CARTESIAN_POINT('',(4.772970773009,3.712310601229,0.));
#2037 = DIRECTION('',(0.707106781187,0.707106781187,0.));
#2038 = DIRECTION('',(0.,0.,1.));
#2039 = DEFINITIONAL_REPRESENTATION('',(#2040),#2044);
#2040 = LINE('',#2041,#2042);
#2041 = CARTESIAN_POINT('',(35.,0.));
#2042 = VECTOR('',#2043,1.);
#2043 = DIRECTION('',(0.,-1.));
#2044 = ( GEOMETRIC_REPRESENTATION_CONTEXT(2) 
PARAMETRIC_REPRESENTATION_CONTEXT() REPRESENTATION_CONTEXT('2D SPACE',''
  ) );
#2045 = ORIENTED_EDGE('',*,*,#2046,.T.);
#2046 = EDGE_CURVE('',#2019,#2047,#2049,.T.);
#2047 = VERTEX_POINT('',#2048);
#2048 = CARTESIAN_POINT('',(5.833630944789,6.894291116569,35.));
#2049 = SURFACE_CURVE('',#2050,(#2054,#2061),.PCURVE_S1.);
#2050 = LINE('',#2051,#2052);
#2051 = CARTESIAN_POINT('',(3.712310601229,4.772970773009,35.));
#2052 = VECTOR('',#2053,1.);
#2053 = DIRECTION('',(0.707106781187,0.707106781187,0.));
#2054 = PCURVE('',#45,#2055);
#2055 = DEFINITIONAL_REPRESENTATION('',(#2056),#2060);
#2056 = LINE('',#2057,#2058);
#2057 = CARTESIAN_POINT('',(3.712310601229,4.772970773009));
#2058 = VECTOR('',#2059,1.);
#2059 = DIRECTION('',(0.707106781187,0.707106781187));
#2060 = ( GEOMETRIC_REPRESENTATION_CONTEXT(2) 
PARAMETRIC_REPRESENTATION_CONTEXT() REPRESENTATION_CONTEXT('2D SPACE',''
  ) );
#2061 = PCURVE('',#2062,#2067);
#2062 = PLANE('',#2063);
#2063 = AXIS2_PLACEMENT_3D('',#2064,#2065,#2066);
#2064 = CARTESIAN_POINT('',(3.712310601229,4.772970773009,0.));
#2065 = DIRECTION('',(-0.707106781187,0.707106781187,0.));
#2066 = DIRECTION('',(0.,0.,1.));
#2067 = DEFINITIONAL_REPRESENTATION('',(#2068),#2072);
#2068 = LINE('',#2069,#2070);
#2069 = CARTESIAN_POINT('',(35.,0.));
#2070 = VECTOR('',#2071,1.);
#2071 = DIRECTION('',(0.,1.));
#2072 = ( GEOMETRIC_REPRESENTATION_CONTEXT(2) 
PARAMETRIC_REPRESENTATION_CONTEXT() REPRESENTATION_CONTEXT('2D SPACE',''
  ) );
#2073 = ORIENTED_EDGE('',*,*,#2074,.F.);
#2074 = EDGE_CURVE('',#2075,#2047,#2077,.T.);
#2075 = VERTEX_POINT('',#2076);
#2076 = CARTESIAN_POINT('',(6.894291116569,5.833630944789,35.));
#2077 = SURFACE_CURVE('',#2078,(#2082,#2089),.PCURVE_S1.);
#2078 = LINE('',#2079,#2080);
#2079 = CARTESIAN_POINT('',(6.894291116569,5.833630944789,35.));
#2080 = VECTOR('',#2081,1.);
#2081 = DIRECTION('',(-0.707106781187,0.707106781187,0.));
#2082 = PCURVE('',#45,#2083);
#2083 = DEFINITIONAL_REPRESENTATION('',(#2084),#2088);
#2084 = LINE('',#2085,#2086);
#2085 = CARTESIAN_POINT('',(6.894291116569,5.833630944789));
#2086 = VECTOR('',#2087,1.);
#2087 = DIRECTION('',(-0.707106781187,0.707106781187));
#2088 = ( GEOMETRIC_REPRESENTATION_CONTEXT(2) 
PARAMETRIC_REPRESENTATION_CONTEXT() REPRESENTATION_CONTEXT('2D SPACE',''
  ) );
#2089 = PCURVE('',#2090,#2095);
#2090 = PLANE('',#2091);
#2091 = AXIS2_PLACEMENT_3D('',#2092,#2093,#2094);
#2092 = CARTESIAN_POINT('',(6.894291116569,5.833630944789,0.));
#2093 = DIRECTION('',(0.707106781187,0.707106781187,0.));
#2094 = DIRECTION('',(0.,0.,1.));
#2095 = DEFINITIONAL_REPRESENTATION('',(#2096),#2100);
#2096 = LINE('',#2097,#2098);
#2097 = CARTESIAN_POINT('',(35.,0.));
#2098 = VECTOR('',#2099,1.);
#2099 = DIRECTION('',(0.,-1.));
#2100 = ( GEOMETRIC_REPRESENTATION_CONTEXT(2) 
PARAMETRIC_REPRESENTATION_CONTEXT() REPRESENTATION_CONTEXT('2D SPACE',''
  ) );
#2101 = ORIENTED_EDGE('',*,*,#2102,.F.);
#2102 = EDGE_CURVE('',#1991,#2075,#2103,.T.);
#2103 = SURFACE_CURVE('',#2104,(#2108,#2115),.PCURVE_S1.);
#2104 = LINE('',#2105,#2106);
#2105 = CARTESIAN_POINT('',(4.772970773009,3.712310601229,35.));
#2106 = VECTOR('',#2107,1.);
#2107 = DIRECTION('',(0.707106781187,0.707106781187,0.));
#2108 = PCURVE('',#45,#2109);
#2109 = DEFINITIONAL_REPRESENTATION('',(#2110),#2114);
#2110 = LINE('',#2111,#2112);
#2111 = CARTESIAN_POINT('',(4.772970773009,3.712310601229));
#2112 = VECTOR('',#2113,1.);
#2113 = DIRECTION('',(0.707106781187,0.707106781187));
#2114 = ( GEOMETRIC_REPRESENTATION_CONTEXT(2) 
PARAMETRIC_REPRESENTATION_CONTEXT() REPRESENTATION_CONTEXT('2D SPACE',''
  ) );
#2115 = PCURVE('',#2116,#2121);
#2116 = PLANE('',#2117);
#2117 = AXIS2_PLACEMENT_3D('',#2118,#2119,#2120);
#2118 = CARTESIAN_POINT('',(4.772970773009,3.712310601229,0.));
#2119 = DIRECTION('',(-0.707106781187,0.707106781187,0.));
#2120 = DIRECTION('',(0.,0.,1.));
#2121 = DEFINITIONAL_REPRESENTATION('',(#2122),#2126);
#2122 = LINE('',#2123,#2124);
#2123 = CARTESIAN_POINT('',(35.,0.));
#2124 = VECTOR('',#2125,1.);
#2125 = DIRECTION('',(0.,1.));
#2126 = ( GEOMETRIC_REPRESENTATION_CONTEXT(2) 
PARAMETRIC_REPRESENTATION_CONTEXT() REPRESENTATION_CONTEXT('2D SPACE',''
  ) );
#2127 = ADVANCED_FACE('',(#2128),#91,.T.);
#2128 = FACE_BOUND('',#2129,.T.);
#2129 = EDGE_LOOP('',(#2130,#2131,#2153));
#2130 = ORIENTED_EDGE('',*,*,#61,.F.);
#2131 = ORIENTED_EDGE('',*,*,#2132,.T.);
#2132 = EDGE_CURVE('',#62,#2133,#2135,.T.);
#2133 = VERTEX_POINT('',#2134);
#2134 = CARTESIAN_POINT('',(8.799038105677,12.240381056767,35.));
#2135 = SURFACE_CURVE('',#2136,(#2139,#2146),.PCURVE_S1.);
#2136 = B_SPLINE_CURVE_WITH_KNOTS('',1,(#2137,#2138),.UNSPECIFIED.,.F.,
  .F.,(2,2),(0.,1.),.PIECEWISE_BEZIER_KNOTS.);
#2137 = CARTESIAN_POINT('',(15.,-4.,0.));
#2138 = CARTESIAN_POINT('',(8.799038105677,12.240381056767,35.));
#2139 = PCURVE('',#91,#2140);
#2140 = DEFINITIONAL_REPRESENTATION('',(#2141),#2145);
#2141 = LINE('',#2142,#2143);
#2142 = CARTESIAN_POINT('',(8.,0.));
#2143 = VECTOR('',#2144,1.);
#2144 = DIRECTION('',(0.,1.));
#2145 = ( GEOMETRIC_REPRESENTATION_CONTEXT(2) 
PARAMETRIC_REPRESENTATION_CONTEXT() REPRESENTATION_CONTEXT('2D SPACE',''
  ) );
#2146 = PCURVE('',#193,#2147);
#2147 = DEFINITIONAL_REPRESENTATION('',(#2148),#2152);
#2148 = LINE('',#2149,#2150);
#2149 = CARTESIAN_POINT('',(0.,0.));
#2150 = VECTOR('',#2151,1.);
#2151 = DIRECTION('',(0.,1.));
#2152 = ( GEOMETRIC_REPRESENTATION_CONTEXT(2) 
PARAMETRIC_REPRESENTATION_CONTEXT() REPRESENTATION_CONTEXT('2D SPACE',''
  ) );
#2153 = ORIENTED_EDGE('',*,*,#2154,.F.);
#2154 = EDGE_CURVE('',#22,#2133,#2155,.T.);
#2155 = SURFACE_CURVE('',#2156,(#2160,#2166),.PCURVE_S1.);
#2156 = LINE('',#2157,#2158);
#2157 = CARTESIAN_POINT('',(6.200961894323,13.740381056767,35.));
#2158 = VECTOR('',#2159,1.);
#2159 = DIRECTION('',(0.866025403784,-0.5,0.));
#2160 = PCURVE('',#91,#2161);
#2161 = DEFINITIONAL_REPRESENTATION('',(#2162),#2165);
#2162 = B_SPLINE_CURVE_WITH_KNOTS('',1,(#2163,#2164),.UNSPECIFIED.,.F.,
  .F.,(2,2),(0.,3.),.PIECEWISE_BEZIER_KNOTS.);
#2163 = CARTESIAN_POINT('',(0.,1.));
#2164 = CARTESIAN_POINT('',(8.,1.));
#2165 = ( GEOMETRIC_REPRESENTATION_CONTEXT(2) 
PARAMETRIC_REPRESENTATION_CONTEXT() REPRESENTATION_CONTEXT('2D SPACE',''
  ) );
#2166 = PCURVE('',#2167,#2172);
#2167 = PLANE('',#2168);
#2168 = AXIS2_PLACEMENT_3D('',#2169,#2170,#2171);
#2169 = CARTESIAN_POINT('',(8.799038105677,12.240381056767,35.));
#2170 = DIRECTION('',(0.,0.,-1.));
#2171 = DIRECTION('',(0.411345846662,0.911479343943,0.));
#2172 = DEFINITIONAL_REPRESENTATION('',(#2173),#2177);
#2173 = LINE('',#2174,#2175);
#2174 = CARTESIAN_POINT('',(0.298511157063,-2.98511157063));
#2175 = VECTOR('',#2176,1.);
#2176 = DIRECTION('',(-9.9503719021E-02,0.99503719021));
#2177 = ( GEOMETRIC_REPRESENTATION_CONTEXT(2) 
PARAMETRIC_REPRESENTATION_CONTEXT() REPRESENTATION_CONTEXT('2D SPACE',''
  ) );
#2178 = ADVANCED_FACE('',(#2179),#193,.T.);
#2179 = FACE_BOUND('',#2180,.T.);
#2180 = EDGE_LOOP('',(#2181,#2203,#2231,#2258,#2279,#2280));
#2181 = ORIENTED_EDGE('',*,*,#2182,.F.);
#2182 = EDGE_CURVE('',#2183,#111,#2185,.T.);
#2183 = VERTEX_POINT('',#2184);
#2184 = CARTESIAN_POINT('',(15.,-4.,0.));
#2185 = SURFACE_CURVE('',#2186,(#2189,#2196),.PCURVE_S1.);
#2186 = B_SPLINE_CURVE_WITH_KNOTS('',1,(#2187,#2188),.UNSPECIFIED.,.F.,
  .F.,(2,2),(0.,1.),.PIECEWISE_BEZIER_KNOTS.);
#2187 = CARTESIAN_POINT('',(15.,-4.,0.));
#2188 = CARTESIAN_POINT('',(8.799038105677,12.240381056767,35.));
#2189 = PCURVE('',#193,#2190);
#2190 = DEFINITIONAL_REPRESENTATION('',(#2191),#2195);
#2191 = LINE('',#2192,#2193);
#2192 = CARTESIAN_POINT('',(0.,0.));
#2193 = VECTOR('',#2194,1.);
#2194 = DIRECTION('',(0.,1.));
#2195 = ( GEOMETRIC_REPRESENTATION_CONTEXT(2) 
PARAMETRIC_REPRESENTATION_CONTEXT() REPRESENTATION_CONTEXT('2D SPACE',''
  ) );
#2196 = PCURVE('',#287,#2197);
#2197 = DEFINITIONAL_REPRESENTATION('',(#2198),#2202);
#2198 = LINE('',#2199,#2200);
#2199 = CARTESIAN_POINT('',(8.,0.));
#2200 = VECTOR('',#2201,1.);
#2201 = DIRECTION('',(0.,1.));
#2202 = ( GEOMETRIC_REPRESENTATION_CONTEXT(2) 
PARAMETRIC_REPRESENTATION_CONTEXT() REPRESENTATION_CONTEXT('2D SPACE',''
  ) );
#2203 = ORIENTED_EDGE('',*,*,#2204,.T.);
#2204 = EDGE_CURVE('',#2183,#2205,#2207,.T.);
#2205 = VERTEX_POINT('',#2206);
#2206 = CARTESIAN_POINT('',(45.,-4.,0.));
#2207 = SURFACE_CURVE('',#2208,(#2212,#2219),.PCURVE_S1.);
#2208 = LINE('',#2209,#2210);
#2209 = CARTESIAN_POINT('',(15.,-4.,0.));
#2210 = VECTOR('',#2211,1.);
#2211 = DIRECTION('',(1.,0.,0.));
#2212 = PCURVE('',#193,#2213);
#2213 = DEFINITIONAL_REPRESENTATION('',(#2214),#2218);
#2214 = LINE('',#2215,#2216);
#2215 = CARTESIAN_POINT('',(0.,0.));
#2216 = VECTOR('',#2217,1.);
#2217 = DIRECTION('',(1.,0.));
#2218 = ( GEOMETRIC_REPRESENTATION_CONTEXT(2) 
PARAMETRIC_REPRESENTATION_CONTEXT() REPRESENTATION_CONTEXT('2D SPACE',''
  ) );
#2219 = PCURVE('',#2220,#2225);
#2220 = PLANE('',#2221);
#2221 = AXIS2_PLACEMENT_3D('',#2222,#2223,#2224);
#2222 = CARTESIAN_POINT('',(15.,-4.,0.));
#2223 = DIRECTION('',(0.,0.,-1.));
#2224 = DIRECTION('',(0.966234939601,0.25766265056,0.));
#2225 = DEFINITIONAL_REPRESENTATION('',(#2226),#2230);
#2226 = LINE('',#2227,#2228);
#2227 = CARTESIAN_POINT('',(0.,0.));
#2228 = VECTOR('',#2229,1.);
#2229 = DIRECTION('',(0.966234939601,0.25766265056));
#2230 = ( GEOMETRIC_REPRESENTATION_CONTEXT(2) 
PARAMETRIC_REPRESENTATION_CONTEXT() REPRESENTATION_CONTEXT('2D SPACE',''
  ) );
#2231 = ORIENTED_EDGE('',*,*,#2232,.T.);
#2232 = EDGE_CURVE('',#2205,#2233,#2235,.T.);
#2233 = VERTEX_POINT('',#2234);
#2234 = CARTESIAN_POINT('',(23.799038105677,38.2211431703,35.));
#2235 = SURFACE_CURVE('',#2236,(#2239,#2246),.PCURVE_S1.);
#2236 = B_SPLINE_CURVE_WITH_KNOTS('',1,(#2237,#2238),.UNSPECIFIED.,.F.,
  .F.,(2,2),(0.,1.),.PIECEWISE_BEZIER_KNOTS.);
#2237 = CARTESIAN_POINT('',(45.,-4.,0.));
#2238 = CARTESIAN_POINT('',(23.799038105677,38.2211431703,35.));
#2239 = PCURVE('',#193,#2240);
#2240 = DEFINITIONAL_REPRESENTATION('',(#2241),#2245);
#2241 = LINE('',#2242,#2243);
#2242 = CARTESIAN_POINT('',(30.,0.));
#2243 = VECTOR('',#2244,1.);
#2244 = DIRECTION('',(0.,1.));
#2245 = ( GEOMETRIC_REPRESENTATION_CONTEXT(2) 
PARAMETRIC_REPRESENTATION_CONTEXT() REPRESENTATION_CONTEXT('2D SPACE',''
  ) );
#2246 = PCURVE('',#2247,#2252);
#2247 = B_SPLINE_SURFACE_WITH_KNOTS('',1,1,(
    (#2248,#2249)
    ,(#2250,#2251
    )),.UNSPECIFIED.,.F.,.F.,.F.,(2,2),(2,2),(0.,8.),(0.,1.),
  .PIECEWISE_BEZIER_KNOTS.);
#2248 = CARTESIAN_POINT('',(45.,-4.,0.));
#2249 = CARTESIAN_POINT('',(23.799038105677,38.2211431703,35.));
#2250 = CARTESIAN_POINT('',(45.,4.,0.));
#2251 = CARTESIAN_POINT('',(21.200961894323,39.7211431703,35.));
#2252 = DEFINITIONAL_REPRESENTATION('',(#2253),#2257);
#2253 = LINE('',#2254,#2255);
#2254 = CARTESIAN_POINT('',(0.,0.));
#2255 = VECTOR('',#2256,1.);
#2256 = DIRECTION('',(0.,1.));
#2257 = ( GEOMETRIC_REPRESENTATION_CONTEXT(2) 
PARAMETRIC_REPRESENTATION_CONTEXT() REPRESENTATION_CONTEXT('2D SPACE',''
  ) );
#2258 = ORIENTED_EDGE('',*,*,#2259,.F.);
#2259 = EDGE_CURVE('',#2133,#2233,#2260,.T.);
#2260 = SURFACE_CURVE('',#2261,(#2265,#2272),.PCURVE_S1.);
#2261 = LINE('',#2262,#2263);
#2262 = CARTESIAN_POINT('',(8.799038105677,12.240381056767,35.));
#2263 = VECTOR('',#2264,1.);
#2264 = DIRECTION('',(0.5,0.866025403784,0.));
#2265 = PCURVE('',#193,#2266);
#2266 = DEFINITIONAL_REPRESENTATION('',(#2267),#2271);
#2267 = LINE('',#2268,#2269);
#2268 = CARTESIAN_POINT('',(0.,1.));
#2269 = VECTOR('',#2270,1.);
#2270 = DIRECTION('',(1.,0.));
#2271 = ( GEOMETRIC_REPRESENTATION_CONTEXT(2) 
PARAMETRIC_REPRESENTATION_CONTEXT() REPRESENTATION_CONTEXT('2D SPACE',''
  ) );
#2272 = PCURVE('',#2167,#2273);
#2273 = DEFINITIONAL_REPRESENTATION('',(#2274),#2278);
#2274 = LINE('',#2275,#2276);
#2275 = CARTESIAN_POINT('',(0.,0.));
#2276 = VECTOR('',#2277,1.);
#2277 = DIRECTION('',(0.99503719021,9.9503719021E-02));
#2278 = ( GEOMETRIC_REPRESENTATION_CONTEXT(2) 
PARAMETRIC_REPRESENTATION_CONTEXT() REPRESENTATION_CONTEXT('2D SPACE',''
  ) );
#2279 = ORIENTED_EDGE('',*,*,#2132,.F.);
#2280 = ORIENTED_EDGE('',*,*,#110,.F.);
#2281 = ADVANCED_FACE('',(#2282),#287,.T.);
#2282 = FACE_BOUND('',#2283,.T.);
#2283 = EDGE_LOOP('',(#2284,#2285,#2306));
#2284 = ORIENTED_EDGE('',*,*,#249,.T.);
#2285 = ORIENTED_EDGE('',*,*,#2286,.T.);
#2286 = EDGE_CURVE('',#250,#2183,#2287,.T.);
#2287 = SURFACE_CURVE('',#2288,(#2292,#2299),.PCURVE_S1.);
#2288 = LINE('',#2289,#2290);
#2289 = CARTESIAN_POINT('',(15.,4.,0.));
#2290 = VECTOR('',#2291,1.);
#2291 = DIRECTION('',(0.,-1.,0.));
#2292 = PCURVE('',#287,#2293);
#2293 = DEFINITIONAL_REPRESENTATION('',(#2294),#2298);
#2294 = LINE('',#2295,#2296);
#2295 = CARTESIAN_POINT('',(0.,0.));
#2296 = VECTOR('',#2297,1.);
#2297 = DIRECTION('',(1.,0.));
#2298 = ( GEOMETRIC_REPRESENTATION_CONTEXT(2) 
PARAMETRIC_REPRESENTATION_CONTEXT() REPRESENTATION_CONTEXT('2D SPACE',''
  ) );
#2299 = PCURVE('',#2220,#2300);
#2300 = DEFINITIONAL_REPRESENTATION('',(#2301),#2305);
#2301 = LINE('',#2302,#2303);
#2302 = CARTESIAN_POINT('',(2.061301204483,-7.72987951681));
#2303 = VECTOR('',#2304,1.);
#2304 = DIRECTION('',(-0.25766265056,0.966234939601));
#2305 = ( GEOMETRIC_REPRESENTATION_CONTEXT(2) 
PARAMETRIC_REPRESENTATION_CONTEXT() REPRESENTATION_CONTEXT('2D SPACE',''
  ) );
#2306 = ORIENTED_EDGE('',*,*,#2182,.T.);
#2307 = ADVANCED_FACE('',(#2308,#2426,#2543,#2660,#2777,#2894,#3011,
    #3195,#3310,#3425),#326,.F.);
#2308 = FACE_BOUND('',#2309,.F.);
#2309 = EDGE_LOOP('',(#2310,#2334,#2358,#2381,#2404,#2425));
#2310 = ORIENTED_EDGE('',*,*,#2311,.T.);
#2311 = EDGE_CURVE('',#250,#2312,#2314,.T.);
#2312 = VERTEX_POINT('',#2313);
#2313 = CARTESIAN_POINT('',(7.500001374973,12.990380262926,0.));
#2314 = SURFACE_CURVE('',#2315,(#2320,#2327),.PCURVE_S1.);
#2315 = CIRCLE('',#2316,15.);
#2316 = AXIS2_PLACEMENT_3D('',#2317,#2318,#2319);
#2317 = CARTESIAN_POINT('',(0.,0.,0.));
#2318 = DIRECTION('',(0.,0.,1.));
#2319 = DIRECTION('',(1.,0.,0.));
#2320 = PCURVE('',#326,#2321);
#2321 = DEFINITIONAL_REPRESENTATION('',(#2322),#2326);
#2322 = CIRCLE('',#2323,15.);
#2323 = AXIS2_PLACEMENT_2D('',#2324,#2325);
#2324 = CARTESIAN_POINT('',(7.29301404021E-16,-1.169780044473E-16));
#2325 = DIRECTION('',(1.,0.));
#2326 = ( GEOMETRIC_REPRESENTATION_CONTEXT(2) 
PARAMETRIC_REPRESENTATION_CONTEXT() REPRESENTATION_CONTEXT('2D SPACE',''
  ) );
#2327 = PCURVE('',#636,#2328);
#2328 = DEFINITIONAL_REPRESENTATION('',(#2329),#2333);
#2329 = LINE('',#2330,#2331);
#2330 = CARTESIAN_POINT('',(-0.,0.));
#2331 = VECTOR('',#2332,1.);
#2332 = DIRECTION('',(-1.,0.));
#2333 = ( GEOMETRIC_REPRESENTATION_CONTEXT(2) 
PARAMETRIC_REPRESENTATION_CONTEXT() REPRESENTATION_CONTEXT('2D SPACE',''
  ) );
#2334 = ORIENTED_EDGE('',*,*,#2335,.T.);
#2335 = EDGE_CURVE('',#2312,#2336,#2338,.T.);
#2336 = VERTEX_POINT('',#2337);
#2337 = CARTESIAN_POINT('',(-7.500001226991,12.990380348363,0.));
#2338 = SURFACE_CURVE('',#2339,(#2344,#2351),.PCURVE_S1.);
#2339 = CIRCLE('',#2340,15.);
#2340 = AXIS2_PLACEMENT_3D('',#2341,#2342,#2343);
#2341 = CARTESIAN_POINT('',(0.,0.,0.));
#2342 = DIRECTION('',(0.,0.,1.));
#2343 = DIRECTION('',(1.,0.,0.));
#2344 = PCURVE('',#326,#2345);
#2345 = DEFINITIONAL_REPRESENTATION('',(#2346),#2350);
#2346 = CIRCLE('',#2347,15.);
#2347 = AXIS2_PLACEMENT_2D('',#2348,#2349);
#2348 = CARTESIAN_POINT('',(7.29301404021E-16,-1.169780044473E-16));
#2349 = DIRECTION('',(1.,0.));
#2350 = ( GEOMETRIC_REPRESENTATION_CONTEXT(2) 
PARAMETRIC_REPRESENTATION_CONTEXT() REPRESENTATION_CONTEXT('2D SPACE',''
  ) );
#2351 = PCURVE('',#665,#2352);
#2352 = DEFINITIONAL_REPRESENTATION('',(#2353),#2357);
#2353 = LINE('',#2354,#2355);
#2354 = CARTESIAN_POINT('',(-0.,0.));
#2355 = VECTOR('',#2356,1.);
#2356 = DIRECTION('',(-1.,0.));
#2357 = ( GEOMETRIC_REPRESENTATION_CONTEXT(2) 
PARAMETRIC_REPRESENTATION_CONTEXT() REPRESENTATION_CONTEXT('2D SPACE',''
  ) );
#2358 = ORIENTED_EDGE('',*,*,#2359,.T.);
#2359 = EDGE_CURVE('',#2336,#2360,#2362,.T.);
#2360 = VERTEX_POINT('',#2361);
#2361 = CARTESIAN_POINT('',(-15.,-1.31420099436E-13,0.));
#2362 = SURFACE_CURVE('',#2363,(#2368,#2375),.PCURVE_S1.);
#2363 = CIRCLE('',#2364,15.);
#2364 = AXIS2_PLACEMENT_3D('',#2365,#2366,#2367);
#2365 = CARTESIAN_POINT('',(0.,0.,0.));
#2366 = DIRECTION('',(0.,0.,1.));
#2367 = DIRECTION('',(1.,0.,0.));
#2368 = PCURVE('',#326,#2369);
#2369 = DEFINITIONAL_REPRESENTATION('',(#2370),#2374);
#2370 = CIRCLE('',#2371,15.);
#2371 = AXIS2_PLACEMENT_2D('',#2372,#2373);
#2372 = CARTESIAN_POINT('',(7.29301404021E-16,-1.169780044473E-16));
#2373 = DIRECTION('',(1.,0.));
#2374 = ( GEOMETRIC_REPRESENTATION_CONTEXT(2) 
PARAMETRIC_REPRESENTATION_CONTEXT() REPRESENTATION_CONTEXT('2D SPACE',''
  ) );
#2375 = PCURVE('',#698,#2376);
#2376 = DEFINITIONAL_REPRESENTATION('',(#2377),#2380);
#2377 = B_SPLINE_CURVE_WITH_KNOTS('',1,(#2378,#2379),.UNSPECIFIED.,.F.,
  .F.,(2,2),(2.094395196847,6.28318530718),.PIECEWISE_BEZIER_KNOTS.);
#2378 = CARTESIAN_POINT('',(-2.094395196847,0.));
#2379 = CARTESIAN_POINT('',(-6.28318530718,0.));
#2380 = ( GEOMETRIC_REPRESENTATION_CONTEXT(2) 
PARAMETRIC_REPRESENTATION_CONTEXT() REPRESENTATION_CONTEXT('2D SPACE',''
  ) );
#2381 = ORIENTED_EDGE('',*,*,#2382,.T.);
#2382 = EDGE_CURVE('',#2360,#2383,#2385,.T.);
#2383 = VERTEX_POINT('',#2384);
#2384 = CARTESIAN_POINT('',(-7.500001254975,-12.9903803322,0.));
#2385 = SURFACE_CURVE('',#2386,(#2391,#2398),.PCURVE_S1.);
#2386 = CIRCLE('',#2387,15.);
#2387 = AXIS2_PLACEMENT_3D('',#2388,#2389,#2390);
#2388 = CARTESIAN_POINT('',(0.,0.,0.));
#2389 = DIRECTION('',(0.,0.,1.));
#2390 = DIRECTION('',(1.,0.,0.));
#2391 = PCURVE('',#326,#2392);
#2392 = DEFINITIONAL_REPRESENTATION('',(#2393),#2397);
#2393 = CIRCLE('',#2394,15.);
#2394 = AXIS2_PLACEMENT_2D('',#2395,#2396);
#2395 = CARTESIAN_POINT('',(7.29301404021E-16,-1.169780044473E-16));
#2396 = DIRECTION('',(1.,0.));
#2397 = ( GEOMETRIC_REPRESENTATION_CONTEXT(2) 
PARAMETRIC_REPRESENTATION_CONTEXT() REPRESENTATION_CONTEXT('2D SPACE',''
  ) );
#2398 = PCURVE('',#731,#2399);
#2399 = DEFINITIONAL_REPRESENTATION('',(#2400),#2403);
#2400 = B_SPLINE_CURVE_WITH_KNOTS('',1,(#2401,#2402),.UNSPECIFIED.,.F.,
  .F.,(2,2),(2.094395196847,6.28318530718),.PIECEWISE_BEZIER_KNOTS.);
#2401 = CARTESIAN_POINT('',(-2.094395196847,0.));
#2402 = CARTESIAN_POINT('',(-6.28318530718,0.));
#2403 = ( GEOMETRIC_REPRESENTATION_CONTEXT(2) 
PARAMETRIC_REPRESENTATION_CONTEXT() REPRESENTATION_CONTEXT('2D SPACE',''
  ) );
#2404 = ORIENTED_EDGE('',*,*,#2405,.T.);
#2405 = EDGE_CURVE('',#2383,#311,#2406,.T.);
#2406 = SURFACE_CURVE('',#2407,(#2412,#2419),.PCURVE_S1.);
#2407 = CIRCLE('',#2408,15.);
#2408 = AXIS2_PLACEMENT_3D('',#2409,#2410,#2411);
#2409 = CARTESIAN_POINT('',(0.,0.,0.));
#2410 = DIRECTION('',(0.,0.,1.));
#2411 = DIRECTION('',(1.,0.,0.));
#2412 = PCURVE('',#326,#2413);
#2413 = DEFINITIONAL_REPRESENTATION('',(#2414),#2418);
#2414 = CIRCLE('',#2415,15.);
#2415 = AXIS2_PLACEMENT_2D('',#2416,#2417);
#2416 = CARTESIAN_POINT('',(7.29301404021E-16,-1.169780044473E-16));
#2417 = DIRECTION('',(1.,0.));
#2418 = ( GEOMETRIC_REPRESENTATION_CONTEXT(2) 
PARAMETRIC_REPRESENTATION_CONTEXT() REPRESENTATION_CONTEXT('2D SPACE',''
  ) );
#2419 = PCURVE('',#762,#2420);
#2420 = DEFINITIONAL_REPRESENTATION('',(#2421),#2424);
#2421 = B_SPLINE_CURVE_WITH_KNOTS('',1,(#2422,#2423),.UNSPECIFIED.,.F.,
  .F.,(2,2),(2.094395196847,6.28318530718),.PIECEWISE_BEZIER_KNOTS.);
#2422 = CARTESIAN_POINT('',(-2.094395196847,0.));
#2423 = CARTESIAN_POINT('',(-6.28318530718,0.));
#2424 = ( GEOMETRIC_REPRESENTATION_CONTEXT(2) 
PARAMETRIC_REPRESENTATION_CONTEXT() REPRESENTATION_CONTEXT('2D SPACE',''
  ) );
#2425 = ORIENTED_EDGE('',*,*,#310,.T.);
#2426 = FACE_BOUND('',#2427,.F.);
#2427 = EDGE_LOOP('',(#2428,#2453,#2476,#2499,#2522));
#2428 = ORIENTED_EDGE('',*,*,#2429,.T.);
#2429 = EDGE_CURVE('',#2430,#2432,#2434,.T.);
#2430 = VERTEX_POINT('',#2431);
#2431 = CARTESIAN_POINT('',(-4.772970773009,-3.712310601229,0.));
#2432 = VERTEX_POINT('',#2433);
#2433 = CARTESIAN_POINT('',(-4.242640687119,-4.242640687119,0.));
#2434 = SURFACE_CURVE('',#2435,(#2439,#2446),.PCURVE_S1.);
#2435 = LINE('',#2436,#2437);
#2436 = CARTESIAN_POINT('',(-4.772970773009,-3.712310601229,0.));
#2437 = VECTOR('',#2438,1.);
#2438 = DIRECTION('',(0.707106781187,-0.707106781187,0.));
#2439 = PCURVE('',#326,#2440);
#2440 = DEFINITIONAL_REPRESENTATION('',(#2441),#2445);
#2441 = LINE('',#2442,#2443);
#2442 = CARTESIAN_POINT('',(-4.772970773009,-3.712310601229));
#2443 = VECTOR('',#2444,1.);
#2444 = DIRECTION('',(0.707106781187,-0.707106781187));
#2445 = ( GEOMETRIC_REPRESENTATION_CONTEXT(2) 
PARAMETRIC_REPRESENTATION_CONTEXT() REPRESENTATION_CONTEXT('2D SPACE',''
  ) );
#2446 = PCURVE('',#794,#2447);
#2447 = DEFINITIONAL_REPRESENTATION('',(#2448),#2452);
#2448 = LINE('',#2449,#2450);
#2449 = CARTESIAN_POINT('',(0.,0.));
#2450 = VECTOR('',#2451,1.);
#2451 = DIRECTION('',(0.,-1.));
#2452 = ( GEOMETRIC_REPRESENTATION_CONTEXT(2) 
PARAMETRIC_REPRESENTATION_CONTEXT() REPRESENTATION_CONTEXT('2D SPACE',''
  ) );
#2453 = ORIENTED_EDGE('',*,*,#2454,.T.);
#2454 = EDGE_CURVE('',#2432,#2455,#2457,.T.);
#2455 = VERTEX_POINT('',#2456);
#2456 = CARTESIAN_POINT('',(-3.712310601229,-4.772970773009,0.));
#2457 = SURFACE_CURVE('',#2458,(#2462,#2469),.PCURVE_S1.);
#2458 = LINE('',#2459,#2460);
#2459 = CARTESIAN_POINT('',(-4.772970773009,-3.712310601229,0.));
#2460 = VECTOR('',#2461,1.);
#2461 = DIRECTION('',(0.707106781187,-0.707106781187,0.));
#2462 = PCURVE('',#326,#2463);
#2463 = DEFINITIONAL_REPRESENTATION('',(#2464),#2468);
#2464 = LINE('',#2465,#2466);
#2465 = CARTESIAN_POINT('',(-4.772970773009,-3.712310601229));
#2466 = VECTOR('',#2467,1.);
#2467 = DIRECTION('',(0.707106781187,-0.707106781187));
#2468 = ( GEOMETRIC_REPRESENTATION_CONTEXT(2) 
PARAMETRIC_REPRESENTATION_CONTEXT() REPRESENTATION_CONTEXT('2D SPACE',''
  ) );
#2469 = PCURVE('',#822,#2470);
#2470 = DEFINITIONAL_REPRESENTATION('',(#2471),#2475);
#2471 = LINE('',#2472,#2473);
#2472 = CARTESIAN_POINT('',(0.,0.));
#2473 = VECTOR('',#2474,1.);
#2474 = DIRECTION('',(0.,-1.));
#2475 = ( GEOMETRIC_REPRESENTATION_CONTEXT(2) 
PARAMETRIC_REPRESENTATION_CONTEXT() REPRESENTATION_CONTEXT('2D SPACE',''
  ) );
#2476 = ORIENTED_EDGE('',*,*,#2477,.T.);
#2477 = EDGE_CURVE('',#2455,#2478,#2480,.T.);
#2478 = VERTEX_POINT('',#2479);
#2479 = CARTESIAN_POINT('',(-5.833630944789,-6.894291116569,0.));
#2480 = SURFACE_CURVE('',#2481,(#2485,#2492),.PCURVE_S1.);
#2481 = LINE('',#2482,#2483);
#2482 = CARTESIAN_POINT('',(-3.712310601229,-4.772970773009,0.));
#2483 = VECTOR('',#2484,1.);
#2484 = DIRECTION('',(-0.707106781187,-0.707106781187,0.));
#2485 = PCURVE('',#326,#2486);
#2486 = DEFINITIONAL_REPRESENTATION('',(#2487),#2491);
#2487 = LINE('',#2488,#2489);
#2488 = CARTESIAN_POINT('',(-3.712310601229,-4.772970773009));
#2489 = VECTOR('',#2490,1.);
#2490 = DIRECTION('',(-0.707106781187,-0.707106781187));
#2491 = ( GEOMETRIC_REPRESENTATION_CONTEXT(2) 
PARAMETRIC_REPRESENTATION_CONTEXT() REPRESENTATION_CONTEXT('2D SPACE',''
  ) );
#2492 = PCURVE('',#850,#2493);
#2493 = DEFINITIONAL_REPRESENTATION('',(#2494),#2498);
#2494 = LINE('',#2495,#2496);
#2495 = CARTESIAN_POINT('',(0.,0.));
#2496 = VECTOR('',#2497,1.);
#2497 = DIRECTION('',(0.,1.));
#2498 = ( GEOMETRIC_REPRESENTATION_CONTEXT(2) 
PARAMETRIC_REPRESENTATION_CONTEXT() REPRESENTATION_CONTEXT('2D SPACE',''
  ) );
#2499 = ORIENTED_EDGE('',*,*,#2500,.F.);
#2500 = EDGE_CURVE('',#2501,#2478,#2503,.T.);
#2501 = VERTEX_POINT('',#2502);
#2502 = CARTESIAN_POINT('',(-6.894291116569,-5.833630944789,0.));
#2503 = SURFACE_CURVE('',#2504,(#2508,#2515),.PCURVE_S1.);
#2504 = LINE('',#2505,#2506);
#2505 = CARTESIAN_POINT('',(-6.894291116569,-5.833630944789,0.));
#2506 = VECTOR('',#2507,1.);
#2507 = DIRECTION('',(0.707106781187,-0.707106781187,0.));
#2508 = PCURVE('',#326,#2509);
#2509 = DEFINITIONAL_REPRESENTATION('',(#2510),#2514);
#2510 = LINE('',#2511,#2512);
#2511 = CARTESIAN_POINT('',(-6.894291116569,-5.833630944789));
#2512 = VECTOR('',#2513,1.);
#2513 = DIRECTION('',(0.707106781187,-0.707106781187));
#2514 = ( GEOMETRIC_REPRESENTATION_CONTEXT(2) 
PARAMETRIC_REPRESENTATION_CONTEXT() REPRESENTATION_CONTEXT('2D SPACE',''
  ) );
#2515 = PCURVE('',#878,#2516);
#2516 = DEFINITIONAL_REPRESENTATION('',(#2517),#2521);
#2517 = LINE('',#2518,#2519);
#2518 = CARTESIAN_POINT('',(0.,0.));
#2519 = VECTOR('',#2520,1.);
#2520 = DIRECTION('',(0.,-1.));
#2521 = ( GEOMETRIC_REPRESENTATION_CONTEXT(2) 
PARAMETRIC_REPRESENTATION_CONTEXT() REPRESENTATION_CONTEXT('2D SPACE',''
  ) );
#2522 = ORIENTED_EDGE('',*,*,#2523,.F.);
#2523 = EDGE_CURVE('',#2430,#2501,#2524,.T.);
#2524 = SURFACE_CURVE('',#2525,(#2529,#2536),.PCURVE_S1.);
#2525 = LINE('',#2526,#2527);
#2526 = CARTESIAN_POINT('',(-4.772970773009,-3.712310601229,0.));
#2527 = VECTOR('',#2528,1.);
#2528 = DIRECTION('',(-0.707106781187,-0.707106781187,0.));
#2529 = PCURVE('',#326,#2530);
#2530 = DEFINITIONAL_REPRESENTATION('',(#2531),#2535);
#2531 = LINE('',#2532,#2533);
#2532 = CARTESIAN_POINT('',(-4.772970773009,-3.712310601229));
#2533 = VECTOR('',#2534,1.);
#2534 = DIRECTION('',(-0.707106781187,-0.707106781187));
#2535 = ( GEOMETRIC_REPRESENTATION_CONTEXT(2) 
PARAMETRIC_REPRESENTATION_CONTEXT() REPRESENTATION_CONTEXT('2D SPACE',''
  ) );
#2536 = PCURVE('',#904,#2537);
#2537 = DEFINITIONAL_REPRESENTATION('',(#2538),#2542);
#2538 = LINE('',#2539,#2540);
#2539 = CARTESIAN_POINT('',(0.,0.));
#2540 = VECTOR('',#2541,1.);
#2541 = DIRECTION('',(0.,1.));
#2542 = ( GEOMETRIC_REPRESENTATION_CONTEXT(2) 
PARAMETRIC_REPRESENTATION_CONTEXT() REPRESENTATION_CONTEXT('2D SPACE',''
  ) );
#2543 = FACE_BOUND('',#2544,.F.);
#2544 = EDGE_LOOP('',(#2545,#2570,#2593,#2616,#2639));
#2545 = ORIENTED_EDGE('',*,*,#2546,.T.);
#2546 = EDGE_CURVE('',#2547,#2549,#2551,.T.);
#2547 = VERTEX_POINT('',#2548);
#2548 = CARTESIAN_POINT('',(-0.75,-6.,0.));
#2549 = VERTEX_POINT('',#2550);
#2550 = CARTESIAN_POINT('',(2.387019707471E-13,-6.,0.));
#2551 = SURFACE_CURVE('',#2552,(#2556,#2563),.PCURVE_S1.);
#2552 = LINE('',#2553,#2554);
#2553 = CARTESIAN_POINT('',(-0.75,-6.,0.));
#2554 = VECTOR('',#2555,1.);
#2555 = DIRECTION('',(1.,-2.22044604925E-16,0.));
#2556 = PCURVE('',#326,#2557);
#2557 = DEFINITIONAL_REPRESENTATION('',(#2558),#2562);
#2558 = LINE('',#2559,#2560);
#2559 = CARTESIAN_POINT('',(-0.75,-6.));
#2560 = VECTOR('',#2561,1.);
#2561 = DIRECTION('',(1.,-2.22044604925E-16));
#2562 = ( GEOMETRIC_REPRESENTATION_CONTEXT(2) 
PARAMETRIC_REPRESENTATION_CONTEXT() REPRESENTATION_CONTEXT('2D SPACE',''
  ) );
#2563 = PCURVE('',#936,#2564);
#2564 = DEFINITIONAL_REPRESENTATION('',(#2565),#2569);
#2565 = LINE('',#2566,#2567);
#2566 = CARTESIAN_POINT('',(0.,0.));
#2567 = VECTOR('',#2568,1.);
#2568 = DIRECTION('',(0.,-1.));
#2569 = ( GEOMETRIC_REPRESENTATION_CONTEXT(2) 
PARAMETRIC_REPRESENTATION_CONTEXT() REPRESENTATION_CONTEXT('2D SPACE',''
  ) );
#2570 = ORIENTED_EDGE('',*,*,#2571,.T.);
#2571 = EDGE_CURVE('',#2549,#2572,#2574,.T.);
#2572 = VERTEX_POINT('',#2573);
#2573 = CARTESIAN_POINT('',(0.75,-6.,0.));
#2574 = SURFACE_CURVE('',#2575,(#2579,#2586),.PCURVE_S1.);
#2575 = LINE('',#2576,#2577);
#2576 = CARTESIAN_POINT('',(-0.75,-6.,0.));
#2577 = VECTOR('',#2578,1.);
#2578 = DIRECTION('',(1.,-2.22044604925E-16,0.));
#2579 = PCURVE('',#326,#2580);
#2580 = DEFINITIONAL_REPRESENTATION('',(#2581),#2585);
#2581 = LINE('',#2582,#2583);
#2582 = CARTESIAN_POINT('',(-0.75,-6.));
#2583 = VECTOR('',#2584,1.);
#2584 = DIRECTION('',(1.,-2.22044604925E-16));
#2585 = ( GEOMETRIC_REPRESENTATION_CONTEXT(2) 
PARAMETRIC_REPRESENTATION_CONTEXT() REPRESENTATION_CONTEXT('2D SPACE',''
  ) );
#2586 = PCURVE('',#964,#2587);
#2587 = DEFINITIONAL_REPRESENTATION('',(#2588),#2592);
#2588 = LINE('',#2589,#2590);
#2589 = CARTESIAN_POINT('',(0.,0.));
#2590 = VECTOR('',#2591,1.);
#2591 = DIRECTION('',(0.,-1.));
#2592 = ( GEOMETRIC_REPRESENTATION_CONTEXT(2) 
PARAMETRIC_REPRESENTATION_CONTEXT() REPRESENTATION_CONTEXT('2D SPACE',''
  ) );
#2593 = ORIENTED_EDGE('',*,*,#2594,.T.);
#2594 = EDGE_CURVE('',#2572,#2595,#2597,.T.);
#2595 = VERTEX_POINT('',#2596);
#2596 = CARTESIAN_POINT('',(0.75,-9.,0.));
#2597 = SURFACE_CURVE('',#2598,(#2602,#2609),.PCURVE_S1.);
#2598 = LINE('',#2599,#2600);
#2599 = CARTESIAN_POINT('',(0.75,-6.,0.));
#2600 = VECTOR('',#2601,1.);
#2601 = DIRECTION('',(-2.22044604925E-16,-1.,0.));
#2602 = PCURVE('',#326,#2603);
#2603 = DEFINITIONAL_REPRESENTATION('',(#2604),#2608);
#2604 = LINE('',#2605,#2606);
#2605 = CARTESIAN_POINT('',(0.75,-6.));
#2606 = VECTOR('',#2607,1.);
#2607 = DIRECTION('',(-2.22044604925E-16,-1.));
#2608 = ( GEOMETRIC_REPRESENTATION_CONTEXT(2) 
PARAMETRIC_REPRESENTATION_CONTEXT() REPRESENTATION_CONTEXT('2D SPACE',''
  ) );
#2609 = PCURVE('',#992,#2610);
#2610 = DEFINITIONAL_REPRESENTATION('',(#2611),#2615);
#2611 = LINE('',#2612,#2613);
#2612 = CARTESIAN_POINT('',(0.,0.));
#2613 = VECTOR('',#2614,1.);
#2614 = DIRECTION('',(0.,1.));
#2615 = ( GEOMETRIC_REPRESENTATION_CONTEXT(2) 
PARAMETRIC_REPRESENTATION_CONTEXT() REPRESENTATION_CONTEXT('2D SPACE',''
  ) );
#2616 = ORIENTED_EDGE('',*,*,#2617,.F.);
#2617 = EDGE_CURVE('',#2618,#2595,#2620,.T.);
#2618 = VERTEX_POINT('',#2619);
#2619 = CARTESIAN_POINT('',(-0.75,-9.,0.));
#2620 = SURFACE_CURVE('',#2621,(#2625,#2632),.PCURVE_S1.);
#2621 = LINE('',#2622,#2623);
#2622 = CARTESIAN_POINT('',(-0.75,-9.,0.));
#2623 = VECTOR('',#2624,1.);
#2624 = DIRECTION('',(1.,-2.22044604925E-16,0.));
#2625 = PCURVE('',#326,#2626);
#2626 = DEFINITIONAL_REPRESENTATION('',(#2627),#2631);
#2627 = LINE('',#2628,#2629);
#2628 = CARTESIAN_POINT('',(-0.75,-9.));
#2629 = VECTOR('',#2630,1.);
#2630 = DIRECTION('',(1.,-2.22044604925E-16));
#2631 = ( GEOMETRIC_REPRESENTATION_CONTEXT(2) 
PARAMETRIC_REPRESENTATION_CONTEXT() REPRESENTATION_CONTEXT('2D SPACE',''
  ) );
#2632 = PCURVE('',#1020,#2633);
#2633 = DEFINITIONAL_REPRESENTATION('',(#2634),#2638);
#2634 = LINE('',#2635,#2636);
#2635 = CARTESIAN_POINT('',(0.,0.));
#2636 = VECTOR('',#2637,1.);
#2637 = DIRECTION('',(0.,-1.));
#2638 = ( GEOMETRIC_REPRESENTATION_CONTEXT(2) 
PARAMETRIC_REPRESENTATION_CONTEXT() REPRESENTATION_CONTEXT('2D SPACE',''
  ) );
#2639 = ORIENTED_EDGE('',*,*,#2640,.F.);
#2640 = EDGE_CURVE('',#2547,#2618,#2641,.T.);
#2641 = SURFACE_CURVE('',#2642,(#2646,#2653),.PCURVE_S1.);
#2642 = LINE('',#2643,#2644);
#2643 = CARTESIAN_POINT('',(-0.75,-6.,0.));
#2644 = VECTOR('',#2645,1.);
#2645 = DIRECTION('',(-2.22044604925E-16,-1.,0.));
#2646 = PCURVE('',#326,#2647);
#2647 = DEFINITIONAL_REPRESENTATION('',(#2648),#2652);
#2648 = LINE('',#2649,#2650);
#2649 = CARTESIAN_POINT('',(-0.75,-6.));
#2650 = VECTOR('',#2651,1.);
#2651 = DIRECTION('',(-2.22044604925E-16,-1.));
#2652 = ( GEOMETRIC_REPRESENTATION_CONTEXT(2) 
PARAMETRIC_REPRESENTATION_CONTEXT() REPRESENTATION_CONTEXT('2D SPACE',''
  ) );
#2653 = PCURVE('',#1046,#2654);
#2654 = DEFINITIONAL_REPRESENTATION('',(#2655),#2659);
#2655 = LINE('',#2656,#2657);
#2656 = CARTESIAN_POINT('',(0.,0.));
#2657 = VECTOR('',#2658,1.);
#2658 = DIRECTION('',(0.,1.));
#2659 = ( GEOMETRIC_REPRESENTATION_CONTEXT(2) 
PARAMETRIC_REPRESENTATION_CONTEXT() REPRESENTATION_CONTEXT('2D SPACE',''
  ) );
#2660 = FACE_BOUND('',#2661,.F.);
#2661 = EDGE_LOOP('',(#2662,#2687,#2710,#2733,#2756));
#2662 = ORIENTED_EDGE('',*,*,#2663,.T.);
#2663 = EDGE_CURVE('',#2664,#2666,#2668,.T.);
#2664 = VERTEX_POINT('',#2665);
#2665 = CARTESIAN_POINT('',(3.712310601229,-4.772970773009,0.));
#2666 = VERTEX_POINT('',#2667);
#2667 = CARTESIAN_POINT('',(4.242640687119,-4.24264068712,0.));
#2668 = SURFACE_CURVE('',#2669,(#2673,#2680),.PCURVE_S1.);
#2669 = LINE('',#2670,#2671);
#2670 = CARTESIAN_POINT('',(3.712310601229,-4.772970773009,0.));
#2671 = VECTOR('',#2672,1.);
#2672 = DIRECTION('',(0.707106781187,0.707106781187,0.));
#2673 = PCURVE('',#326,#2674);
#2674 = DEFINITIONAL_REPRESENTATION('',(#2675),#2679);
#2675 = LINE('',#2676,#2677);
#2676 = CARTESIAN_POINT('',(3.712310601229,-4.772970773009));
#2677 = VECTOR('',#2678,1.);
#2678 = DIRECTION('',(0.707106781187,0.707106781187));
#2679 = ( GEOMETRIC_REPRESENTATION_CONTEXT(2) 
PARAMETRIC_REPRESENTATION_CONTEXT() REPRESENTATION_CONTEXT('2D SPACE',''
  ) );
#2680 = PCURVE('',#1078,#2681);
#2681 = DEFINITIONAL_REPRESENTATION('',(#2682),#2686);
#2682 = LINE('',#2683,#2684);
#2683 = CARTESIAN_POINT('',(0.,0.));
#2684 = VECTOR('',#2685,1.);
#2685 = DIRECTION('',(0.,-1.));
#2686 = ( GEOMETRIC_REPRESENTATION_CONTEXT(2) 
PARAMETRIC_REPRESENTATION_CONTEXT() REPRESENTATION_CONTEXT('2D SPACE',''
  ) );
#2687 = ORIENTED_EDGE('',*,*,#2688,.T.);
#2688 = EDGE_CURVE('',#2666,#2689,#2691,.T.);
#2689 = VERTEX_POINT('',#2690);
#2690 = CARTESIAN_POINT('',(4.772970773009,-3.712310601229,0.));
#2691 = SURFACE_CURVE('',#2692,(#2696,#2703),.PCURVE_S1.);
#2692 = LINE('',#2693,#2694);
#2693 = CARTESIAN_POINT('',(3.712310601229,-4.772970773009,0.));
#2694 = VECTOR('',#2695,1.);
#2695 = DIRECTION('',(0.707106781187,0.707106781187,0.));
#2696 = PCURVE('',#326,#2697);
#2697 = DEFINITIONAL_REPRESENTATION('',(#2698),#2702);
#2698 = LINE('',#2699,#2700);
#2699 = CARTESIAN_POINT('',(3.712310601229,-4.772970773009));
#2700 = VECTOR('',#2701,1.);
#2701 = DIRECTION('',(0.707106781187,0.707106781187));
#2702 = ( GEOMETRIC_REPRESENTATION_CONTEXT(2) 
PARAMETRIC_REPRESENTATION_CONTEXT() REPRESENTATION_CONTEXT('2D SPACE',''
  ) );
#2703 = PCURVE('',#1106,#2704);
#2704 = DEFINITIONAL_REPRESENTATION('',(#2705),#2709);
#2705 = LINE('',#2706,#2707);
#2706 = CARTESIAN_POINT('',(0.,0.));
#2707 = VECTOR('',#2708,1.);
#2708 = DIRECTION('',(0.,-1.));
#2709 = ( GEOMETRIC_REPRESENTATION_CONTEXT(2) 
PARAMETRIC_REPRESENTATION_CONTEXT() REPRESENTATION_CONTEXT('2D SPACE',''
  ) );
#2710 = ORIENTED_EDGE('',*,*,#2711,.T.);
#2711 = EDGE_CURVE('',#2689,#2712,#2714,.T.);
#2712 = VERTEX_POINT('',#2713);
#2713 = CARTESIAN_POINT('',(6.894291116569,-5.833630944789,0.));
#2714 = SURFACE_CURVE('',#2715,(#2719,#2726),.PCURVE_S1.);
#2715 = LINE('',#2716,#2717);
#2716 = CARTESIAN_POINT('',(4.772970773009,-3.712310601229,0.));
#2717 = VECTOR('',#2718,1.);
#2718 = DIRECTION('',(0.707106781187,-0.707106781187,0.));
#2719 = PCURVE('',#326,#2720);
#2720 = DEFINITIONAL_REPRESENTATION('',(#2721),#2725);
#2721 = LINE('',#2722,#2723);
#2722 = CARTESIAN_POINT('',(4.772970773009,-3.712310601229));
#2723 = VECTOR('',#2724,1.);
#2724 = DIRECTION('',(0.707106781187,-0.707106781187));
#2725 = ( GEOMETRIC_REPRESENTATION_CONTEXT(2) 
PARAMETRIC_REPRESENTATION_CONTEXT() REPRESENTATION_CONTEXT('2D SPACE',''
  ) );
#2726 = PCURVE('',#1134,#2727);
#2727 = DEFINITIONAL_REPRESENTATION('',(#2728),#2732);
#2728 = LINE('',#2729,#2730);
#2729 = CARTESIAN_POINT('',(0.,0.));
#2730 = VECTOR('',#2731,1.);
#2731 = DIRECTION('',(0.,1.));
#2732 = ( GEOMETRIC_REPRESENTATION_CONTEXT(2) 
PARAMETRIC_REPRESENTATION_CONTEXT() REPRESENTATION_CONTEXT('2D SPACE',''
  ) );
#2733 = ORIENTED_EDGE('',*,*,#2734,.F.);
#2734 = EDGE_CURVE('',#2735,#2712,#2737,.T.);
#2735 = VERTEX_POINT('',#2736);
#2736 = CARTESIAN_POINT('',(5.833630944789,-6.894291116569,0.));
#2737 = SURFACE_CURVE('',#2738,(#2742,#2749),.PCURVE_S1.);
#2738 = LINE('',#2739,#2740);
#2739 = CARTESIAN_POINT('',(5.833630944789,-6.894291116569,0.));
#2740 = VECTOR('',#2741,1.);
#2741 = DIRECTION('',(0.707106781187,0.707106781187,0.));
#2742 = PCURVE('',#326,#2743);
#2743 = DEFINITIONAL_REPRESENTATION('',(#2744),#2748);
#2744 = LINE('',#2745,#2746);
#2745 = CARTESIAN_POINT('',(5.833630944789,-6.894291116569));
#2746 = VECTOR('',#2747,1.);
#2747 = DIRECTION('',(0.707106781187,0.707106781187));
#2748 = ( GEOMETRIC_REPRESENTATION_CONTEXT(2) 
PARAMETRIC_REPRESENTATION_CONTEXT() REPRESENTATION_CONTEXT('2D SPACE',''
  ) );
#2749 = PCURVE('',#1162,#2750);
#2750 = DEFINITIONAL_REPRESENTATION('',(#2751),#2755);
#2751 = LINE('',#2752,#2753);
#2752 = CARTESIAN_POINT('',(0.,0.));
#2753 = VECTOR('',#2754,1.);
#2754 = DIRECTION('',(0.,-1.));
#2755 = ( GEOMETRIC_REPRESENTATION_CONTEXT(2) 
PARAMETRIC_REPRESENTATION_CONTEXT() REPRESENTATION_CONTEXT('2D SPACE',''
  ) );
#2756 = ORIENTED_EDGE('',*,*,#2757,.F.);
#2757 = EDGE_CURVE('',#2664,#2735,#2758,.T.);
#2758 = SURFACE_CURVE('',#2759,(#2763,#2770),.PCURVE_S1.);
#2759 = LINE('',#2760,#2761);
#2760 = CARTESIAN_POINT('',(3.712310601229,-4.772970773009,0.));
#2761 = VECTOR('',#2762,1.);
#2762 = DIRECTION('',(0.707106781187,-0.707106781187,0.));
#2763 = PCURVE('',#326,#2764);
#2764 = DEFINITIONAL_REPRESENTATION('',(#2765),#2769);
#2765 = LINE('',#2766,#2767);
#2766 = CARTESIAN_POINT('',(3.712310601229,-4.772970773009));
#2767 = VECTOR('',#2768,1.);
#2768 = DIRECTION('',(0.707106781187,-0.707106781187));
#2769 = ( GEOMETRIC_REPRESENTATION_CONTEXT(2) 
PARAMETRIC_REPRESENTATION_CONTEXT() REPRESENTATION_CONTEXT('2D SPACE',''
  ) );
#2770 = PCURVE('',#1188,#2771);
#2771 = DEFINITIONAL_REPRESENTATION('',(#2772),#2776);
#2772 = LINE('',#2773,#2774);
#2773 = CARTESIAN_POINT('',(0.,0.));
#2774 = VECTOR('',#2775,1.);
#2775 = DIRECTION('',(0.,1.));
#2776 = ( GEOMETRIC_REPRESENTATION_CONTEXT(2) 
PARAMETRIC_REPRESENTATION_CONTEXT() REPRESENTATION_CONTEXT('2D SPACE',''
  ) );
#2777 = FACE_BOUND('',#2778,.F.);
#2778 = EDGE_LOOP('',(#2779,#2804,#2827,#2850,#2873));
#2779 = ORIENTED_EDGE('',*,*,#2780,.T.);
#2780 = EDGE_CURVE('',#2781,#2783,#2785,.T.);
#2781 = VERTEX_POINT('',#2782);
#2782 = CARTESIAN_POINT('',(-6.,0.75,0.));
#2783 = VERTEX_POINT('',#2784);
#2784 = CARTESIAN_POINT('',(-6.,3.844490494088E-13,0.));
#2785 = SURFACE_CURVE('',#2786,(#2790,#2797),.PCURVE_S1.);
#2786 = LINE('',#2787,#2788);
#2787 = CARTESIAN_POINT('',(-6.,0.75,0.));
#2788 = VECTOR('',#2789,1.);
#2789 = DIRECTION('',(-1.224646799147E-16,-1.,0.));
#2790 = PCURVE('',#326,#2791);
#2791 = DEFINITIONAL_REPRESENTATION('',(#2792),#2796);
#2792 = LINE('',#2793,#2794);
#2793 = CARTESIAN_POINT('',(-6.,0.75));
#2794 = VECTOR('',#2795,1.);
#2795 = DIRECTION('',(-1.224646799147E-16,-1.));
#2796 = ( GEOMETRIC_REPRESENTATION_CONTEXT(2) 
PARAMETRIC_REPRESENTATION_CONTEXT() REPRESENTATION_CONTEXT('2D SPACE',''
  ) );
#2797 = PCURVE('',#1220,#2798);
#2798 = DEFINITIONAL_REPRESENTATION('',(#2799),#2803);
#2799 = LINE('',#2800,#2801);
#2800 = CARTESIAN_POINT('',(0.,0.));
#2801 = VECTOR('',#2802,1.);
#2802 = DIRECTION('',(0.,-1.));
#2803 = ( GEOMETRIC_REPRESENTATION_CONTEXT(2) 
PARAMETRIC_REPRESENTATION_CONTEXT() REPRESENTATION_CONTEXT('2D SPACE',''
  ) );
#2804 = ORIENTED_EDGE('',*,*,#2805,.T.);
#2805 = EDGE_CURVE('',#2783,#2806,#2808,.T.);
#2806 = VERTEX_POINT('',#2807);
#2807 = CARTESIAN_POINT('',(-6.,-0.75,0.));
#2808 = SURFACE_CURVE('',#2809,(#2813,#2820),.PCURVE_S1.);
#2809 = LINE('',#2810,#2811);
#2810 = CARTESIAN_POINT('',(-6.,0.75,0.));
#2811 = VECTOR('',#2812,1.);
#2812 = DIRECTION('',(-1.224646799147E-16,-1.,0.));
#2813 = PCURVE('',#326,#2814);
#2814 = DEFINITIONAL_REPRESENTATION('',(#2815),#2819);
#2815 = LINE('',#2816,#2817);
#2816 = CARTESIAN_POINT('',(-6.,0.75));
#2817 = VECTOR('',#2818,1.);
#2818 = DIRECTION('',(-1.224646799147E-16,-1.));
#2819 = ( GEOMETRIC_REPRESENTATION_CONTEXT(2) 
PARAMETRIC_REPRESENTATION_CONTEXT() REPRESENTATION_CONTEXT('2D SPACE',''
  ) );
#2820 = PCURVE('',#1248,#2821);
#2821 = DEFINITIONAL_REPRESENTATION('',(#2822),#2826);
#2822 = LINE('',#2823,#2824);
#2823 = CARTESIAN_POINT('',(0.,0.));
#2824 = VECTOR('',#2825,1.);
#2825 = DIRECTION('',(0.,-1.));
#2826 = ( GEOMETRIC_REPRESENTATION_CONTEXT(2) 
PARAMETRIC_REPRESENTATION_CONTEXT() REPRESENTATION_CONTEXT('2D SPACE',''
  ) );
#2827 = ORIENTED_EDGE('',*,*,#2828,.T.);
#2828 = EDGE_CURVE('',#2806,#2829,#2831,.T.);
#2829 = VERTEX_POINT('',#2830);
#2830 = CARTESIAN_POINT('',(-9.,-0.75,0.));
#2831 = SURFACE_CURVE('',#2832,(#2836,#2843),.PCURVE_S1.);
#2832 = LINE('',#2833,#2834);
#2833 = CARTESIAN_POINT('',(-6.,-0.75,0.));
#2834 = VECTOR('',#2835,1.);
#2835 = DIRECTION('',(-1.,1.224646799147E-16,0.));
#2836 = PCURVE('',#326,#2837);
#2837 = DEFINITIONAL_REPRESENTATION('',(#2838),#2842);
#2838 = LINE('',#2839,#2840);
#2839 = CARTESIAN_POINT('',(-6.,-0.75));
#2840 = VECTOR('',#2841,1.);
#2841 = DIRECTION('',(-1.,1.224646799147E-16));
#2842 = ( GEOMETRIC_REPRESENTATION_CONTEXT(2) 
PARAMETRIC_REPRESENTATION_CONTEXT() REPRESENTATION_CONTEXT('2D SPACE',''
  ) );
#2843 = PCURVE('',#1276,#2844);
#2844 = DEFINITIONAL_REPRESENTATION('',(#2845),#2849);
#2845 = LINE('',#2846,#2847);
#2846 = CARTESIAN_POINT('',(0.,0.));
#2847 = VECTOR('',#2848,1.);
#2848 = DIRECTION('',(0.,1.));
#2849 = ( GEOMETRIC_REPRESENTATION_CONTEXT(2) 
PARAMETRIC_REPRESENTATION_CONTEXT() REPRESENTATION_CONTEXT('2D SPACE',''
  ) );
#2850 = ORIENTED_EDGE('',*,*,#2851,.F.);
#2851 = EDGE_CURVE('',#2852,#2829,#2854,.T.);
#2852 = VERTEX_POINT('',#2853);
#2853 = CARTESIAN_POINT('',(-9.,0.75,0.));
#2854 = SURFACE_CURVE('',#2855,(#2859,#2866),.PCURVE_S1.);
#2855 = LINE('',#2856,#2857);
#2856 = CARTESIAN_POINT('',(-9.,0.75,0.));
#2857 = VECTOR('',#2858,1.);
#2858 = DIRECTION('',(-1.224646799147E-16,-1.,0.));
#2859 = PCURVE('',#326,#2860);
#2860 = DEFINITIONAL_REPRESENTATION('',(#2861),#2865);
#2861 = LINE('',#2862,#2863);
#2862 = CARTESIAN_POINT('',(-9.,0.75));
#2863 = VECTOR('',#2864,1.);
#2864 = DIRECTION('',(-1.224646799147E-16,-1.));
#2865 = ( GEOMETRIC_REPRESENTATION_CONTEXT(2) 
PARAMETRIC_REPRESENTATION_CONTEXT() REPRESENTATION_CONTEXT('2D SPACE',''
  ) );
#2866 = PCURVE('',#1304,#2867);
#2867 = DEFINITIONAL_REPRESENTATION('',(#2868),#2872);
#2868 = LINE('',#2869,#2870);
#2869 = CARTESIAN_POINT('',(0.,0.));
#2870 = VECTOR('',#2871,1.);
#2871 = DIRECTION('',(0.,-1.));
#2872 = ( GEOMETRIC_REPRESENTATION_CONTEXT(2) 
PARAMETRIC_REPRESENTATION_CONTEXT() REPRESENTATION_CONTEXT('2D SPACE',''
  ) );
#2873 = ORIENTED_EDGE('',*,*,#2874,.F.);
#2874 = EDGE_CURVE('',#2781,#2852,#2875,.T.);
#2875 = SURFACE_CURVE('',#2876,(#2880,#2887),.PCURVE_S1.);
#2876 = LINE('',#2877,#2878);
#2877 = CARTESIAN_POINT('',(-6.,0.75,0.));
#2878 = VECTOR('',#2879,1.);
#2879 = DIRECTION('',(-1.,1.224646799147E-16,0.));
#2880 = PCURVE('',#326,#2881);
#2881 = DEFINITIONAL_REPRESENTATION('',(#2882),#2886);
#2882 = LINE('',#2883,#2884);
#2883 = CARTESIAN_POINT('',(-6.,0.75));
#2884 = VECTOR('',#2885,1.);
#2885 = DIRECTION('',(-1.,1.224646799147E-16));
#2886 = ( GEOMETRIC_REPRESENTATION_CONTEXT(2) 
PARAMETRIC_REPRESENTATION_CONTEXT() REPRESENTATION_CONTEXT('2D SPACE',''
  ) );
#2887 = PCURVE('',#1330,#2888);
#2888 = DEFINITIONAL_REPRESENTATION('',(#2889),#2893);
#2889 = LINE('',#2890,#2891);
#2890 = CARTESIAN_POINT('',(0.,0.));
#2891 = VECTOR('',#2892,1.);
#2892 = DIRECTION('',(0.,1.));
#2893 = ( GEOMETRIC_REPRESENTATION_CONTEXT(2) 
PARAMETRIC_REPRESENTATION_CONTEXT() REPRESENTATION_CONTEXT('2D SPACE',''
  ) );
#2894 = FACE_BOUND('',#2895,.F.);
#2895 = EDGE_LOOP('',(#2896,#2921,#2944,#2967,#2990));
#2896 = ORIENTED_EDGE('',*,*,#2897,.T.);
#2897 = EDGE_CURVE('',#2898,#2900,#2902,.T.);
#2898 = VERTEX_POINT('',#2899);
#2899 = CARTESIAN_POINT('',(-3.712310601229,4.772970773009,0.));
#2900 = VERTEX_POINT('',#2901);
#2901 = CARTESIAN_POINT('',(-4.242640687119,4.242640687119,0.));
#2902 = SURFACE_CURVE('',#2903,(#2907,#2914),.PCURVE_S1.);
#2903 = LINE('',#2904,#2905);
#2904 = CARTESIAN_POINT('',(-3.712310601229,4.772970773009,0.));
#2905 = VECTOR('',#2906,1.);
#2906 = DIRECTION('',(-0.707106781187,-0.707106781187,0.));
#2907 = PCURVE('',#326,#2908);
#2908 = DEFINITIONAL_REPRESENTATION('',(#2909),#2913);
#2909 = LINE('',#2910,#2911);
#2910 = CARTESIAN_POINT('',(-3.712310601229,4.772970773009));
#2911 = VECTOR('',#2912,1.);
#2912 = DIRECTION('',(-0.707106781187,-0.707106781187));
#2913 = ( GEOMETRIC_REPRESENTATION_CONTEXT(2) 
PARAMETRIC_REPRESENTATION_CONTEXT() REPRESENTATION_CONTEXT('2D SPACE',''
  ) );
#2914 = PCURVE('',#1362,#2915);
#2915 = DEFINITIONAL_REPRESENTATION('',(#2916),#2920);
#2916 = LINE('',#2917,#2918);
#2917 = CARTESIAN_POINT('',(0.,0.));
#2918 = VECTOR('',#2919,1.);
#2919 = DIRECTION('',(0.,-1.));
#2920 = ( GEOMETRIC_REPRESENTATION_CONTEXT(2) 
PARAMETRIC_REPRESENTATION_CONTEXT() REPRESENTATION_CONTEXT('2D SPACE',''
  ) );
#2921 = ORIENTED_EDGE('',*,*,#2922,.T.);
#2922 = EDGE_CURVE('',#2900,#2923,#2925,.T.);
#2923 = VERTEX_POINT('',#2924);
#2924 = CARTESIAN_POINT('',(-4.772970773009,3.712310601229,0.));
#2925 = SURFACE_CURVE('',#2926,(#2930,#2937),.PCURVE_S1.);
#2926 = LINE('',#2927,#2928);
#2927 = CARTESIAN_POINT('',(-3.712310601229,4.772970773009,0.));
#2928 = VECTOR('',#2929,1.);
#2929 = DIRECTION('',(-0.707106781187,-0.707106781187,0.));
#2930 = PCURVE('',#326,#2931);
#2931 = DEFINITIONAL_REPRESENTATION('',(#2932),#2936);
#2932 = LINE('',#2933,#2934);
#2933 = CARTESIAN_POINT('',(-3.712310601229,4.772970773009));
#2934 = VECTOR('',#2935,1.);
#2935 = DIRECTION('',(-0.707106781187,-0.707106781187));
#2936 = ( GEOMETRIC_REPRESENTATION_CONTEXT(2) 
PARAMETRIC_REPRESENTATION_CONTEXT() REPRESENTATION_CONTEXT('2D SPACE',''
  ) );
#2937 = PCURVE('',#1390,#2938);
#2938 = DEFINITIONAL_REPRESENTATION('',(#2939),#2943);
#2939 = LINE('',#2940,#2941);
#2940 = CARTESIAN_POINT('',(0.,0.));
#2941 = VECTOR('',#2942,1.);
#2942 = DIRECTION('',(0.,-1.));
#2943 = ( GEOMETRIC_REPRESENTATION_CONTEXT(2) 
PARAMETRIC_REPRESENTATION_CONTEXT() REPRESENTATION_CONTEXT('2D SPACE',''
  ) );
#2944 = ORIENTED_EDGE('',*,*,#2945,.T.);
#2945 = EDGE_CURVE('',#2923,#2946,#2948,.T.);
#2946 = VERTEX_POINT('',#2947);
#2947 = CARTESIAN_POINT('',(-6.894291116569,5.833630944789,0.));
#2948 = SURFACE_CURVE('',#2949,(#2953,#2960),.PCURVE_S1.);
#2949 = LINE('',#2950,#2951);
#2950 = CARTESIAN_POINT('',(-4.772970773009,3.712310601229,0.));
#2951 = VECTOR('',#2952,1.);
#2952 = DIRECTION('',(-0.707106781187,0.707106781187,0.));
#2953 = PCURVE('',#326,#2954);
#2954 = DEFINITIONAL_REPRESENTATION('',(#2955),#2959);
#2955 = LINE('',#2956,#2957);
#2956 = CARTESIAN_POINT('',(-4.772970773009,3.712310601229));
#2957 = VECTOR('',#2958,1.);
#2958 = DIRECTION('',(-0.707106781187,0.707106781187));
#2959 = ( GEOMETRIC_REPRESENTATION_CONTEXT(2) 
PARAMETRIC_REPRESENTATION_CONTEXT() REPRESENTATION_CONTEXT('2D SPACE',''
  ) );
#2960 = PCURVE('',#1418,#2961);
#2961 = DEFINITIONAL_REPRESENTATION('',(#2962),#2966);
#2962 = LINE('',#2963,#2964);
#2963 = CARTESIAN_POINT('',(0.,0.));
#2964 = VECTOR('',#2965,1.);
#2965 = DIRECTION('',(0.,1.));
#2966 = ( GEOMETRIC_REPRESENTATION_CONTEXT(2) 
PARAMETRIC_REPRESENTATION_CONTEXT() REPRESENTATION_CONTEXT('2D SPACE',''
  ) );
#2967 = ORIENTED_EDGE('',*,*,#2968,.F.);
#2968 = EDGE_CURVE('',#2969,#2946,#2971,.T.);
#2969 = VERTEX_POINT('',#2970);
#2970 = CARTESIAN_POINT('',(-5.833630944789,6.894291116569,0.));
#2971 = SURFACE_CURVE('',#2972,(#2976,#2983),.PCURVE_S1.);
#2972 = LINE('',#2973,#2974);
#2973 = CARTESIAN_POINT('',(-5.833630944789,6.894291116569,0.));
#2974 = VECTOR('',#2975,1.);
#2975 = DIRECTION('',(-0.707106781187,-0.707106781187,0.));
#2976 = PCURVE('',#326,#2977);
#2977 = DEFINITIONAL_REPRESENTATION('',(#2978),#2982);
#2978 = LINE('',#2979,#2980);
#2979 = CARTESIAN_POINT('',(-5.833630944789,6.894291116569));
#2980 = VECTOR('',#2981,1.);
#2981 = DIRECTION('',(-0.707106781187,-0.707106781187));
#2982 = ( GEOMETRIC_REPRESENTATION_CONTEXT(2) 
PARAMETRIC_REPRESENTATION_CONTEXT() REPRESENTATION_CONTEXT('2D SPACE',''
  ) );
#2983 = PCURVE('',#1446,#2984);
#2984 = DEFINITIONAL_REPRESENTATION('',(#2985),#2989);
#2985 = LINE('',#2986,#2987);
#2986 = CARTESIAN_POINT('',(0.,0.));
#2987 = VECTOR('',#2988,1.);
#2988 = DIRECTION('',(0.,-1.));
#2989 = ( GEOMETRIC_REPRESENTATION_CONTEXT(2) 
PARAMETRIC_REPRESENTATION_CONTEXT() REPRESENTATION_CONTEXT('2D SPACE',''
  ) );
#2990 = ORIENTED_EDGE('',*,*,#2991,.F.);
#2991 = EDGE_CURVE('',#2898,#2969,#2992,.T.);
#2992 = SURFACE_CURVE('',#2993,(#2997,#3004),.PCURVE_S1.);
#2993 = LINE('',#2994,#2995);
#2994 = CARTESIAN_POINT('',(-3.712310601229,4.772970773009,0.));
#2995 = VECTOR('',#2996,1.);
#2996 = DIRECTION('',(-0.707106781187,0.707106781187,0.));
#2997 = PCURVE('',#326,#2998);
#2998 = DEFINITIONAL_REPRESENTATION('',(#2999),#3003);
#2999 = LINE('',#3000,#3001);
#3000 = CARTESIAN_POINT('',(-3.712310601229,4.772970773009));
#3001 = VECTOR('',#3002,1.);
#3002 = DIRECTION('',(-0.707106781187,0.707106781187));
#3003 = ( GEOMETRIC_REPRESENTATION_CONTEXT(2) 
PARAMETRIC_REPRESENTATION_CONTEXT() REPRESENTATION_CONTEXT('2D SPACE',''
  ) );
#3004 = PCURVE('',#1472,#3005);
#3005 = DEFINITIONAL_REPRESENTATION('',(#3006),#3010);
#3006 = LINE('',#3007,#3008);
#3007 = CARTESIAN_POINT('',(0.,0.));
#3008 = VECTOR('',#3009,1.);
#3009 = DIRECTION('',(0.,1.));
#3010 = ( GEOMETRIC_REPRESENTATION_CONTEXT(2) 
PARAMETRIC_REPRESENTATION_CONTEXT() REPRESENTATION_CONTEXT('2D SPACE',''
  ) );
#3011 = FACE_BOUND('',#3012,.F.);
#3012 = EDGE_LOOP('',(#3013,#3039,#3061,#3083,#3105,#3127,#3149,#3173));
#3013 = ORIENTED_EDGE('',*,*,#3014,.F.);
#3014 = EDGE_CURVE('',#3015,#3017,#3019,.T.);
#3015 = VERTEX_POINT('',#3016);
#3016 = CARTESIAN_POINT('',(6.,0.,0.));
#3017 = VERTEX_POINT('',#3018);
#3018 = CARTESIAN_POINT('',(4.242640687119,4.242640687119,0.));
#3019 = SURFACE_CURVE('',#3020,(#3025,#3032),.PCURVE_S1.);
#3020 = CIRCLE('',#3021,6.);
#3021 = AXIS2_PLACEMENT_3D('',#3022,#3023,#3024);
#3022 = CARTESIAN_POINT('',(0.,0.,0.));
#3023 = DIRECTION('',(0.,0.,1.));
#3024 = DIRECTION('',(1.,0.,0.));
#3025 = PCURVE('',#326,#3026);
#3026 = DEFINITIONAL_REPRESENTATION('',(#3027),#3031);
#3027 = CIRCLE('',#3028,6.);
#3028 = AXIS2_PLACEMENT_2D('',#3029,#3030);
#3029 = CARTESIAN_POINT('',(7.29301404021E-16,-1.169780044473E-16));
#3030 = DIRECTION('',(1.,0.));
#3031 = ( GEOMETRIC_REPRESENTATION_CONTEXT(2) 
PARAMETRIC_REPRESENTATION_CONTEXT() REPRESENTATION_CONTEXT('2D SPACE',''
  ) );
#3032 = PCURVE('',#1505,#3033);
#3033 = DEFINITIONAL_REPRESENTATION('',(#3034),#3038);
#3034 = LINE('',#3035,#3036);
#3035 = CARTESIAN_POINT('',(-0.,0.));
#3036 = VECTOR('',#3037,1.);
#3037 = DIRECTION('',(-1.,0.));
#3038 = ( GEOMETRIC_REPRESENTATION_CONTEXT(2) 
PARAMETRIC_REPRESENTATION_CONTEXT() REPRESENTATION_CONTEXT('2D SPACE',''
  ) );
#3039 = ORIENTED_EDGE('',*,*,#3040,.F.);
#3040 = EDGE_CURVE('',#2666,#3015,#3041,.T.);
#3041 = SURFACE_CURVE('',#3042,(#3047,#3054),.PCURVE_S1.);
#3042 = CIRCLE('',#3043,6.);
#3043 = AXIS2_PLACEMENT_3D('',#3044,#3045,#3046);
#3044 = CARTESIAN_POINT('',(0.,0.,0.));
#3045 = DIRECTION('',(0.,0.,1.));
#3046 = DIRECTION('',(1.,0.,0.));
#3047 = PCURVE('',#326,#3048);
#3048 = DEFINITIONAL_REPRESENTATION('',(#3049),#3053);
#3049 = CIRCLE('',#3050,6.);
#3050 = AXIS2_PLACEMENT_2D('',#3051,#3052);
#3051 = CARTESIAN_POINT('',(7.29301404021E-16,-1.169780044473E-16));
#3052 = DIRECTION('',(1.,0.));
#3053 = ( GEOMETRIC_REPRESENTATION_CONTEXT(2) 
PARAMETRIC_REPRESENTATION_CONTEXT() REPRESENTATION_CONTEXT('2D SPACE',''
  ) );
#3054 = PCURVE('',#1532,#3055);
#3055 = DEFINITIONAL_REPRESENTATION('',(#3056),#3060);
#3056 = LINE('',#3057,#3058);
#3057 = CARTESIAN_POINT('',(-0.,0.));
#3058 = VECTOR('',#3059,1.);
#3059 = DIRECTION('',(-1.,0.));
#3060 = ( GEOMETRIC_REPRESENTATION_CONTEXT(2) 
PARAMETRIC_REPRESENTATION_CONTEXT() REPRESENTATION_CONTEXT('2D SPACE',''
  ) );
#3061 = ORIENTED_EDGE('',*,*,#3062,.F.);
#3062 = EDGE_CURVE('',#2549,#2666,#3063,.T.);
#3063 = SURFACE_CURVE('',#3064,(#3069,#3076),.PCURVE_S1.);
#3064 = CIRCLE('',#3065,6.);
#3065 = AXIS2_PLACEMENT_3D('',#3066,#3067,#3068);
#3066 = CARTESIAN_POINT('',(0.,0.,0.));
#3067 = DIRECTION('',(0.,0.,1.));
#3068 = DIRECTION('',(1.,0.,0.));
#3069 = PCURVE('',#326,#3070);
#3070 = DEFINITIONAL_REPRESENTATION('',(#3071),#3075);
#3071 = CIRCLE('',#3072,6.);
#3072 = AXIS2_PLACEMENT_2D('',#3073,#3074);
#3073 = CARTESIAN_POINT('',(7.29301404021E-16,-1.169780044473E-16));
#3074 = DIRECTION('',(1.,0.));
#3075 = ( GEOMETRIC_REPRESENTATION_CONTEXT(2) 
PARAMETRIC_REPRESENTATION_CONTEXT() REPRESENTATION_CONTEXT('2D SPACE',''
  ) );
#3076 = PCURVE('',#1559,#3077);
#3077 = DEFINITIONAL_REPRESENTATION('',(#3078),#3082);
#3078 = LINE('',#3079,#3080);
#3079 = CARTESIAN_POINT('',(-0.,0.));
#3080 = VECTOR('',#3081,1.);
#3081 = DIRECTION('',(-1.,0.));
#3082 = ( GEOMETRIC_REPRESENTATION_CONTEXT(2) 
PARAMETRIC_REPRESENTATION_CONTEXT() REPRESENTATION_CONTEXT('2D SPACE',''
  ) );
#3083 = ORIENTED_EDGE('',*,*,#3084,.F.);
#3084 = EDGE_CURVE('',#2432,#2549,#3085,.T.);
#3085 = SURFACE_CURVE('',#3086,(#3091,#3098),.PCURVE_S1.);
#3086 = CIRCLE('',#3087,6.);
#3087 = AXIS2_PLACEMENT_3D('',#3088,#3089,#3090);
#3088 = CARTESIAN_POINT('',(0.,0.,0.));
#3089 = DIRECTION('',(0.,0.,1.));
#3090 = DIRECTION('',(1.,0.,0.));
#3091 = PCURVE('',#326,#3092);
#3092 = DEFINITIONAL_REPRESENTATION('',(#3093),#3097);
#3093 = CIRCLE('',#3094,6.);
#3094 = AXIS2_PLACEMENT_2D('',#3095,#3096);
#3095 = CARTESIAN_POINT('',(7.29301404021E-16,-1.169780044473E-16));
#3096 = DIRECTION('',(1.,0.));
#3097 = ( GEOMETRIC_REPRESENTATION_CONTEXT(2) 
PARAMETRIC_REPRESENTATION_CONTEXT() REPRESENTATION_CONTEXT('2D SPACE',''
  ) );
#3098 = PCURVE('',#1586,#3099);
#3099 = DEFINITIONAL_REPRESENTATION('',(#3100),#3104);
#3100 = LINE('',#3101,#3102);
#3101 = CARTESIAN_POINT('',(-0.,0.));
#3102 = VECTOR('',#3103,1.);
#3103 = DIRECTION('',(-1.,0.));
#3104 = ( GEOMETRIC_REPRESENTATION_CONTEXT(2) 
PARAMETRIC_REPRESENTATION_CONTEXT() REPRESENTATION_CONTEXT('2D SPACE',''
  ) );
#3105 = ORIENTED_EDGE('',*,*,#3106,.F.);
#3106 = EDGE_CURVE('',#2783,#2432,#3107,.T.);
#3107 = SURFACE_CURVE('',#3108,(#3113,#3120),.PCURVE_S1.);
#3108 = CIRCLE('',#3109,6.);
#3109 = AXIS2_PLACEMENT_3D('',#3110,#3111,#3112);
#3110 = CARTESIAN_POINT('',(0.,0.,0.));
#3111 = DIRECTION('',(0.,0.,1.));
#3112 = DIRECTION('',(1.,0.,0.));
#3113 = PCURVE('',#326,#3114);
#3114 = DEFINITIONAL_REPRESENTATION('',(#3115),#3119);
#3115 = CIRCLE('',#3116,6.);
#3116 = AXIS2_PLACEMENT_2D('',#3117,#3118);
#3117 = CARTESIAN_POINT('',(7.29301404021E-16,-1.169780044473E-16));
#3118 = DIRECTION('',(1.,0.));
#3119 = ( GEOMETRIC_REPRESENTATION_CONTEXT(2) 
PARAMETRIC_REPRESENTATION_CONTEXT() REPRESENTATION_CONTEXT('2D SPACE',''
  ) );
#3120 = PCURVE('',#1613,#3121);
#3121 = DEFINITIONAL_REPRESENTATION('',(#3122),#3126);
#3122 = LINE('',#3123,#3124);
#3123 = CARTESIAN_POINT('',(-0.,0.));
#3124 = VECTOR('',#3125,1.);
#3125 = DIRECTION('',(-1.,0.));
#3126 = ( GEOMETRIC_REPRESENTATION_CONTEXT(2) 
PARAMETRIC_REPRESENTATION_CONTEXT() REPRESENTATION_CONTEXT('2D SPACE',''
  ) );
#3127 = ORIENTED_EDGE('',*,*,#3128,.F.);
#3128 = EDGE_CURVE('',#2900,#2783,#3129,.T.);
#3129 = SURFACE_CURVE('',#3130,(#3135,#3142),.PCURVE_S1.);
#3130 = CIRCLE('',#3131,6.);
#3131 = AXIS2_PLACEMENT_3D('',#3132,#3133,#3134);
#3132 = CARTESIAN_POINT('',(0.,0.,0.));
#3133 = DIRECTION('',(0.,0.,1.));
#3134 = DIRECTION('',(1.,0.,0.));
#3135 = PCURVE('',#326,#3136);
#3136 = DEFINITIONAL_REPRESENTATION('',(#3137),#3141);
#3137 = CIRCLE('',#3138,6.);
#3138 = AXIS2_PLACEMENT_2D('',#3139,#3140);
#3139 = CARTESIAN_POINT('',(7.29301404021E-16,-1.169780044473E-16));
#3140 = DIRECTION('',(1.,0.));
#3141 = ( GEOMETRIC_REPRESENTATION_CONTEXT(2) 
PARAMETRIC_REPRESENTATION_CONTEXT() REPRESENTATION_CONTEXT('2D SPACE',''
  ) );
#3142 = PCURVE('',#1640,#3143);
#3143 = DEFINITIONAL_REPRESENTATION('',(#3144),#3148);
#3144 = LINE('',#3145,#3146);
#3145 = CARTESIAN_POINT('',(-0.,0.));
#3146 = VECTOR('',#3147,1.);
#3147 = DIRECTION('',(-1.,0.));
#3148 = ( GEOMETRIC_REPRESENTATION_CONTEXT(2) 
PARAMETRIC_REPRESENTATION_CONTEXT() REPRESENTATION_CONTEXT('2D SPACE',''
  ) );
#3149 = ORIENTED_EDGE('',*,*,#3150,.F.);
#3150 = EDGE_CURVE('',#3151,#2900,#3153,.T.);
#3151 = VERTEX_POINT('',#3152);
#3152 = CARTESIAN_POINT('',(-2.314643370682E-13,6.,0.));
#3153 = SURFACE_CURVE('',#3154,(#3159,#3166),.PCURVE_S1.);
#3154 = CIRCLE('',#3155,6.);
#3155 = AXIS2_PLACEMENT_3D('',#3156,#3157,#3158);
#3156 = CARTESIAN_POINT('',(0.,0.,0.));
#3157 = DIRECTION('',(0.,0.,1.));
#3158 = DIRECTION('',(1.,0.,0.));
#3159 = PCURVE('',#326,#3160);
#3160 = DEFINITIONAL_REPRESENTATION('',(#3161),#3165);
#3161 = CIRCLE('',#3162,6.);
#3162 = AXIS2_PLACEMENT_2D('',#3163,#3164);
#3163 = CARTESIAN_POINT('',(7.29301404021E-16,-1.169780044473E-16));
#3164 = DIRECTION('',(1.,0.));
#3165 = ( GEOMETRIC_REPRESENTATION_CONTEXT(2) 
PARAMETRIC_REPRESENTATION_CONTEXT() REPRESENTATION_CONTEXT('2D SPACE',''
  ) );
#3166 = PCURVE('',#1669,#3167);
#3167 = DEFINITIONAL_REPRESENTATION('',(#3168),#3172);
#3168 = LINE('',#3169,#3170);
#3169 = CARTESIAN_POINT('',(-0.,0.));
#3170 = VECTOR('',#3171,1.);
#3171 = DIRECTION('',(-1.,0.));
#3172 = ( GEOMETRIC_REPRESENTATION_CONTEXT(2) 
PARAMETRIC_REPRESENTATION_CONTEXT() REPRESENTATION_CONTEXT('2D SPACE',''
  ) );
#3173 = ORIENTED_EDGE('',*,*,#3174,.F.);
#3174 = EDGE_CURVE('',#3017,#3151,#3175,.T.);
#3175 = SURFACE_CURVE('',#3176,(#3181,#3188),.PCURVE_S1.);
#3176 = CIRCLE('',#3177,6.);
#3177 = AXIS2_PLACEMENT_3D('',#3178,#3179,#3180);
#3178 = CARTESIAN_POINT('',(0.,0.,0.));
#3179 = DIRECTION('',(0.,0.,1.));
#3180 = DIRECTION('',(1.,0.,0.));
#3181 = PCURVE('',#326,#3182);
#3182 = DEFINITIONAL_REPRESENTATION('',(#3183),#3187);
#3183 = CIRCLE('',#3184,6.);
#3184 = AXIS2_PLACEMENT_2D('',#3185,#3186);
#3185 = CARTESIAN_POINT('',(7.29301404021E-16,-1.169780044473E-16));
#3186 = DIRECTION('',(1.,0.));
#3187 = ( GEOMETRIC_REPRESENTATION_CONTEXT(2) 
PARAMETRIC_REPRESENTATION_CONTEXT() REPRESENTATION_CONTEXT('2D SPACE',''
  ) );
#3188 = PCURVE('',#1696,#3189);
#3189 = DEFINITIONAL_REPRESENTATION('',(#3190),#3194);
#3190 = LINE('',#3191,#3192);
#3191 = CARTESIAN_POINT('',(-0.,0.));
#3192 = VECTOR('',#3193,1.);
#3193 = DIRECTION('',(-1.,0.));
#3194 = ( GEOMETRIC_REPRESENTATION_CONTEXT(2) 
PARAMETRIC_REPRESENTATION_CONTEXT() REPRESENTATION_CONTEXT('2D SPACE',''
  ) );
#3195 = FACE_BOUND('',#3196,.F.);
#3196 = EDGE_LOOP('',(#3197,#3220,#3243,#3266,#3289));
#3197 = ORIENTED_EDGE('',*,*,#3198,.T.);
#3198 = EDGE_CURVE('',#3199,#3015,#3201,.T.);
#3199 = VERTEX_POINT('',#3200);
#3200 = CARTESIAN_POINT('',(6.,-0.75,0.));
#3201 = SURFACE_CURVE('',#3202,(#3206,#3213),.PCURVE_S1.);
#3202 = LINE('',#3203,#3204);
#3203 = CARTESIAN_POINT('',(6.,-0.75,0.));
#3204 = VECTOR('',#3205,1.);
#3205 = DIRECTION('',(0.,1.,0.));
#3206 = PCURVE('',#326,#3207);
#3207 = DEFINITIONAL_REPRESENTATION('',(#3208),#3212);
#3208 = LINE('',#3209,#3210);
#3209 = CARTESIAN_POINT('',(6.,-0.75));
#3210 = VECTOR('',#3211,1.);
#3211 = DIRECTION('',(0.,1.));
#3212 = ( GEOMETRIC_REPRESENTATION_CONTEXT(2) 
PARAMETRIC_REPRESENTATION_CONTEXT() REPRESENTATION_CONTEXT('2D SPACE',''
  ) );
#3213 = PCURVE('',#1726,#3214);
#3214 = DEFINITIONAL_REPRESENTATION('',(#3215),#3219);
#3215 = LINE('',#3216,#3217);
#3216 = CARTESIAN_POINT('',(0.,0.));
#3217 = VECTOR('',#3218,1.);
#3218 = DIRECTION('',(0.,-1.));
#3219 = ( GEOMETRIC_REPRESENTATION_CONTEXT(2) 
PARAMETRIC_REPRESENTATION_CONTEXT() REPRESENTATION_CONTEXT('2D SPACE',''
  ) );
#3220 = ORIENTED_EDGE('',*,*,#3221,.T.);
#3221 = EDGE_CURVE('',#3015,#3222,#3224,.T.);
#3222 = VERTEX_POINT('',#3223);
#3223 = CARTESIAN_POINT('',(6.,0.75,0.));
#3224 = SURFACE_CURVE('',#3225,(#3229,#3236),.PCURVE_S1.);
#3225 = LINE('',#3226,#3227);
#3226 = CARTESIAN_POINT('',(6.,-0.75,0.));
#3227 = VECTOR('',#3228,1.);
#3228 = DIRECTION('',(0.,1.,0.));
#3229 = PCURVE('',#326,#3230);
#3230 = DEFINITIONAL_REPRESENTATION('',(#3231),#3235);
#3231 = LINE('',#3232,#3233);
#3232 = CARTESIAN_POINT('',(6.,-0.75));
#3233 = VECTOR('',#3234,1.);
#3234 = DIRECTION('',(0.,1.));
#3235 = ( GEOMETRIC_REPRESENTATION_CONTEXT(2) 
PARAMETRIC_REPRESENTATION_CONTEXT() REPRESENTATION_CONTEXT('2D SPACE',''
  ) );
#3236 = PCURVE('',#1754,#3237);
#3237 = DEFINITIONAL_REPRESENTATION('',(#3238),#3242);
#3238 = LINE('',#3239,#3240);
#3239 = CARTESIAN_POINT('',(0.,0.));
#3240 = VECTOR('',#3241,1.);
#3241 = DIRECTION('',(0.,-1.));
#3242 = ( GEOMETRIC_REPRESENTATION_CONTEXT(2) 
PARAMETRIC_REPRESENTATION_CONTEXT() REPRESENTATION_CONTEXT('2D SPACE',''
  ) );
#3243 = ORIENTED_EDGE('',*,*,#3244,.T.);
#3244 = EDGE_CURVE('',#3222,#3245,#3247,.T.);
#3245 = VERTEX_POINT('',#3246);
#3246 = CARTESIAN_POINT('',(9.,0.75,0.));
#3247 = SURFACE_CURVE('',#3248,(#3252,#3259),.PCURVE_S1.);
#3248 = LINE('',#3249,#3250);
#3249 = CARTESIAN_POINT('',(6.,0.75,0.));
#3250 = VECTOR('',#3251,1.);
#3251 = DIRECTION('',(1.,0.,0.));
#3252 = PCURVE('',#326,#3253);
#3253 = DEFINITIONAL_REPRESENTATION('',(#3254),#3258);
#3254 = LINE('',#3255,#3256);
#3255 = CARTESIAN_POINT('',(6.,0.75));
#3256 = VECTOR('',#3257,1.);
#3257 = DIRECTION('',(1.,0.));
#3258 = ( GEOMETRIC_REPRESENTATION_CONTEXT(2) 
PARAMETRIC_REPRESENTATION_CONTEXT() REPRESENTATION_CONTEXT('2D SPACE',''
  ) );
#3259 = PCURVE('',#1782,#3260);
#3260 = DEFINITIONAL_REPRESENTATION('',(#3261),#3265);
#3261 = LINE('',#3262,#3263);
#3262 = CARTESIAN_POINT('',(0.,0.));
#3263 = VECTOR('',#3264,1.);
#3264 = DIRECTION('',(0.,1.));
#3265 = ( GEOMETRIC_REPRESENTATION_CONTEXT(2) 
PARAMETRIC_REPRESENTATION_CONTEXT() REPRESENTATION_CONTEXT('2D SPACE',''
  ) );
#3266 = ORIENTED_EDGE('',*,*,#3267,.F.);
#3267 = EDGE_CURVE('',#3268,#3245,#3270,.T.);
#3268 = VERTEX_POINT('',#3269);
#3269 = CARTESIAN_POINT('',(9.,-0.75,0.));
#3270 = SURFACE_CURVE('',#3271,(#3275,#3282),.PCURVE_S1.);
#3271 = LINE('',#3272,#3273);
#3272 = CARTESIAN_POINT('',(9.,-0.75,0.));
#3273 = VECTOR('',#3274,1.);
#3274 = DIRECTION('',(0.,1.,0.));
#3275 = PCURVE('',#326,#3276);
#3276 = DEFINITIONAL_REPRESENTATION('',(#3277),#3281);
#3277 = LINE('',#3278,#3279);
#3278 = CARTESIAN_POINT('',(9.,-0.75));
#3279 = VECTOR('',#3280,1.);
#3280 = DIRECTION('',(0.,1.));
#3281 = ( GEOMETRIC_REPRESENTATION_CONTEXT(2) 
PARAMETRIC_REPRESENTATION_CONTEXT() REPRESENTATION_CONTEXT('2D SPACE',''
  ) );
#3282 = PCURVE('',#1810,#3283);
#3283 = DEFINITIONAL_REPRESENTATION('',(#3284),#3288);
#3284 = LINE('',#3285,#3286);
#3285 = CARTESIAN_POINT('',(0.,0.));
#3286 = VECTOR('',#3287,1.);
#3287 = DIRECTION('',(0.,-1.));
#3288 = ( GEOMETRIC_REPRESENTATION_CONTEXT(2) 
PARAMETRIC_REPRESENTATION_CONTEXT() REPRESENTATION_CONTEXT('2D SPACE',''
  ) );
#3289 = ORIENTED_EDGE('',*,*,#3290,.F.);
#3290 = EDGE_CURVE('',#3199,#3268,#3291,.T.);
#3291 = SURFACE_CURVE('',#3292,(#3296,#3303),.PCURVE_S1.);
#3292 = LINE('',#3293,#3294);
#3293 = CARTESIAN_POINT('',(6.,-0.75,0.));
#3294 = VECTOR('',#3295,1.);
#3295 = DIRECTION('',(1.,0.,0.));
#3296 = PCURVE('',#326,#3297);
#3297 = DEFINITIONAL_REPRESENTATION('',(#3298),#3302);
#3298 = LINE('',#3299,#3300);
#3299 = CARTESIAN_POINT('',(6.,-0.75));
#3300 = VECTOR('',#3301,1.);
#3301 = DIRECTION('',(1.,0.));
#3302 = ( GEOMETRIC_REPRESENTATION_CONTEXT(2) 
PARAMETRIC_REPRESENTATION_CONTEXT() REPRESENTATION_CONTEXT('2D SPACE',''
  ) );
#3303 = PCURVE('',#1836,#3304);
#3304 = DEFINITIONAL_REPRESENTATION('',(#3305),#3309);
#3305 = LINE('',#3306,#3307);
#3306 = CARTESIAN_POINT('',(0.,0.));
#3307 = VECTOR('',#3308,1.);
#3308 = DIRECTION('',(0.,1.));
#3309 = ( GEOMETRIC_REPRESENTATION_CONTEXT(2) 
PARAMETRIC_REPRESENTATION_CONTEXT() REPRESENTATION_CONTEXT('2D SPACE',''
  ) );
#3310 = FACE_BOUND('',#3311,.F.);
#3311 = EDGE_LOOP('',(#3312,#3335,#3358,#3381,#3404));
#3312 = ORIENTED_EDGE('',*,*,#3313,.T.);
#3313 = EDGE_CURVE('',#3314,#3151,#3316,.T.);
#3314 = VERTEX_POINT('',#3315);
#3315 = CARTESIAN_POINT('',(0.75,6.,0.));
#3316 = SURFACE_CURVE('',#3317,(#3321,#3328),.PCURVE_S1.);
#3317 = LINE('',#3318,#3319);
#3318 = CARTESIAN_POINT('',(0.75,6.,0.));
#3319 = VECTOR('',#3320,1.);
#3320 = DIRECTION('',(-1.,1.110223024625E-16,0.));
#3321 = PCURVE('',#326,#3322);
#3322 = DEFINITIONAL_REPRESENTATION('',(#3323),#3327);
#3323 = LINE('',#3324,#3325);
#3324 = CARTESIAN_POINT('',(0.75,6.));
#3325 = VECTOR('',#3326,1.);
#3326 = DIRECTION('',(-1.,1.110223024625E-16));
#3327 = ( GEOMETRIC_REPRESENTATION_CONTEXT(2) 
PARAMETRIC_REPRESENTATION_CONTEXT() REPRESENTATION_CONTEXT('2D SPACE',''
  ) );
#3328 = PCURVE('',#1866,#3329);
#3329 = DEFINITIONAL_REPRESENTATION('',(#3330),#3334);
#3330 = LINE('',#3331,#3332);
#3331 = CARTESIAN_POINT('',(0.,0.));
#3332 = VECTOR('',#3333,1.);
#3333 = DIRECTION('',(0.,-1.));
#3334 = ( GEOMETRIC_REPRESENTATION_CONTEXT(2) 
PARAMETRIC_REPRESENTATION_CONTEXT() REPRESENTATION_CONTEXT('2D SPACE',''
  ) );
#3335 = ORIENTED_EDGE('',*,*,#3336,.T.);
#3336 = EDGE_CURVE('',#3151,#3337,#3339,.T.);
#3337 = VERTEX_POINT('',#3338);
#3338 = CARTESIAN_POINT('',(-0.75,6.,0.));
#3339 = SURFACE_CURVE('',#3340,(#3344,#3351),.PCURVE_S1.);
#3340 = LINE('',#3341,#3342);
#3341 = CARTESIAN_POINT('',(0.75,6.,0.));
#3342 = VECTOR('',#3343,1.);
#3343 = DIRECTION('',(-1.,1.110223024625E-16,0.));
#3344 = PCURVE('',#326,#3345);
#3345 = DEFINITIONAL_REPRESENTATION('',(#3346),#3350);
#3346 = LINE('',#3347,#3348);
#3347 = CARTESIAN_POINT('',(0.75,6.));
#3348 = VECTOR('',#3349,1.);
#3349 = DIRECTION('',(-1.,1.110223024625E-16));
#3350 = ( GEOMETRIC_REPRESENTATION_CONTEXT(2) 
PARAMETRIC_REPRESENTATION_CONTEXT() REPRESENTATION_CONTEXT('2D SPACE',''
  ) );
#3351 = PCURVE('',#1894,#3352);
#3352 = DEFINITIONAL_REPRESENTATION('',(#3353),#3357);
#3353 = LINE('',#3354,#3355);
#3354 = CARTESIAN_POINT('',(0.,0.));
#3355 = VECTOR('',#3356,1.);
#3356 = DIRECTION('',(0.,-1.));
#3357 = ( GEOMETRIC_REPRESENTATION_CONTEXT(2) 
PARAMETRIC_REPRESENTATION_CONTEXT() REPRESENTATION_CONTEXT('2D SPACE',''
  ) );
#3358 = ORIENTED_EDGE('',*,*,#3359,.T.);
#3359 = EDGE_CURVE('',#3337,#3360,#3362,.T.);
#3360 = VERTEX_POINT('',#3361);
#3361 = CARTESIAN_POINT('',(-0.75,9.,0.));
#3362 = SURFACE_CURVE('',#3363,(#3367,#3374),.PCURVE_S1.);
#3363 = LINE('',#3364,#3365);
#3364 = CARTESIAN_POINT('',(-0.75,6.,0.));
#3365 = VECTOR('',#3366,1.);
#3366 = DIRECTION('',(1.110223024625E-16,1.,0.));
#3367 = PCURVE('',#326,#3368);
#3368 = DEFINITIONAL_REPRESENTATION('',(#3369),#3373);
#3369 = LINE('',#3370,#3371);
#3370 = CARTESIAN_POINT('',(-0.75,6.));
#3371 = VECTOR('',#3372,1.);
#3372 = DIRECTION('',(1.110223024625E-16,1.));
#3373 = ( GEOMETRIC_REPRESENTATION_CONTEXT(2) 
PARAMETRIC_REPRESENTATION_CONTEXT() REPRESENTATION_CONTEXT('2D SPACE',''
  ) );
#3374 = PCURVE('',#1922,#3375);
#3375 = DEFINITIONAL_REPRESENTATION('',(#3376),#3380);
#3376 = LINE('',#3377,#3378);
#3377 = CARTESIAN_POINT('',(0.,0.));
#3378 = VECTOR('',#3379,1.);
#3379 = DIRECTION('',(0.,1.));
#3380 = ( GEOMETRIC_REPRESENTATION_CONTEXT(2) 
PARAMETRIC_REPRESENTATION_CONTEXT() REPRESENTATION_CONTEXT('2D SPACE',''
  ) );
#3381 = ORIENTED_EDGE('',*,*,#3382,.F.);
#3382 = EDGE_CURVE('',#3383,#3360,#3385,.T.);
#3383 = VERTEX_POINT('',#3384);
#3384 = CARTESIAN_POINT('',(0.75,9.,0.));
#3385 = SURFACE_CURVE('',#3386,(#3390,#3397),.PCURVE_S1.);
#3386 = LINE('',#3387,#3388);
#3387 = CARTESIAN_POINT('',(0.75,9.,0.));
#3388 = VECTOR('',#3389,1.);
#3389 = DIRECTION('',(-1.,1.110223024625E-16,0.));
#3390 = PCURVE('',#326,#3391);
#3391 = DEFINITIONAL_REPRESENTATION('',(#3392),#3396);
#3392 = LINE('',#3393,#3394);
#3393 = CARTESIAN_POINT('',(0.75,9.));
#3394 = VECTOR('',#3395,1.);
#3395 = DIRECTION('',(-1.,1.110223024625E-16));
#3396 = ( GEOMETRIC_REPRESENTATION_CONTEXT(2) 
PARAMETRIC_REPRESENTATION_CONTEXT() REPRESENTATION_CONTEXT('2D SPACE',''
  ) );
#3397 = PCURVE('',#1950,#3398);
#3398 = DEFINITIONAL_REPRESENTATION('',(#3399),#3403);
#3399 = LINE('',#3400,#3401);
#3400 = CARTESIAN_POINT('',(0.,0.));
#3401 = VECTOR('',#3402,1.);
#3402 = DIRECTION('',(0.,-1.));
#3403 = ( GEOMETRIC_REPRESENTATION_CONTEXT(2) 
PARAMETRIC_REPRESENTATION_CONTEXT() REPRESENTATION_CONTEXT('2D SPACE',''
  ) );
#3404 = ORIENTED_EDGE('',*,*,#3405,.F.);
#3405 = EDGE_CURVE('',#3314,#3383,#3406,.T.);
#3406 = SURFACE_CURVE('',#3407,(#3411,#3418),.PCURVE_S1.);
#3407 = LINE('',#3408,#3409);
#3408 = CARTESIAN_POINT('',(0.75,6.,0.));
#3409 = VECTOR('',#3410,1.);
#3410 = DIRECTION('',(1.110223024625E-16,1.,0.));
#3411 = PCURVE('',#326,#3412);
#3412 = DEFINITIONAL_REPRESENTATION('',(#3413),#3417);
#3413 = LINE('',#3414,#3415);
#3414 = CARTESIAN_POINT('',(0.75,6.));
#3415 = VECTOR('',#3416,1.);
#3416 = DIRECTION('',(1.110223024625E-16,1.));
#3417 = ( GEOMETRIC_REPRESENTATION_CONTEXT(2) 
PARAMETRIC_REPRESENTATION_CONTEXT() REPRESENTATION_CONTEXT('2D SPACE',''
  ) );
#3418 = PCURVE('',#1976,#3419);
#3419 = DEFINITIONAL_REPRESENTATION('',(#3420),#3424);
#3420 = LINE('',#3421,#3422);
#3421 = CARTESIAN_POINT('',(0.,0.));
#3422 = VECTOR('',#3423,1.);
#3423 = DIRECTION('',(0.,1.));
#3424 = ( GEOMETRIC_REPRESENTATION_CONTEXT(2) 
PARAMETRIC_REPRESENTATION_CONTEXT() REPRESENTATION_CONTEXT('2D SPACE',''
  ) );
#3425 = FACE_BOUND('',#3426,.F.);
#3426 = EDGE_LOOP('',(#3427,#3450,#3473,#3496,#3519));
#3427 = ORIENTED_EDGE('',*,*,#3428,.T.);
#3428 = EDGE_CURVE('',#3429,#3017,#3431,.T.);
#3429 = VERTEX_POINT('',#3430);
#3430 = CARTESIAN_POINT('',(4.772970773009,3.712310601229,0.));
#3431 = SURFACE_CURVE('',#3432,(#3436,#3443),.PCURVE_S1.);
#3432 = LINE('',#3433,#3434);
#3433 = CARTESIAN_POINT('',(4.772970773009,3.712310601229,0.));
#3434 = VECTOR('',#3435,1.);
#3435 = DIRECTION('',(-0.707106781187,0.707106781187,0.));
#3436 = PCURVE('',#326,#3437);
#3437 = DEFINITIONAL_REPRESENTATION('',(#3438),#3442);
#3438 = LINE('',#3439,#3440);
#3439 = CARTESIAN_POINT('',(4.772970773009,3.712310601229));
#3440 = VECTOR('',#3441,1.);
#3441 = DIRECTION('',(-0.707106781187,0.707106781187));
#3442 = ( GEOMETRIC_REPRESENTATION_CONTEXT(2) 
PARAMETRIC_REPRESENTATION_CONTEXT() REPRESENTATION_CONTEXT('2D SPACE',''
  ) );
#3443 = PCURVE('',#2006,#3444);
#3444 = DEFINITIONAL_REPRESENTATION('',(#3445),#3449);
#3445 = LINE('',#3446,#3447);
#3446 = CARTESIAN_POINT('',(0.,0.));
#3447 = VECTOR('',#3448,1.);
#3448 = DIRECTION('',(0.,-1.));
#3449 = ( GEOMETRIC_REPRESENTATION_CONTEXT(2) 
PARAMETRIC_REPRESENTATION_CONTEXT() REPRESENTATION_CONTEXT('2D SPACE',''
  ) );
#3450 = ORIENTED_EDGE('',*,*,#3451,.T.);
#3451 = EDGE_CURVE('',#3017,#3452,#3454,.T.);
#3452 = VERTEX_POINT('',#3453);
#3453 = CARTESIAN_POINT('',(3.712310601229,4.772970773009,0.));
#3454 = SURFACE_CURVE('',#3455,(#3459,#3466),.PCURVE_S1.);
#3455 = LINE('',#3456,#3457);
#3456 = CARTESIAN_POINT('',(4.772970773009,3.712310601229,0.));
#3457 = VECTOR('',#3458,1.);
#3458 = DIRECTION('',(-0.707106781187,0.707106781187,0.));
#3459 = PCURVE('',#326,#3460);
#3460 = DEFINITIONAL_REPRESENTATION('',(#3461),#3465);
#3461 = LINE('',#3462,#3463);
#3462 = CARTESIAN_POINT('',(4.772970773009,3.712310601229));
#3463 = VECTOR('',#3464,1.);
#3464 = DIRECTION('',(-0.707106781187,0.707106781187));
#3465 = ( GEOMETRIC_REPRESENTATION_CONTEXT(2) 
PARAMETRIC_REPRESENTATION_CONTEXT() REPRESENTATION_CONTEXT('2D SPACE',''
  ) );
#3466 = PCURVE('',#2034,#3467);
#3467 = DEFINITIONAL_REPRESENTATION('',(#3468),#3472);
#3468 = LINE('',#3469,#3470);
#3469 = CARTESIAN_POINT('',(0.,0.));
#3470 = VECTOR('',#3471,1.);
#3471 = DIRECTION('',(0.,-1.));
#3472 = ( GEOMETRIC_REPRESENTATION_CONTEXT(2) 
PARAMETRIC_REPRESENTATION_CONTEXT() REPRESENTATION_CONTEXT('2D SPACE',''
  ) );
#3473 = ORIENTED_EDGE('',*,*,#3474,.T.);
#3474 = EDGE_CURVE('',#3452,#3475,#3477,.T.);
#3475 = VERTEX_POINT('',#3476);
#3476 = CARTESIAN_POINT('',(5.833630944789,6.894291116569,0.));
#3477 = SURFACE_CURVE('',#3478,(#3482,#3489),.PCURVE_S1.);
#3478 = LINE('',#3479,#3480);
#3479 = CARTESIAN_POINT('',(3.712310601229,4.772970773009,0.));
#3480 = VECTOR('',#3481,1.);
#3481 = DIRECTION('',(0.707106781187,0.707106781187,0.));
#3482 = PCURVE('',#326,#3483);
#3483 = DEFINITIONAL_REPRESENTATION('',(#3484),#3488);
#3484 = LINE('',#3485,#3486);
#3485 = CARTESIAN_POINT('',(3.712310601229,4.772970773009));
#3486 = VECTOR('',#3487,1.);
#3487 = DIRECTION('',(0.707106781187,0.707106781187));
#3488 = ( GEOMETRIC_REPRESENTATION_CONTEXT(2) 
PARAMETRIC_REPRESENTATION_CONTEXT() REPRESENTATION_CONTEXT('2D SPACE',''
  ) );
#3489 = PCURVE('',#2062,#3490);
#3490 = DEFINITIONAL_REPRESENTATION('',(#3491),#3495);
#3491 = LINE('',#3492,#3493);
#3492 = CARTESIAN_POINT('',(0.,0.));
#3493 = VECTOR('',#3494,1.);
#3494 = DIRECTION('',(0.,1.));
#3495 = ( GEOMETRIC_REPRESENTATION_CONTEXT(2) 
PARAMETRIC_REPRESENTATION_CONTEXT() REPRESENTATION_CONTEXT('2D SPACE',''
  ) );
#3496 = ORIENTED_EDGE('',*,*,#3497,.F.);
#3497 = EDGE_CURVE('',#3498,#3475,#3500,.T.);
#3498 = VERTEX_POINT('',#3499);
#3499 = CARTESIAN_POINT('',(6.894291116569,5.833630944789,0.));
#3500 = SURFACE_CURVE('',#3501,(#3505,#3512),.PCURVE_S1.);
#3501 = LINE('',#3502,#3503);
#3502 = CARTESIAN_POINT('',(6.894291116569,5.833630944789,0.));
#3503 = VECTOR('',#3504,1.);
#3504 = DIRECTION('',(-0.707106781187,0.707106781187,0.));
#3505 = PCURVE('',#326,#3506);
#3506 = DEFINITIONAL_REPRESENTATION('',(#3507),#3511);
#3507 = LINE('',#3508,#3509);
#3508 = CARTESIAN_POINT('',(6.894291116569,5.833630944789));
#3509 = VECTOR('',#3510,1.);
#3510 = DIRECTION('',(-0.707106781187,0.707106781187));
#3511 = ( GEOMETRIC_REPRESENTATION_CONTEXT(2) 
PARAMETRIC_REPRESENTATION_CONTEXT() REPRESENTATION_CONTEXT('2D SPACE',''
  ) );
#3512 = PCURVE('',#2090,#3513);
#3513 = DEFINITIONAL_REPRESENTATION('',(#3514),#3518);
#3514 = LINE('',#3515,#3516);
#3515 = CARTESIAN_POINT('',(0.,0.));
#3516 = VECTOR('',#3517,1.);
#3517 = DIRECTION('',(0.,-1.));
#3518 = ( GEOMETRIC_REPRESENTATION_CONTEXT(2) 
PARAMETRIC_REPRESENTATION_CONTEXT() REPRESENTATION_CONTEXT('2D SPACE',''
  ) );
#3519 = ORIENTED_EDGE('',*,*,#3520,.F.);
#3520 = EDGE_CURVE('',#3429,#3498,#3521,.T.);
#3521 = SURFACE_CURVE('',#3522,(#3526,#3533),.PCURVE_S1.);
#3522 = LINE('',#3523,#3524);
#3523 = CARTESIAN_POINT('',(4.772970773009,3.712310601229,0.));
#3524 = VECTOR('',#3525,1.);
#3525 = DIRECTION('',(0.707106781187,0.707106781187,0.));
#3526 = PCURVE('',#326,#3527);
#3527 = DEFINITIONAL_REPRESENTATION('',(#3528),#3532);
#3528 = LINE('',#3529,#3530);
#3529 = CARTESIAN_POINT('',(4.772970773009,3.712310601229));
#3530 = VECTOR('',#3531,1.);
#3531 = DIRECTION('',(0.707106781187,0.707106781187));
#3532 = ( GEOMETRIC_REPRESENTATION_CONTEXT(2) 
PARAMETRIC_REPRESENTATION_CONTEXT() REPRESENTATION_CONTEXT('2D SPACE',''
  ) );
#3533 = PCURVE('',#2116,#3534);
#3534 = DEFINITIONAL_REPRESENTATION('',(#3535),#3539);
#3535 = LINE('',#3536,#3537);
#3536 = CARTESIAN_POINT('',(0.,0.));
#3537 = VECTOR('',#3538,1.);
#3538 = DIRECTION('',(0.,1.));
#3539 = ( GEOMETRIC_REPRESENTATION_CONTEXT(2) 
PARAMETRIC_REPRESENTATION_CONTEXT() REPRESENTATION_CONTEXT('2D SPACE',''
  ) );
#3540 = ADVANCED_FACE('',(#3541),#394,.T.);
#3541 = FACE_BOUND('',#3542,.T.);
#3542 = EDGE_LOOP('',(#3543,#3565,#3591));
#3543 = ORIENTED_EDGE('',*,*,#3544,.F.);
#3544 = EDGE_CURVE('',#3545,#339,#3547,.T.);
#3545 = VERTEX_POINT('',#3546);
#3546 = CARTESIAN_POINT('',(10.964101615138,-10.99038105676,0.));
#3547 = SURFACE_CURVE('',#3548,(#3551,#3558),.PCURVE_S1.);
#3548 = B_SPLINE_CURVE_WITH_KNOTS('',1,(#3549,#3550),.UNSPECIFIED.,.F.,
  .F.,(2,2),(0.,1.),.PIECEWISE_BEZIER_KNOTS.);
#3549 = CARTESIAN_POINT('',(10.964101615138,-10.99038105676,0.));
#3550 = CARTESIAN_POINT('',(15.,1.5,35.));
#3551 = PCURVE('',#394,#3552);
#3552 = DEFINITIONAL_REPRESENTATION('',(#3553),#3557);
#3553 = LINE('',#3554,#3555);
#3554 = CARTESIAN_POINT('',(0.,0.));
#3555 = VECTOR('',#3556,1.);
#3556 = DIRECTION('',(0.,1.));
#3557 = ( GEOMETRIC_REPRESENTATION_CONTEXT(2) 
PARAMETRIC_REPRESENTATION_CONTEXT() REPRESENTATION_CONTEXT('2D SPACE',''
  ) );
#3558 = PCURVE('',#506,#3559);
#3559 = DEFINITIONAL_REPRESENTATION('',(#3560),#3564);
#3560 = LINE('',#3561,#3562);
#3561 = CARTESIAN_POINT('',(30.,0.));
#3562 = VECTOR('',#3563,1.);
#3563 = DIRECTION('',(0.,1.));
#3564 = ( GEOMETRIC_REPRESENTATION_CONTEXT(2) 
PARAMETRIC_REPRESENTATION_CONTEXT() REPRESENTATION_CONTEXT('2D SPACE',''
  ) );
#3565 = ORIENTED_EDGE('',*,*,#3566,.T.);
#3566 = EDGE_CURVE('',#3545,#311,#3567,.T.);
#3567 = SURFACE_CURVE('',#3568,(#3572,#3579),.PCURVE_S1.);
#3568 = LINE('',#3569,#3570);
#3569 = CARTESIAN_POINT('',(10.964101615138,-10.99038105676,0.));
#3570 = VECTOR('',#3571,1.);
#3571 = DIRECTION('',(-0.866025403784,-0.5,0.));
#3572 = PCURVE('',#394,#3573);
#3573 = DEFINITIONAL_REPRESENTATION('',(#3574),#3578);
#3574 = LINE('',#3575,#3576);
#3575 = CARTESIAN_POINT('',(0.,0.));
#3576 = VECTOR('',#3577,1.);
#3577 = DIRECTION('',(1.,0.));
#3578 = ( GEOMETRIC_REPRESENTATION_CONTEXT(2) 
PARAMETRIC_REPRESENTATION_CONTEXT() REPRESENTATION_CONTEXT('2D SPACE',''
  ) );
#3579 = PCURVE('',#3580,#3585);
#3580 = PLANE('',#3581);
#3581 = AXIS2_PLACEMENT_3D('',#3582,#3583,#3584);
#3582 = CARTESIAN_POINT('',(4.035898384862,-14.99038105676,0.));
#3583 = DIRECTION('',(0.,0.,-1.));
#3584 = DIRECTION('',(0.706259870792,-0.707952678439,0.));
#3585 = DEFINITIONAL_REPRESENTATION('',(#3586),#3590);
#3586 = LINE('',#3587,#3588);
#3587 = CARTESIAN_POINT('',(2.061301204483,-7.72987951681));
#3588 = VECTOR('',#3589,1.);
#3589 = DIRECTION('',(-0.25766265056,0.966234939601));
#3590 = ( GEOMETRIC_REPRESENTATION_CONTEXT(2) 
PARAMETRIC_REPRESENTATION_CONTEXT() REPRESENTATION_CONTEXT('2D SPACE',''
  ) );
#3591 = ORIENTED_EDGE('',*,*,#338,.F.);
#3592 = ADVANCED_FACE('',(#3593),#506,.T.);
#3593 = FACE_BOUND('',#3594,.T.);
#3594 = EDGE_LOOP('',(#3595,#3624,#3645,#3646,#3647,#3669));
#3595 = ORIENTED_EDGE('',*,*,#3596,.F.);
#3596 = EDGE_CURVE('',#3597,#3599,#3601,.T.);
#3597 = VERTEX_POINT('',#3598);
#3598 = CARTESIAN_POINT('',(25.964101615138,-36.9711431703,0.));
#3599 = VERTEX_POINT('',#3600);
#3600 = CARTESIAN_POINT('',(45.,1.5,35.));
#3601 = SURFACE_CURVE('',#3602,(#3605,#3612),.PCURVE_S1.);
#3602 = B_SPLINE_CURVE_WITH_KNOTS('',1,(#3603,#3604),.UNSPECIFIED.,.F.,
  .F.,(2,2),(0.,1.),.PIECEWISE_BEZIER_KNOTS.);
#3603 = CARTESIAN_POINT('',(25.964101615138,-36.9711431703,0.));
#3604 = CARTESIAN_POINT('',(45.,1.5,35.));
#3605 = PCURVE('',#506,#3606);
#3606 = DEFINITIONAL_REPRESENTATION('',(#3607),#3611);
#3607 = LINE('',#3608,#3609);
#3608 = CARTESIAN_POINT('',(0.,0.));
#3609 = VECTOR('',#3610,1.);
#3610 = DIRECTION('',(0.,1.));
#3611 = ( GEOMETRIC_REPRESENTATION_CONTEXT(2) 
PARAMETRIC_REPRESENTATION_CONTEXT() REPRESENTATION_CONTEXT('2D SPACE',''
  ) );
#3612 = PCURVE('',#3613,#3618);
#3613 = B_SPLINE_SURFACE_WITH_KNOTS('',1,1,(
    (#3614,#3615)
    ,(#3616,#3617
    )),.UNSPECIFIED.,.F.,.F.,.F.,(2,2),(2,2),(0.,8.),(0.,1.),
  .PIECEWISE_BEZIER_KNOTS.);
#3614 = CARTESIAN_POINT('',(19.035898384862,-40.9711431703,0.));
#3615 = CARTESIAN_POINT('',(45.,-1.5,35.));
#3616 = CARTESIAN_POINT('',(25.964101615138,-36.9711431703,0.));
#3617 = CARTESIAN_POINT('',(45.,1.5,35.));
#3618 = DEFINITIONAL_REPRESENTATION('',(#3619),#3623);
#3619 = LINE('',#3620,#3621);
#3620 = CARTESIAN_POINT('',(8.,0.));
#3621 = VECTOR('',#3622,1.);
#3622 = DIRECTION('',(0.,1.));
#3623 = ( GEOMETRIC_REPRESENTATION_CONTEXT(2) 
PARAMETRIC_REPRESENTATION_CONTEXT() REPRESENTATION_CONTEXT('2D SPACE',''
  ) );
#3624 = ORIENTED_EDGE('',*,*,#3625,.T.);
#3625 = EDGE_CURVE('',#3597,#3545,#3626,.T.);
#3626 = SURFACE_CURVE('',#3627,(#3631,#3638),.PCURVE_S1.);
#3627 = LINE('',#3628,#3629);
#3628 = CARTESIAN_POINT('',(25.964101615138,-36.9711431703,0.));
#3629 = VECTOR('',#3630,1.);
#3630 = DIRECTION('',(-0.5,0.866025403784,0.));
#3631 = PCURVE('',#506,#3632);
#3632 = DEFINITIONAL_REPRESENTATION('',(#3633),#3637);
#3633 = LINE('',#3634,#3635);
#3634 = CARTESIAN_POINT('',(0.,0.));
#3635 = VECTOR('',#3636,1.);
#3636 = DIRECTION('',(1.,0.));
#3637 = ( GEOMETRIC_REPRESENTATION_CONTEXT(2) 
PARAMETRIC_REPRESENTATION_CONTEXT() REPRESENTATION_CONTEXT('2D SPACE',''
  ) );
#3638 = PCURVE('',#3580,#3639);
#3639 = DEFINITIONAL_REPRESENTATION('',(#3640),#3644);
#3640 = LINE('',#3641,#3642);
#3641 = CARTESIAN_POINT('',(31.04834939252,3.552713678801E-15));
#3642 = VECTOR('',#3643,1.);
#3643 = DIRECTION('',(-0.966234939601,-0.25766265056));
#3644 = ( GEOMETRIC_REPRESENTATION_CONTEXT(2) 
PARAMETRIC_REPRESENTATION_CONTEXT() REPRESENTATION_CONTEXT('2D SPACE',''
  ) );
#3645 = ORIENTED_EDGE('',*,*,#3544,.T.);
#3646 = ORIENTED_EDGE('',*,*,#426,.F.);
#3647 = ORIENTED_EDGE('',*,*,#3648,.T.);
#3648 = EDGE_CURVE('',#427,#3649,#3651,.T.);
#3649 = VERTEX_POINT('',#3650);
#3650 = CARTESIAN_POINT('',(15.,1.5,35.));
#3651 = SURFACE_CURVE('',#3652,(#3655,#3662),.PCURVE_S1.);
#3652 = B_SPLINE_CURVE_WITH_KNOTS('',1,(#3653,#3654),.UNSPECIFIED.,.F.,
  .F.,(2,2),(0.,1.),.PIECEWISE_BEZIER_KNOTS.);
#3653 = CARTESIAN_POINT('',(10.964101615138,-10.99038105676,0.));
#3654 = CARTESIAN_POINT('',(15.,1.5,35.));
#3655 = PCURVE('',#506,#3656);
#3656 = DEFINITIONAL_REPRESENTATION('',(#3657),#3661);
#3657 = LINE('',#3658,#3659);
#3658 = CARTESIAN_POINT('',(30.,0.));
#3659 = VECTOR('',#3660,1.);
#3660 = DIRECTION('',(0.,1.));
#3661 = ( GEOMETRIC_REPRESENTATION_CONTEXT(2) 
PARAMETRIC_REPRESENTATION_CONTEXT() REPRESENTATION_CONTEXT('2D SPACE',''
  ) );
#3662 = PCURVE('',#594,#3663);
#3663 = DEFINITIONAL_REPRESENTATION('',(#3664),#3668);
#3664 = LINE('',#3665,#3666);
#3665 = CARTESIAN_POINT('',(0.,0.));
#3666 = VECTOR('',#3667,1.);
#3667 = DIRECTION('',(0.,1.));
#3668 = ( GEOMETRIC_REPRESENTATION_CONTEXT(2) 
PARAMETRIC_REPRESENTATION_CONTEXT() REPRESENTATION_CONTEXT('2D SPACE',''
  ) );
#3669 = ORIENTED_EDGE('',*,*,#3670,.F.);
#3670 = EDGE_CURVE('',#3599,#3649,#3671,.T.);
#3671 = SURFACE_CURVE('',#3672,(#3676,#3683),.PCURVE_S1.);
#3672 = LINE('',#3673,#3674);
#3673 = CARTESIAN_POINT('',(45.,1.5,35.));
#3674 = VECTOR('',#3675,1.);
#3675 = DIRECTION('',(-1.,0.,0.));
#3676 = PCURVE('',#506,#3677);
#3677 = DEFINITIONAL_REPRESENTATION('',(#3678),#3682);
#3678 = LINE('',#3679,#3680);
#3679 = CARTESIAN_POINT('',(0.,1.));
#3680 = VECTOR('',#3681,1.);
#3681 = DIRECTION('',(1.,0.));
#3682 = ( GEOMETRIC_REPRESENTATION_CONTEXT(2) 
PARAMETRIC_REPRESENTATION_CONTEXT() REPRESENTATION_CONTEXT('2D SPACE',''
  ) );
#3683 = PCURVE('',#3684,#3689);
#3684 = PLANE('',#3685);
#3685 = AXIS2_PLACEMENT_3D('',#3686,#3687,#3688);
#3686 = CARTESIAN_POINT('',(15.,-1.5,35.));
#3687 = DIRECTION('',(0.,0.,-1.));
#3688 = DIRECTION('',(0.99503719021,9.9503719021E-02,0.));
#3689 = DEFINITIONAL_REPRESENTATION('',(#3690),#3694);
#3690 = LINE('',#3691,#3692);
#3691 = CARTESIAN_POINT('',(30.149626863363,-4.440892098501E-16));
#3692 = VECTOR('',#3693,1.);
#3693 = DIRECTION('',(-0.99503719021,-9.9503719021E-02));
#3694 = ( GEOMETRIC_REPRESENTATION_CONTEXT(2) 
PARAMETRIC_REPRESENTATION_CONTEXT() REPRESENTATION_CONTEXT('2D SPACE',''
  ) );
#3695 = ADVANCED_FACE('',(#3696),#594,.T.);
#3696 = FACE_BOUND('',#3697,.T.);
#3697 = EDGE_LOOP('',(#3698,#3699,#3700));
#3698 = ORIENTED_EDGE('',*,*,#3648,.F.);
#3699 = ORIENTED_EDGE('',*,*,#562,.T.);
#3700 = ORIENTED_EDGE('',*,*,#3701,.F.);
#3701 = EDGE_CURVE('',#3649,#24,#3702,.T.);
#3702 = SURFACE_CURVE('',#3703,(#3707,#3713),.PCURVE_S1.);
#3703 = LINE('',#3704,#3705);
#3704 = CARTESIAN_POINT('',(15.,1.5,35.));
#3705 = VECTOR('',#3706,1.);
#3706 = DIRECTION('',(0.,-1.,0.));
#3707 = PCURVE('',#594,#3708);
#3708 = DEFINITIONAL_REPRESENTATION('',(#3709),#3712);
#3709 = B_SPLINE_CURVE_WITH_KNOTS('',1,(#3710,#3711),.UNSPECIFIED.,.F.,
  .F.,(2,2),(0.,3.),.PIECEWISE_BEZIER_KNOTS.);
#3710 = CARTESIAN_POINT('',(0.,1.));
#3711 = CARTESIAN_POINT('',(8.,1.));
#3712 = ( GEOMETRIC_REPRESENTATION_CONTEXT(2) 
PARAMETRIC_REPRESENTATION_CONTEXT() REPRESENTATION_CONTEXT('2D SPACE',''
  ) );
#3713 = PCURVE('',#3684,#3714);
#3714 = DEFINITIONAL_REPRESENTATION('',(#3715),#3719);
#3715 = LINE('',#3716,#3717);
#3716 = CARTESIAN_POINT('',(0.298511157063,-2.98511157063));
#3717 = VECTOR('',#3718,1.);
#3718 = DIRECTION('',(-9.9503719021E-02,0.99503719021));
#3719 = ( GEOMETRIC_REPRESENTATION_CONTEXT(2) 
PARAMETRIC_REPRESENTATION_CONTEXT() REPRESENTATION_CONTEXT('2D SPACE',''
  ) );
#3720 = ADVANCED_FACE('',(#3721),#636,.T.);
#3721 = FACE_BOUND('',#3722,.F.);
#3722 = EDGE_LOOP('',(#3723,#3724,#3812,#3900,#3953,#3954,#4003,#4100));
#3723 = ORIENTED_EDGE('',*,*,#2311,.F.);
#3724 = ORIENTED_EDGE('',*,*,#3725,.F.);
#3725 = EDGE_CURVE('',#3726,#250,#3728,.T.);
#3726 = VERTEX_POINT('',#3727);
#3727 = CARTESIAN_POINT('',(14.170948380802,4.91774562057,3.29772485622)
  );
#3728 = SURFACE_CURVE('',#3729,(#3753,#3780),.PCURVE_S1.);
#3729 = B_SPLINE_CURVE_WITH_KNOTS('',8,(#3730,#3731,#3732,#3733,#3734,
    #3735,#3736,#3737,#3738,#3739,#3740,#3741,#3742,#3743,#3744,#3745,
    #3746,#3747,#3748,#3749,#3750,#3751,#3752),.UNSPECIFIED.,.F.,.F.,(9,
    7,7,9),(0.,0.600189197391,0.752613012605,1.),.UNSPECIFIED.);
#3730 = CARTESIAN_POINT('',(14.170948380802,4.91774562057,3.29772485622)
  );
#3731 = CARTESIAN_POINT('',(14.267464477159,4.639625375053,
    2.937246930266));
#3732 = CARTESIAN_POINT('',(14.360822693328,4.350463473021,
    2.584737145901));
#3733 = CARTESIAN_POINT('',(14.450932375686,4.048276067997,
    2.240474655455));
#3734 = CARTESIAN_POINT('',(14.537342531602,3.731237865574,1.90606867432
    ));
#3735 = CARTESIAN_POINT('',(14.619270575677,3.397720054815,
    1.584428745711));
#3736 = CARTESIAN_POINT('',(14.695588529824,3.046148553445,
    1.280008565271));
#3737 = CARTESIAN_POINT('',(14.764877590035,2.675099825324,
    0.998726979972));
#3738 = CARTESIAN_POINT('',(14.840668799081,2.182825005563,
    0.685596818648));
#3739 = CARTESIAN_POINT('',(14.855436581126,2.081810893713,
    0.624262505424));
#3740 = CARTESIAN_POINT('',(14.869589768431,1.979480563187,
    0.565161660457));
#3741 = CARTESIAN_POINT('',(14.883092474062,1.875848045204,0.50846253009
    ));
#3742 = CARTESIAN_POINT('',(14.895906710139,1.770943872725,0.4543470795)
  );
#3743 = CARTESIAN_POINT('',(14.907993498727,1.664816920604,
    0.403007200942));
#3744 = CARTESIAN_POINT('',(14.919313982748,1.557536245732,
    0.354640921977));
#3745 = CARTESIAN_POINT('',(14.946899120544,1.273349492606,
    0.236100567821));
#3746 = CARTESIAN_POINT('',(14.961862720952,1.09457635111,0.17105838166)
  );
#3747 = CARTESIAN_POINT('',(14.974539440047,0.913429670777,
    0.115267504423));
#3748 = CARTESIAN_POINT('',(14.984773047994,0.730583395312,
    6.961655057732E-02));
#3749 = CARTESIAN_POINT('',(14.992450784595,0.546834512451,
    3.486757237641E-02));
#3750 = CARTESIAN_POINT('',(14.997519480758,0.363104808306,
    1.157596438387E-02));
#3751 = CARTESIAN_POINT('',(15.,0.180439107626,0.));
#3752 = CARTESIAN_POINT('',(15.,0.,0.));
#3753 = PCURVE('',#636,#3754);
#3754 = DEFINITIONAL_REPRESENTATION('',(#3755),#3779);
#3755 = B_SPLINE_CURVE_WITH_KNOTS('',8,(#3756,#3757,#3758,#3759,#3760,
    #3761,#3762,#3763,#3764,#3765,#3766,#3767,#3768,#3769,#3770,#3771,
    #3772,#3773,#3774,#3775,#3776,#3777,#3778),.UNSPECIFIED.,.F.,.F.,(9,
    7,7,9),(0.,0.600189197391,0.752613012605,1.),.UNSPECIFIED.);
#3756 = CARTESIAN_POINT('',(-0.334026581762,-3.29772485622));
#3757 = CARTESIAN_POINT('',(-0.314400496193,-2.937246930266));
#3758 = CARTESIAN_POINT('',(-0.294148001927,-2.584737145901));
#3759 = CARTESIAN_POINT('',(-0.273134643302,-2.240474655456));
#3760 = CARTESIAN_POINT('',(-0.251240603932,-1.906068674319));
#3761 = CARTESIAN_POINT('',(-0.228360878608,-1.584428745711));
#3762 = CARTESIAN_POINT('',(-0.204393234675,-1.280008565271));
#3763 = CARTESIAN_POINT('',(-0.179241811466,-0.998726979972));
#3764 = CARTESIAN_POINT('',(-0.146036804779,-0.685596818648));
#3765 = CARTESIAN_POINT('',(-0.139231140195,-0.624262505424));
#3766 = CARTESIAN_POINT('',(-0.132344523538,-0.565161660457));
#3767 = CARTESIAN_POINT('',(-0.125377730501,-0.50846253009));
#3768 = CARTESIAN_POINT('',(-0.118332596384,-0.4543470795));
#3769 = CARTESIAN_POINT('',(-0.111212130386,-0.403007200942));
#3770 = CARTESIAN_POINT('',(-0.104020629895,-0.354640921977));
#3771 = CARTESIAN_POINT('',(-8.498580211022E-02,-0.236100567821));
#3772 = CARTESIAN_POINT('',(-7.302696588882E-02,-0.17105838166));
#3773 = CARTESIAN_POINT('',(-6.092287809674E-02,-0.115267504423));
#3774 = CARTESIAN_POINT('',(-4.871644567407E-02,-6.96165505773E-02));
#3775 = CARTESIAN_POINT('',(-3.645828444021E-02,-3.48675723764E-02));
#3776 = CARTESIAN_POINT('',(-2.420698831557E-02,-1.157596438389E-02));
#3777 = CARTESIAN_POINT('',(-1.202927384172E-02,0.));
#3778 = CARTESIAN_POINT('',(0.,0.));
#3779 = ( GEOMETRIC_REPRESENTATION_CONTEXT(2) 
PARAMETRIC_REPRESENTATION_CONTEXT() REPRESENTATION_CONTEXT('2D SPACE',''
  ) );
#3780 = PCURVE('',#3781,#3786);
#3781 = B_SPLINE_SURFACE_WITH_KNOTS('',1,1,(
    (#3782,#3783)
    ,(#3784,#3785
    )),.UNSPECIFIED.,.F.,.F.,.F.,(2,2),(2,2),(0.,8.),(0.,1.),
  .PIECEWISE_BEZIER_KNOTS.);
#3782 = CARTESIAN_POINT('',(15.,4.,0.));
#3783 = CARTESIAN_POINT('',(6.200961894323,13.740381056767,35.));
#3784 = CARTESIAN_POINT('',(15.,-4.,0.));
#3785 = CARTESIAN_POINT('',(8.799038105677,12.240381056767,35.));
#3786 = DEFINITIONAL_REPRESENTATION('',(#3787),#3811);
#3787 = B_SPLINE_CURVE_WITH_KNOTS('',8,(#3788,#3789,#3790,#3791,#3792,
    #3793,#3794,#3795,#3796,#3797,#3798,#3799,#3800,#3801,#3802,#3803,
    #3804,#3805,#3806,#3807,#3808,#3809,#3810),.UNSPECIFIED.,.F.,.F.,(9,
    7,7,9),(0.,0.600189197391,0.752613012605,1.),.UNSPECIFIED.);
#3788 = CARTESIAN_POINT('',(0.,9.422071017773E-02));
#3789 = CARTESIAN_POINT('',(0.192540253278,8.392134086474E-02));
#3790 = CARTESIAN_POINT('',(0.395450830497,7.384963274003E-02));
#3791 = CARTESIAN_POINT('',(0.610742041329,6.401356158447E-02));
#3792 = CARTESIAN_POINT('',(0.840570848045,5.445910498053E-02));
#3793 = CARTESIAN_POINT('',(1.087247875304,4.526939273463E-02));
#3794 = CARTESIAN_POINT('',(1.35356585294,3.657167329345E-02));
#3795 = CARTESIAN_POINT('',(1.642768641618,2.853505657063E-02));
#3796 = CARTESIAN_POINT('',(2.040569841535,1.95884805328E-02));
#3797 = CARTESIAN_POINT('',(2.122884288298,1.783607158353E-02));
#3798 = CARTESIAN_POINT('',(2.207003676097,1.614747601306E-02));
#3799 = CARTESIAN_POINT('',(2.292976833918,1.452750085971E-02));
#3800 = CARTESIAN_POINT('',(2.380843279355,1.298134512858E-02));
#3801 = CARTESIAN_POINT('',(2.470630717638,1.151449145547E-02));
#3802 = CARTESIAN_POINT('',(2.562352540666,1.013259777077E-02));
#3803 = CARTESIAN_POINT('',(2.808005723079,6.745730509163E-03));
#3804 = CARTESIAN_POINT('',(2.965205085629,4.887382333144E-03));
#3805 = CARTESIAN_POINT('',(3.127449936431,3.293357269242E-03));
#3806 = CARTESIAN_POINT('',(3.294481676531,1.989044302209E-03));
#3807 = CARTESIAN_POINT('',(3.465912592078,9.962163536116E-04));
#3808 = CARTESIAN_POINT('',(3.64119176569,3.307418395391E-04));
#3809 = CARTESIAN_POINT('',(3.819560892374,0.));
#3810 = CARTESIAN_POINT('',(4.,0.));
#3811 = ( GEOMETRIC_REPRESENTATION_CONTEXT(2) 
PARAMETRIC_REPRESENTATION_CONTEXT() REPRESENTATION_CONTEXT('2D SPACE',''
  ) );
#3812 = ORIENTED_EDGE('',*,*,#3813,.T.);
#3813 = EDGE_CURVE('',#3726,#3814,#3816,.T.);
#3814 = VERTEX_POINT('',#3815);
#3815 = CARTESIAN_POINT('',(6.327819016522,13.599952444554,
    34.495399471665));
#3816 = SURFACE_CURVE('',#3817,(#3841,#3868),.PCURVE_S1.);
#3817 = B_SPLINE_CURVE_WITH_KNOTS('',8,(#3818,#3819,#3820,#3821,#3822,
    #3823,#3824,#3825,#3826,#3827,#3828,#3829,#3830,#3831,#3832,#3833,
    #3834,#3835,#3836,#3837,#3838,#3839,#3840),.UNSPECIFIED.,.F.,.F.,(9,
    7,7,9),(0.,0.451814068874,0.725445317132,1.),.UNSPECIFIED.);
#3818 = CARTESIAN_POINT('',(14.170948380802,4.91774562057,3.29772485622)
  );
#3819 = CARTESIAN_POINT('',(13.991273018028,5.435497144872,
    5.075889857459));
#3820 = CARTESIAN_POINT('',(13.778469975524,5.978910820795,
    6.850343686922));
#3821 = CARTESIAN_POINT('',(13.528466069129,6.544065319315,
    8.621017157327));
#3822 = CARTESIAN_POINT('',(13.237704612869,7.125290065137,
    10.388065199243));
#3823 = CARTESIAN_POINT('',(12.903754249826,7.715057539852,
    12.151907084044));
#3824 = CARTESIAN_POINT('',(12.526372170391,8.304262809305,
    13.91321166274));
#3825 = CARTESIAN_POINT('',(12.107933997914,8.883706782395,
    15.672601928419));
#3826 = CARTESIAN_POINT('',(11.377253508243,9.785176488781,
    18.494988166506));
#3827 = CARTESIAN_POINT('',(11.088197354688,10.118615933444,
    19.559035031849));
#3828 = CARTESIAN_POINT('',(10.786665482492,10.443645492651,
    20.622647218928));
#3829 = CARTESIAN_POINT('',(10.47388720638,10.758595010234,
    21.685965086047));
#3830 = CARTESIAN_POINT('',(10.151297303119,11.062035479194,
    22.749152078584));
#3831 = CARTESIAN_POINT('',(9.820453070167,11.352830861644,
    23.812372996635));
#3832 = CARTESIAN_POINT('',(9.482945915149,11.630152477174,
    24.875776531766));
#3833 = CARTESIAN_POINT('',(8.796569111341,12.157645498316,
    27.006787582386));
#3834 = CARTESIAN_POINT('',(8.447658553754,12.407727590016,
    28.074416731396));
#3835 = CARTESIAN_POINT('',(8.095168328558,12.643155320585,
    29.142534947066));
#3836 = CARTESIAN_POINT('',(7.740621529788,12.863681706059,
    30.211301013298));
#3837 = CARTESIAN_POINT('',(7.385433170541,13.069320038983,
    31.280858985365));
#3838 = CARTESIAN_POINT('',(7.030867461109,13.26029888467,
    32.351331159296));
#3839 = CARTESIAN_POINT('',(6.678019162671,13.437010467116,
    33.422817206225));
#3840 = CARTESIAN_POINT('',(6.327819016522,13.599952444554,
    34.495399471665));
#3841 = PCURVE('',#636,#3842);
#3842 = DEFINITIONAL_REPRESENTATION('',(#3843),#3867);
#3843 = B_SPLINE_CURVE_WITH_KNOTS('',8,(#3844,#3845,#3846,#3847,#3848,
    #3849,#3850,#3851,#3852,#3853,#3854,#3855,#3856,#3857,#3858,#3859,
    #3860,#3861,#3862,#3863,#3864,#3865,#3866),.UNSPECIFIED.,.F.,.F.,(9,
    7,7,9),(0.,0.451814068874,0.725445317132,1.),.UNSPECIFIED.);
#3844 = CARTESIAN_POINT('',(-0.334026581762,-3.29772485622));
#3845 = CARTESIAN_POINT('',(-0.370562705555,-5.075889857459));
#3846 = CARTESIAN_POINT('',(-0.409439148882,-6.850343686922));
#3847 = CARTESIAN_POINT('',(-0.450572230838,-8.621017157329));
#3848 = CARTESIAN_POINT('',(-0.493797084171,-10.38806519923));
#3849 = CARTESIAN_POINT('',(-0.538853620006,-12.15190708404));
#3850 = CARTESIAN_POINT('',(-0.585381128008,-13.91321166274));
#3851 = CARTESIAN_POINT('',(-0.63295620925,-15.67260192841));
#3852 = CARTESIAN_POINT('',(-0.710316595596,-18.4949881665));
#3853 = CARTESIAN_POINT('',(-0.739719716979,-19.55903503184));
#3854 = CARTESIAN_POINT('',(-0.76924884597,-20.62264721892));
#3855 = CARTESIAN_POINT('',(-0.798806208102,-21.68596508604));
#3856 = CARTESIAN_POINT('',(-0.82829757035,-22.74915207858));
#3857 = CARTESIAN_POINT('',(-0.857635551588,-23.81237299663));
#3858 = CARTESIAN_POINT('',(-0.886741944074,-24.87577653176));
#3859 = CARTESIAN_POINT('',(-0.944452409297,-27.00678758238));
#3860 = CARTESIAN_POINT('',(-0.973055004196,-28.07441673139));
#3861 = CARTESIAN_POINT('',(-1.001288335832,-29.14253494706));
#3862 = CARTESIAN_POINT('',(-1.029095365984,-30.21130101329));
#3863 = CARTESIAN_POINT('',(-1.056430433098,-31.28085898536));
#3864 = CARTESIAN_POINT('',(-1.083258943054,-32.35133115929));
#3865 = CARTESIAN_POINT('',(-1.109556353925,-33.42281720622));
#3866 = CARTESIAN_POINT('',(-1.135306454712,-34.49539947166));
#3867 = ( GEOMETRIC_REPRESENTATION_CONTEXT(2) 
PARAMETRIC_REPRESENTATION_CONTEXT() REPRESENTATION_CONTEXT('2D SPACE',''
  ) );
#3868 = PCURVE('',#3869,#3874);
#3869 = B_SPLINE_SURFACE_WITH_KNOTS('',1,1,(
    (#3870,#3871)
    ,(#3872,#3873
    )),.UNSPECIFIED.,.F.,.F.,.F.,(2,2),(2,2),(0.,30.),(0.,1.),
  .PIECEWISE_BEZIER_KNOTS.);
#3870 = CARTESIAN_POINT('',(45.,4.,0.));
#3871 = CARTESIAN_POINT('',(21.200961894323,39.7211431703,35.));
#3872 = CARTESIAN_POINT('',(15.,4.,0.));
#3873 = CARTESIAN_POINT('',(6.200961894323,13.740381056767,35.));
#3874 = DEFINITIONAL_REPRESENTATION('',(#3875),#3899);
#3875 = B_SPLINE_CURVE_WITH_KNOTS('',8,(#3876,#3877,#3878,#3879,#3880,
    #3881,#3882,#3883,#3884,#3885,#3886,#3887,#3888,#3889,#3890,#3891,
    #3892,#3893,#3894,#3895,#3896,#3897,#3898),.UNSPECIFIED.,.F.,.F.,(9,
    7,7,9),(0.,0.451814068874,0.725445317132,1.),.UNSPECIFIED.);
#3876 = CARTESIAN_POINT('',(30.,9.422071017773E-02));
#3877 = CARTESIAN_POINT('',(29.719424745654,0.145025424499));
#3878 = CARTESIAN_POINT('',(29.45749782241,0.195724105341));
#3879 = CARTESIAN_POINT('',(29.220562671907,0.246314775924));
#3880 = CARTESIAN_POINT('',(29.015435832012,0.296801862835));
#3881 = CARTESIAN_POINT('',(28.848856635373,0.347197345259));
#3882 = CARTESIAN_POINT('',(28.726263945331,0.397520333221));
#3883 = CARTESIAN_POINT('',(28.650536714269,0.447788626526));
#3884 = CARTESIAN_POINT('',(28.604688283471,0.528428233329));
#3885 = CARTESIAN_POINT('',(28.604695866956,0.558829572339));
#3886 = CARTESIAN_POINT('',(28.622074055539,0.589218491969));
#3887 = CARTESIAN_POINT('',(28.656545065393,0.619599002458));
#3888 = CARTESIAN_POINT('',(28.707484328506,0.649975773674));
#3889 = CARTESIAN_POINT('',(28.77397548747,0.68035351419));
#3890 = CARTESIAN_POINT('',(28.854892083252,0.710736472336));
#3891 = CARTESIAN_POINT('',(29.043381537295,0.771622502354));
#3892 = CARTESIAN_POINT('',(29.15104490703,0.802126192326));
#3893 = CARTESIAN_POINT('',(29.270704272425,0.83264385563));
#3894 = CARTESIAN_POINT('',(29.4009647298,0.863180028951));
#3895 = CARTESIAN_POINT('',(29.540390521978,0.893738828153));
#3896 = CARTESIAN_POINT('',(29.687574380935,0.924323747408));
#3897 = CARTESIAN_POINT('',(29.841186052052,0.954937634464));
#3898 = CARTESIAN_POINT('',(30.,0.985582842048));
#3899 = ( GEOMETRIC_REPRESENTATION_CONTEXT(2) 
PARAMETRIC_REPRESENTATION_CONTEXT() REPRESENTATION_CONTEXT('2D SPACE',''
  ) );
#3900 = ORIENTED_EDGE('',*,*,#3901,.T.);
#3901 = EDGE_CURVE('',#3814,#22,#3902,.T.);
#3902 = SURFACE_CURVE('',#3903,(#3916,#3932),.PCURVE_S1.);
#3903 = B_SPLINE_CURVE_WITH_KNOTS('',6,(#3904,#3905,#3906,#3907,#3908,
    #3909,#3910,#3911,#3912,#3913,#3914,#3915),.UNSPECIFIED.,.F.,.F.,(7,
    5,7),(0.,0.504899974384,1.),.UNSPECIFIED.);
#3904 = CARTESIAN_POINT('',(6.327819016522,13.599952444554,
    34.495399471665));
#3905 = CARTESIAN_POINT('',(6.405634920549,13.563746071091,
    34.595752984357));
#3906 = CARTESIAN_POINT('',(6.490244445308,13.52372883291,
    34.681081037668));
#3907 = CARTESIAN_POINT('',(6.580458508638,13.480233079109,
    34.75245398195));
#3908 = CARTESIAN_POINT('',(6.675119635315,13.43360589592,
    34.811363250961));
#3909 = CARTESIAN_POINT('',(6.773319492048,13.384135358524,
    34.85920746629));
#3910 = CARTESIAN_POINT('',(6.973537438467,13.280896601057,
    34.934521164295));
#3911 = CARTESIAN_POINT('',(7.075419720603,13.227243330782,
    34.962358319025));
#3912 = CARTESIAN_POINT('',(7.179435011899,13.17123422908,
    34.981922455404));
#3913 = CARTESIAN_POINT('',(7.285095568548,13.113020587599,
    34.994197861978));
#3914 = CARTESIAN_POINT('',(7.392035648528,13.052714302984,
    34.99999999528));
#3915 = CARTESIAN_POINT('',(7.499999894615,12.990381117611,35.));
#3916 = PCURVE('',#636,#3917);
#3917 = DEFINITIONAL_REPRESENTATION('',(#3918),#3931);
#3918 = B_SPLINE_CURVE_WITH_KNOTS('',6,(#3919,#3920,#3921,#3922,#3923,
    #3924,#3925,#3926,#3927,#3928,#3929,#3930),.UNSPECIFIED.,.F.,.F.,(7,
    5,7),(0.,0.504899974384,1.),.UNSPECIFIED.);
#3919 = CARTESIAN_POINT('',(-1.135306454712,-34.49539947166));
#3920 = CARTESIAN_POINT('',(-1.129584677056,-34.59575298435));
#3921 = CARTESIAN_POINT('',(-1.123345088216,-34.68108103766));
#3922 = CARTESIAN_POINT('',(-1.116668575167,-34.75245398195));
#3923 = CARTESIAN_POINT('',(-1.109634205285,-34.81136325096));
#3924 = CARTESIAN_POINT('',(-1.10230406138,-34.85920746629));
#3925 = CARTESIAN_POINT('',(-1.087286225005,-34.93452116429));
#3926 = CARTESIAN_POINT('',(-1.07961009211,-34.96235831902));
#3927 = CARTESIAN_POINT('',(-1.071734849508,-34.9819224554));
#3928 = CARTESIAN_POINT('',(-1.06369304986,-34.99419786197));
#3929 = CARTESIAN_POINT('',(-1.055508650809,-34.99999999528));
#3930 = CARTESIAN_POINT('',(-1.047197559309,-35.));
#3931 = ( GEOMETRIC_REPRESENTATION_CONTEXT(2) 
PARAMETRIC_REPRESENTATION_CONTEXT() REPRESENTATION_CONTEXT('2D SPACE',''
  ) );
#3932 = PCURVE('',#3933,#3938);
#3933 = B_SPLINE_SURFACE_WITH_KNOTS('',1,1,(
    (#3934,#3935)
    ,(#3936,#3937
    )),.UNSPECIFIED.,.F.,.F.,.F.,(2,2),(2,2),(0.,8.),(0.,1.),
  .PIECEWISE_BEZIER_KNOTS.);
#3934 = CARTESIAN_POINT('',(15.,4.,0.));
#3935 = CARTESIAN_POINT('',(6.200961894323,13.740381056767,35.));
#3936 = CARTESIAN_POINT('',(15.,-4.,0.));
#3937 = CARTESIAN_POINT('',(8.799038105677,12.240381056767,35.));
#3938 = DEFINITIONAL_REPRESENTATION('',(#3939),#3952);
#3939 = B_SPLINE_CURVE_WITH_KNOTS('',6,(#3940,#3941,#3942,#3943,#3944,
    #3945,#3946,#3947,#3948,#3949,#3950,#3951),.UNSPECIFIED.,.F.,.F.,(7,
    5,7),(0.,0.504899974384,1.),.UNSPECIFIED.);
#3940 = CARTESIAN_POINT('',(0.,0.985582842048));
#3941 = CARTESIAN_POINT('',(0.321937384186,0.988450085267));
#3942 = CARTESIAN_POINT('',(0.651050192015,0.990888029648));
#3943 = CARTESIAN_POINT('',(0.985002258896,0.992927256627));
#3944 = CARTESIAN_POINT('',(1.321903793073,0.994610378599));
#3945 = CARTESIAN_POINT('',(1.660463124671,0.99597735618));
#3946 = CARTESIAN_POINT('',(2.332946845222,0.998129176123));
#3947 = CARTESIAN_POINT('',(2.66675008998,0.998924523401));
#3948 = CARTESIAN_POINT('',(3.000739820038,0.999483498726));
#3949 = CARTESIAN_POINT('',(3.334437491595,0.999834224628));
#3950 = CARTESIAN_POINT('',(3.66755601083,0.999999999865));
#3951 = CARTESIAN_POINT('',(3.999999675498,1.));
#3952 = ( GEOMETRIC_REPRESENTATION_CONTEXT(2) 
PARAMETRIC_REPRESENTATION_CONTEXT() REPRESENTATION_CONTEXT('2D SPACE',''
  ) );
#3953 = ORIENTED_EDGE('',*,*,#619,.T.);
#3954 = ORIENTED_EDGE('',*,*,#3955,.F.);
#3955 = EDGE_CURVE('',#3956,#620,#3958,.T.);
#3956 = VERTEX_POINT('',#3957);
#3957 = CARTESIAN_POINT('',(-6.065957493708,13.718752118342,
    34.724722601875));
#3958 = SURFACE_CURVE('',#3959,(#3970,#3984),.PCURVE_S1.);
#3959 = B_SPLINE_CURVE_WITH_KNOTS('',5,(#3960,#3961,#3962,#3963,#3964,
    #3965,#3966,#3967,#3968,#3969),.UNSPECIFIED.,.F.,.F.,(6,4,6),(0.,
    0.501903646639,1.),.UNSPECIFIED.);
#3960 = CARTESIAN_POINT('',(-6.065957493708,13.718752118342,
    34.724722601875));
#3961 = CARTESIAN_POINT('',(-6.219966610684,13.650654615803,
    34.773689034061));
#3962 = CARTESIAN_POINT('',(-6.371707838122,13.580976178289,
    34.818449925122));
#3963 = CARTESIAN_POINT('',(-6.521108070693,13.509837321854,
    34.858594661472));
#3964 = CARTESIAN_POINT('',(-6.668046453728,13.437387712175,
    34.893589970826));
#3965 = CARTESIAN_POINT('',(-6.955544815041,13.290832626093,
    34.951541685307));
#3966 = CARTESIAN_POINT('',(-7.09613584971,13.216748391445,
    34.97458590239));
#3967 = CARTESIAN_POINT('',(-7.233949758698,13.141773665974,
    34.991062946694));
#3968 = CARTESIAN_POINT('',(-7.368709133299,13.066181873999,35.));
#3969 = CARTESIAN_POINT('',(-7.5,12.990381056767,35.));
#3970 = PCURVE('',#636,#3971);
#3971 = DEFINITIONAL_REPRESENTATION('',(#3972),#3983);
#3972 = B_SPLINE_CURVE_WITH_KNOTS('',5,(#3973,#3974,#3975,#3976,#3977,
    #3978,#3979,#3980,#3981,#3982),.UNSPECIFIED.,.F.,.F.,(6,4,6),(0.,
    0.501903646639,1.),.UNSPECIFIED.);
#3973 = CARTESIAN_POINT('',(-1.987115926534,-34.72472260187));
#3974 = CARTESIAN_POINT('',(-1.998342101893,-34.77368903406));
#3975 = CARTESIAN_POINT('',(-2.00947262139,-34.81844992512));
#3976 = CARTESIAN_POINT('',(-2.020502721477,-34.85859466147));
#3977 = CARTESIAN_POINT('',(-2.031423660062,-34.89358997082));
#3978 = CARTESIAN_POINT('',(-2.052936829261,-34.9515416853));
#3979 = CARTESIAN_POINT('',(-2.063530262002,-34.97458590239));
#3980 = CARTESIAN_POINT('',(-2.073988265485,-34.99106294669));
#3981 = CARTESIAN_POINT('',(-2.084288326762,-35.));
#3982 = CARTESIAN_POINT('',(-2.094395102393,-35.));
#3983 = ( GEOMETRIC_REPRESENTATION_CONTEXT(2) 
PARAMETRIC_REPRESENTATION_CONTEXT() REPRESENTATION_CONTEXT('2D SPACE',''
  ) );
#3984 = PCURVE('',#3985,#3990);
#3985 = B_SPLINE_SURFACE_WITH_KNOTS('',1,1,(
    (#3986,#3987)
    ,(#3988,#3989
    )),.UNSPECIFIED.,.F.,.F.,.F.,(2,2),(2,2),(0.,8.),(0.,1.),
  .PIECEWISE_BEZIER_KNOTS.);
#3986 = CARTESIAN_POINT('',(4.035898384862,14.990381056767,0.));
#3987 = CARTESIAN_POINT('',(-8.799038105677,12.240381056767,35.));
#3988 = CARTESIAN_POINT('',(10.964101615138,10.990381056767,0.));
#3989 = CARTESIAN_POINT('',(-6.200961894323,13.740381056767,35.));
#3990 = DEFINITIONAL_REPRESENTATION('',(#3991),#4002);
#3991 = B_SPLINE_CURVE_WITH_KNOTS('',5,(#3992,#3993,#3994,#3995,#3996,
    #3997,#3998,#3999,#4000,#4001),.UNSPECIFIED.,.F.,.F.,(6,4,6),(0.,
    0.501903646639,1.),.UNSPECIFIED.);
#3992 = CARTESIAN_POINT('',(8.,0.992134931482));
#3993 = CARTESIAN_POINT('',(7.604899926074,0.993533972402));
#3994 = CARTESIAN_POINT('',(7.208150432479,0.994812855003));
#3995 = CARTESIAN_POINT('',(6.809734604482,0.995959847471));
#3996 = CARTESIAN_POINT('',(6.409673909166,0.996959713452));
#3997 = CARTESIAN_POINT('',(5.60937303797,0.998615476723));
#3998 = CARTESIAN_POINT('',(5.209182188846,0.999273882925));
#3999 = CARTESIAN_POINT('',(4.807428063205,0.99974465562));
#4000 = CARTESIAN_POINT('',(4.404271025237,1.));
#4001 = CARTESIAN_POINT('',(4.,1.));
#4002 = ( GEOMETRIC_REPRESENTATION_CONTEXT(2) 
PARAMETRIC_REPRESENTATION_CONTEXT() REPRESENTATION_CONTEXT('2D SPACE',''
  ) );
#4003 = ORIENTED_EDGE('',*,*,#4004,.T.);
#4004 = EDGE_CURVE('',#3956,#4005,#4007,.T.);
#4005 = VERTEX_POINT('',#4006);
#4006 = CARTESIAN_POINT('',(10.048097428855,11.137133296331,
    1.867755776274));
#4007 = SURFACE_CURVE('',#4008,(#4035,#4065),.PCURVE_S1.);
#4008 = B_SPLINE_CURVE_WITH_KNOTS('',7,(#4009,#4010,#4011,#4012,#4013,
    #4014,#4015,#4016,#4017,#4018,#4019,#4020,#4021,#4022,#4023,#4024,
    #4025,#4026,#4027,#4028,#4029,#4030,#4031,#4032,#4033,#4034),
  .UNSPECIFIED.,.F.,.F.,(8,6,6,6,8),(0.,0.254996542011,0.513025526877,
    0.756504918188,1.),.UNSPECIFIED.);
#4009 = CARTESIAN_POINT('',(-6.065957493708,13.718752118342,
    34.724722601875));
#4010 = CARTESIAN_POINT('',(-5.631070199491,13.911044231978,
    33.504030870452));
#4011 = CARTESIAN_POINT('',(-5.167109688775,14.096963433796,
    32.286996779705));
#4012 = CARTESIAN_POINT('',(-4.673432712434,14.273297525961,
    31.073416986857));
#4013 = CARTESIAN_POINT('',(-4.149981914821,14.436345318484,
    29.863059454938));
#4014 = CARTESIAN_POINT('',(-3.597527485804,14.58198967473,
    28.655626060293));
#4015 = CARTESIAN_POINT('',(-3.017959079233,14.705985259718,
    27.450747711843));
#4016 = CARTESIAN_POINT('',(-1.803488512485,14.904041691019,
    25.031102531064));
#4017 = CARTESIAN_POINT('',(-1.167963233007,14.977498644118,
    23.816295277231));
#4018 = CARTESIAN_POINT('',(-0.511011021696,15.020724420794,
    22.603559346548));
#4019 = CARTESIAN_POINT('',(0.162926422599,15.030038198212,
    21.392698823747));
#4020 = CARTESIAN_POINT('',(0.848254635782,15.002635509117,
    20.18345211136));
#4021 = CARTESIAN_POINT('',(1.538654048884,14.93713600272,
    18.975650487829));
#4022 = CARTESIAN_POINT('',(2.877886661667,14.736011989748,
    16.631171087106));
#4023 = CARTESIAN_POINT('',(3.526967566471,14.604535039518,
    15.49414904427));
#4024 = CARTESIAN_POINT('',(4.169550590117,14.439303992753,
    14.358406232049));
#4025 = CARTESIAN_POINT('',(4.80043039067,14.241538937111,
    13.223726832888));
#4026 = CARTESIAN_POINT('',(5.415037428139,14.013523728037,
    12.089753093103));
#4027 = CARTESIAN_POINT('',(6.009706265972,13.758219042738,
    10.95612268195));
#4028 = CARTESIAN_POINT('',(7.153694759545,13.199616060309,
    8.688849356331));
#4029 = CARTESIAN_POINT('',(7.703048642787,12.89629667268,7.555133150202
    ));
#4030 = CARTESIAN_POINT('',(8.22708085415,12.572217090769,6.420868843407
    ));
#4031 = CARTESIAN_POINT('',(8.724074331344,12.23092022924,5.285493542454
    ));
#4032 = CARTESIAN_POINT('',(9.193225496115,11.875895229157,
    4.148484559158));
#4033 = CARTESIAN_POINT('',(9.634429865956,11.510350700179,
    3.009378803056));
#4034 = CARTESIAN_POINT('',(10.048097428855,11.137133296331,
    1.867755776274));
#4035 = PCURVE('',#636,#4036);
#4036 = DEFINITIONAL_REPRESENTATION('',(#4037),#4064);
#4037 = B_SPLINE_CURVE_WITH_KNOTS('',7,(#4038,#4039,#4040,#4041,#4042,
    #4043,#4044,#4045,#4046,#4047,#4048,#4049,#4050,#4051,#4052,#4053,
    #4054,#4055,#4056,#4057,#4058,#4059,#4060,#4061,#4062,#4063),
  .UNSPECIFIED.,.F.,.F.,(8,6,6,6,8),(0.,0.254996542011,0.513025526877,
    0.756504918188,1.),.UNSPECIFIED.);
#4038 = CARTESIAN_POINT('',(-1.987115926534,-34.72472260187));
#4039 = CARTESIAN_POINT('',(-1.955415718639,-33.50403087045));
#4040 = CARTESIAN_POINT('',(-1.922114664932,-32.2869967797));
#4041 = CARTESIAN_POINT('',(-1.887208111134,-31.07341698686));
#4042 = CARTESIAN_POINT('',(-1.850716670606,-29.86305945493));
#4043 = CARTESIAN_POINT('',(-1.812693041533,-28.65562606029));
#4044 = CARTESIAN_POINT('',(-1.77322840656,-27.45074771184));
#4045 = CARTESIAN_POINT('',(-1.691194128969,-25.03110253106));
#4046 = CARTESIAN_POINT('',(-1.648589979167,-23.81629527723));
#4047 = CARTESIAN_POINT('',(-1.604785580402,-22.60355934654));
#4048 = CARTESIAN_POINT('',(-1.559964643199,-21.39269882374));
#4049 = CARTESIAN_POINT('',(-1.514347814098,-20.18345211135));
#4050 = CARTESIAN_POINT('',(-1.468183086339,-18.97565048782));
#4051 = CARTESIAN_POINT('',(-1.377899708769,-16.6311710871));
#4052 = CARTESIAN_POINT('',(-1.333805772578,-15.49414904427));
#4053 = CARTESIAN_POINT('',(-1.289668529125,-14.35840623204));
#4054 = CARTESIAN_POINT('',(-1.245698093916,-13.22372683288));
#4055 = CARTESIAN_POINT('',(-1.202084508119,-12.0897530931));
#4056 = CARTESIAN_POINT('',(-1.158991928805,-10.95612268195));
#4057 = CARTESIAN_POINT('',(-1.074119554936,-8.688849356331));
#4058 = CARTESIAN_POINT('',(-1.032337098316,-7.555133150203));
#4059 = CARTESIAN_POINT('',(-0.991339472715,-6.420868843403));
#4060 = CARTESIAN_POINT('',(-0.951225642335,-5.285493542458));
#4061 = CARTESIAN_POINT('',(-0.912064935208,-4.148484559156));
#4062 = CARTESIAN_POINT('',(-0.87390147549,-3.009378803056));
#4063 = CARTESIAN_POINT('',(-0.836758383826,-1.867755776274));
#4064 = ( GEOMETRIC_REPRESENTATION_CONTEXT(2) 
PARAMETRIC_REPRESENTATION_CONTEXT() REPRESENTATION_CONTEXT('2D SPACE',''
  ) );
#4065 = PCURVE('',#4066,#4071);
#4066 = B_SPLINE_SURFACE_WITH_KNOTS('',1,1,(
    (#4067,#4068)
    ,(#4069,#4070
    )),.UNSPECIFIED.,.F.,.F.,.F.,(2,2),(2,2),(0.,30.),(0.,1.),
  .PIECEWISE_BEZIER_KNOTS.);
#4067 = CARTESIAN_POINT('',(10.964101615138,10.990381056767,0.));
#4068 = CARTESIAN_POINT('',(-6.200961894323,13.740381056767,35.));
#4069 = CARTESIAN_POINT('',(25.964101615138,36.9711431703,0.));
#4070 = CARTESIAN_POINT('',(-21.20096189432,39.7211431703,35.));
#4071 = DEFINITIONAL_REPRESENTATION('',(#4072),#4099);
#4072 = B_SPLINE_CURVE_WITH_KNOTS('',7,(#4073,#4074,#4075,#4076,#4077,
    #4078,#4079,#4080,#4081,#4082,#4083,#4084,#4085,#4086,#4087,#4088,
    #4089,#4090,#4091,#4092,#4093,#4094,#4095,#4096,#4097,#4098),
  .UNSPECIFIED.,.F.,.F.,(8,6,6,6,8),(0.,0.254996542011,0.513025526877,
    0.756504918188,1.),.UNSPECIFIED.);
#4073 = CARTESIAN_POINT('',(0.,0.992134931482));
#4074 = CARTESIAN_POINT('',(0.332788859956,0.95725802487));
#4075 = CARTESIAN_POINT('',(0.657887070376,0.922485622277));
#4076 = CARTESIAN_POINT('',(0.97160395326,0.88781191391));
#4077 = CARTESIAN_POINT('',(1.269686794435,0.853230270141));
#4078 = CARTESIAN_POINT('',(1.547408581713,0.818732173151));
#4079 = CARTESIAN_POINT('',(1.799900710841,0.784307077481));
#4080 = CARTESIAN_POINT('',(2.24812244671,0.71517435803));
#4081 = CARTESIAN_POINT('',(2.443158404931,0.68046557935));
#4082 = CARTESIAN_POINT('',(2.603098483623,0.64581598133));
#4083 = CARTESIAN_POINT('',(2.723710209374,0.611219966393));
#4084 = CARTESIAN_POINT('',(2.801778996153,0.576670060325));
#4085 = CARTESIAN_POINT('',(2.835726259669,0.542161442509));
#4086 = CARTESIAN_POINT('',(2.816194595672,0.475176316774));
#4087 = CARTESIAN_POINT('',(2.767536087707,0.442689972693));
#4088 = CARTESIAN_POINT('',(2.679785646223,0.410240178058));
#4089 = CARTESIAN_POINT('',(2.554371687457,0.377820766654));
#4090 = CARTESIAN_POINT('',(2.393963838254,0.345421516946));
#4091 = CARTESIAN_POINT('',(2.202013667167,0.313032076627));
#4092 = CARTESIAN_POINT('',(1.762696209953,0.248252838752));
#4093 = CARTESIAN_POINT('',(1.51531122011,0.215860947149));
#4094 = CARTESIAN_POINT('',(1.244004149992,0.183453395526));
#4095 = CARTESIAN_POINT('',(0.952917074408,0.151014101213));
#4096 = CARTESIAN_POINT('',(0.64612632808,0.118528130262));
#4097 = CARTESIAN_POINT('',(0.327378908868,8.598225151589E-02));
#4098 = CARTESIAN_POINT('',(0.,5.336445075069E-02));
#4099 = ( GEOMETRIC_REPRESENTATION_CONTEXT(2) 
PARAMETRIC_REPRESENTATION_CONTEXT() REPRESENTATION_CONTEXT('2D SPACE',''
  ) );
#4100 = ORIENTED_EDGE('',*,*,#4101,.T.);
#4101 = EDGE_CURVE('',#4005,#2312,#4102,.T.);
#4102 = SURFACE_CURVE('',#4103,(#4118,#4136),.PCURVE_S1.);
#4103 = B_SPLINE_CURVE_WITH_KNOTS('',7,(#4104,#4105,#4106,#4107,#4108,
    #4109,#4110,#4111,#4112,#4113,#4114,#4115,#4116,#4117),
  .UNSPECIFIED.,.F.,.F.,(8,6,8),(0.,0.565890768187,1.),.UNSPECIFIED.);
#4104 = CARTESIAN_POINT('',(10.048097428855,11.137133296331,
    1.867755776274));
#4105 = CARTESIAN_POINT('',(9.918022648227,11.254488816285,
    1.632520988098));
#4106 = CARTESIAN_POINT('',(9.777846118221,11.377743191748,1.40493757966
    ));
#4107 = CARTESIAN_POINT('',(9.626170168189,11.507400807842,
    1.186121726762));
#4108 = CARTESIAN_POINT('',(9.461478653477,11.643844179865,
    0.978108020316));
#4109 = CARTESIAN_POINT('',(9.282140163358,11.787275739964,
    0.783877673986));
#4110 = CARTESIAN_POINT('',(9.086408278352,11.937655484595,
    0.607392508161));
#4111 = CARTESIAN_POINT('',(8.70826215291,12.215057073406,0.335683184463
    ));
#4112 = CARTESIAN_POINT('',(8.533332397418,12.339384388637,
    0.231085420578));
#4113 = CARTESIAN_POINT('',(8.347183869581,12.467165679836,
    0.142389667709));
#4114 = CARTESIAN_POINT('',(8.1497572904,12.597588770238,
    7.249324772153E-02));
#4115 = CARTESIAN_POINT('',(7.941568206153,12.729431555462,
    2.428908761708E-02));
#4116 = CARTESIAN_POINT('',(7.724030403783,12.861037042844,
    -3.219820965488E-11));
#4117 = CARTESIAN_POINT('',(7.499999999654,12.990381056967,0.));
#4118 = PCURVE('',#636,#4119);
#4119 = DEFINITIONAL_REPRESENTATION('',(#4120),#4135);
#4120 = B_SPLINE_CURVE_WITH_KNOTS('',7,(#4121,#4122,#4123,#4124,#4125,
    #4126,#4127,#4128,#4129,#4130,#4131,#4132,#4133,#4134),
  .UNSPECIFIED.,.F.,.F.,(8,6,8),(0.,0.565890768187,1.),.UNSPECIFIED.);
#4121 = CARTESIAN_POINT('',(-0.836758383826,-1.867755776274));
#4122 = CARTESIAN_POINT('',(-0.84843776102,-1.632520988098));
#4123 = CARTESIAN_POINT('',(-0.86088059597,-1.40493757966));
#4124 = CARTESIAN_POINT('',(-0.874181169451,-1.186121726762));
#4125 = CARTESIAN_POINT('',(-0.888435809626,-0.978108020316));
#4126 = CARTESIAN_POINT('',(-0.903740917543,-0.783877673986));
#4127 = CARTESIAN_POINT('',(-0.920192201722,-0.607392508161));
#4128 = CARTESIAN_POINT('',(-0.951457811772,-0.335683184463));
#4129 = CARTESIAN_POINT('',(-0.96576357037,-0.231085420578));
#4130 = CARTESIAN_POINT('',(-0.980812660107,-0.142389667709));
#4131 = CARTESIAN_POINT('',(-0.996582338811,-7.249324772151E-02));
#4132 = CARTESIAN_POINT('',(-1.013005283154,-2.428908761709E-02));
#4133 = CARTESIAN_POINT('',(-1.029951682673,3.219824407097E-11));
#4134 = CARTESIAN_POINT('',(-1.047197551223,0.));
#4135 = ( GEOMETRIC_REPRESENTATION_CONTEXT(2) 
PARAMETRIC_REPRESENTATION_CONTEXT() REPRESENTATION_CONTEXT('2D SPACE',''
  ) );
#4136 = PCURVE('',#4137,#4142);
#4137 = B_SPLINE_SURFACE_WITH_KNOTS('',1,1,(
    (#4138,#4139)
    ,(#4140,#4141
    )),.UNSPECIFIED.,.F.,.F.,.F.,(2,2),(2,2),(0.,8.),(0.,1.),
  .PIECEWISE_BEZIER_KNOTS.);
#4138 = CARTESIAN_POINT('',(4.035898384862,14.990381056767,0.));
#4139 = CARTESIAN_POINT('',(-8.799038105677,12.240381056767,35.));
#4140 = CARTESIAN_POINT('',(10.964101615138,10.990381056767,0.));
#4141 = CARTESIAN_POINT('',(-6.200961894323,13.740381056767,35.));
#4142 = DEFINITIONAL_REPRESENTATION('',(#4143),#4158);
#4143 = B_SPLINE_CURVE_WITH_KNOTS('',7,(#4144,#4145,#4146,#4147,#4148,
    #4149,#4150,#4151,#4152,#4153,#4154,#4155,#4156,#4157),
  .UNSPECIFIED.,.F.,.F.,(8,6,8),(0.,0.565890768187,1.),.UNSPECIFIED.);
#4144 = CARTESIAN_POINT('',(8.,5.336445075069E-02));
#4145 = CARTESIAN_POINT('',(7.706810376442,4.664345680281E-02));
#4146 = CARTESIAN_POINT('',(7.409009097225,4.014107370458E-02));
#4147 = CARTESIAN_POINT('',(7.105490670876,3.38891921932E-02));
#4148 = CARTESIAN_POINT('',(6.7955289315,2.794594343759E-02));
#4149 = CARTESIAN_POINT('',(6.478712399404,2.239650497103E-02));
#4150 = CARTESIAN_POINT('',(6.154871737401,1.735407166174E-02));
#4151 = CARTESIAN_POINT('',(5.570178624834,9.59094812752E-03));
#4152 = CARTESIAN_POINT('',(5.312175238552,6.602440587939E-03));
#4153 = CARTESIAN_POINT('',(5.050606221085,4.068276220244E-03));
#4154 = CARTESIAN_POINT('',(4.786621091639,2.071235649186E-03));
#4155 = CARTESIAN_POINT('',(4.521899046351,6.939739319168E-04));
#4156 = CARTESIAN_POINT('',(4.258688027846,-9.199488199013E-13));
#4157 = CARTESIAN_POINT('',(3.9999999996,0.));
#4158 = ( GEOMETRIC_REPRESENTATION_CONTEXT(2) 
PARAMETRIC_REPRESENTATION_CONTEXT() REPRESENTATION_CONTEXT('2D SPACE',''
  ) );
#4159 = ADVANCED_FACE('',(#4160),#762,.T.);
#4160 = FACE_BOUND('',#4161,.F.);
#4161 = EDGE_LOOP('',(#4162,#4163,#4212,#4309,#4368,#4369,#4457,#4545));
#4162 = ORIENTED_EDGE('',*,*,#743,.F.);
#4163 = ORIENTED_EDGE('',*,*,#4164,.F.);
#4164 = EDGE_CURVE('',#4165,#24,#4167,.T.);
#4165 = VERTEX_POINT('',#4166);
#4166 = CARTESIAN_POINT('',(14.91376658956,-1.606102771343,
    34.724722601875));
#4167 = SURFACE_CURVE('',#4168,(#4179,#4193),.PCURVE_S1.);
#4168 = B_SPLINE_CURVE_WITH_KNOTS('',5,(#4169,#4170,#4171,#4172,#4173,
    #4174,#4175,#4176,#4177,#4178),.UNSPECIFIED.,.F.,.F.,(6,4,6),(0.,
    0.501903646639,1.),.UNSPECIFIED.);
#4169 = CARTESIAN_POINT('',(14.91376658956,-1.606102771343,
    34.724722601875));
#4170 = CARTESIAN_POINT('',(14.931796980915,-1.438678212358,
    34.773689034061));
#4171 = CARTESIAN_POINT('',(14.947324297651,-1.272427235839,
    34.818449925123));
#4172 = CARTESIAN_POINT('',(14.960416357068,-1.107473410883,
    34.858594661472));
#4173 = CARTESIAN_POINT('',(14.971142346109,-0.943996233545,
    34.893589970826));
#4174 = CARTESIAN_POINT('',(14.987971099164,-0.62173780606,
    34.951541685307));
#4175 = CARTESIAN_POINT('',(14.994107787274,-0.462940281168,
    34.97458590239));
#4176 = CARTESIAN_POINT('',(14.998084724868,-0.306102572254,
    34.991062946694));
#4177 = CARTESIAN_POINT('',(15.,-0.151601634464,35.));
#4178 = CARTESIAN_POINT('',(15.,0.,35.));
#4179 = PCURVE('',#762,#4180);
#4180 = DEFINITIONAL_REPRESENTATION('',(#4181),#4192);
#4181 = B_SPLINE_CURVE_WITH_KNOTS('',5,(#4182,#4183,#4184,#4185,#4186,
    #4187,#4188,#4189,#4190,#4191),.UNSPECIFIED.,.F.,.F.,(6,4,6),(0.,
    0.501903646639,1.),.UNSPECIFIED.);
#4182 = CARTESIAN_POINT('',(-6.175906131321,-34.72472260187));
#4183 = CARTESIAN_POINT('',(-6.187132306679,-34.77368903406));
#4184 = CARTESIAN_POINT('',(-6.198262826177,-34.81844992512));
#4185 = CARTESIAN_POINT('',(-6.209292926264,-34.85859466147));
#4186 = CARTESIAN_POINT('',(-6.220213864849,-34.89358997082));
#4187 = CARTESIAN_POINT('',(-6.241727034047,-34.9515416853));
#4188 = CARTESIAN_POINT('',(-6.252320466789,-34.97458590239));
#4189 = CARTESIAN_POINT('',(-6.262778470271,-34.99106294669));
#4190 = CARTESIAN_POINT('',(-6.273078531549,-35.));
#4191 = CARTESIAN_POINT('',(-6.28318530718,-35.));
#4192 = ( GEOMETRIC_REPRESENTATION_CONTEXT(2) 
PARAMETRIC_REPRESENTATION_CONTEXT() REPRESENTATION_CONTEXT('2D SPACE',''
  ) );
#4193 = PCURVE('',#4194,#4199);
#4194 = B_SPLINE_SURFACE_WITH_KNOTS('',1,1,(
    (#4195,#4196)
    ,(#4197,#4198
    )),.UNSPECIFIED.,.F.,.F.,.F.,(2,2),(2,2),(0.,8.),(0.,1.),
  .PIECEWISE_BEZIER_KNOTS.);
#4195 = CARTESIAN_POINT('',(10.964101615138,-10.99038105676,0.));
#4196 = CARTESIAN_POINT('',(15.,1.5,35.));
#4197 = CARTESIAN_POINT('',(4.035898384862,-14.99038105676,0.));
#4198 = CARTESIAN_POINT('',(15.,-1.5,35.));
#4199 = DEFINITIONAL_REPRESENTATION('',(#4200),#4211);
#4200 = B_SPLINE_CURVE_WITH_KNOTS('',5,(#4201,#4202,#4203,#4204,#4205,
    #4206,#4207,#4208,#4209,#4210),.UNSPECIFIED.,.F.,.F.,(6,4,6),(0.,
    0.501903646639,1.),.UNSPECIFIED.);
#4201 = CARTESIAN_POINT('',(8.,0.992134931482));
#4202 = CARTESIAN_POINT('',(7.604899926074,0.993533972402));
#4203 = CARTESIAN_POINT('',(7.208150432479,0.994812855004));
#4204 = CARTESIAN_POINT('',(6.809734604482,0.995959847471));
#4205 = CARTESIAN_POINT('',(6.409673909166,0.996959713452));
#4206 = CARTESIAN_POINT('',(5.60937303797,0.998615476723));
#4207 = CARTESIAN_POINT('',(5.209182188846,0.999273882925));
#4208 = CARTESIAN_POINT('',(4.807428063205,0.99974465562));
#4209 = CARTESIAN_POINT('',(4.404271025237,1.));
#4210 = CARTESIAN_POINT('',(4.,1.));
#4211 = ( GEOMETRIC_REPRESENTATION_CONTEXT(2) 
PARAMETRIC_REPRESENTATION_CONTEXT() REPRESENTATION_CONTEXT('2D SPACE',''
  ) );
#4212 = ORIENTED_EDGE('',*,*,#4213,.T.);
#4213 = EDGE_CURVE('',#4165,#4214,#4216,.T.);
#4214 = VERTEX_POINT('',#4215);
#4215 = CARTESIAN_POINT('',(4.620991645529,-14.27047428125,
    1.867755776274));
#4216 = SURFACE_CURVE('',#4217,(#4244,#4274),.PCURVE_S1.);
#4217 = B_SPLINE_CURVE_WITH_KNOTS('',7,(#4218,#4219,#4220,#4221,#4222,
    #4223,#4224,#4225,#4226,#4227,#4228,#4229,#4230,#4231,#4232,#4233,
    #4234,#4235,#4236,#4237,#4238,#4239,#4240,#4241,#4242,#4243),
  .UNSPECIFIED.,.F.,.F.,(8,6,6,6,8),(0.,0.254996542011,0.513025526877,
    0.756504918189,1.),.UNSPECIFIED.);
#4218 = CARTESIAN_POINT('',(14.91376658956,-1.606102771343,
    34.724722601875));
#4219 = CARTESIAN_POINT('',(14.862852797807,-2.078872272736,
    33.504030870453));
#4220 = CARTESIAN_POINT('',(14.791883294277,-2.57363346228,
    32.286996779704));
#4221 = CARTESIAN_POINT('',(14.697754609469,-3.089337311132,
    31.073416986856));
#4222 = CARTESIAN_POINT('',(14.577232741026,-3.624182895764,
    29.863059454941));
#4223 = CARTESIAN_POINT('',(14.427137238939,-4.175444643846,
    28.655626060291));
#4224 = CARTESIAN_POINT('',(14.244736362212,-4.739363399661,
    27.450747711843));
#4225 = CARTESIAN_POINT('',(13.809022979726,-5.890153978265,
    25.031102531061));
#4226 = CARTESIAN_POINT('',(13.554875927457,-6.477263491587,
    23.816295277234));
#4227 = CARTESIAN_POINT('',(13.263834442499,-7.067813683999,
    22.603559346537));
#4228 = CARTESIAN_POINT('',(12.934931688201,-7.656117520025,
    21.392698823746));
#4229 = CARTESIAN_POINT('',(12.568536156721,-8.235927818027,
    20.183452111351));
#4230 = CARTESIAN_POINT('',(12.166612213694,-8.801081495333,
    18.975650487821));
#4231 = CARTESIAN_POINT('',(11.322817402757,-9.860328953094,
    16.631171087096));
#4232 = CARTESIAN_POINT('',(10.884414571444,-10.35671103065,
    15.494149044261));
#4233 = CARTESIAN_POINT('',(10.420028775626,-10.83058872978,
    14.358406232038));
#4234 = CARTESIAN_POINT('',(9.933319313186,-11.27806413597,
    13.223726832882));
#4235 = CARTESIAN_POINT('',(9.428548830941,-11.69632183923,
    12.08975309309));
#4236 = CARTESIAN_POINT('',(8.910114068852,-12.08366781698,
    10.956122681942));
#4237 = CARTESIAN_POINT('',(7.854355448653,-12.79508942284,
    8.688849356324));
#4238 = CARTESIAN_POINT('',(7.316996211883,-13.11918414758,
    7.555133150191));
#4239 = CARTESIAN_POINT('',(6.774318955425,-13.41096956406,
    6.420868843409));
#4240 = CARTESIAN_POINT('',(6.230250464505,-13.67073011007,
    5.285493542441));
#4241 = CARTESIAN_POINT('',(5.688214213077,-13.89951443693,
    4.148484559161));
#4242 = CARTESIAN_POINT('',(5.151041179843,-14.09883636498,
    3.009378803053));
#4243 = CARTESIAN_POINT('',(4.620991645529,-14.27047428125,
    1.867755776274));
#4244 = PCURVE('',#762,#4245);
#4245 = DEFINITIONAL_REPRESENTATION('',(#4246),#4273);
#4246 = B_SPLINE_CURVE_WITH_KNOTS('',7,(#4247,#4248,#4249,#4250,#4251,
    #4252,#4253,#4254,#4255,#4256,#4257,#4258,#4259,#4260,#4261,#4262,
    #4263,#4264,#4265,#4266,#4267,#4268,#4269,#4270,#4271,#4272),
  .UNSPECIFIED.,.F.,.F.,(8,6,6,6,8),(0.,0.254996542011,0.513025526877,
    0.756504918189,1.),.UNSPECIFIED.);
#4247 = CARTESIAN_POINT('',(-6.175906131321,-34.72472260187));
#4248 = CARTESIAN_POINT('',(-6.144205923425,-33.50403087045));
#4249 = CARTESIAN_POINT('',(-6.110904869718,-32.28699677969));
#4250 = CARTESIAN_POINT('',(-6.075998315921,-31.07341698686));
#4251 = CARTESIAN_POINT('',(-6.039506875392,-29.86305945493));
#4252 = CARTESIAN_POINT('',(-6.001483246319,-28.65562606029));
#4253 = CARTESIAN_POINT('',(-5.962018611347,-27.45074771184));
#4254 = CARTESIAN_POINT('',(-5.879984333755,-25.03110253106));
#4255 = CARTESIAN_POINT('',(-5.837380183953,-23.81629527723));
#4256 = CARTESIAN_POINT('',(-5.793575785188,-22.60355934653));
#4257 = CARTESIAN_POINT('',(-5.748754847985,-21.39269882374));
#4258 = CARTESIAN_POINT('',(-5.703138018884,-20.18345211135));
#4259 = CARTESIAN_POINT('',(-5.656973291125,-18.97565048782));
#4260 = CARTESIAN_POINT('',(-5.566689913555,-16.63117108709));
#4261 = CARTESIAN_POINT('',(-5.522595977364,-15.49414904426));
#4262 = CARTESIAN_POINT('',(-5.478458733911,-14.35840623203));
#4263 = CARTESIAN_POINT('',(-5.434488298701,-13.22372683288));
#4264 = CARTESIAN_POINT('',(-5.390874712905,-12.08975309309));
#4265 = CARTESIAN_POINT('',(-5.347782133591,-10.95612268194));
#4266 = CARTESIAN_POINT('',(-5.262909759722,-8.688849356324));
#4267 = CARTESIAN_POINT('',(-5.221127303102,-7.555133150193));
#4268 = CARTESIAN_POINT('',(-5.180129677502,-6.420868843405));
#4269 = CARTESIAN_POINT('',(-5.140015847121,-5.285493542445));
#4270 = CARTESIAN_POINT('',(-5.100855139995,-4.14848455916));
#4271 = CARTESIAN_POINT('',(-5.062691680276,-3.009378803053));
#4272 = CARTESIAN_POINT('',(-5.025548588612,-1.867755776274));
#4273 = ( GEOMETRIC_REPRESENTATION_CONTEXT(2) 
PARAMETRIC_REPRESENTATION_CONTEXT() REPRESENTATION_CONTEXT('2D SPACE',''
  ) );
#4274 = PCURVE('',#4275,#4280);
#4275 = B_SPLINE_SURFACE_WITH_KNOTS('',1,1,(
    (#4276,#4277)
    ,(#4278,#4279
    )),.UNSPECIFIED.,.F.,.F.,.F.,(2,2),(2,2),(0.,30.),(0.,1.),
  .PIECEWISE_BEZIER_KNOTS.);
#4276 = CARTESIAN_POINT('',(4.035898384862,-14.99038105676,0.));
#4277 = CARTESIAN_POINT('',(15.,-1.5,35.));
#4278 = CARTESIAN_POINT('',(19.035898384862,-40.9711431703,0.));
#4279 = CARTESIAN_POINT('',(45.,-1.5,35.));
#4280 = DEFINITIONAL_REPRESENTATION('',(#4281),#4308);
#4281 = B_SPLINE_CURVE_WITH_KNOTS('',7,(#4282,#4283,#4284,#4285,#4286,
    #4287,#4288,#4289,#4290,#4291,#4292,#4293,#4294,#4295,#4296,#4297,
    #4298,#4299,#4300,#4301,#4302,#4303,#4304,#4305,#4306,#4307),
  .UNSPECIFIED.,.F.,.F.,(8,6,6,6,8),(0.,0.254996542011,0.513025526877,
    0.756504918189,1.),.UNSPECIFIED.);
#4282 = CARTESIAN_POINT('',(0.,0.992134931482));
#4283 = CARTESIAN_POINT('',(0.332788859956,0.95725802487));
#4284 = CARTESIAN_POINT('',(0.657887070377,0.922485622277));
#4285 = CARTESIAN_POINT('',(0.971603953259,0.887811913911));
#4286 = CARTESIAN_POINT('',(1.269686794435,0.853230270141));
#4287 = CARTESIAN_POINT('',(1.547408581713,0.818732173151));
#4288 = CARTESIAN_POINT('',(1.799900710841,0.784307077481));
#4289 = CARTESIAN_POINT('',(2.24812244671,0.71517435803));
#4290 = CARTESIAN_POINT('',(2.443158404931,0.68046557935));
#4291 = CARTESIAN_POINT('',(2.603098483624,0.64581598133));
#4292 = CARTESIAN_POINT('',(2.723710209375,0.611219966393));
#4293 = CARTESIAN_POINT('',(2.801778996154,0.576670060324));
#4294 = CARTESIAN_POINT('',(2.83572625967,0.542161442509));
#4295 = CARTESIAN_POINT('',(2.816194595671,0.475176316774));
#4296 = CARTESIAN_POINT('',(2.767536087707,0.442689972693));
#4297 = CARTESIAN_POINT('',(2.679785646222,0.410240178058));
#4298 = CARTESIAN_POINT('',(2.554371687456,0.377820766654));
#4299 = CARTESIAN_POINT('',(2.393963838252,0.345421516945));
#4300 = CARTESIAN_POINT('',(2.202013667166,0.313032076627));
#4301 = CARTESIAN_POINT('',(1.762696209951,0.248252838752));
#4302 = CARTESIAN_POINT('',(1.515311220108,0.215860947148));
#4303 = CARTESIAN_POINT('',(1.244004149992,0.183453395526));
#4304 = CARTESIAN_POINT('',(0.952917074406,0.151014101213));
#4305 = CARTESIAN_POINT('',(0.646126328081,0.118528130262));
#4306 = CARTESIAN_POINT('',(0.327378908868,8.59822515158E-02));
#4307 = CARTESIAN_POINT('',(0.,5.336445075069E-02));
#4308 = ( GEOMETRIC_REPRESENTATION_CONTEXT(2) 
PARAMETRIC_REPRESENTATION_CONTEXT() REPRESENTATION_CONTEXT('2D SPACE',''
  ) );
#4309 = ORIENTED_EDGE('',*,*,#4310,.T.);
#4310 = EDGE_CURVE('',#4214,#311,#4311,.T.);
#4311 = SURFACE_CURVE('',#4312,(#4327,#4345),.PCURVE_S1.);
#4312 = B_SPLINE_CURVE_WITH_KNOTS('',7,(#4313,#4314,#4315,#4316,#4317,
    #4318,#4319,#4320,#4321,#4322,#4323,#4324,#4325,#4326),
  .UNSPECIFIED.,.F.,.F.,(8,6,8),(0.,0.565890768188,1.),.UNSPECIFIED.);
#4313 = CARTESIAN_POINT('',(4.620991645529,-14.27047428125,
    1.867755776274));
#4314 = CARTESIAN_POINT('',(4.787661897397,-14.21650397681,
    1.632520988098));
#4315 = CARTESIAN_POINT('',(4.964491582679,-14.15673472854,1.40493757966
    ));
#4316 = CARTESIAN_POINT('',(5.152616347027,-14.09020831072,
    1.186121726762));
#4317 = CARTESIAN_POINT('',(5.353125530732,-14.0158029612,0.978108020316
    ));
#4318 = CARTESIAN_POINT('',(5.567010150542,-13.93220705293,
    0.783877673986));
#4319 = CARTESIAN_POINT('',(5.79510877211,-13.8378881405,0.607392508161)
  );
#4320 = CARTESIAN_POINT('',(6.224418657792,-13.64910478393,
    0.335683184463));
#4321 = CARTESIAN_POINT('',(6.419554148911,-13.55977482941,
    0.231085420578));
#4322 = CARTESIAN_POINT('',(6.623290257138,-13.46245612103,
    0.142389667708));
#4323 = CARTESIAN_POINT('',(6.834953256255,-13.35669123328,
    7.249324772167E-02));
#4324 = CARTESIAN_POINT('',(7.053226999689,-13.24231559014,
    2.428908761702E-02));
#4325 = CARTESIAN_POINT('',(7.275969596224,-13.1197250707,
    -3.219827818985E-11));
#4326 = CARTESIAN_POINT('',(7.500000000346,-12.99038105656,0.));
#4327 = PCURVE('',#762,#4328);
#4328 = DEFINITIONAL_REPRESENTATION('',(#4329),#4344);
#4329 = B_SPLINE_CURVE_WITH_KNOTS('',7,(#4330,#4331,#4332,#4333,#4334,
    #4335,#4336,#4337,#4338,#4339,#4340,#4341,#4342,#4343),
  .UNSPECIFIED.,.F.,.F.,(8,6,8),(0.,0.565890768188,1.),.UNSPECIFIED.);
#4330 = CARTESIAN_POINT('',(-5.025548588612,-1.867755776274));
#4331 = CARTESIAN_POINT('',(-5.037227965806,-1.632520988098));
#4332 = CARTESIAN_POINT('',(-5.049670800756,-1.40493757966));
#4333 = CARTESIAN_POINT('',(-5.062971374237,-1.186121726762));
#4334 = CARTESIAN_POINT('',(-5.077226014412,-0.978108020316));
#4335 = CARTESIAN_POINT('',(-5.09253112233,-0.783877673986));
#4336 = CARTESIAN_POINT('',(-5.108982406508,-0.607392508161));
#4337 = CARTESIAN_POINT('',(-5.140248016559,-0.335683184463));
#4338 = CARTESIAN_POINT('',(-5.154553775157,-0.231085420578));
#4339 = CARTESIAN_POINT('',(-5.169602864893,-0.142389667708));
#4340 = CARTESIAN_POINT('',(-5.185372543597,-7.249324772161E-02));
#4341 = CARTESIAN_POINT('',(-5.20179548794,-2.428908761705E-02));
#4342 = CARTESIAN_POINT('',(-5.218741887459,3.219824407097E-11));
#4343 = CARTESIAN_POINT('',(-5.23598775601,0.));
#4344 = ( GEOMETRIC_REPRESENTATION_CONTEXT(2) 
PARAMETRIC_REPRESENTATION_CONTEXT() REPRESENTATION_CONTEXT('2D SPACE',''
  ) );
#4345 = PCURVE('',#4346,#4351);
#4346 = B_SPLINE_SURFACE_WITH_KNOTS('',1,1,(
    (#4347,#4348)
    ,(#4349,#4350
    )),.UNSPECIFIED.,.F.,.F.,.F.,(2,2),(2,2),(0.,8.),(0.,1.),
  .PIECEWISE_BEZIER_KNOTS.);
#4347 = CARTESIAN_POINT('',(10.964101615138,-10.99038105676,0.));
#4348 = CARTESIAN_POINT('',(15.,1.5,35.));
#4349 = CARTESIAN_POINT('',(4.035898384862,-14.99038105676,0.));
#4350 = CARTESIAN_POINT('',(15.,-1.5,35.));
#4351 = DEFINITIONAL_REPRESENTATION('',(#4352),#4367);
#4352 = B_SPLINE_CURVE_WITH_KNOTS('',7,(#4353,#4354,#4355,#4356,#4357,
    #4358,#4359,#4360,#4361,#4362,#4363,#4364,#4365,#4366),
  .UNSPECIFIED.,.F.,.F.,(8,6,8),(0.,0.565890768188,1.),.UNSPECIFIED.);
#4353 = CARTESIAN_POINT('',(8.,5.336445075069E-02));
#4354 = CARTESIAN_POINT('',(7.706810376442,4.664345680281E-02));
#4355 = CARTESIAN_POINT('',(7.409009097225,4.014107370458E-02));
#4356 = CARTESIAN_POINT('',(7.105490670876,3.38891921932E-02));
#4357 = CARTESIAN_POINT('',(6.7955289315,2.794594343759E-02));
#4358 = CARTESIAN_POINT('',(6.478712399404,2.239650497103E-02));
#4359 = CARTESIAN_POINT('',(6.154871737401,1.735407166174E-02));
#4360 = CARTESIAN_POINT('',(5.570178624834,9.59094812752E-03));
#4361 = CARTESIAN_POINT('',(5.312175238552,6.602440587942E-03));
#4362 = CARTESIAN_POINT('',(5.050606221085,4.06827622024E-03));
#4363 = CARTESIAN_POINT('',(4.786621091639,2.07123564919E-03));
#4364 = CARTESIAN_POINT('',(4.521899046351,6.939739319151E-04));
#4365 = CARTESIAN_POINT('',(4.258688027846,-9.199507761353E-13));
#4366 = CARTESIAN_POINT('',(3.9999999996,0.));
#4367 = ( GEOMETRIC_REPRESENTATION_CONTEXT(2) 
PARAMETRIC_REPRESENTATION_CONTEXT() REPRESENTATION_CONTEXT('2D SPACE',''
  ) );
#4368 = ORIENTED_EDGE('',*,*,#2405,.F.);
#4369 = ORIENTED_EDGE('',*,*,#4370,.F.);
#4370 = EDGE_CURVE('',#4371,#2383,#4373,.T.);
#4371 = VERTEX_POINT('',#4372);
#4372 = CARTESIAN_POINT('',(-2.826581553638,-14.73127410377,
    3.29772485622));
#4373 = SURFACE_CURVE('',#4374,(#4398,#4425),.PCURVE_S1.);
#4374 = B_SPLINE_CURVE_WITH_KNOTS('',8,(#4375,#4376,#4377,#4378,#4379,
    #4380,#4381,#4382,#4383,#4384,#4385,#4386,#4387,#4388,#4389,#4390,
    #4391,#4392,#4393,#4394,#4395,#4396,#4397),.UNSPECIFIED.,.F.,.F.,(9,
    7,7,9),(0.,0.60018919739,0.752613012605,1.),.UNSPECIFIED.);
#4375 = CARTESIAN_POINT('',(-2.826581553638,-14.73127410377,
    3.29772485622));
#4376 = CARTESIAN_POINT('',(-3.115698799741,-14.67579937233,
    2.937246930266));
#4377 = CARTESIAN_POINT('',(-3.412799460787,-14.61206900817,
    2.584737145903));
#4378 = CARTESIAN_POINT('',(-3.719556271436,-14.53901257971,
    2.240474655451));
#4379 = CARTESIAN_POINT('',(-4.037324486637,-14.45532686867,
    1.906068674327));
#4380 = CARTESIAN_POINT('',(-4.367123405432,-14.35951973073,
    1.584428745705));
#4381 = CARTESIAN_POINT('',(-4.709752233923,-14.24982726711,
    1.280008565274));
#4382 = CARTESIAN_POINT('',(-5.065734388628,-14.12430898939,
    0.998726979972));
#4383 = CARTESIAN_POINT('',(-5.529952492707,-13.94380869193,
    0.685596818648));
#4384 = CARTESIAN_POINT('',(-5.624817170732,-13.90609091042,
    0.624262505424));
#4385 = CARTESIAN_POINT('',(-5.720514430198,-13.8671827649,
    0.565161660457));
#4386 = CARTESIAN_POINT('',(-5.817014176245,-13.82706019201,
    0.50846253009));
#4387 = CARTESIAN_POINT('',(-5.914270972613,-13.78570555974,0.4543470795
    ));
#4388 = CARTESIAN_POINT('',(-6.01222300347,-13.74310954965,
    0.403007200942));
#4389 = CARTESIAN_POINT('',(-6.110791035255,-13.69927303896,
    0.354640921977));
#4390 = CARTESIAN_POINT('',(-6.370696551779,-13.58106909249,
    0.236100567821));
#4391 = CARTESIAN_POINT('',(-6.533000434033,-13.50464137983,
    0.17105838166));
#4392 = CARTESIAN_POINT('',(-6.69621642056,-13.42504640044,
    0.115267504423));
#4393 = CARTESIAN_POINT('',(-6.859682744074,-13.34248582716,
    6.961655057734E-02));
#4394 = CARTESIAN_POINT('',(-7.022652812849,-13.25726050067,
    3.486757237643E-02));
#4395 = CARTESIAN_POINT('',(-7.18430175215,-13.16978526824,
    1.157596438387E-02));
#4396 = CARTESIAN_POINT('',(-7.34373514896,-13.08060061058,
    -4.780425788191E-16));
#4397 = CARTESIAN_POINT('',(-7.5,-12.99038105676,0.));
#4398 = PCURVE('',#762,#4399);
#4399 = DEFINITIONAL_REPRESENTATION('',(#4400),#4424);
#4400 = B_SPLINE_CURVE_WITH_KNOTS('',8,(#4401,#4402,#4403,#4404,#4405,
    #4406,#4407,#4408,#4409,#4410,#4411,#4412,#4413,#4414,#4415,#4416,
    #4417,#4418,#4419,#4420,#4421,#4422,#4423),.UNSPECIFIED.,.F.,.F.,(9,
    7,7,9),(0.,0.60018919739,0.752613012605,1.),.UNSPECIFIED.);
#4401 = CARTESIAN_POINT('',(-4.522816786548,-3.29772485622));
#4402 = CARTESIAN_POINT('',(-4.503190700979,-2.937246930266));
#4403 = CARTESIAN_POINT('',(-4.482938206714,-2.584737145902));
#4404 = CARTESIAN_POINT('',(-4.461924848087,-2.240474655453));
#4405 = CARTESIAN_POINT('',(-4.44003080872,-1.906068674323));
#4406 = CARTESIAN_POINT('',(-4.417151083393,-1.584428745708));
#4407 = CARTESIAN_POINT('',(-4.393183439461,-1.280008565273));
#4408 = CARTESIAN_POINT('',(-4.368032016252,-0.998726979972));
#4409 = CARTESIAN_POINT('',(-4.334827009565,-0.685596818648));
#4410 = CARTESIAN_POINT('',(-4.328021344982,-0.624262505424));
#4411 = CARTESIAN_POINT('',(-4.321134728325,-0.565161660457));
#4412 = CARTESIAN_POINT('',(-4.314167935288,-0.50846253009));
#4413 = CARTESIAN_POINT('',(-4.307122801171,-0.4543470795));
#4414 = CARTESIAN_POINT('',(-4.300002335173,-0.403007200942));
#4415 = CARTESIAN_POINT('',(-4.292810834681,-0.354640921977));
#4416 = CARTESIAN_POINT('',(-4.273776006897,-0.236100567821));
#4417 = CARTESIAN_POINT('',(-4.261817170675,-0.17105838166));
#4418 = CARTESIAN_POINT('',(-4.249713082883,-0.115267504423));
#4419 = CARTESIAN_POINT('',(-4.23750665046,-6.961655057733E-02));
#4420 = CARTESIAN_POINT('',(-4.225248489227,-3.486757237643E-02));
#4421 = CARTESIAN_POINT('',(-4.212997193102,-1.157596438388E-02));
#4422 = CARTESIAN_POINT('',(-4.200819478628,3.330669073875E-16));
#4423 = CARTESIAN_POINT('',(-4.188790204786,0.));
#4424 = ( GEOMETRIC_REPRESENTATION_CONTEXT(2) 
PARAMETRIC_REPRESENTATION_CONTEXT() REPRESENTATION_CONTEXT('2D SPACE',''
  ) );
#4425 = PCURVE('',#4426,#4431);
#4426 = B_SPLINE_SURFACE_WITH_KNOTS('',1,1,(
    (#4427,#4428)
    ,(#4429,#4430
    )),.UNSPECIFIED.,.F.,.F.,.F.,(2,2),(2,2),(0.,8.),(0.,1.),
  .PIECEWISE_BEZIER_KNOTS.);
#4427 = CARTESIAN_POINT('',(-4.035898384862,-14.99038105676,0.));
#4428 = CARTESIAN_POINT('',(8.799038105677,-12.24038105676,35.));
#4429 = CARTESIAN_POINT('',(-10.96410161513,-10.99038105676,0.));
#4430 = CARTESIAN_POINT('',(6.200961894323,-13.74038105676,35.));
#4431 = DEFINITIONAL_REPRESENTATION('',(#4432),#4456);
#4432 = B_SPLINE_CURVE_WITH_KNOTS('',8,(#4433,#4434,#4435,#4436,#4437,
    #4438,#4439,#4440,#4441,#4442,#4443,#4444,#4445,#4446,#4447,#4448,
    #4449,#4450,#4451,#4452,#4453,#4454,#4455),.UNSPECIFIED.,.F.,.F.,(9,
    7,7,9),(0.,0.60018919739,0.752613012605,1.),.UNSPECIFIED.);
#4433 = CARTESIAN_POINT('',(0.,9.422071017773E-02));
#4434 = CARTESIAN_POINT('',(0.192540253279,8.392134086473E-02));
#4435 = CARTESIAN_POINT('',(0.395450830496,7.384963274008E-02));
#4436 = CARTESIAN_POINT('',(0.610742041331,6.401356158434E-02));
#4437 = CARTESIAN_POINT('',(0.840570848041,5.445910498073E-02));
#4438 = CARTESIAN_POINT('',(1.087247875308,4.526939273446E-02));
#4439 = CARTESIAN_POINT('',(1.353565852938,3.657167329353E-02));
#4440 = CARTESIAN_POINT('',(1.642768641619,2.853505657062E-02));
#4441 = CARTESIAN_POINT('',(2.040569841535,1.95884805328E-02));
#4442 = CARTESIAN_POINT('',(2.122884288298,1.783607158353E-02));
#4443 = CARTESIAN_POINT('',(2.207003676097,1.614747601306E-02));
#4444 = CARTESIAN_POINT('',(2.292976833918,1.452750085971E-02));
#4445 = CARTESIAN_POINT('',(2.380843279355,1.298134512858E-02));
#4446 = CARTESIAN_POINT('',(2.470630717638,1.151449145547E-02));
#4447 = CARTESIAN_POINT('',(2.562352540666,1.013259777077E-02));
#4448 = CARTESIAN_POINT('',(2.808005723079,6.745730509164E-03));
#4449 = CARTESIAN_POINT('',(2.965205085629,4.887382333144E-03));
#4450 = CARTESIAN_POINT('',(3.127449936431,3.293357269242E-03));
#4451 = CARTESIAN_POINT('',(3.294481676531,1.98904430221E-03));
#4452 = CARTESIAN_POINT('',(3.465912592078,9.962163536123E-04));
#4453 = CARTESIAN_POINT('',(3.64119176569,3.307418395393E-04));
#4454 = CARTESIAN_POINT('',(3.819560892374,-1.349806201821E-17));
#4455 = CARTESIAN_POINT('',(4.,0.));
#4456 = ( GEOMETRIC_REPRESENTATION_CONTEXT(2) 
PARAMETRIC_REPRESENTATION_CONTEXT() REPRESENTATION_CONTEXT('2D SPACE',''
  ) );
#4457 = ORIENTED_EDGE('',*,*,#4458,.T.);
#4458 = EDGE_CURVE('',#4371,#4459,#4461,.T.);
#4459 = VERTEX_POINT('',#4460);
#4460 = CARTESIAN_POINT('',(8.613994798983,-12.28002824113,
    34.495399471665));
#4461 = SURFACE_CURVE('',#4462,(#4486,#4513),.PCURVE_S1.);
#4462 = B_SPLINE_CURVE_WITH_KNOTS('',8,(#4463,#4464,#4465,#4466,#4467,
    #4468,#4469,#4470,#4471,#4472,#4473,#4474,#4475,#4476,#4477,#4478,
    #4479,#4480,#4481,#4482,#4483,#4484,#4485),.UNSPECIFIED.,.F.,.F.,(9,
    7,7,9),(0.,0.451814068875,0.725445317133,1.),.UNSPECIFIED.);
#4463 = CARTESIAN_POINT('',(-2.826581553638,-14.73127410377,
    3.29772485622));
#4464 = CARTESIAN_POINT('',(-2.288357899357,-14.83454643733,
    5.075889857457));
#4465 = CARTESIAN_POINT('',(-1.711346329988,-14.92196043448,
    6.850343686931));
#4466 = CARTESIAN_POINT('',(-1.096906224026,-14.98802794976,
    8.621017157302));
#4467 = CARTESIAN_POINT('',(-0.448170100672,-15.0268335151,
    10.388065199285));
#4468 = CARTESIAN_POINT('',(0.229558696237,-15.03250775447,
    12.151907084001));
#4469 = CARTESIAN_POINT('',(0.928516467376,-15.00028792146,
    13.913211662765));
#4470 = CARTESIAN_POINT('',(1.639548754367,-14.92763182073,
    15.672601928412));
#4471 = CARTESIAN_POINT('',(2.785584665678,-14.74557880782,
    18.494988166507));
#4472 = CARTESIAN_POINT('',(3.218879772159,-14.66196855805,
    19.559035031855));
#4473 = CARTESIAN_POINT('',(3.65112956351,-14.56334907628,
    20.622647218932));
#4474 = CARTESIAN_POINT('',(4.080272984705,-14.44994990221,
    21.685965086055));
#4475 = CARTESIAN_POINT('',(4.504355090992,-14.32229908546,
    22.749152078597));
#4476 = CARTESIAN_POINT('',(4.921613395972,-14.18117726625,
    23.812372996645));
#4477 = CARTESIAN_POINT('',(5.33053453755,-14.02754830381,
    24.875776531781));
#4478 = CARTESIAN_POINT('',(6.130545296082,-13.69687506572,
    27.006787582401));
#4479 = CARTESIAN_POINT('',(6.521578019319,-13.51975070505,
    28.074416731407));
#4480 = CARTESIAN_POINT('',(6.901709527343,-13.33219908073,
    29.142534947076));
#4481 = CARTESIAN_POINT('',(7.269964378753,-13.1354157389,
    30.211301013307));
#4482 = CARTESIAN_POINT('',(7.62564657868,-12.93063276313,
    31.280858985371));
#4483 = CARTESIAN_POINT('',(7.968321965346,-12.71905927429,32.3513311593
    ));
#4484 = CARTESIAN_POINT('',(8.297782834105,-12.50183947538,
    33.422817206227));
#4485 = CARTESIAN_POINT('',(8.613994798983,-12.28002824113,
    34.495399471665));
#4486 = PCURVE('',#762,#4487);
#4487 = DEFINITIONAL_REPRESENTATION('',(#4488),#4512);
#4488 = B_SPLINE_CURVE_WITH_KNOTS('',8,(#4489,#4490,#4491,#4492,#4493,
    #4494,#4495,#4496,#4497,#4498,#4499,#4500,#4501,#4502,#4503,#4504,
    #4505,#4506,#4507,#4508,#4509,#4510,#4511),.UNSPECIFIED.,.F.,.F.,(9,
    7,7,9),(0.,0.451814068875,0.725445317133,1.),.UNSPECIFIED.);
#4489 = CARTESIAN_POINT('',(-4.522816786548,-3.29772485622));
#4490 = CARTESIAN_POINT('',(-4.559352910341,-5.075889857457));
#4491 = CARTESIAN_POINT('',(-4.598229353669,-6.850343686936));
#4492 = CARTESIAN_POINT('',(-4.639362435624,-8.621017157288));
#4493 = CARTESIAN_POINT('',(-4.682587288958,-10.3880651993));
#4494 = CARTESIAN_POINT('',(-4.727643824792,-12.15190708399));
#4495 = CARTESIAN_POINT('',(-4.774171332795,-13.91321166276));
#4496 = CARTESIAN_POINT('',(-4.821746414036,-15.67260192841));
#4497 = CARTESIAN_POINT('',(-4.899106800383,-18.4949881665));
#4498 = CARTESIAN_POINT('',(-4.928509921765,-19.55903503185));
#4499 = CARTESIAN_POINT('',(-4.958039050756,-20.62264721893));
#4500 = CARTESIAN_POINT('',(-4.987596412889,-21.68596508605));
#4501 = CARTESIAN_POINT('',(-5.017087775137,-22.74915207859));
#4502 = CARTESIAN_POINT('',(-5.046425756374,-23.81237299664));
#4503 = CARTESIAN_POINT('',(-5.075532148861,-24.87577653178));
#4504 = CARTESIAN_POINT('',(-5.133242614084,-27.0067875824));
#4505 = CARTESIAN_POINT('',(-5.161845208983,-28.0744167314));
#4506 = CARTESIAN_POINT('',(-5.190078540619,-29.14253494707));
#4507 = CARTESIAN_POINT('',(-5.217885570771,-30.2113010133));
#4508 = CARTESIAN_POINT('',(-5.245220637884,-31.28085898537));
#4509 = CARTESIAN_POINT('',(-5.272049147841,-32.3513311593));
#4510 = CARTESIAN_POINT('',(-5.298346558711,-33.42281720622));
#4511 = CARTESIAN_POINT('',(-5.324096659498,-34.49539947166));
#4512 = ( GEOMETRIC_REPRESENTATION_CONTEXT(2) 
PARAMETRIC_REPRESENTATION_CONTEXT() REPRESENTATION_CONTEXT('2D SPACE',''
  ) );
#4513 = PCURVE('',#4514,#4519);
#4514 = B_SPLINE_SURFACE_WITH_KNOTS('',1,1,(
    (#4515,#4516)
    ,(#4517,#4518
    )),.UNSPECIFIED.,.F.,.F.,.F.,(2,2),(2,2),(0.,30.),(0.,1.),
  .PIECEWISE_BEZIER_KNOTS.);
#4515 = CARTESIAN_POINT('',(-19.03589838486,-40.9711431703,0.));
#4516 = CARTESIAN_POINT('',(23.799038105677,-38.2211431703,35.));
#4517 = CARTESIAN_POINT('',(-4.035898384862,-14.99038105676,0.));
#4518 = CARTESIAN_POINT('',(8.799038105677,-12.24038105676,35.));
#4519 = DEFINITIONAL_REPRESENTATION('',(#4520),#4544);
#4520 = B_SPLINE_CURVE_WITH_KNOTS('',8,(#4521,#4522,#4523,#4524,#4525,
    #4526,#4527,#4528,#4529,#4530,#4531,#4532,#4533,#4534,#4535,#4536,
    #4537,#4538,#4539,#4540,#4541,#4542,#4543),.UNSPECIFIED.,.F.,.F.,(9,
    7,7,9),(0.,0.451814068875,0.725445317133,1.),.UNSPECIFIED.);
#4521 = CARTESIAN_POINT('',(30.,9.422071017773E-02));
#4522 = CARTESIAN_POINT('',(29.719424745654,0.145025424499));
#4523 = CARTESIAN_POINT('',(29.457497822409,0.195724105341));
#4524 = CARTESIAN_POINT('',(29.220562671909,0.246314775923));
#4525 = CARTESIAN_POINT('',(29.015435832011,0.296801862837));
#4526 = CARTESIAN_POINT('',(28.848856635374,0.347197345257));
#4527 = CARTESIAN_POINT('',(28.72626394533,0.397520333222));
#4528 = CARTESIAN_POINT('',(28.650536714269,0.447788626526));
#4529 = CARTESIAN_POINT('',(28.604688283471,0.528428233329));
#4530 = CARTESIAN_POINT('',(28.604695866956,0.558829572339));
#4531 = CARTESIAN_POINT('',(28.622074055539,0.589218491969));
#4532 = CARTESIAN_POINT('',(28.656545065393,0.619599002459));
#4533 = CARTESIAN_POINT('',(28.707484328507,0.649975773674));
#4534 = CARTESIAN_POINT('',(28.77397548747,0.68035351419));
#4535 = CARTESIAN_POINT('',(28.854892083254,0.710736472337));
#4536 = CARTESIAN_POINT('',(29.043381537297,0.771622502354));
#4537 = CARTESIAN_POINT('',(29.151044907031,0.802126192326));
#4538 = CARTESIAN_POINT('',(29.270704272426,0.832643855631));
#4539 = CARTESIAN_POINT('',(29.400964729801,0.863180028952));
#4540 = CARTESIAN_POINT('',(29.540390521979,0.893738828153));
#4541 = CARTESIAN_POINT('',(29.687574380935,0.924323747409));
#4542 = CARTESIAN_POINT('',(29.841186052053,0.954937634464));
#4543 = CARTESIAN_POINT('',(30.,0.985582842048));
#4544 = ( GEOMETRIC_REPRESENTATION_CONTEXT(2) 
PARAMETRIC_REPRESENTATION_CONTEXT() REPRESENTATION_CONTEXT('2D SPACE',''
  ) );
#4545 = ORIENTED_EDGE('',*,*,#4546,.T.);
#4546 = EDGE_CURVE('',#4459,#711,#4547,.T.);
#4547 = SURFACE_CURVE('',#4548,(#4561,#4577),.PCURVE_S1.);
#4548 = B_SPLINE_CURVE_WITH_KNOTS('',6,(#4549,#4550,#4551,#4552,#4553,
    #4554,#4555,#4556,#4557,#4558,#4559,#4560),.UNSPECIFIED.,.F.,.F.,(7,
    5,7),(0.,0.504899933711,1.),.UNSPECIFIED.);
#4549 = CARTESIAN_POINT('',(8.613994798983,-12.28002824113,
    34.495399471665));
#4550 = CARTESIAN_POINT('',(8.543731207772,-12.32931560411,
    34.595752984357));
#4551 = CARTESIAN_POINT('',(8.466770500538,-12.38258098286,
    34.681081037668));
#4552 = CARTESIAN_POINT('',(8.383995041125,-12.43896077658,
    34.75245398195));
#4553 = CARTESIAN_POINT('',(8.296284152638,-12.49762612544,
    34.811363250961));
#4554 = CARTESIAN_POINT('',(8.204341482148,-12.55793442732,
    34.85920746629));
#4555 = CARTESIAN_POINT('',(8.01482510705,-12.67970888629,
    34.934521170362));
#4556 = CARTESIAN_POINT('',(7.917418854502,-12.74111490585,
    34.962358328082));
#4557 = CARTESIAN_POINT('',(7.816905886574,-12.80319024996,
    34.981922464952));
#4558 = CARTESIAN_POINT('',(7.713661097746,-12.86558816576,
    34.994197869967));
#4559 = CARTESIAN_POINT('',(7.607964264478,-12.9280478596,35.));
#4560 = CARTESIAN_POINT('',(7.5,-12.99038105676,35.));
#4561 = PCURVE('',#762,#4562);
#4562 = DEFINITIONAL_REPRESENTATION('',(#4563),#4576);
#4563 = B_SPLINE_CURVE_WITH_KNOTS('',6,(#4564,#4565,#4566,#4567,#4568,
    #4569,#4570,#4571,#4572,#4573,#4574,#4575),.UNSPECIFIED.,.F.,.F.,(7,
    5,7),(0.,0.504899933711,1.),.UNSPECIFIED.);
#4564 = CARTESIAN_POINT('',(-5.324096659498,-34.49539947166));
#4565 = CARTESIAN_POINT('',(-5.318374881842,-34.59575298435));
#4566 = CARTESIAN_POINT('',(-5.312135293003,-34.68108103766));
#4567 = CARTESIAN_POINT('',(-5.305458779954,-34.75245398195));
#4568 = CARTESIAN_POINT('',(-5.298424410071,-34.81136325096));
#4569 = CARTESIAN_POINT('',(-5.291094266167,-34.85920746629));
#4570 = CARTESIAN_POINT('',(-5.276076428582,-34.93452117036));
#4571 = CARTESIAN_POINT('',(-5.268400294399,-34.96235832808));
#4572 = CARTESIAN_POINT('',(-5.260525050451,-34.98192246495));
#4573 = CARTESIAN_POINT('',(-5.252483249413,-34.99419786996));
#4574 = CARTESIAN_POINT('',(-5.244298848938,-35.));
#4575 = CARTESIAN_POINT('',(-5.235987755983,-35.));
#4576 = ( GEOMETRIC_REPRESENTATION_CONTEXT(2) 
PARAMETRIC_REPRESENTATION_CONTEXT() REPRESENTATION_CONTEXT('2D SPACE',''
  ) );
#4577 = PCURVE('',#4578,#4583);
#4578 = B_SPLINE_SURFACE_WITH_KNOTS('',1,1,(
    (#4579,#4580)
    ,(#4581,#4582
    )),.UNSPECIFIED.,.F.,.F.,.F.,(2,2),(2,2),(0.,8.),(0.,1.),
  .PIECEWISE_BEZIER_KNOTS.);
#4579 = CARTESIAN_POINT('',(-4.035898384862,-14.99038105676,0.));
#4580 = CARTESIAN_POINT('',(8.799038105677,-12.24038105676,35.));
#4581 = CARTESIAN_POINT('',(-10.96410161513,-10.99038105676,0.));
#4582 = CARTESIAN_POINT('',(6.200961894323,-13.74038105676,35.));
#4583 = DEFINITIONAL_REPRESENTATION('',(#4584),#4597);
#4584 = B_SPLINE_CURVE_WITH_KNOTS('',6,(#4585,#4586,#4587,#4588,#4589,
    #4590,#4591,#4592,#4593,#4594,#4595,#4596),.UNSPECIFIED.,.F.,.F.,(7,
    5,7),(0.,0.504899933711,1.),.UNSPECIFIED.);
#4585 = CARTESIAN_POINT('',(0.,0.985582842048));
#4586 = CARTESIAN_POINT('',(0.321937384186,0.988450085267));
#4587 = CARTESIAN_POINT('',(0.651050192015,0.990888029648));
#4588 = CARTESIAN_POINT('',(0.985002258896,0.992927256627));
#4589 = CARTESIAN_POINT('',(1.321903793074,0.994610378599));
#4590 = CARTESIAN_POINT('',(1.660463124671,0.99597735618));
#4591 = CARTESIAN_POINT('',(2.332946899395,0.998129176296));
#4592 = CARTESIAN_POINT('',(2.666750198588,0.998924523659));
#4593 = CARTESIAN_POINT('',(3.000739983041,0.999483498999));
#4594 = CARTESIAN_POINT('',(3.334437708755,0.999834224856));
#4595 = CARTESIAN_POINT('',(3.667556281818,1.));
#4596 = CARTESIAN_POINT('',(4.,1.));
#4597 = ( GEOMETRIC_REPRESENTATION_CONTEXT(2) 
PARAMETRIC_REPRESENTATION_CONTEXT() REPRESENTATION_CONTEXT('2D SPACE',''
  ) );
#4598 = ADVANCED_FACE('',(#4599),#665,.T.);
#4599 = FACE_BOUND('',#4600,.F.);
#4600 = EDGE_LOOP('',(#4601,#4602,#4651,#4748,#4807,#4808,#4896,#4984));
#4601 = ORIENTED_EDGE('',*,*,#648,.T.);
#4602 = ORIENTED_EDGE('',*,*,#4603,.F.);
#4603 = EDGE_CURVE('',#4604,#649,#4606,.T.);
#4604 = VERTEX_POINT('',#4605);
#4605 = CARTESIAN_POINT('',(-14.91376658956,1.606102771343,
    34.724722601875));
#4606 = SURFACE_CURVE('',#4607,(#4618,#4632),.PCURVE_S1.);
#4607 = B_SPLINE_CURVE_WITH_KNOTS('',5,(#4608,#4609,#4610,#4611,#4612,
    #4613,#4614,#4615,#4616,#4617),.UNSPECIFIED.,.F.,.F.,(6,4,6),(0.,
    0.501903646639,1.),.UNSPECIFIED.);
#4608 = CARTESIAN_POINT('',(-14.91376658956,1.606102771343,
    34.724722601875));
#4609 = CARTESIAN_POINT('',(-14.93179698091,1.438678212358,
    34.773689034061));
#4610 = CARTESIAN_POINT('',(-14.94732429765,1.272427235839,
    34.818449925122));
#4611 = CARTESIAN_POINT('',(-14.96041635706,1.107473410883,
    34.858594661472));
#4612 = CARTESIAN_POINT('',(-14.9711423461,0.943996233545,
    34.893589970826));
#4613 = CARTESIAN_POINT('',(-14.98797109916,0.62173780606,
    34.951541685307));
#4614 = CARTESIAN_POINT('',(-14.99410778727,0.462940281168,
    34.97458590239));
#4615 = CARTESIAN_POINT('',(-14.99808472486,0.306102572254,
    34.991062946694));
#4616 = CARTESIAN_POINT('',(-15.,0.151601634464,35.));
#4617 = CARTESIAN_POINT('',(-15.,5.329070518201E-15,35.));
#4618 = PCURVE('',#665,#4619);
#4619 = DEFINITIONAL_REPRESENTATION('',(#4620),#4631);
#4620 = B_SPLINE_CURVE_WITH_KNOTS('',5,(#4621,#4622,#4623,#4624,#4625,
    #4626,#4627,#4628,#4629,#4630),.UNSPECIFIED.,.F.,.F.,(6,4,6),(0.,
    0.501903646639,1.),.UNSPECIFIED.);
#4621 = CARTESIAN_POINT('',(-3.034313477731,-34.72472260187));
#4622 = CARTESIAN_POINT('',(-3.045539653089,-34.77368903406));
#4623 = CARTESIAN_POINT('',(-3.056670172587,-34.81844992512));
#4624 = CARTESIAN_POINT('',(-3.067700272674,-34.85859466147));
#4625 = CARTESIAN_POINT('',(-3.078621211259,-34.89358997082));
#4626 = CARTESIAN_POINT('',(-3.100134380457,-34.9515416853));
#4627 = CARTESIAN_POINT('',(-3.110727813199,-34.97458590239));
#4628 = CARTESIAN_POINT('',(-3.121185816682,-34.99106294669));
#4629 = CARTESIAN_POINT('',(-3.131485877959,-35.));
#4630 = CARTESIAN_POINT('',(-3.14159265359,-35.));
#4631 = ( GEOMETRIC_REPRESENTATION_CONTEXT(2) 
PARAMETRIC_REPRESENTATION_CONTEXT() REPRESENTATION_CONTEXT('2D SPACE',''
  ) );
#4632 = PCURVE('',#4633,#4638);
#4633 = B_SPLINE_SURFACE_WITH_KNOTS('',1,1,(
    (#4634,#4635)
    ,(#4636,#4637
    )),.UNSPECIFIED.,.F.,.F.,.F.,(2,2),(2,2),(0.,8.),(0.,1.),
  .PIECEWISE_BEZIER_KNOTS.);
#4634 = CARTESIAN_POINT('',(-10.96410161513,10.990381056767,0.));
#4635 = CARTESIAN_POINT('',(-15.,-1.5,35.));
#4636 = CARTESIAN_POINT('',(-4.035898384862,14.990381056767,0.));
#4637 = CARTESIAN_POINT('',(-15.,1.5,35.));
#4638 = DEFINITIONAL_REPRESENTATION('',(#4639),#4650);
#4639 = B_SPLINE_CURVE_WITH_KNOTS('',5,(#4640,#4641,#4642,#4643,#4644,
    #4645,#4646,#4647,#4648,#4649),.UNSPECIFIED.,.F.,.F.,(6,4,6),(0.,
    0.501903646639,1.),.UNSPECIFIED.);
#4640 = CARTESIAN_POINT('',(8.,0.992134931482));
#4641 = CARTESIAN_POINT('',(7.604899926074,0.993533972402));
#4642 = CARTESIAN_POINT('',(7.208150432479,0.994812855004));
#4643 = CARTESIAN_POINT('',(6.809734604482,0.995959847471));
#4644 = CARTESIAN_POINT('',(6.409673909166,0.996959713452));
#4645 = CARTESIAN_POINT('',(5.60937303797,0.998615476723));
#4646 = CARTESIAN_POINT('',(5.209182188846,0.999273882925));
#4647 = CARTESIAN_POINT('',(4.807428063205,0.99974465562));
#4648 = CARTESIAN_POINT('',(4.404271025237,1.));
#4649 = CARTESIAN_POINT('',(4.,1.));
#4650 = ( GEOMETRIC_REPRESENTATION_CONTEXT(2) 
PARAMETRIC_REPRESENTATION_CONTEXT() REPRESENTATION_CONTEXT('2D SPACE',''
  ) );
#4651 = ORIENTED_EDGE('',*,*,#4652,.T.);
#4652 = EDGE_CURVE('',#4604,#4653,#4655,.T.);
#4653 = VERTEX_POINT('',#4654);
#4654 = CARTESIAN_POINT('',(-4.620991645529,14.270474281255,
    1.867755776274));
#4655 = SURFACE_CURVE('',#4656,(#4683,#4713),.PCURVE_S1.);
#4656 = B_SPLINE_CURVE_WITH_KNOTS('',7,(#4657,#4658,#4659,#4660,#4661,
    #4662,#4663,#4664,#4665,#4666,#4667,#4668,#4669,#4670,#4671,#4672,
    #4673,#4674,#4675,#4676,#4677,#4678,#4679,#4680,#4681,#4682),
  .UNSPECIFIED.,.F.,.F.,(8,6,6,6,8),(0.,0.25499654201,0.513025526875,
    0.756504918187,1.),.UNSPECIFIED.);
#4657 = CARTESIAN_POINT('',(-14.91376658956,1.606102771343,
    34.724722601875));
#4658 = CARTESIAN_POINT('',(-14.8628527978,2.078872272734,
    33.504030870459));
#4659 = CARTESIAN_POINT('',(-14.79188329427,2.573633462287,
    32.286996779679));
#4660 = CARTESIAN_POINT('',(-14.69775460947,3.089337311119,
    31.073416986904));
#4661 = CARTESIAN_POINT('',(-14.57723274101,3.624182895778,
    29.86305945489));
#4662 = CARTESIAN_POINT('',(-14.42713723894,4.175444643836,
    28.655626060319));
#4663 = CARTESIAN_POINT('',(-14.24473636221,4.739363399665,
    27.450747711836));
#4664 = CARTESIAN_POINT('',(-13.80902297972,5.890153978263,
    25.031102531065));
#4665 = CARTESIAN_POINT('',(-13.55487592745,6.477263491586,
    23.816295277236));
#4666 = CARTESIAN_POINT('',(-13.2638344425,7.067813683992,
    22.603559346555));
#4667 = CARTESIAN_POINT('',(-12.9349316882,7.65611752002,21.392698823753
    ));
#4668 = CARTESIAN_POINT('',(-12.56853615672,8.235927818019,
    20.183452111371));
#4669 = CARTESIAN_POINT('',(-12.1666122137,8.801081495324,
    18.975650487841));
#4670 = CARTESIAN_POINT('',(-11.32281740276,9.860328953084,
    16.631171087119));
#4671 = CARTESIAN_POINT('',(-10.88441457145,10.356711030638,
    15.494149044288));
#4672 = CARTESIAN_POINT('',(-10.42002877563,10.830588729783,
    14.358406232055));
#4673 = CARTESIAN_POINT('',(-9.933319313201,11.278064135961,
    13.223726832913));
#4674 = CARTESIAN_POINT('',(-9.428548830949,11.696321839229,
    12.089753093109));
#4675 = CARTESIAN_POINT('',(-8.910114068864,12.083667816978,
    10.956122681967));
#4676 = CARTESIAN_POINT('',(-7.85435544866,12.795089422838,8.68884935634
    ));
#4677 = CARTESIAN_POINT('',(-7.3169962119,13.119184147575,7.555133150226
    ));
#4678 = CARTESIAN_POINT('',(-6.774318955417,13.410969564069,
    6.420868843391));
#4679 = CARTESIAN_POINT('',(-6.230250464523,13.670730110063,
    5.285493542481));
#4680 = CARTESIAN_POINT('',(-5.688214213073,13.899514436933,
    4.148484559152));
#4681 = CARTESIAN_POINT('',(-5.151041179846,14.098836364986,
    3.00937880306));
#4682 = CARTESIAN_POINT('',(-4.620991645529,14.270474281255,
    1.867755776274));
#4683 = PCURVE('',#665,#4684);
#4684 = DEFINITIONAL_REPRESENTATION('',(#4685),#4712);
#4685 = B_SPLINE_CURVE_WITH_KNOTS('',7,(#4686,#4687,#4688,#4689,#4690,
    #4691,#4692,#4693,#4694,#4695,#4696,#4697,#4698,#4699,#4700,#4701,
    #4702,#4703,#4704,#4705,#4706,#4707,#4708,#4709,#4710,#4711),
  .UNSPECIFIED.,.F.,.F.,(8,6,6,6,8),(0.,0.25499654201,0.513025526875,
    0.756504918187,1.),.UNSPECIFIED.);
#4686 = CARTESIAN_POINT('',(-3.034313477731,-34.72472260187));
#4687 = CARTESIAN_POINT('',(-3.002613269836,-33.50403087045));
#4688 = CARTESIAN_POINT('',(-2.969312216128,-32.28699677968));
#4689 = CARTESIAN_POINT('',(-2.934405662332,-31.0734169869));
#4690 = CARTESIAN_POINT('',(-2.897914221801,-29.86305945489));
#4691 = CARTESIAN_POINT('',(-2.85989059273,-28.65562606031));
#4692 = CARTESIAN_POINT('',(-2.820425957757,-27.45074771183));
#4693 = CARTESIAN_POINT('',(-2.738391680166,-25.03110253106));
#4694 = CARTESIAN_POINT('',(-2.695787530364,-23.81629527723));
#4695 = CARTESIAN_POINT('',(-2.651983131599,-22.60355934655));
#4696 = CARTESIAN_POINT('',(-2.607162194396,-21.39269882375));
#4697 = CARTESIAN_POINT('',(-2.561545365295,-20.18345211136));
#4698 = CARTESIAN_POINT('',(-2.515380637536,-18.97565048784));
#4699 = CARTESIAN_POINT('',(-2.425097259966,-16.63117108711));
#4700 = CARTESIAN_POINT('',(-2.381003323775,-15.49414904429));
#4701 = CARTESIAN_POINT('',(-2.336866080322,-14.35840623204));
#4702 = CARTESIAN_POINT('',(-2.292895645113,-13.22372683292));
#4703 = CARTESIAN_POINT('',(-2.249282059316,-12.0897530931));
#4704 = CARTESIAN_POINT('',(-2.206189480002,-10.95612268196));
#4705 = CARTESIAN_POINT('',(-2.121317106132,-8.68884935634));
#4706 = CARTESIAN_POINT('',(-2.079534649513,-7.555133150226));
#4707 = CARTESIAN_POINT('',(-2.038537023911,-6.420868843391));
#4708 = CARTESIAN_POINT('',(-1.998423193533,-5.285493542482));
#4709 = CARTESIAN_POINT('',(-1.959262486405,-4.148484559152));
#4710 = CARTESIAN_POINT('',(-1.921099026687,-3.00937880306));
#4711 = CARTESIAN_POINT('',(-1.883955935023,-1.867755776274));
#4712 = ( GEOMETRIC_REPRESENTATION_CONTEXT(2) 
PARAMETRIC_REPRESENTATION_CONTEXT() REPRESENTATION_CONTEXT('2D SPACE',''
  ) );
#4713 = PCURVE('',#4714,#4719);
#4714 = B_SPLINE_SURFACE_WITH_KNOTS('',1,1,(
    (#4715,#4716)
    ,(#4717,#4718
    )),.UNSPECIFIED.,.F.,.F.,.F.,(2,2),(2,2),(0.,30.),(0.,1.),
  .PIECEWISE_BEZIER_KNOTS.);
#4715 = CARTESIAN_POINT('',(-4.035898384862,14.990381056767,0.));
#4716 = CARTESIAN_POINT('',(-15.,1.5,35.));
#4717 = CARTESIAN_POINT('',(-19.03589838486,40.9711431703,0.));
#4718 = CARTESIAN_POINT('',(-45.,1.5,35.));
#4719 = DEFINITIONAL_REPRESENTATION('',(#4720),#4747);
#4720 = B_SPLINE_CURVE_WITH_KNOTS('',7,(#4721,#4722,#4723,#4724,#4725,
    #4726,#4727,#4728,#4729,#4730,#4731,#4732,#4733,#4734,#4735,#4736,
    #4737,#4738,#4739,#4740,#4741,#4742,#4743,#4744,#4745,#4746),
  .UNSPECIFIED.,.F.,.F.,(8,6,6,6,8),(0.,0.25499654201,0.513025526875,
    0.756504918187,1.),.UNSPECIFIED.);
#4721 = CARTESIAN_POINT('',(0.,0.992134931482));
#4722 = CARTESIAN_POINT('',(0.332788859955,0.95725802487));
#4723 = CARTESIAN_POINT('',(0.657887070382,0.922485622277));
#4724 = CARTESIAN_POINT('',(0.971603953251,0.887811913911));
#4725 = CARTESIAN_POINT('',(1.269686794443,0.85323027014));
#4726 = CARTESIAN_POINT('',(1.547408581709,0.818732173152));
#4727 = CARTESIAN_POINT('',(1.799900710842,0.784307077481));
#4728 = CARTESIAN_POINT('',(2.248122446709,0.71517435803));
#4729 = CARTESIAN_POINT('',(2.44315840493,0.68046557935));
#4730 = CARTESIAN_POINT('',(2.603098483623,0.64581598133));
#4731 = CARTESIAN_POINT('',(2.723710209373,0.611219966393));
#4732 = CARTESIAN_POINT('',(2.801778996153,0.576670060325));
#4733 = CARTESIAN_POINT('',(2.835726259669,0.54216144251));
#4734 = CARTESIAN_POINT('',(2.816194595672,0.475176316775));
#4735 = CARTESIAN_POINT('',(2.767536087708,0.442689972694));
#4736 = CARTESIAN_POINT('',(2.679785646224,0.410240178059));
#4737 = CARTESIAN_POINT('',(2.55437168746,0.377820766655));
#4738 = CARTESIAN_POINT('',(2.393963838255,0.345421516946));
#4739 = CARTESIAN_POINT('',(2.20201366717,0.313032076628));
#4740 = CARTESIAN_POINT('',(1.762696209955,0.248252838753));
#4741 = CARTESIAN_POINT('',(1.515311220116,0.215860947149));
#4742 = CARTESIAN_POINT('',(1.244004149988,0.183453395525));
#4743 = CARTESIAN_POINT('',(0.952917074416,0.151014101214));
#4744 = CARTESIAN_POINT('',(0.646126328078,0.118528130261));
#4745 = CARTESIAN_POINT('',(0.32737890887,8.598225151601E-02));
#4746 = CARTESIAN_POINT('',(0.,5.336445075069E-02));
#4747 = ( GEOMETRIC_REPRESENTATION_CONTEXT(2) 
PARAMETRIC_REPRESENTATION_CONTEXT() REPRESENTATION_CONTEXT('2D SPACE',''
  ) );
#4748 = ORIENTED_EDGE('',*,*,#4749,.T.);
#4749 = EDGE_CURVE('',#4653,#2336,#4750,.T.);
#4750 = SURFACE_CURVE('',#4751,(#4766,#4784),.PCURVE_S1.);
#4751 = B_SPLINE_CURVE_WITH_KNOTS('',7,(#4752,#4753,#4754,#4755,#4756,
    #4757,#4758,#4759,#4760,#4761,#4762,#4763,#4764,#4765),
  .UNSPECIFIED.,.F.,.F.,(8,6,8),(0.,0.565890767809,1.),.UNSPECIFIED.);
#4752 = CARTESIAN_POINT('',(-4.620991645529,14.270474281255,
    1.867755776274));
#4753 = CARTESIAN_POINT('',(-4.787661897397,14.216503976816,
    1.632520988098));
#4754 = CARTESIAN_POINT('',(-4.964491582679,14.156734728548,
    1.40493757966));
#4755 = CARTESIAN_POINT('',(-5.152616347027,14.090208310725,
    1.186121726762));
#4756 = CARTESIAN_POINT('',(-5.353125530732,14.015802961208,
    0.978108020316));
#4757 = CARTESIAN_POINT('',(-5.567010150542,13.932207052937,
    0.783877673986));
#4758 = CARTESIAN_POINT('',(-5.79510877211,13.837888140507,
    0.607392508161));
#4759 = CARTESIAN_POINT('',(-6.224418658079,13.649104783811,
    0.335683184281));
#4760 = CARTESIAN_POINT('',(-6.419554149515,13.559774829143,
    0.231085420254));
#4761 = CARTESIAN_POINT('',(-6.623290258083,13.462456120583,
    0.142389667297));
#4762 = CARTESIAN_POINT('',(-6.834953257567,13.356691232627,
    7.249324728858E-02));
#4763 = CARTESIAN_POINT('',(-7.053227001377,13.242315589262,
    2.428908724443E-02));
#4764 = CARTESIAN_POINT('',(-7.27596959829,13.119725069564,
    -2.575894470728E-10));
#4765 = CARTESIAN_POINT('',(-7.500000002772,12.990381055166,0.));
#4766 = PCURVE('',#665,#4767);
#4767 = DEFINITIONAL_REPRESENTATION('',(#4768),#4783);
#4768 = B_SPLINE_CURVE_WITH_KNOTS('',7,(#4769,#4770,#4771,#4772,#4773,
    #4774,#4775,#4776,#4777,#4778,#4779,#4780,#4781,#4782),
  .UNSPECIFIED.,.F.,.F.,(8,6,8),(0.,0.565890767809,1.),.UNSPECIFIED.);
#4769 = CARTESIAN_POINT('',(-1.883955935023,-1.867755776274));
#4770 = CARTESIAN_POINT('',(-1.895635312217,-1.632520988098));
#4771 = CARTESIAN_POINT('',(-1.908078147166,-1.40493757966));
#4772 = CARTESIAN_POINT('',(-1.921378720648,-1.186121726762));
#4773 = CARTESIAN_POINT('',(-1.935633360822,-0.978108020316));
#4774 = CARTESIAN_POINT('',(-1.95093846874,-0.783877673986));
#4775 = CARTESIAN_POINT('',(-1.967389752918,-0.607392508161));
#4776 = CARTESIAN_POINT('',(-1.99865536299,-0.335683184281));
#4777 = CARTESIAN_POINT('',(-2.012961121611,-0.231085420254));
#4778 = CARTESIAN_POINT('',(-2.028010211374,-0.142389667296));
#4779 = CARTESIAN_POINT('',(-2.043779890105,-7.249324728886E-02));
#4780 = CARTESIAN_POINT('',(-2.060202834477,-2.428908724431E-02));
#4781 = CARTESIAN_POINT('',(-2.077149234027,2.575895052814E-10));
#4782 = CARTESIAN_POINT('',(-2.094395102607,0.));
#4783 = ( GEOMETRIC_REPRESENTATION_CONTEXT(2) 
PARAMETRIC_REPRESENTATION_CONTEXT() REPRESENTATION_CONTEXT('2D SPACE',''
  ) );
#4784 = PCURVE('',#4785,#4790);
#4785 = B_SPLINE_SURFACE_WITH_KNOTS('',1,1,(
    (#4786,#4787)
    ,(#4788,#4789
    )),.UNSPECIFIED.,.F.,.F.,.F.,(2,2),(2,2),(0.,8.),(0.,1.),
  .PIECEWISE_BEZIER_KNOTS.);
#4786 = CARTESIAN_POINT('',(-10.96410161513,10.990381056767,0.));
#4787 = CARTESIAN_POINT('',(-15.,-1.5,35.));
#4788 = CARTESIAN_POINT('',(-4.035898384862,14.990381056767,0.));
#4789 = CARTESIAN_POINT('',(-15.,1.5,35.));
#4790 = DEFINITIONAL_REPRESENTATION('',(#4791),#4806);
#4791 = B_SPLINE_CURVE_WITH_KNOTS('',7,(#4792,#4793,#4794,#4795,#4796,
    #4797,#4798,#4799,#4800,#4801,#4802,#4803,#4804,#4805),
  .UNSPECIFIED.,.F.,.F.,(8,6,8),(0.,0.565890767809,1.),.UNSPECIFIED.);
#4792 = CARTESIAN_POINT('',(8.,5.336445075069E-02));
#4793 = CARTESIAN_POINT('',(7.706810376442,4.664345680281E-02));
#4794 = CARTESIAN_POINT('',(7.409009097225,4.014107370458E-02));
#4795 = CARTESIAN_POINT('',(7.105490670876,3.38891921932E-02));
#4796 = CARTESIAN_POINT('',(6.7955289315,2.794594343759E-02));
#4797 = CARTESIAN_POINT('',(6.478712399404,2.239650497103E-02));
#4798 = CARTESIAN_POINT('',(6.154871737401,1.735407166174E-02));
#4799 = CARTESIAN_POINT('',(5.570178624443,9.590948122327E-03));
#4800 = CARTESIAN_POINT('',(5.312175237753,6.602440578691E-03));
#4801 = CARTESIAN_POINT('',(5.050606219871,4.068276208475E-03));
#4802 = CARTESIAN_POINT('',(4.786621090003,2.071235636817E-03));
#4803 = CARTESIAN_POINT('',(4.521899044304,6.939739212693E-04));
#4804 = CARTESIAN_POINT('',(4.258688025404,-7.359698584087E-12));
#4805 = CARTESIAN_POINT('',(3.999999996799,0.));
#4806 = ( GEOMETRIC_REPRESENTATION_CONTEXT(2) 
PARAMETRIC_REPRESENTATION_CONTEXT() REPRESENTATION_CONTEXT('2D SPACE',''
  ) );
#4807 = ORIENTED_EDGE('',*,*,#2335,.F.);
#4808 = ORIENTED_EDGE('',*,*,#4809,.F.);
#4809 = EDGE_CURVE('',#4810,#2312,#4812,.T.);
#4810 = VERTEX_POINT('',#4811);
#4811 = CARTESIAN_POINT('',(2.826581553638,14.731274103778,3.29772485622
    ));
#4812 = SURFACE_CURVE('',#4813,(#4837,#4864),.PCURVE_S1.);
#4813 = B_SPLINE_CURVE_WITH_KNOTS('',8,(#4814,#4815,#4816,#4817,#4818,
    #4819,#4820,#4821,#4822,#4823,#4824,#4825,#4826,#4827,#4828,#4829,
    #4830,#4831,#4832,#4833,#4834,#4835,#4836),.UNSPECIFIED.,.F.,.F.,(9,
    7,7,9),(0.,0.600189197432,0.752613012656,1.),.UNSPECIFIED.);
#4814 = CARTESIAN_POINT('',(2.826581553638,14.731274103778,3.29772485622
    ));
#4815 = CARTESIAN_POINT('',(3.115698799741,14.675799372338,
    2.937246930266));
#4816 = CARTESIAN_POINT('',(3.412799460789,14.612069008176,
    2.584737145903));
#4817 = CARTESIAN_POINT('',(3.719556271429,14.539012579714,
    2.240474655453));
#4818 = CARTESIAN_POINT('',(4.037324486646,14.45532686867,1.906068674324
    ));
#4819 = CARTESIAN_POINT('',(4.367123405425,14.359519730742,
    1.584428745708));
#4820 = CARTESIAN_POINT('',(4.709752233925,14.249827267114,
    1.280008565273));
#4821 = CARTESIAN_POINT('',(5.065734388628,14.124308989399,
    0.998726979972));
#4822 = CARTESIAN_POINT('',(5.529952492707,13.943808691937,
    0.685596818648));
#4823 = CARTESIAN_POINT('',(5.624817170732,13.90609091042,0.624262505424
    ));
#4824 = CARTESIAN_POINT('',(5.720514430198,13.867182764907,
    0.565161660457));
#4825 = CARTESIAN_POINT('',(5.817014176245,13.827060192013,0.50846253009
    ));
#4826 = CARTESIAN_POINT('',(5.914270972613,13.785705559746,0.4543470795)
  );
#4827 = CARTESIAN_POINT('',(6.01222300347,13.743109549653,0.403007200942
    ));
#4828 = CARTESIAN_POINT('',(6.110791035255,13.699273038962,
    0.354640921977));
#4829 = CARTESIAN_POINT('',(6.370696551734,13.581069092518,
    0.236100567841));
#4830 = CARTESIAN_POINT('',(6.533000433943,13.504641379877,
    0.171058381696));
#4831 = CARTESIAN_POINT('',(6.696216420424,13.425046400507,0.11526750447
    ));
#4832 = CARTESIAN_POINT('',(6.859682743892,13.342485827254,
    6.961655062797E-02));
#4833 = CARTESIAN_POINT('',(7.022652812623,13.257260500791,
    3.486757242457E-02));
#4834 = CARTESIAN_POINT('',(7.184301751881,13.169785268387,
    1.157596442257E-02));
#4835 = CARTESIAN_POINT('',(7.343735148651,13.080600610752,
    2.245877497666E-11));
#4836 = CARTESIAN_POINT('',(7.499999999654,12.990381056967,0.));
#4837 = PCURVE('',#665,#4838);
#4838 = DEFINITIONAL_REPRESENTATION('',(#4839),#4863);
#4839 = B_SPLINE_CURVE_WITH_KNOTS('',8,(#4840,#4841,#4842,#4843,#4844,
    #4845,#4846,#4847,#4848,#4849,#4850,#4851,#4852,#4853,#4854,#4855,
    #4856,#4857,#4858,#4859,#4860,#4861,#4862),.UNSPECIFIED.,.F.,.F.,(9,
    7,7,9),(0.,0.600189197432,0.752613012656,1.),.UNSPECIFIED.);
#4840 = CARTESIAN_POINT('',(-1.381224132959,-3.29772485622));
#4841 = CARTESIAN_POINT('',(-1.361598047389,-2.937246930266));
#4842 = CARTESIAN_POINT('',(-1.341345553124,-2.584737145903));
#4843 = CARTESIAN_POINT('',(-1.320332194498,-2.240474655453));
#4844 = CARTESIAN_POINT('',(-1.29843815513,-1.906068674324));
#4845 = CARTESIAN_POINT('',(-1.275558429804,-1.584428745708));
#4846 = CARTESIAN_POINT('',(-1.251590785871,-1.280008565273));
#4847 = CARTESIAN_POINT('',(-1.226439362662,-0.998726979972));
#4848 = CARTESIAN_POINT('',(-1.193234355976,-0.685596818648));
#4849 = CARTESIAN_POINT('',(-1.186428691392,-0.624262505424));
#4850 = CARTESIAN_POINT('',(-1.179542074735,-0.565161660457));
#4851 = CARTESIAN_POINT('',(-1.172575281698,-0.50846253009));
#4852 = CARTESIAN_POINT('',(-1.165530147581,-0.4543470795));
#4853 = CARTESIAN_POINT('',(-1.158409681583,-0.403007200942));
#4854 = CARTESIAN_POINT('',(-1.151218181092,-0.354640921977));
#4855 = CARTESIAN_POINT('',(-1.13218335331,-0.236100567841));
#4856 = CARTESIAN_POINT('',(-1.120224517092,-0.171058381696));
#4857 = CARTESIAN_POINT('',(-1.108120429303,-0.11526750447));
#4858 = CARTESIAN_POINT('',(-1.095913996884,-6.961655062798E-02));
#4859 = CARTESIAN_POINT('',(-1.083655835654,-3.486757242457E-02));
#4860 = CARTESIAN_POINT('',(-1.071404539533,-1.157596442256E-02));
#4861 = CARTESIAN_POINT('',(-1.059226825062,-2.245870156514E-11));
#4862 = CARTESIAN_POINT('',(-1.047197551223,0.));
#4863 = ( GEOMETRIC_REPRESENTATION_CONTEXT(2) 
PARAMETRIC_REPRESENTATION_CONTEXT() REPRESENTATION_CONTEXT('2D SPACE',''
  ) );
#4864 = PCURVE('',#4865,#4870);
#4865 = B_SPLINE_SURFACE_WITH_KNOTS('',1,1,(
    (#4866,#4867)
    ,(#4868,#4869
    )),.UNSPECIFIED.,.F.,.F.,.F.,(2,2),(2,2),(0.,8.),(0.,1.),
  .PIECEWISE_BEZIER_KNOTS.);
#4866 = CARTESIAN_POINT('',(4.035898384862,14.990381056767,0.));
#4867 = CARTESIAN_POINT('',(-8.799038105677,12.240381056767,35.));
#4868 = CARTESIAN_POINT('',(10.964101615138,10.990381056767,0.));
#4869 = CARTESIAN_POINT('',(-6.200961894323,13.740381056767,35.));
#4870 = DEFINITIONAL_REPRESENTATION('',(#4871),#4895);
#4871 = B_SPLINE_CURVE_WITH_KNOTS('',8,(#4872,#4873,#4874,#4875,#4876,
    #4877,#4878,#4879,#4880,#4881,#4882,#4883,#4884,#4885,#4886,#4887,
    #4888,#4889,#4890,#4891,#4892,#4893,#4894),.UNSPECIFIED.,.F.,.F.,(9,
    7,7,9),(0.,0.600189197432,0.752613012656,1.),.UNSPECIFIED.);
#4872 = CARTESIAN_POINT('',(0.,9.422071017773E-02));
#4873 = CARTESIAN_POINT('',(0.192540253279,8.392134086473E-02));
#4874 = CARTESIAN_POINT('',(0.395450830496,7.384963274008E-02));
#4875 = CARTESIAN_POINT('',(0.610742041331,6.401356158437E-02));
#4876 = CARTESIAN_POINT('',(0.840570848041,5.445910498067E-02));
#4877 = CARTESIAN_POINT('',(1.087247875307,4.526939273452E-02));
#4878 = CARTESIAN_POINT('',(1.353565852938,3.65716732935E-02));
#4879 = CARTESIAN_POINT('',(1.642768641619,2.853505657062E-02));
#4880 = CARTESIAN_POINT('',(2.040569841535,1.95884805328E-02));
#4881 = CARTESIAN_POINT('',(2.122884288298,1.783607158353E-02));
#4882 = CARTESIAN_POINT('',(2.207003676097,1.614747601306E-02));
#4883 = CARTESIAN_POINT('',(2.292976833918,1.452750085971E-02));
#4884 = CARTESIAN_POINT('',(2.380843279355,1.298134512858E-02));
#4885 = CARTESIAN_POINT('',(2.470630717638,1.151449145547E-02));
#4886 = CARTESIAN_POINT('',(2.562352540666,1.013259777077E-02));
#4887 = CARTESIAN_POINT('',(2.808005723037,6.745730509744E-03));
#4888 = CARTESIAN_POINT('',(2.965205085542,4.887382334173E-03));
#4889 = CARTESIAN_POINT('',(3.127449936296,3.293357270567E-03));
#4890 = CARTESIAN_POINT('',(3.294481676346,1.989044303656E-03));
#4891 = CARTESIAN_POINT('',(3.465912591841,9.962163549878E-04));
#4892 = CARTESIAN_POINT('',(3.641191765399,3.307418406448E-04));
#4893 = CARTESIAN_POINT('',(3.819560892028,6.416792659487E-13));
#4894 = CARTESIAN_POINT('',(3.9999999996,0.));
#4895 = ( GEOMETRIC_REPRESENTATION_CONTEXT(2) 
PARAMETRIC_REPRESENTATION_CONTEXT() REPRESENTATION_CONTEXT('2D SPACE',''
  ) );
#4896 = ORIENTED_EDGE('',*,*,#4897,.T.);
#4897 = EDGE_CURVE('',#4810,#4898,#4900,.T.);
#4898 = VERTEX_POINT('',#4899);
#4899 = CARTESIAN_POINT('',(-8.613994798983,12.280028241136,
    34.495399471665));
#4900 = SURFACE_CURVE('',#4901,(#4925,#4952),.PCURVE_S1.);
#4901 = B_SPLINE_CURVE_WITH_KNOTS('',8,(#4902,#4903,#4904,#4905,#4906,
    #4907,#4908,#4909,#4910,#4911,#4912,#4913,#4914,#4915,#4916,#4917,
    #4918,#4919,#4920,#4921,#4922,#4923,#4924),.UNSPECIFIED.,.F.,.F.,(9,
    7,7,9),(0.,0.451814068875,0.72544531713,1.),.UNSPECIFIED.);
#4902 = CARTESIAN_POINT('',(2.826581553638,14.731274103778,3.29772485622
    ));
#4903 = CARTESIAN_POINT('',(2.288357899358,14.834546437332,
    5.075889857455));
#4904 = CARTESIAN_POINT('',(1.711346329985,14.921960434482,
    6.850343686947));
#4905 = CARTESIAN_POINT('',(1.096906224031,14.988027949761,
    8.621017157262));
#4906 = CARTESIAN_POINT('',(0.448170100666,15.026833515104,
    10.388065199334));
#4907 = CARTESIAN_POINT('',(-0.229558696233,15.032507754471,
    12.151907083969));
#4908 = CARTESIAN_POINT('',(-0.928516467378,15.000287921467,
    13.913211662776));
#4909 = CARTESIAN_POINT('',(-1.639548754366,14.927631820737,
    15.672601928412));
#4910 = CARTESIAN_POINT('',(-2.785584665673,14.745578807826,
    18.494988166497));
#4911 = CARTESIAN_POINT('',(-3.218879772146,14.661968558059,
    19.559035031822));
#4912 = CARTESIAN_POINT('',(-3.651129563497,14.56334907629,
    20.622647218902));
#4913 = CARTESIAN_POINT('',(-4.080272984684,14.44994990222,
    21.685965086003));
#4914 = CARTESIAN_POINT('',(-4.504355090964,14.322299085474,
    22.749152078522));
#4915 = CARTESIAN_POINT('',(-4.921613395945,14.181177266267,
    23.812372996576));
#4916 = CARTESIAN_POINT('',(-5.330534537514,14.027548303832,
    24.875776531687));
#4917 = CARTESIAN_POINT('',(-6.130545296049,13.696875065737,
    27.006787582311));
#4918 = CARTESIAN_POINT('',(-6.521578019291,13.519750705068,
    28.074416731328));
#4919 = CARTESIAN_POINT('',(-6.901709527321,13.332199080744,
    29.142534947011));
#4920 = CARTESIAN_POINT('',(-7.269964378736,13.135415738915,
    30.211301013256));
#4921 = CARTESIAN_POINT('',(-7.625646578667,12.930632763139,
    31.280858985331));
#4922 = CARTESIAN_POINT('',(-7.968321965337,12.719059274302,
    32.351331159272));
#4923 = CARTESIAN_POINT('',(-8.297782834101,12.501839475392,
    33.422817206215));
#4924 = CARTESIAN_POINT('',(-8.613994798983,12.280028241136,
    34.495399471665));
#4925 = PCURVE('',#665,#4926);
#4926 = DEFINITIONAL_REPRESENTATION('',(#4927),#4951);
#4927 = B_SPLINE_CURVE_WITH_KNOTS('',8,(#4928,#4929,#4930,#4931,#4932,
    #4933,#4934,#4935,#4936,#4937,#4938,#4939,#4940,#4941,#4942,#4943,
    #4944,#4945,#4946,#4947,#4948,#4949,#4950),.UNSPECIFIED.,.F.,.F.,(9,
    7,7,9),(0.,0.451814068875,0.72544531713,1.),.UNSPECIFIED.);
#4928 = CARTESIAN_POINT('',(-1.381224132959,-3.29772485622));
#4929 = CARTESIAN_POINT('',(-1.417760256751,-5.075889857455));
#4930 = CARTESIAN_POINT('',(-1.456636700079,-6.850343686944));
#4931 = CARTESIAN_POINT('',(-1.497769782033,-8.621017157273));
#4932 = CARTESIAN_POINT('',(-1.54099463537,-10.38806519931));
#4933 = CARTESIAN_POINT('',(-1.586051171201,-12.15190708398));
#4934 = CARTESIAN_POINT('',(-1.632578679206,-13.91321166277));
#4935 = CARTESIAN_POINT('',(-1.680153760447,-15.67260192841));
#4936 = CARTESIAN_POINT('',(-1.757514146793,-18.49498816649));
#4937 = CARTESIAN_POINT('',(-1.786917268175,-19.55903503182));
#4938 = CARTESIAN_POINT('',(-1.816446397166,-20.6226472189));
#4939 = CARTESIAN_POINT('',(-1.846003759297,-21.685965086));
#4940 = CARTESIAN_POINT('',(-1.875495121545,-22.74915207852));
#4941 = CARTESIAN_POINT('',(-1.904833102783,-23.81237299657));
#4942 = CARTESIAN_POINT('',(-1.933939495269,-24.87577653168));
#4943 = CARTESIAN_POINT('',(-1.991649960492,-27.00678758231));
#4944 = CARTESIAN_POINT('',(-2.020252555391,-28.07441673132));
#4945 = CARTESIAN_POINT('',(-2.048485887027,-29.14253494701));
#4946 = CARTESIAN_POINT('',(-2.07629291718,-30.21130101325));
#4947 = CARTESIAN_POINT('',(-2.103627984294,-31.28085898533));
#4948 = CARTESIAN_POINT('',(-2.13045649425,-32.35133115927));
#4949 = CARTESIAN_POINT('',(-2.156753905121,-33.42281720621));
#4950 = CARTESIAN_POINT('',(-2.182504005909,-34.49539947166));
#4951 = ( GEOMETRIC_REPRESENTATION_CONTEXT(2) 
PARAMETRIC_REPRESENTATION_CONTEXT() REPRESENTATION_CONTEXT('2D SPACE',''
  ) );
#4952 = PCURVE('',#4953,#4958);
#4953 = B_SPLINE_SURFACE_WITH_KNOTS('',1,1,(
    (#4954,#4955)
    ,(#4956,#4957
    )),.UNSPECIFIED.,.F.,.F.,.F.,(2,2),(2,2),(0.,30.),(0.,1.),
  .PIECEWISE_BEZIER_KNOTS.);
#4954 = CARTESIAN_POINT('',(19.035898384862,40.9711431703,0.));
#4955 = CARTESIAN_POINT('',(-23.79903810567,38.2211431703,35.));
#4956 = CARTESIAN_POINT('',(4.035898384862,14.990381056767,0.));
#4957 = CARTESIAN_POINT('',(-8.799038105677,12.240381056767,35.));
#4958 = DEFINITIONAL_REPRESENTATION('',(#4959),#4983);
#4959 = B_SPLINE_CURVE_WITH_KNOTS('',8,(#4960,#4961,#4962,#4963,#4964,
    #4965,#4966,#4967,#4968,#4969,#4970,#4971,#4972,#4973,#4974,#4975,
    #4976,#4977,#4978,#4979,#4980,#4981,#4982),.UNSPECIFIED.,.F.,.F.,(9,
    7,7,9),(0.,0.451814068875,0.72544531713,1.),.UNSPECIFIED.);
#4960 = CARTESIAN_POINT('',(30.,9.422071017773E-02));
#4961 = CARTESIAN_POINT('',(29.719424745654,0.145025424499));
#4962 = CARTESIAN_POINT('',(29.457497822408,0.195724105341));
#4963 = CARTESIAN_POINT('',(29.220562671911,0.246314775922));
#4964 = CARTESIAN_POINT('',(29.015435832008,0.296801862838));
#4965 = CARTESIAN_POINT('',(28.848856635376,0.347197345256));
#4966 = CARTESIAN_POINT('',(28.72626394533,0.397520333222));
#4967 = CARTESIAN_POINT('',(28.650536714269,0.447788626526));
#4968 = CARTESIAN_POINT('',(28.604688283471,0.528428233328));
#4969 = CARTESIAN_POINT('',(28.604695866956,0.558829572338));
#4970 = CARTESIAN_POINT('',(28.622074055539,0.589218491969));
#4971 = CARTESIAN_POINT('',(28.656545065391,0.619599002457));
#4972 = CARTESIAN_POINT('',(28.707484328503,0.649975773672));
#4973 = CARTESIAN_POINT('',(28.773975487466,0.680353514188));
#4974 = CARTESIAN_POINT('',(28.854892083246,0.710736472334));
#4975 = CARTESIAN_POINT('',(29.043381537288,0.771622502352));
#4976 = CARTESIAN_POINT('',(29.151044907022,0.802126192324));
#4977 = CARTESIAN_POINT('',(29.270704272418,0.832643855629));
#4978 = CARTESIAN_POINT('',(29.400964729794,0.86318002895));
#4979 = CARTESIAN_POINT('',(29.540390521974,0.893738828152));
#4980 = CARTESIAN_POINT('',(29.687574380931,0.924323747408));
#4981 = CARTESIAN_POINT('',(29.841186052051,0.954937634463));
#4982 = CARTESIAN_POINT('',(30.,0.985582842048));
#4983 = ( GEOMETRIC_REPRESENTATION_CONTEXT(2) 
PARAMETRIC_REPRESENTATION_CONTEXT() REPRESENTATION_CONTEXT('2D SPACE',''
  ) );
#4984 = ORIENTED_EDGE('',*,*,#4985,.T.);
#4985 = EDGE_CURVE('',#4898,#620,#4986,.T.);
#4986 = SURFACE_CURVE('',#4987,(#5000,#5016),.PCURVE_S1.);
#4987 = B_SPLINE_CURVE_WITH_KNOTS('',6,(#4988,#4989,#4990,#4991,#4992,
    #4993,#4994,#4995,#4996,#4997,#4998,#4999),.UNSPECIFIED.,.F.,.F.,(7,
    5,7),(0.,0.504899933711,1.),.UNSPECIFIED.);
#4988 = CARTESIAN_POINT('',(-8.613994798983,12.280028241136,
    34.495399471665));
#4989 = CARTESIAN_POINT('',(-8.543731207772,12.32931560411,
    34.595752984357));
#4990 = CARTESIAN_POINT('',(-8.466770500538,12.382580982862,
    34.681081037668));
#4991 = CARTESIAN_POINT('',(-8.383995041125,12.438960776584,
    34.75245398195));
#4992 = CARTESIAN_POINT('',(-8.296284152638,12.497626125443,
    34.811363250961));
#4993 = CARTESIAN_POINT('',(-8.204341482148,12.557934427324,
    34.85920746629));
#4994 = CARTESIAN_POINT('',(-8.01482510705,12.679708886293,
    34.934521170362));
#4995 = CARTESIAN_POINT('',(-7.917418854502,12.74111490585,
    34.962358328082));
#4996 = CARTESIAN_POINT('',(-7.816905886574,12.80319024996,
    34.981922464952));
#4997 = CARTESIAN_POINT('',(-7.713661097746,12.865588165766,
    34.994197869967));
#4998 = CARTESIAN_POINT('',(-7.607964264478,12.928047859607,35.));
#4999 = CARTESIAN_POINT('',(-7.5,12.990381056767,35.));
#5000 = PCURVE('',#665,#5001);
#5001 = DEFINITIONAL_REPRESENTATION('',(#5002),#5015);
#5002 = B_SPLINE_CURVE_WITH_KNOTS('',6,(#5003,#5004,#5005,#5006,#5007,
    #5008,#5009,#5010,#5011,#5012,#5013,#5014),.UNSPECIFIED.,.F.,.F.,(7,
    5,7),(0.,0.504899933711,1.),.UNSPECIFIED.);
#5003 = CARTESIAN_POINT('',(-2.182504005909,-34.49539947166));
#5004 = CARTESIAN_POINT('',(-2.176782228252,-34.59575298435));
#5005 = CARTESIAN_POINT('',(-2.170542639413,-34.68108103766));
#5006 = CARTESIAN_POINT('',(-2.163866126364,-34.75245398195));
#5007 = CARTESIAN_POINT('',(-2.156831756481,-34.81136325096));
#5008 = CARTESIAN_POINT('',(-2.149501612577,-34.85920746629));
#5009 = CARTESIAN_POINT('',(-2.134483774992,-34.93452117036));
#5010 = CARTESIAN_POINT('',(-2.126807640809,-34.96235832808));
#5011 = CARTESIAN_POINT('',(-2.118932396861,-34.98192246495));
#5012 = CARTESIAN_POINT('',(-2.110890595823,-34.99419786996));
#5013 = CARTESIAN_POINT('',(-2.102706195348,-35.));
#5014 = CARTESIAN_POINT('',(-2.094395102393,-35.));
#5015 = ( GEOMETRIC_REPRESENTATION_CONTEXT(2) 
PARAMETRIC_REPRESENTATION_CONTEXT() REPRESENTATION_CONTEXT('2D SPACE',''
  ) );
#5016 = PCURVE('',#5017,#5022);
#5017 = B_SPLINE_SURFACE_WITH_KNOTS('',1,1,(
    (#5018,#5019)
    ,(#5020,#5021
    )),.UNSPECIFIED.,.F.,.F.,.F.,(2,2),(2,2),(0.,8.),(0.,1.),
  .PIECEWISE_BEZIER_KNOTS.);
#5018 = CARTESIAN_POINT('',(4.035898384862,14.990381056767,0.));
#5019 = CARTESIAN_POINT('',(-8.799038105677,12.240381056767,35.));
#5020 = CARTESIAN_POINT('',(10.964101615138,10.990381056767,0.));
#5021 = CARTESIAN_POINT('',(-6.200961894323,13.740381056767,35.));
#5022 = DEFINITIONAL_REPRESENTATION('',(#5023),#5036);
#5023 = B_SPLINE_CURVE_WITH_KNOTS('',6,(#5024,#5025,#5026,#5027,#5028,
    #5029,#5030,#5031,#5032,#5033,#5034,#5035),.UNSPECIFIED.,.F.,.F.,(7,
    5,7),(0.,0.504899933711,1.),.UNSPECIFIED.);
#5024 = CARTESIAN_POINT('',(0.,0.985582842048));
#5025 = CARTESIAN_POINT('',(0.321937384186,0.988450085267));
#5026 = CARTESIAN_POINT('',(0.651050192015,0.990888029648));
#5027 = CARTESIAN_POINT('',(0.985002258896,0.992927256627));
#5028 = CARTESIAN_POINT('',(1.321903793074,0.994610378599));
#5029 = CARTESIAN_POINT('',(1.660463124671,0.99597735618));
#5030 = CARTESIAN_POINT('',(2.332946899395,0.998129176296));
#5031 = CARTESIAN_POINT('',(2.666750198588,0.998924523659));
#5032 = CARTESIAN_POINT('',(3.000739983041,0.999483498999));
#5033 = CARTESIAN_POINT('',(3.334437708755,0.999834224856));
#5034 = CARTESIAN_POINT('',(3.667556281818,1.));
#5035 = CARTESIAN_POINT('',(4.,1.));
#5036 = ( GEOMETRIC_REPRESENTATION_CONTEXT(2) 
PARAMETRIC_REPRESENTATION_CONTEXT() REPRESENTATION_CONTEXT('2D SPACE',''
  ) );
#5037 = ADVANCED_FACE('',(#5038),#731,.T.);
#5038 = FACE_BOUND('',#5039,.F.);
#5039 = EDGE_LOOP('',(#5040,#5041,#5090,#5187,#5246,#5247,#5335,#5423));
#5040 = ORIENTED_EDGE('',*,*,#710,.F.);
#5041 = ORIENTED_EDGE('',*,*,#5042,.F.);
#5042 = EDGE_CURVE('',#5043,#711,#5045,.T.);
#5043 = VERTEX_POINT('',#5044);
#5044 = CARTESIAN_POINT('',(6.065957493708,-13.71875211834,
    34.724722601875));
#5045 = SURFACE_CURVE('',#5046,(#5057,#5071),.PCURVE_S1.);
#5046 = B_SPLINE_CURVE_WITH_KNOTS('',5,(#5047,#5048,#5049,#5050,#5051,
    #5052,#5053,#5054,#5055,#5056),.UNSPECIFIED.,.F.,.F.,(6,4,6),(0.,
    0.501903646639,1.),.UNSPECIFIED.);
#5047 = CARTESIAN_POINT('',(6.065957493708,-13.71875211834,
    34.724722601875));
#5048 = CARTESIAN_POINT('',(6.219966610684,-13.6506546158,
    34.773689034061));
#5049 = CARTESIAN_POINT('',(6.371707838122,-13.58097617828,
    34.818449925123));
#5050 = CARTESIAN_POINT('',(6.521108070693,-13.50983732185,
    34.858594661472));
#5051 = CARTESIAN_POINT('',(6.668046453728,-13.43738771217,
    34.893589970826));
#5052 = CARTESIAN_POINT('',(6.955544815041,-13.29083262609,
    34.951541685307));
#5053 = CARTESIAN_POINT('',(7.09613584971,-13.21674839144,34.97458590239
    ));
#5054 = CARTESIAN_POINT('',(7.233949758698,-13.14177366597,
    34.991062946694));
#5055 = CARTESIAN_POINT('',(7.368709133299,-13.06618187399,35.));
#5056 = CARTESIAN_POINT('',(7.5,-12.99038105676,35.));
#5057 = PCURVE('',#731,#5058);
#5058 = DEFINITIONAL_REPRESENTATION('',(#5059),#5070);
#5059 = B_SPLINE_CURVE_WITH_KNOTS('',5,(#5060,#5061,#5062,#5063,#5064,
    #5065,#5066,#5067,#5068,#5069),.UNSPECIFIED.,.F.,.F.,(6,4,6),(0.,
    0.501903646639,1.),.UNSPECIFIED.);
#5060 = CARTESIAN_POINT('',(-5.128708580124,-34.72472260187));
#5061 = CARTESIAN_POINT('',(-5.139934755482,-34.77368903406));
#5062 = CARTESIAN_POINT('',(-5.15106527498,-34.81844992512));
#5063 = CARTESIAN_POINT('',(-5.162095375067,-34.85859466147));
#5064 = CARTESIAN_POINT('',(-5.173016313652,-34.89358997082));
#5065 = CARTESIAN_POINT('',(-5.19452948285,-34.9515416853));
#5066 = CARTESIAN_POINT('',(-5.205122915592,-34.97458590239));
#5067 = CARTESIAN_POINT('',(-5.215580919075,-34.99106294669));
#5068 = CARTESIAN_POINT('',(-5.225880980352,-35.));
#5069 = CARTESIAN_POINT('',(-5.235987755983,-35.));
#5070 = ( GEOMETRIC_REPRESENTATION_CONTEXT(2) 
PARAMETRIC_REPRESENTATION_CONTEXT() REPRESENTATION_CONTEXT('2D SPACE',''
  ) );
#5071 = PCURVE('',#5072,#5077);
#5072 = B_SPLINE_SURFACE_WITH_KNOTS('',1,1,(
    (#5073,#5074)
    ,(#5075,#5076
    )),.UNSPECIFIED.,.F.,.F.,.F.,(2,2),(2,2),(0.,8.),(0.,1.),
  .PIECEWISE_BEZIER_KNOTS.);
#5073 = CARTESIAN_POINT('',(-4.035898384862,-14.99038105676,0.));
#5074 = CARTESIAN_POINT('',(8.799038105677,-12.24038105676,35.));
#5075 = CARTESIAN_POINT('',(-10.96410161513,-10.99038105676,0.));
#5076 = CARTESIAN_POINT('',(6.200961894323,-13.74038105676,35.));
#5077 = DEFINITIONAL_REPRESENTATION('',(#5078),#5089);
#5078 = B_SPLINE_CURVE_WITH_KNOTS('',5,(#5079,#5080,#5081,#5082,#5083,
    #5084,#5085,#5086,#5087,#5088),.UNSPECIFIED.,.F.,.F.,(6,4,6),(0.,
    0.501903646639,1.),.UNSPECIFIED.);
#5079 = CARTESIAN_POINT('',(8.,0.992134931482));
#5080 = CARTESIAN_POINT('',(7.604899926074,0.993533972402));
#5081 = CARTESIAN_POINT('',(7.208150432479,0.994812855004));
#5082 = CARTESIAN_POINT('',(6.809734604482,0.995959847471));
#5083 = CARTESIAN_POINT('',(6.409673909166,0.996959713452));
#5084 = CARTESIAN_POINT('',(5.60937303797,0.998615476723));
#5085 = CARTESIAN_POINT('',(5.209182188846,0.999273882925));
#5086 = CARTESIAN_POINT('',(4.807428063205,0.99974465562));
#5087 = CARTESIAN_POINT('',(4.404271025237,1.));
#5088 = CARTESIAN_POINT('',(4.,1.));
#5089 = ( GEOMETRIC_REPRESENTATION_CONTEXT(2) 
PARAMETRIC_REPRESENTATION_CONTEXT() REPRESENTATION_CONTEXT('2D SPACE',''
  ) );
#5090 = ORIENTED_EDGE('',*,*,#5091,.T.);
#5091 = EDGE_CURVE('',#5043,#5092,#5094,.T.);
#5092 = VERTEX_POINT('',#5093);
#5093 = CARTESIAN_POINT('',(-10.04809742885,-11.13713329633,
    1.867755776274));
#5094 = SURFACE_CURVE('',#5095,(#5122,#5152),.PCURVE_S1.);
#5095 = B_SPLINE_CURVE_WITH_KNOTS('',7,(#5096,#5097,#5098,#5099,#5100,
    #5101,#5102,#5103,#5104,#5105,#5106,#5107,#5108,#5109,#5110,#5111,
    #5112,#5113,#5114,#5115,#5116,#5117,#5118,#5119,#5120,#5121),
  .UNSPECIFIED.,.F.,.F.,(8,6,6,6,8),(0.,0.254996542011,0.513025526877,
    0.756504918188,1.),.UNSPECIFIED.);
#5096 = CARTESIAN_POINT('',(6.065957493708,-13.71875211834,
    34.724722601875));
#5097 = CARTESIAN_POINT('',(5.631070199492,-13.91104423197,
    33.504030870454));
#5098 = CARTESIAN_POINT('',(5.167109688775,-14.09696343379,
    32.286996779696));
#5099 = CARTESIAN_POINT('',(4.673432712434,-14.27329752595,
    31.073416986871));
#5100 = CARTESIAN_POINT('',(4.149981914822,-14.43634531848,
    29.863059454926));
#5101 = CARTESIAN_POINT('',(3.597527485803,-14.58198967473,
    28.655626060297));
#5102 = CARTESIAN_POINT('',(3.017959079233,-14.70598525971,
    27.450747711843));
#5103 = CARTESIAN_POINT('',(1.803488512484,-14.90404169101,
    25.031102531063));
#5104 = CARTESIAN_POINT('',(1.167963233009,-14.97749864411,
    23.816295277236));
#5105 = CARTESIAN_POINT('',(0.511011021692,-15.02072442079,
    22.603559346537));
#5106 = CARTESIAN_POINT('',(-0.162926422595,-15.03003819821,
    21.392698823758));
#5107 = CARTESIAN_POINT('',(-0.848254635785,-15.00263550911,
    20.183452111352));
#5108 = CARTESIAN_POINT('',(-1.538654048883,-14.93713600272,
    18.975650487831));
#5109 = CARTESIAN_POINT('',(-2.877886661668,-14.73601198974,
    16.631171087103));
#5110 = CARTESIAN_POINT('',(-3.526967566467,-14.60453503951,
    15.494149044277));
#5111 = CARTESIAN_POINT('',(-4.169550590123,-14.43930399275,
    14.358406232038));
#5112 = CARTESIAN_POINT('',(-4.800430390665,-14.24153893711,
    13.223726832895));
#5113 = CARTESIAN_POINT('',(-5.415037428141,-14.01352372803,
    12.089753093099));
#5114 = CARTESIAN_POINT('',(-6.009706265972,-13.75821904273,
    10.95612268195));
#5115 = CARTESIAN_POINT('',(-7.153694759545,-13.1996160603,
    8.688849356332));
#5116 = CARTESIAN_POINT('',(-7.703048642789,-12.89629667268,
    7.555133150198));
#5117 = CARTESIAN_POINT('',(-8.227080854147,-12.57221709077,
    6.420868843412));
#5118 = CARTESIAN_POINT('',(-8.724074331347,-12.23092022923,
    5.285493542448));
#5119 = CARTESIAN_POINT('',(-9.193225496113,-11.87589522915,
    4.148484559161));
#5120 = CARTESIAN_POINT('',(-9.634429865956,-11.51035070017,
    3.009378803055));
#5121 = CARTESIAN_POINT('',(-10.04809742885,-11.13713329633,
    1.867755776274));
#5122 = PCURVE('',#731,#5123);
#5123 = DEFINITIONAL_REPRESENTATION('',(#5124),#5151);
#5124 = B_SPLINE_CURVE_WITH_KNOTS('',7,(#5125,#5126,#5127,#5128,#5129,
    #5130,#5131,#5132,#5133,#5134,#5135,#5136,#5137,#5138,#5139,#5140,
    #5141,#5142,#5143,#5144,#5145,#5146,#5147,#5148,#5149,#5150),
  .UNSPECIFIED.,.F.,.F.,(8,6,6,6,8),(0.,0.254996542011,0.513025526877,
    0.756504918188,1.),.UNSPECIFIED.);
#5125 = CARTESIAN_POINT('',(-5.128708580124,-34.72472260187));
#5126 = CARTESIAN_POINT('',(-5.097008372229,-33.50403087045));
#5127 = CARTESIAN_POINT('',(-5.063707318521,-32.28699677969));
#5128 = CARTESIAN_POINT('',(-5.028800764724,-31.07341698687));
#5129 = CARTESIAN_POINT('',(-4.992309324195,-29.86305945492));
#5130 = CARTESIAN_POINT('',(-4.954285695123,-28.65562606029));
#5131 = CARTESIAN_POINT('',(-4.91482106015,-27.45074771184));
#5132 = CARTESIAN_POINT('',(-4.832786782559,-25.03110253106));
#5133 = CARTESIAN_POINT('',(-4.790182632757,-23.81629527723));
#5134 = CARTESIAN_POINT('',(-4.746378233992,-22.60355934653));
#5135 = CARTESIAN_POINT('',(-4.701557296789,-21.39269882376));
#5136 = CARTESIAN_POINT('',(-4.655940467687,-20.18345211135));
#5137 = CARTESIAN_POINT('',(-4.609775739929,-18.97565048783));
#5138 = CARTESIAN_POINT('',(-4.519492362358,-16.6311710871));
#5139 = CARTESIAN_POINT('',(-4.475398426168,-15.49414904427));
#5140 = CARTESIAN_POINT('',(-4.431261182715,-14.35840623203));
#5141 = CARTESIAN_POINT('',(-4.387290747505,-13.22372683289));
#5142 = CARTESIAN_POINT('',(-4.343677161709,-12.08975309309));
#5143 = CARTESIAN_POINT('',(-4.300584582395,-10.95612268195));
#5144 = CARTESIAN_POINT('',(-4.215712208525,-8.688849356332));
#5145 = CARTESIAN_POINT('',(-4.173929751906,-7.555133150199));
#5146 = CARTESIAN_POINT('',(-4.132932126305,-6.42086884341));
#5147 = CARTESIAN_POINT('',(-4.092818295925,-5.285493542451));
#5148 = CARTESIAN_POINT('',(-4.053657588798,-4.14848455916));
#5149 = CARTESIAN_POINT('',(-4.01549412908,-3.009378803055));
#5150 = CARTESIAN_POINT('',(-3.978351037416,-1.867755776274));
#5151 = ( GEOMETRIC_REPRESENTATION_CONTEXT(2) 
PARAMETRIC_REPRESENTATION_CONTEXT() REPRESENTATION_CONTEXT('2D SPACE',''
  ) );
#5152 = PCURVE('',#5153,#5158);
#5153 = B_SPLINE_SURFACE_WITH_KNOTS('',1,1,(
    (#5154,#5155)
    ,(#5156,#5157
    )),.UNSPECIFIED.,.F.,.F.,.F.,(2,2),(2,2),(0.,30.),(0.,1.),
  .PIECEWISE_BEZIER_KNOTS.);
#5154 = CARTESIAN_POINT('',(-10.96410161513,-10.99038105676,0.));
#5155 = CARTESIAN_POINT('',(6.200961894323,-13.74038105676,35.));
#5156 = CARTESIAN_POINT('',(-25.96410161513,-36.9711431703,0.));
#5157 = CARTESIAN_POINT('',(21.200961894323,-39.7211431703,35.));
#5158 = DEFINITIONAL_REPRESENTATION('',(#5159),#5186);
#5159 = B_SPLINE_CURVE_WITH_KNOTS('',7,(#5160,#5161,#5162,#5163,#5164,
    #5165,#5166,#5167,#5168,#5169,#5170,#5171,#5172,#5173,#5174,#5175,
    #5176,#5177,#5178,#5179,#5180,#5181,#5182,#5183,#5184,#5185),
  .UNSPECIFIED.,.F.,.F.,(8,6,6,6,8),(0.,0.254996542011,0.513025526877,
    0.756504918188,1.),.UNSPECIFIED.);
#5160 = CARTESIAN_POINT('',(0.,0.992134931482));
#5161 = CARTESIAN_POINT('',(0.332788859956,0.95725802487));
#5162 = CARTESIAN_POINT('',(0.657887070378,0.922485622277));
#5163 = CARTESIAN_POINT('',(0.971603953258,0.887811913911));
#5164 = CARTESIAN_POINT('',(1.269686794437,0.85323027014));
#5165 = CARTESIAN_POINT('',(1.547408581712,0.818732173151));
#5166 = CARTESIAN_POINT('',(1.799900710841,0.784307077481));
#5167 = CARTESIAN_POINT('',(2.24812244671,0.71517435803));
#5168 = CARTESIAN_POINT('',(2.443158404931,0.68046557935));
#5169 = CARTESIAN_POINT('',(2.603098483624,0.64581598133));
#5170 = CARTESIAN_POINT('',(2.723710209373,0.611219966393));
#5171 = CARTESIAN_POINT('',(2.801778996154,0.576670060324));
#5172 = CARTESIAN_POINT('',(2.83572625967,0.542161442509));
#5173 = CARTESIAN_POINT('',(2.816194595672,0.475176316774));
#5174 = CARTESIAN_POINT('',(2.767536087707,0.442689972694));
#5175 = CARTESIAN_POINT('',(2.679785646222,0.410240178058));
#5176 = CARTESIAN_POINT('',(2.554371687457,0.377820766654));
#5177 = CARTESIAN_POINT('',(2.393963838254,0.345421516946));
#5178 = CARTESIAN_POINT('',(2.202013667167,0.313032076627));
#5179 = CARTESIAN_POINT('',(1.762696209953,0.248252838752));
#5180 = CARTESIAN_POINT('',(1.51531122011,0.215860947149));
#5181 = CARTESIAN_POINT('',(1.244004149993,0.183453395526));
#5182 = CARTESIAN_POINT('',(0.952917074407,0.151014101213));
#5183 = CARTESIAN_POINT('',(0.646126328081,0.118528130262));
#5184 = CARTESIAN_POINT('',(0.327378908868,8.598225151586E-02));
#5185 = CARTESIAN_POINT('',(0.,5.336445075069E-02));
#5186 = ( GEOMETRIC_REPRESENTATION_CONTEXT(2) 
PARAMETRIC_REPRESENTATION_CONTEXT() REPRESENTATION_CONTEXT('2D SPACE',''
  ) );
#5187 = ORIENTED_EDGE('',*,*,#5188,.T.);
#5188 = EDGE_CURVE('',#5092,#2383,#5189,.T.);
#5189 = SURFACE_CURVE('',#5190,(#5205,#5223),.PCURVE_S1.);
#5190 = B_SPLINE_CURVE_WITH_KNOTS('',7,(#5191,#5192,#5193,#5194,#5195,
    #5196,#5197,#5198,#5199,#5200,#5201,#5202,#5203,#5204),
  .UNSPECIFIED.,.F.,.F.,(8,6,8),(0.,0.565890768242,1.),.UNSPECIFIED.);
#5191 = CARTESIAN_POINT('',(-10.04809742885,-11.13713329633,
    1.867755776274));
#5192 = CARTESIAN_POINT('',(-9.918022648227,-11.25448881628,
    1.632520988098));
#5193 = CARTESIAN_POINT('',(-9.77784611822,-11.37774319174,1.40493757966
    ));
#5194 = CARTESIAN_POINT('',(-9.626170168189,-11.50740080784,
    1.186121726762));
#5195 = CARTESIAN_POINT('',(-9.461478653477,-11.64384417986,
    0.978108020316));
#5196 = CARTESIAN_POINT('',(-9.282140163357,-11.78727573996,
    0.783877673986));
#5197 = CARTESIAN_POINT('',(-9.086408278352,-11.93765548459,
    0.607392508161));
#5198 = CARTESIAN_POINT('',(-8.708262152946,-12.21505707338,
    0.335683184489));
#5199 = CARTESIAN_POINT('',(-8.533332397495,-12.33938438858,
    0.231085420624));
#5200 = CARTESIAN_POINT('',(-8.347183869705,-12.46716567975,
    0.142389667768));
#5201 = CARTESIAN_POINT('',(-8.149757290574,-12.59758877012,
    7.249324778325E-02));
#5202 = CARTESIAN_POINT('',(-7.941568206384,-12.72943155531,
    2.428908767037E-02));
#5203 = CARTESIAN_POINT('',(-7.724030404072,-12.86103704266,
    6.85349721216E-16));
#5204 = CARTESIAN_POINT('',(-7.5,-12.99038105676,0.));
#5205 = PCURVE('',#731,#5206);
#5206 = DEFINITIONAL_REPRESENTATION('',(#5207),#5222);
#5207 = B_SPLINE_CURVE_WITH_KNOTS('',7,(#5208,#5209,#5210,#5211,#5212,
    #5213,#5214,#5215,#5216,#5217,#5218,#5219,#5220,#5221),
  .UNSPECIFIED.,.F.,.F.,(8,6,8),(0.,0.565890768242,1.),.UNSPECIFIED.);
#5208 = CARTESIAN_POINT('',(-3.978351037416,-1.867755776274));
#5209 = CARTESIAN_POINT('',(-3.99003041461,-1.632520988098));
#5210 = CARTESIAN_POINT('',(-4.00247324956,-1.40493757966));
#5211 = CARTESIAN_POINT('',(-4.015773823041,-1.186121726762));
#5212 = CARTESIAN_POINT('',(-4.030028463215,-0.978108020316));
#5213 = CARTESIAN_POINT('',(-4.045333571133,-0.783877673986));
#5214 = CARTESIAN_POINT('',(-4.061784855312,-0.607392508161));
#5215 = CARTESIAN_POINT('',(-4.093050465359,-0.335683184489));
#5216 = CARTESIAN_POINT('',(-4.107356223954,-0.231085420624));
#5217 = CARTESIAN_POINT('',(-4.122405313687,-0.142389667768));
#5218 = CARTESIAN_POINT('',(-4.138174992387,-7.249324778306E-02));
#5219 = CARTESIAN_POINT('',(-4.154597936725,-2.428908767045E-02));
#5220 = CARTESIAN_POINT('',(-4.17154433624,-6.661338147751E-16));
#5221 = CARTESIAN_POINT('',(-4.188790204786,0.));
#5222 = ( GEOMETRIC_REPRESENTATION_CONTEXT(2) 
PARAMETRIC_REPRESENTATION_CONTEXT() REPRESENTATION_CONTEXT('2D SPACE',''
  ) );
#5223 = PCURVE('',#5224,#5229);
#5224 = B_SPLINE_SURFACE_WITH_KNOTS('',1,1,(
    (#5225,#5226)
    ,(#5227,#5228
    )),.UNSPECIFIED.,.F.,.F.,.F.,(2,2),(2,2),(0.,8.),(0.,1.),
  .PIECEWISE_BEZIER_KNOTS.);
#5225 = CARTESIAN_POINT('',(-4.035898384862,-14.99038105676,0.));
#5226 = CARTESIAN_POINT('',(8.799038105677,-12.24038105676,35.));
#5227 = CARTESIAN_POINT('',(-10.96410161513,-10.99038105676,0.));
#5228 = CARTESIAN_POINT('',(6.200961894323,-13.74038105676,35.));
#5229 = DEFINITIONAL_REPRESENTATION('',(#5230),#5245);
#5230 = B_SPLINE_CURVE_WITH_KNOTS('',7,(#5231,#5232,#5233,#5234,#5235,
    #5236,#5237,#5238,#5239,#5240,#5241,#5242,#5243,#5244),
  .UNSPECIFIED.,.F.,.F.,(8,6,8),(0.,0.565890768242,1.),.UNSPECIFIED.);
#5231 = CARTESIAN_POINT('',(8.,5.336445075069E-02));
#5232 = CARTESIAN_POINT('',(7.706810376442,4.664345680281E-02));
#5233 = CARTESIAN_POINT('',(7.409009097225,4.014107370457E-02));
#5234 = CARTESIAN_POINT('',(7.105490670876,3.38891921932E-02));
#5235 = CARTESIAN_POINT('',(6.7955289315,2.794594343759E-02));
#5236 = CARTESIAN_POINT('',(6.478712399404,2.239650497103E-02));
#5237 = CARTESIAN_POINT('',(6.154871737401,1.735407166174E-02));
#5238 = CARTESIAN_POINT('',(5.57017862489,9.590948128263E-03));
#5239 = CARTESIAN_POINT('',(5.312175238665,6.602440589259E-03));
#5240 = CARTESIAN_POINT('',(5.050606221259,4.068276221928E-03));
#5241 = CARTESIAN_POINT('',(4.786621091872,2.071235650951E-03));
#5242 = CARTESIAN_POINT('',(4.521899046644,6.939739334386E-04));
#5243 = CARTESIAN_POINT('',(4.258688028195,1.935160893825E-17));
#5244 = CARTESIAN_POINT('',(4.,0.));
#5245 = ( GEOMETRIC_REPRESENTATION_CONTEXT(2) 
PARAMETRIC_REPRESENTATION_CONTEXT() REPRESENTATION_CONTEXT('2D SPACE',''
  ) );
#5246 = ORIENTED_EDGE('',*,*,#2382,.F.);
#5247 = ORIENTED_EDGE('',*,*,#5248,.F.);
#5248 = EDGE_CURVE('',#5249,#2360,#5251,.T.);
#5249 = VERTEX_POINT('',#5250);
#5250 = CARTESIAN_POINT('',(-14.1709483808,-4.91774562057,3.29772485622)
  );
#5251 = SURFACE_CURVE('',#5252,(#5276,#5303),.PCURVE_S1.);
#5252 = B_SPLINE_CURVE_WITH_KNOTS('',8,(#5253,#5254,#5255,#5256,#5257,
    #5258,#5259,#5260,#5261,#5262,#5263,#5264,#5265,#5266,#5267,#5268,
    #5269,#5270,#5271,#5272,#5273,#5274,#5275),.UNSPECIFIED.,.F.,.F.,(9,
    7,7,9),(0.,0.600189197391,0.752613012605,1.),.UNSPECIFIED.);
#5253 = CARTESIAN_POINT('',(-14.1709483808,-4.91774562057,3.29772485622)
  );
#5254 = CARTESIAN_POINT('',(-14.26746447715,-4.639625375053,
    2.937246930266));
#5255 = CARTESIAN_POINT('',(-14.36082269332,-4.350463473023,
    2.584737145903));
#5256 = CARTESIAN_POINT('',(-14.45093237568,-4.048276067992,
    2.240474655453));
#5257 = CARTESIAN_POINT('',(-14.5373425316,-3.731237865581,
    1.906068674324));
#5258 = CARTESIAN_POINT('',(-14.61927057567,-3.39772005481,
    1.584428745708));
#5259 = CARTESIAN_POINT('',(-14.69558852982,-3.046148553447,
    1.280008565273));
#5260 = CARTESIAN_POINT('',(-14.76487759003,-2.675099825324,
    0.998726979972));
#5261 = CARTESIAN_POINT('',(-14.84066879908,-2.182825005563,
    0.685596818648));
#5262 = CARTESIAN_POINT('',(-14.85543658112,-2.081810893713,
    0.624262505424));
#5263 = CARTESIAN_POINT('',(-14.86958976843,-1.979480563187,
    0.565161660457));
#5264 = CARTESIAN_POINT('',(-14.88309247406,-1.875848045204,
    0.50846253009));
#5265 = CARTESIAN_POINT('',(-14.89590671013,-1.770943872725,0.4543470795
    ));
#5266 = CARTESIAN_POINT('',(-14.90799349872,-1.664816920604,
    0.403007200942));
#5267 = CARTESIAN_POINT('',(-14.91931398274,-1.557536245732,
    0.354640921977));
#5268 = CARTESIAN_POINT('',(-14.94689912054,-1.273349492607,
    0.236100567821));
#5269 = CARTESIAN_POINT('',(-14.96186272095,-1.09457635111,0.17105838166
    ));
#5270 = CARTESIAN_POINT('',(-14.97453944004,-0.913429670777,
    0.115267504423));
#5271 = CARTESIAN_POINT('',(-14.98477304799,-0.730583395312,
    6.961655057738E-02));
#5272 = CARTESIAN_POINT('',(-14.99245078459,-0.546834512451,
    3.486757237645E-02));
#5273 = CARTESIAN_POINT('',(-14.99751948075,-0.363104808306,
    1.157596438384E-02));
#5274 = CARTESIAN_POINT('',(-15.,-0.180439107626,-1.014199676496E-16));
#5275 = CARTESIAN_POINT('',(-15.,1.7763568394E-15,0.));
#5276 = PCURVE('',#731,#5277);
#5277 = DEFINITIONAL_REPRESENTATION('',(#5278),#5302);
#5278 = B_SPLINE_CURVE_WITH_KNOTS('',8,(#5279,#5280,#5281,#5282,#5283,
    #5284,#5285,#5286,#5287,#5288,#5289,#5290,#5291,#5292,#5293,#5294,
    #5295,#5296,#5297,#5298,#5299,#5300,#5301),.UNSPECIFIED.,.F.,.F.,(9,
    7,7,9),(0.,0.600189197391,0.752613012605,1.),.UNSPECIFIED.);
#5279 = CARTESIAN_POINT('',(-3.475619235352,-3.29772485622));
#5280 = CARTESIAN_POINT('',(-3.455993149783,-2.937246930266));
#5281 = CARTESIAN_POINT('',(-3.435740655517,-2.584737145902));
#5282 = CARTESIAN_POINT('',(-3.414727296891,-2.240474655454));
#5283 = CARTESIAN_POINT('',(-3.392833257523,-1.906068674322));
#5284 = CARTESIAN_POINT('',(-3.369953532197,-1.584428745709));
#5285 = CARTESIAN_POINT('',(-3.345985888265,-1.280008565272));
#5286 = CARTESIAN_POINT('',(-3.320834465055,-0.998726979972));
#5287 = CARTESIAN_POINT('',(-3.287629458369,-0.685596818648));
#5288 = CARTESIAN_POINT('',(-3.280823793785,-0.624262505424));
#5289 = CARTESIAN_POINT('',(-3.273937177128,-0.565161660457));
#5290 = CARTESIAN_POINT('',(-3.266970384091,-0.50846253009));
#5291 = CARTESIAN_POINT('',(-3.259925249974,-0.4543470795));
#5292 = CARTESIAN_POINT('',(-3.252804783976,-0.403007200942));
#5293 = CARTESIAN_POINT('',(-3.245613283485,-0.354640921977));
#5294 = CARTESIAN_POINT('',(-3.2265784557,-0.236100567821));
#5295 = CARTESIAN_POINT('',(-3.214619619479,-0.17105838166));
#5296 = CARTESIAN_POINT('',(-3.202515531687,-0.115267504423));
#5297 = CARTESIAN_POINT('',(-3.190309099264,-6.961655057738E-02));
#5298 = CARTESIAN_POINT('',(-3.17805093803,-3.486757237645E-02));
#5299 = CARTESIAN_POINT('',(-3.165799641905,-1.157596438384E-02));
#5300 = CARTESIAN_POINT('',(-3.153621927432,0.));
#5301 = CARTESIAN_POINT('',(-3.14159265359,0.));
#5302 = ( GEOMETRIC_REPRESENTATION_CONTEXT(2) 
PARAMETRIC_REPRESENTATION_CONTEXT() REPRESENTATION_CONTEXT('2D SPACE',''
  ) );
#5303 = PCURVE('',#5304,#5309);
#5304 = B_SPLINE_SURFACE_WITH_KNOTS('',1,1,(
    (#5305,#5306)
    ,(#5307,#5308
    )),.UNSPECIFIED.,.F.,.F.,.F.,(2,2),(2,2),(0.,8.),(0.,1.),
  .PIECEWISE_BEZIER_KNOTS.);
#5305 = CARTESIAN_POINT('',(-15.,-4.,0.));
#5306 = CARTESIAN_POINT('',(-6.200961894323,-13.74038105676,35.));
#5307 = CARTESIAN_POINT('',(-15.,4.,0.));
#5308 = CARTESIAN_POINT('',(-8.799038105677,-12.24038105676,35.));
#5309 = DEFINITIONAL_REPRESENTATION('',(#5310),#5334);
#5310 = B_SPLINE_CURVE_WITH_KNOTS('',8,(#5311,#5312,#5313,#5314,#5315,
    #5316,#5317,#5318,#5319,#5320,#5321,#5322,#5323,#5324,#5325,#5326,
    #5327,#5328,#5329,#5330,#5331,#5332,#5333),.UNSPECIFIED.,.F.,.F.,(9,
    7,7,9),(0.,0.600189197391,0.752613012605,1.),.UNSPECIFIED.);
#5311 = CARTESIAN_POINT('',(0.,9.422071017773E-02));
#5312 = CARTESIAN_POINT('',(0.192540253278,8.392134086474E-02));
#5313 = CARTESIAN_POINT('',(0.395450830497,7.384963274006E-02));
#5314 = CARTESIAN_POINT('',(0.610742041329,6.401356158441E-02));
#5315 = CARTESIAN_POINT('',(0.840570848044,5.445910498062E-02));
#5316 = CARTESIAN_POINT('',(1.087247875305,4.526939273455E-02));
#5317 = CARTESIAN_POINT('',(1.353565852939,3.657167329349E-02));
#5318 = CARTESIAN_POINT('',(1.642768641619,2.853505657062E-02));
#5319 = CARTESIAN_POINT('',(2.040569841535,1.95884805328E-02));
#5320 = CARTESIAN_POINT('',(2.122884288298,1.783607158353E-02));
#5321 = CARTESIAN_POINT('',(2.207003676097,1.614747601306E-02));
#5322 = CARTESIAN_POINT('',(2.292976833918,1.452750085971E-02));
#5323 = CARTESIAN_POINT('',(2.380843279355,1.298134512858E-02));
#5324 = CARTESIAN_POINT('',(2.470630717638,1.151449145547E-02));
#5325 = CARTESIAN_POINT('',(2.562352540666,1.013259777077E-02));
#5326 = CARTESIAN_POINT('',(2.808005723078,6.745730509166E-03));
#5327 = CARTESIAN_POINT('',(2.965205085629,4.887382333142E-03));
#5328 = CARTESIAN_POINT('',(3.127449936431,3.293357269241E-03));
#5329 = CARTESIAN_POINT('',(3.294481676531,1.989044302211E-03));
#5330 = CARTESIAN_POINT('',(3.465912592078,9.962163536128E-04));
#5331 = CARTESIAN_POINT('',(3.641191765691,3.307418395382E-04));
#5332 = CARTESIAN_POINT('',(3.819560892374,-2.897713361418E-18));
#5333 = CARTESIAN_POINT('',(4.,0.));
#5334 = ( GEOMETRIC_REPRESENTATION_CONTEXT(2) 
PARAMETRIC_REPRESENTATION_CONTEXT() REPRESENTATION_CONTEXT('2D SPACE',''
  ) );
#5335 = ORIENTED_EDGE('',*,*,#5336,.T.);
#5336 = EDGE_CURVE('',#5249,#5337,#5339,.T.);
#5337 = VERTEX_POINT('',#5338);
#5338 = CARTESIAN_POINT('',(-6.327819016522,-13.59995244455,
    34.495399471665));
#5339 = SURFACE_CURVE('',#5340,(#5364,#5391),.PCURVE_S1.);
#5340 = B_SPLINE_CURVE_WITH_KNOTS('',8,(#5341,#5342,#5343,#5344,#5345,
    #5346,#5347,#5348,#5349,#5350,#5351,#5352,#5353,#5354,#5355,#5356,
    #5357,#5358,#5359,#5360,#5361,#5362,#5363),.UNSPECIFIED.,.F.,.F.,(9,
    7,7,9),(0.,0.451814068875,0.725445317135,1.),.UNSPECIFIED.);
#5341 = CARTESIAN_POINT('',(-14.1709483808,-4.91774562057,3.29772485622)
  );
#5342 = CARTESIAN_POINT('',(-13.99127301802,-5.435497144871,
    5.075889857453));
#5343 = CARTESIAN_POINT('',(-13.77846997551,-5.978910820803,
    6.850343686951));
#5344 = CARTESIAN_POINT('',(-13.52846606914,-6.544065319297,
    8.621017157257));
#5345 = CARTESIAN_POINT('',(-13.23770461284,-7.125290065163,
    10.388065199339));
#5346 = CARTESIAN_POINT('',(-12.90375424984,-7.715057539828,
    12.151907083961));
#5347 = CARTESIAN_POINT('',(-12.52637217038,-8.304262809317,
    13.913211662783));
#5348 = CARTESIAN_POINT('',(-12.10793399791,-8.883706782392,
    15.672601928408));
#5349 = CARTESIAN_POINT('',(-11.37725350824,-9.785176488784,
    18.494988166514));
#5350 = CARTESIAN_POINT('',(-11.08819735468,-10.11861593344,
    19.559035031853));
#5351 = CARTESIAN_POINT('',(-10.78666548248,-10.44364549265,
    20.622647218956));
#5352 = CARTESIAN_POINT('',(-10.47388720637,-10.75859501024,
    21.685965086072));
#5353 = CARTESIAN_POINT('',(-10.15129730311,-11.0620354792,
    22.749152078605));
#5354 = CARTESIAN_POINT('',(-9.820453070152,-11.35283086165,
    23.812372996681));
#5355 = CARTESIAN_POINT('',(-9.482945915136,-11.63015247718,
    24.875776531807));
#5356 = CARTESIAN_POINT('',(-8.796569111326,-12.15764549832,
    27.00678758243));
#5357 = CARTESIAN_POINT('',(-8.447658553742,-12.40772759002,
    28.074416731431));
#5358 = CARTESIAN_POINT('',(-8.095168328547,-12.64315532059,
    29.142534947097));
#5359 = CARTESIAN_POINT('',(-7.74062152978,-12.86368170606,
    30.211301013325));
#5360 = CARTESIAN_POINT('',(-7.385433170535,-13.06932003898,
    31.280858985383));
#5361 = CARTESIAN_POINT('',(-7.030867461105,-13.26029888467,
    32.351331159307));
#5362 = CARTESIAN_POINT('',(-6.678019162668,-13.43701046711,
    33.422817206232));
#5363 = CARTESIAN_POINT('',(-6.327819016522,-13.59995244455,
    34.495399471665));
#5364 = PCURVE('',#731,#5365);
#5365 = DEFINITIONAL_REPRESENTATION('',(#5366),#5390);
#5366 = B_SPLINE_CURVE_WITH_KNOTS('',8,(#5367,#5368,#5369,#5370,#5371,
    #5372,#5373,#5374,#5375,#5376,#5377,#5378,#5379,#5380,#5381,#5382,
    #5383,#5384,#5385,#5386,#5387,#5388,#5389),.UNSPECIFIED.,.F.,.F.,(9,
    7,7,9),(0.,0.451814068875,0.725445317135,1.),.UNSPECIFIED.);
#5367 = CARTESIAN_POINT('',(-3.475619235352,-3.29772485622));
#5368 = CARTESIAN_POINT('',(-3.512155359144,-5.075889857453));
#5369 = CARTESIAN_POINT('',(-3.551031802472,-6.850343686957));
#5370 = CARTESIAN_POINT('',(-3.592164884426,-8.621017157238));
#5371 = CARTESIAN_POINT('',(-3.635389737763,-10.38806519936));
#5372 = CARTESIAN_POINT('',(-3.680446273594,-12.15190708394));
#5373 = CARTESIAN_POINT('',(-3.726973781599,-13.91321166278));
#5374 = CARTESIAN_POINT('',(-3.77454886284,-15.6726019284));
#5375 = CARTESIAN_POINT('',(-3.851909249186,-18.49498816651));
#5376 = CARTESIAN_POINT('',(-3.881312370569,-19.55903503185));
#5377 = CARTESIAN_POINT('',(-3.91084149956,-20.62264721895));
#5378 = CARTESIAN_POINT('',(-3.940398861692,-21.68596508607));
#5379 = CARTESIAN_POINT('',(-3.969890223941,-22.7491520786));
#5380 = CARTESIAN_POINT('',(-3.999228205179,-23.81237299668));
#5381 = CARTESIAN_POINT('',(-4.028334597665,-24.8757765318));
#5382 = CARTESIAN_POINT('',(-4.086045062888,-27.00678758243));
#5383 = CARTESIAN_POINT('',(-4.114647657787,-28.07441673143));
#5384 = CARTESIAN_POINT('',(-4.142880989423,-29.14253494709));
#5385 = CARTESIAN_POINT('',(-4.170688019575,-30.21130101332));
#5386 = CARTESIAN_POINT('',(-4.198023086688,-31.28085898538));
#5387 = CARTESIAN_POINT('',(-4.224851596644,-32.3513311593));
#5388 = CARTESIAN_POINT('',(-4.251149007515,-33.42281720623));
#5389 = CARTESIAN_POINT('',(-4.276899108302,-34.49539947166));
#5390 = ( GEOMETRIC_REPRESENTATION_CONTEXT(2) 
PARAMETRIC_REPRESENTATION_CONTEXT() REPRESENTATION_CONTEXT('2D SPACE',''
  ) );
#5391 = PCURVE('',#5392,#5397);
#5392 = B_SPLINE_SURFACE_WITH_KNOTS('',1,1,(
    (#5393,#5394)
    ,(#5395,#5396
    )),.UNSPECIFIED.,.F.,.F.,.F.,(2,2),(2,2),(0.,30.),(0.,1.),
  .PIECEWISE_BEZIER_KNOTS.);
#5393 = CARTESIAN_POINT('',(-45.,-4.,0.));
#5394 = CARTESIAN_POINT('',(-21.20096189432,-39.7211431703,35.));
#5395 = CARTESIAN_POINT('',(-15.,-4.,0.));
#5396 = CARTESIAN_POINT('',(-6.200961894323,-13.74038105676,35.));
#5397 = DEFINITIONAL_REPRESENTATION('',(#5398),#5422);
#5398 = B_SPLINE_CURVE_WITH_KNOTS('',8,(#5399,#5400,#5401,#5402,#5403,
    #5404,#5405,#5406,#5407,#5408,#5409,#5410,#5411,#5412,#5413,#5414,
    #5415,#5416,#5417,#5418,#5419,#5420,#5421),.UNSPECIFIED.,.F.,.F.,(9,
    7,7,9),(0.,0.451814068875,0.725445317135,1.),.UNSPECIFIED.);
#5399 = CARTESIAN_POINT('',(30.,9.422071017773E-02));
#5400 = CARTESIAN_POINT('',(29.719424745655,0.145025424499));
#5401 = CARTESIAN_POINT('',(29.457497822407,0.195724105341));
#5402 = CARTESIAN_POINT('',(29.220562671913,0.246314775922));
#5403 = CARTESIAN_POINT('',(29.015435832006,0.296801862838));
#5404 = CARTESIAN_POINT('',(28.848856635377,0.347197345256));
#5405 = CARTESIAN_POINT('',(28.726263945329,0.397520333222));
#5406 = CARTESIAN_POINT('',(28.65053671427,0.447788626526));
#5407 = CARTESIAN_POINT('',(28.60468828347,0.528428233329));
#5408 = CARTESIAN_POINT('',(28.604695866956,0.558829572339));
#5409 = CARTESIAN_POINT('',(28.62207405554,0.58921849197));
#5410 = CARTESIAN_POINT('',(28.656545065393,0.619599002459));
#5411 = CARTESIAN_POINT('',(28.707484328507,0.649975773674));
#5412 = CARTESIAN_POINT('',(28.773975487473,0.680353514191));
#5413 = CARTESIAN_POINT('',(28.854892083256,0.710736472337));
#5414 = CARTESIAN_POINT('',(29.0433815373,0.771622502355));
#5415 = CARTESIAN_POINT('',(29.151044907034,0.802126192327));
#5416 = CARTESIAN_POINT('',(29.270704272429,0.832643855631));
#5417 = CARTESIAN_POINT('',(29.400964729803,0.863180028952));
#5418 = CARTESIAN_POINT('',(29.540390521981,0.893738828154));
#5419 = CARTESIAN_POINT('',(29.687574380936,0.924323747409));
#5420 = CARTESIAN_POINT('',(29.841186052053,0.954937634464));
#5421 = CARTESIAN_POINT('',(30.,0.985582842048));
#5422 = ( GEOMETRIC_REPRESENTATION_CONTEXT(2) 
PARAMETRIC_REPRESENTATION_CONTEXT() REPRESENTATION_CONTEXT('2D SPACE',''
  ) );
#5423 = ORIENTED_EDGE('',*,*,#5424,.T.);
#5424 = EDGE_CURVE('',#5337,#678,#5425,.T.);
#5425 = SURFACE_CURVE('',#5426,(#5439,#5455),.PCURVE_S1.);
#5426 = B_SPLINE_CURVE_WITH_KNOTS('',6,(#5427,#5428,#5429,#5430,#5431,
    #5432,#5433,#5434,#5435,#5436,#5437,#5438),.UNSPECIFIED.,.F.,.F.,(7,
    5,7),(0.,0.504899933661,1.),.UNSPECIFIED.);
#5427 = CARTESIAN_POINT('',(-6.327819016522,-13.59995244455,
    34.495399471665));
#5428 = CARTESIAN_POINT('',(-6.405634920549,-13.56374607109,
    34.595752984357));
#5429 = CARTESIAN_POINT('',(-6.490244445308,-13.52372883291,
    34.681081037668));
#5430 = CARTESIAN_POINT('',(-6.580458508638,-13.4802330791,
    34.75245398195));
#5431 = CARTESIAN_POINT('',(-6.675119635315,-13.43360589592,
    34.811363250961));
#5432 = CARTESIAN_POINT('',(-6.773319492048,-13.38413535852,
    34.85920746629));
#5433 = CARTESIAN_POINT('',(-6.973537454616,-13.28089659273,
    34.93452117037));
#5434 = CARTESIAN_POINT('',(-7.075419753793,-13.2272433133,
    34.962358328093));
#5435 = CARTESIAN_POINT('',(-7.179435062726,-13.17123420171,
    34.981922464964));
#5436 = CARTESIAN_POINT('',(-7.285095637394,-13.11302054966,
    34.994197869977));
#5437 = CARTESIAN_POINT('',(-7.39203573563,-13.05271425386,
    35.000000000006));
#5438 = CARTESIAN_POINT('',(-7.50000000013,-12.99038105669,35.));
#5439 = PCURVE('',#731,#5440);
#5440 = DEFINITIONAL_REPRESENTATION('',(#5441),#5454);
#5441 = B_SPLINE_CURVE_WITH_KNOTS('',6,(#5442,#5443,#5444,#5445,#5446,
    #5447,#5448,#5449,#5450,#5451,#5452,#5453),.UNSPECIFIED.,.F.,.F.,(7,
    5,7),(0.,0.504899933661,1.),.UNSPECIFIED.);
#5442 = CARTESIAN_POINT('',(-4.276899108302,-34.49539947166));
#5443 = CARTESIAN_POINT('',(-4.271177330645,-34.59575298435));
#5444 = CARTESIAN_POINT('',(-4.264937741806,-34.68108103766));
#5445 = CARTESIAN_POINT('',(-4.258261228757,-34.75245398195));
#5446 = CARTESIAN_POINT('',(-4.251226858875,-34.81136325096));
#5447 = CARTESIAN_POINT('',(-4.24389671497,-34.85920746629));
#5448 = CARTESIAN_POINT('',(-4.228878877384,-34.93452117037));
#5449 = CARTESIAN_POINT('',(-4.221202743199,-34.96235832809));
#5450 = CARTESIAN_POINT('',(-4.213327499249,-34.98192246496));
#5451 = CARTESIAN_POINT('',(-4.20528569821,-34.99419786997));
#5452 = CARTESIAN_POINT('',(-4.197101297733,-35.));
#5453 = CARTESIAN_POINT('',(-4.188790204776,-35.));
#5454 = ( GEOMETRIC_REPRESENTATION_CONTEXT(2) 
PARAMETRIC_REPRESENTATION_CONTEXT() REPRESENTATION_CONTEXT('2D SPACE',''
  ) );
#5455 = PCURVE('',#5456,#5461);
#5456 = B_SPLINE_SURFACE_WITH_KNOTS('',1,1,(
    (#5457,#5458)
    ,(#5459,#5460
    )),.UNSPECIFIED.,.F.,.F.,.F.,(2,2),(2,2),(0.,8.),(0.,1.),
  .PIECEWISE_BEZIER_KNOTS.);
#5457 = CARTESIAN_POINT('',(-15.,-4.,0.));
#5458 = CARTESIAN_POINT('',(-6.200961894323,-13.74038105676,35.));
#5459 = CARTESIAN_POINT('',(-15.,4.,0.));
#5460 = CARTESIAN_POINT('',(-8.799038105677,-12.24038105676,35.));
#5461 = DEFINITIONAL_REPRESENTATION('',(#5462),#5475);
#5462 = B_SPLINE_CURVE_WITH_KNOTS('',6,(#5463,#5464,#5465,#5466,#5467,
    #5468,#5469,#5470,#5471,#5472,#5473,#5474),.UNSPECIFIED.,.F.,.F.,(7,
    5,7),(0.,0.504899933661,1.),.UNSPECIFIED.);
#5463 = CARTESIAN_POINT('',(0.,0.985582842048));
#5464 = CARTESIAN_POINT('',(0.321937384186,0.988450085267));
#5465 = CARTESIAN_POINT('',(0.651050192016,0.990888029648));
#5466 = CARTESIAN_POINT('',(0.985002258896,0.992927256627));
#5467 = CARTESIAN_POINT('',(1.321903793074,0.994610378599));
#5468 = CARTESIAN_POINT('',(1.66046312467,0.99597735618));
#5469 = CARTESIAN_POINT('',(2.332946899461,0.998129176296));
#5470 = CARTESIAN_POINT('',(2.666750198722,0.99892452366));
#5471 = CARTESIAN_POINT('',(3.000739983242,0.999483498999));
#5472 = CARTESIAN_POINT('',(3.334437709023,0.999834224856));
#5473 = CARTESIAN_POINT('',(3.667556282152,1.));
#5474 = CARTESIAN_POINT('',(4.0000000004,1.));
#5475 = ( GEOMETRIC_REPRESENTATION_CONTEXT(2) 
PARAMETRIC_REPRESENTATION_CONTEXT() REPRESENTATION_CONTEXT('2D SPACE',''
  ) );
#5476 = ADVANCED_FACE('',(#5477),#698,.T.);
#5477 = FACE_BOUND('',#5478,.F.);
#5478 = EDGE_LOOP('',(#5479,#5480,#5529,#5626,#5685,#5686,#5774,#5862));
#5479 = ORIENTED_EDGE('',*,*,#677,.F.);
#5480 = ORIENTED_EDGE('',*,*,#5481,.F.);
#5481 = EDGE_CURVE('',#5482,#678,#5484,.T.);
#5482 = VERTEX_POINT('',#5483);
#5483 = CARTESIAN_POINT('',(-8.847809095852,-12.11264934699,
    34.724722601875));
#5484 = SURFACE_CURVE('',#5485,(#5496,#5510),.PCURVE_S1.);
#5485 = B_SPLINE_CURVE_WITH_KNOTS('',5,(#5486,#5487,#5488,#5489,#5490,
    #5491,#5492,#5493,#5494,#5495),.UNSPECIFIED.,.F.,.F.,(6,4,6),(0.,
    0.501903646688,1.),.UNSPECIFIED.);
#5486 = CARTESIAN_POINT('',(-8.847809095852,-12.11264934699,
    34.724722601875));
#5487 = CARTESIAN_POINT('',(-8.71183037023,-12.21197640344,
    34.773689034061));
#5488 = CARTESIAN_POINT('',(-8.575616459529,-12.30854894245,
    34.818449925123));
#5489 = CARTESIAN_POINT('',(-8.439308286375,-12.40236391097,
    34.858594661472));
#5490 = CARTESIAN_POINT('',(-8.303095892381,-12.49339147863,
    34.893589970826));
#5491 = CARTESIAN_POINT('',(-8.032426284149,-12.66909482001,
    34.951541685301));
#5492 = CARTESIAN_POINT('',(-7.897971937616,-12.75380811024,
    34.974585902381));
#5493 = CARTESIAN_POINT('',(-7.764134966249,-12.83567109367,
    34.991062946685));
#5494 = CARTESIAN_POINT('',(-7.631290866806,-12.91458023947,
    34.999999999993));
#5495 = CARTESIAN_POINT('',(-7.50000000013,-12.99038105669,35.));
#5496 = PCURVE('',#698,#5497);
#5497 = DEFINITIONAL_REPRESENTATION('',(#5498),#5509);
#5498 = B_SPLINE_CURVE_WITH_KNOTS('',5,(#5499,#5500,#5501,#5502,#5503,
    #5504,#5505,#5506,#5507,#5508),.UNSPECIFIED.,.F.,.F.,(6,4,6),(0.,
    0.501903646688,1.),.UNSPECIFIED.);
#5499 = CARTESIAN_POINT('',(-4.081511028928,-34.72472260187));
#5500 = CARTESIAN_POINT('',(-4.092737204286,-34.77368903406));
#5501 = CARTESIAN_POINT('',(-4.103867723783,-34.81844992512));
#5502 = CARTESIAN_POINT('',(-4.11489782387,-34.85859466147));
#5503 = CARTESIAN_POINT('',(-4.125818762455,-34.89358997082));
#5504 = CARTESIAN_POINT('',(-4.147331931652,-34.9515416853));
#5505 = CARTESIAN_POINT('',(-4.157925364391,-34.97458590238));
#5506 = CARTESIAN_POINT('',(-4.168383367872,-34.99106294668));
#5507 = CARTESIAN_POINT('',(-4.178683429147,-34.99999999999));
#5508 = CARTESIAN_POINT('',(-4.188790204776,-35.));
#5509 = ( GEOMETRIC_REPRESENTATION_CONTEXT(2) 
PARAMETRIC_REPRESENTATION_CONTEXT() REPRESENTATION_CONTEXT('2D SPACE',''
  ) );
#5510 = PCURVE('',#5511,#5516);
#5511 = B_SPLINE_SURFACE_WITH_KNOTS('',1,1,(
    (#5512,#5513)
    ,(#5514,#5515
    )),.UNSPECIFIED.,.F.,.F.,.F.,(2,2),(2,2),(0.,8.),(0.,1.),
  .PIECEWISE_BEZIER_KNOTS.);
#5512 = CARTESIAN_POINT('',(-15.,-4.,0.));
#5513 = CARTESIAN_POINT('',(-6.200961894323,-13.74038105676,35.));
#5514 = CARTESIAN_POINT('',(-15.,4.,0.));
#5515 = CARTESIAN_POINT('',(-8.799038105677,-12.24038105676,35.));
#5516 = DEFINITIONAL_REPRESENTATION('',(#5517),#5528);
#5517 = B_SPLINE_CURVE_WITH_KNOTS('',5,(#5518,#5519,#5520,#5521,#5522,
    #5523,#5524,#5525,#5526,#5527),.UNSPECIFIED.,.F.,.F.,(6,4,6),(0.,
    0.501903646688,1.),.UNSPECIFIED.);
#5518 = CARTESIAN_POINT('',(8.,0.992134931482));
#5519 = CARTESIAN_POINT('',(7.604899926074,0.993533972402));
#5520 = CARTESIAN_POINT('',(7.208150432479,0.994812855004));
#5521 = CARTESIAN_POINT('',(6.809734604482,0.995959847471));
#5522 = CARTESIAN_POINT('',(6.409673909166,0.996959713452));
#5523 = CARTESIAN_POINT('',(5.609373038049,0.998615476723));
#5524 = CARTESIAN_POINT('',(5.209182189004,0.999273882925));
#5525 = CARTESIAN_POINT('',(4.807428063444,0.99974465562));
#5526 = CARTESIAN_POINT('',(4.404271025556,1.));
#5527 = CARTESIAN_POINT('',(4.0000000004,1.));
#5528 = ( GEOMETRIC_REPRESENTATION_CONTEXT(2) 
PARAMETRIC_REPRESENTATION_CONTEXT() REPRESENTATION_CONTEXT('2D SPACE',''
  ) );
#5529 = ORIENTED_EDGE('',*,*,#5530,.T.);
#5530 = EDGE_CURVE('',#5482,#5531,#5533,.T.);
#5531 = VERTEX_POINT('',#5532);
#5532 = CARTESIAN_POINT('',(-14.66908907438,3.133340984924,
    1.867755776274));
#5533 = SURFACE_CURVE('',#5534,(#5561,#5591),.PCURVE_S1.);
#5534 = B_SPLINE_CURVE_WITH_KNOTS('',7,(#5535,#5536,#5537,#5538,#5539,
    #5540,#5541,#5542,#5543,#5544,#5545,#5546,#5547,#5548,#5549,#5550,
    #5551,#5552,#5553,#5554,#5555,#5556,#5557,#5558,#5559,#5560),
  .UNSPECIFIED.,.F.,.F.,(8,6,6,6,8),(0.,0.254996542011,0.513025526876,
    0.756504918188,1.),.UNSPECIFIED.);
#5535 = CARTESIAN_POINT('',(-8.847809095852,-12.11264934699,
    34.724722601875));
#5536 = CARTESIAN_POINT('',(-9.231782598315,-11.83217195924,
    33.504030870457));
#5537 = CARTESIAN_POINT('',(-9.624773605504,-11.52332997151,
    32.286996779689));
#5538 = CARTESIAN_POINT('',(-10.02432189703,-11.18396021483,
    31.073416986883));
#5539 = CARTESIAN_POINT('',(-10.4272508262,-10.81216242271,
    29.863059454915));
#5540 = CARTESIAN_POINT('',(-10.82960975313,-10.40654503088,
    28.655626060304));
#5541 = CARTESIAN_POINT('',(-11.22677728297,-9.966621860056,
    27.450747711841));
#5542 = CARTESIAN_POINT('',(-12.00553446724,-9.013887712757,
    25.031102531068));
#5543 = CARTESIAN_POINT('',(-12.38691269444,-8.50023515253,
    23.816295277234));
#5544 = CARTESIAN_POINT('',(-12.7528234208,-7.952910736809,
    22.603559346567));
#5545 = CARTESIAN_POINT('',(-13.0978581108,-7.373920678189,
    21.392698823752));
#5546 = CARTESIAN_POINT('',(-13.41679079249,-6.766707691105,
    20.183452111382));
#5547 = CARTESIAN_POINT('',(-13.70526626257,-6.136054507401,
    18.975650487849));
#5548 = CARTESIAN_POINT('',(-14.20070406442,-4.87568303667,
    16.631171087126));
#5549 = CARTESIAN_POINT('',(-14.41138213791,-4.247824008893,
    15.494149044309));
#5550 = CARTESIAN_POINT('',(-14.58957936575,-3.608715262971,
    14.358406232048));
#5551 = CARTESIAN_POINT('',(-14.73374970385,-2.963474801165,
    13.223726832939));
#5552 = CARTESIAN_POINT('',(-14.84358625908,-2.317201888811,
    12.089753093111));
#5553 = CARTESIAN_POINT('',(-14.91982033482,-1.674551225771,
    10.956122681979));
#5554 = CARTESIAN_POINT('',(-15.0080502082,-0.404526637482,
    8.688849356356));
#5555 = CARTESIAN_POINT('',(-15.02004485467,0.222887474899,
    7.555133150208));
#5556 = CARTESIAN_POINT('',(-15.00139980957,0.838752473275,
    6.420868843439));
#5557 = CARTESIAN_POINT('',(-14.95432479585,1.439809880837,
    5.285493542446));
#5558 = CARTESIAN_POINT('',(-14.88143970919,2.023619207764,
    4.148484559176));
#5559 = CARTESIAN_POINT('',(-14.7854710458,2.588485664808,3.009378803056
    ));
#5560 = CARTESIAN_POINT('',(-14.66908907438,3.133340984924,
    1.867755776274));
#5561 = PCURVE('',#698,#5562);
#5562 = DEFINITIONAL_REPRESENTATION('',(#5563),#5590);
#5563 = B_SPLINE_CURVE_WITH_KNOTS('',7,(#5564,#5565,#5566,#5567,#5568,
    #5569,#5570,#5571,#5572,#5573,#5574,#5575,#5576,#5577,#5578,#5579,
    #5580,#5581,#5582,#5583,#5584,#5585,#5586,#5587,#5588,#5589),
  .UNSPECIFIED.,.F.,.F.,(8,6,6,6,8),(0.,0.254996542011,0.513025526876,
    0.756504918188,1.),.UNSPECIFIED.);
#5564 = CARTESIAN_POINT('',(-4.081511028928,-34.72472260187));
#5565 = CARTESIAN_POINT('',(-4.049810821032,-33.50403087045));
#5566 = CARTESIAN_POINT('',(-4.016509767325,-32.28699677968));
#5567 = CARTESIAN_POINT('',(-3.981603213528,-31.07341698688));
#5568 = CARTESIAN_POINT('',(-3.945111772998,-29.86305945491));
#5569 = CARTESIAN_POINT('',(-3.907088143927,-28.6556260603));
#5570 = CARTESIAN_POINT('',(-3.867623508953,-27.45074771184));
#5571 = CARTESIAN_POINT('',(-3.785589231362,-25.03110253106));
#5572 = CARTESIAN_POINT('',(-3.74298508156,-23.81629527723));
#5573 = CARTESIAN_POINT('',(-3.699180682796,-22.60355934656));
#5574 = CARTESIAN_POINT('',(-3.654359745593,-21.39269882375));
#5575 = CARTESIAN_POINT('',(-3.608742916492,-20.18345211138));
#5576 = CARTESIAN_POINT('',(-3.562578188733,-18.97565048784));
#5577 = CARTESIAN_POINT('',(-3.472294811163,-16.63117108712));
#5578 = CARTESIAN_POINT('',(-3.428200874973,-15.49414904431));
#5579 = CARTESIAN_POINT('',(-3.384063631518,-14.35840623204));
#5580 = CARTESIAN_POINT('',(-3.340093196311,-13.22372683294));
#5581 = CARTESIAN_POINT('',(-3.296479610512,-12.0897530931));
#5582 = CARTESIAN_POINT('',(-3.253387031199,-10.95612268197));
#5583 = CARTESIAN_POINT('',(-3.16851465733,-8.688849356356));
#5584 = CARTESIAN_POINT('',(-3.126732200709,-7.555133150207));
#5585 = CARTESIAN_POINT('',(-3.085734575109,-6.420868843442));
#5586 = CARTESIAN_POINT('',(-3.045620744728,-5.285493542444));
#5587 = CARTESIAN_POINT('',(-3.006460037602,-4.148484559177));
#5588 = CARTESIAN_POINT('',(-2.968296577883,-3.009378803056));
#5589 = CARTESIAN_POINT('',(-2.931153486219,-1.867755776274));
#5590 = ( GEOMETRIC_REPRESENTATION_CONTEXT(2) 
PARAMETRIC_REPRESENTATION_CONTEXT() REPRESENTATION_CONTEXT('2D SPACE',''
  ) );
#5591 = PCURVE('',#5592,#5597);
#5592 = B_SPLINE_SURFACE_WITH_KNOTS('',1,1,(
    (#5593,#5594)
    ,(#5595,#5596
    )),.UNSPECIFIED.,.F.,.F.,.F.,(2,2),(2,2),(0.,30.),(0.,1.),
  .PIECEWISE_BEZIER_KNOTS.);
#5593 = CARTESIAN_POINT('',(-15.,4.,0.));
#5594 = CARTESIAN_POINT('',(-8.799038105677,-12.24038105676,35.));
#5595 = CARTESIAN_POINT('',(-45.,4.,0.));
#5596 = CARTESIAN_POINT('',(-23.79903810567,-38.2211431703,35.));
#5597 = DEFINITIONAL_REPRESENTATION('',(#5598),#5625);
#5598 = B_SPLINE_CURVE_WITH_KNOTS('',7,(#5599,#5600,#5601,#5602,#5603,
    #5604,#5605,#5606,#5607,#5608,#5609,#5610,#5611,#5612,#5613,#5614,
    #5615,#5616,#5617,#5618,#5619,#5620,#5621,#5622,#5623,#5624),
  .UNSPECIFIED.,.F.,.F.,(8,6,6,6,8),(0.,0.254996542011,0.513025526876,
    0.756504918188,1.),.UNSPECIFIED.);
#5599 = CARTESIAN_POINT('',(0.,0.992134931482));
#5600 = CARTESIAN_POINT('',(0.332788859955,0.95725802487));
#5601 = CARTESIAN_POINT('',(0.65788707038,0.922485622277));
#5602 = CARTESIAN_POINT('',(0.971603953255,0.887811913911));
#5603 = CARTESIAN_POINT('',(1.269686794439,0.85323027014));
#5604 = CARTESIAN_POINT('',(1.547408581711,0.818732173152));
#5605 = CARTESIAN_POINT('',(1.799900710841,0.784307077481));
#5606 = CARTESIAN_POINT('',(2.248122446709,0.715174358031));
#5607 = CARTESIAN_POINT('',(2.443158404931,0.68046557935));
#5608 = CARTESIAN_POINT('',(2.603098483621,0.64581598133));
#5609 = CARTESIAN_POINT('',(2.723710209373,0.611219966393));
#5610 = CARTESIAN_POINT('',(2.801778996152,0.576670060325));
#5611 = CARTESIAN_POINT('',(2.835726259669,0.54216144251));
#5612 = CARTESIAN_POINT('',(2.816194595672,0.475176316775));
#5613 = CARTESIAN_POINT('',(2.76753608771,0.442689972695));
#5614 = CARTESIAN_POINT('',(2.679785646223,0.410240178058));
#5615 = CARTESIAN_POINT('',(2.554371687463,0.377820766655));
#5616 = CARTESIAN_POINT('',(2.393963838255,0.345421516946));
#5617 = CARTESIAN_POINT('',(2.202013667172,0.313032076628));
#5618 = CARTESIAN_POINT('',(1.762696209958,0.248252838753));
#5619 = CARTESIAN_POINT('',(1.515311220112,0.215860947149));
#5620 = CARTESIAN_POINT('',(1.24400415,0.183453395527));
#5621 = CARTESIAN_POINT('',(0.952917074407,0.151014101213));
#5622 = CARTESIAN_POINT('',(0.646126328085,0.118528130262));
#5623 = CARTESIAN_POINT('',(0.327378908868,8.598225151589E-02));
#5624 = CARTESIAN_POINT('',(0.,5.336445075069E-02));
#5625 = ( GEOMETRIC_REPRESENTATION_CONTEXT(2) 
PARAMETRIC_REPRESENTATION_CONTEXT() REPRESENTATION_CONTEXT('2D SPACE',''
  ) );
#5626 = ORIENTED_EDGE('',*,*,#5627,.T.);
#5627 = EDGE_CURVE('',#5531,#2360,#5628,.T.);
#5628 = SURFACE_CURVE('',#5629,(#5644,#5662),.PCURVE_S1.);
#5629 = B_SPLINE_CURVE_WITH_KNOTS('',7,(#5630,#5631,#5632,#5633,#5634,
    #5635,#5636,#5637,#5638,#5639,#5640,#5641,#5642,#5643),
  .UNSPECIFIED.,.F.,.F.,(8,6,8),(0.,0.565890768242,1.),.UNSPECIFIED.);
#5630 = CARTESIAN_POINT('',(-14.66908907438,3.133340984924,
    1.867755776274));
#5631 = CARTESIAN_POINT('',(-14.70568454562,2.962015160532,
    1.632520988098));
#5632 = CARTESIAN_POINT('',(-14.7423377009,2.7789915368,1.40493757966));
#5633 = CARTESIAN_POINT('',(-14.77878651521,2.582807502882,
    1.186121726762));
#5634 = CARTESIAN_POINT('',(-14.8146041842,2.371958781343,0.978108020316
    ));
#5635 = CARTESIAN_POINT('',(-14.84915031389,2.144931312974,
    0.783877673986));
#5636 = CARTESIAN_POINT('',(-14.88151705046,1.900232655912,
    0.607392508161));
#5637 = CARTESIAN_POINT('',(-14.93268081069,1.434047710576,
    0.335683184489));
#5638 = CARTESIAN_POINT('',(-14.95288654632,1.220390440877,
    0.231085420624));
#5639 = CARTESIAN_POINT('',(-14.9704741267,0.995290441348,0.142389667767
    ));
#5640 = CARTESIAN_POINT('',(-14.98471054664,0.759102463254,
    7.249324778329E-02));
#5641 = CARTESIAN_POINT('',(-14.99479520583,0.512884034957,
    2.428908767034E-02));
#5642 = CARTESIAN_POINT('',(-15.,0.258688028195,1.454015806001E-16));
#5643 = CARTESIAN_POINT('',(-15.,1.7763568394E-15,0.));
#5644 = PCURVE('',#698,#5645);
#5645 = DEFINITIONAL_REPRESENTATION('',(#5646),#5661);
#5646 = B_SPLINE_CURVE_WITH_KNOTS('',7,(#5647,#5648,#5649,#5650,#5651,
    #5652,#5653,#5654,#5655,#5656,#5657,#5658,#5659,#5660),
  .UNSPECIFIED.,.F.,.F.,(8,6,8),(0.,0.565890768242,1.),.UNSPECIFIED.);
#5647 = CARTESIAN_POINT('',(-2.931153486219,-1.867755776274));
#5648 = CARTESIAN_POINT('',(-2.942832863413,-1.632520988098));
#5649 = CARTESIAN_POINT('',(-2.955275698363,-1.40493757966));
#5650 = CARTESIAN_POINT('',(-2.968576271844,-1.186121726762));
#5651 = CARTESIAN_POINT('',(-2.982830912019,-0.978108020316));
#5652 = CARTESIAN_POINT('',(-2.998136019937,-0.783877673986));
#5653 = CARTESIAN_POINT('',(-3.014587304115,-0.607392508161));
#5654 = CARTESIAN_POINT('',(-3.045852914163,-0.335683184489));
#5655 = CARTESIAN_POINT('',(-3.060158672757,-0.231085420624));
#5656 = CARTESIAN_POINT('',(-3.07520776249,-0.142389667768));
#5657 = CARTESIAN_POINT('',(-3.09097744119,-7.249324778286E-02));
#5658 = CARTESIAN_POINT('',(-3.107400385529,-2.42890876705E-02));
#5659 = CARTESIAN_POINT('',(-3.124346785043,-2.22044604925E-16));
#5660 = CARTESIAN_POINT('',(-3.14159265359,0.));
#5661 = ( GEOMETRIC_REPRESENTATION_CONTEXT(2) 
PARAMETRIC_REPRESENTATION_CONTEXT() REPRESENTATION_CONTEXT('2D SPACE',''
  ) );
#5662 = PCURVE('',#5663,#5668);
#5663 = B_SPLINE_SURFACE_WITH_KNOTS('',1,1,(
    (#5664,#5665)
    ,(#5666,#5667
    )),.UNSPECIFIED.,.F.,.F.,.F.,(2,2),(2,2),(0.,8.),(0.,1.),
  .PIECEWISE_BEZIER_KNOTS.);
#5664 = CARTESIAN_POINT('',(-15.,-4.,0.));
#5665 = CARTESIAN_POINT('',(-6.200961894323,-13.74038105676,35.));
#5666 = CARTESIAN_POINT('',(-15.,4.,0.));
#5667 = CARTESIAN_POINT('',(-8.799038105677,-12.24038105676,35.));
#5668 = DEFINITIONAL_REPRESENTATION('',(#5669),#5684);
#5669 = B_SPLINE_CURVE_WITH_KNOTS('',7,(#5670,#5671,#5672,#5673,#5674,
    #5675,#5676,#5677,#5678,#5679,#5680,#5681,#5682,#5683),
  .UNSPECIFIED.,.F.,.F.,(8,6,8),(0.,0.565890768242,1.),.UNSPECIFIED.);
#5670 = CARTESIAN_POINT('',(8.,5.336445075069E-02));
#5671 = CARTESIAN_POINT('',(7.706810376442,4.664345680281E-02));
#5672 = CARTESIAN_POINT('',(7.409009097225,4.014107370457E-02));
#5673 = CARTESIAN_POINT('',(7.105490670876,3.38891921932E-02));
#5674 = CARTESIAN_POINT('',(6.7955289315,2.794594343759E-02));
#5675 = CARTESIAN_POINT('',(6.478712399404,2.239650497103E-02));
#5676 = CARTESIAN_POINT('',(6.154871737401,1.735407166174E-02));
#5677 = CARTESIAN_POINT('',(5.57017862489,9.590948128263E-03));
#5678 = CARTESIAN_POINT('',(5.312175238665,6.602440589258E-03));
#5679 = CARTESIAN_POINT('',(5.050606221259,4.068276221927E-03));
#5680 = CARTESIAN_POINT('',(4.786621091872,2.071235650952E-03));
#5681 = CARTESIAN_POINT('',(4.521899046644,6.939739334377E-04));
#5682 = CARTESIAN_POINT('',(4.258688028195,4.154330874288E-18));
#5683 = CARTESIAN_POINT('',(4.,0.));
#5684 = ( GEOMETRIC_REPRESENTATION_CONTEXT(2) 
PARAMETRIC_REPRESENTATION_CONTEXT() REPRESENTATION_CONTEXT('2D SPACE',''
  ) );
#5685 = ORIENTED_EDGE('',*,*,#2359,.F.);
#5686 = ORIENTED_EDGE('',*,*,#5687,.F.);
#5687 = EDGE_CURVE('',#5688,#2336,#5690,.T.);
#5688 = VERTEX_POINT('',#5689);
#5689 = CARTESIAN_POINT('',(-11.34436682716,9.813528483208,3.29772485622
    ));
#5690 = SURFACE_CURVE('',#5691,(#5715,#5742),.PCURVE_S1.);
#5691 = B_SPLINE_CURVE_WITH_KNOTS('',8,(#5692,#5693,#5694,#5695,#5696,
    #5697,#5698,#5699,#5700,#5701,#5702,#5703,#5704,#5705,#5706,#5707,
    #5708,#5709,#5710,#5711,#5712,#5713,#5714),.UNSPECIFIED.,.F.,.F.,(9,
    7,7,9),(0.,0.600189197719,0.752613013017,1.),.UNSPECIFIED.);
#5692 = CARTESIAN_POINT('',(-11.34436682716,9.813528483208,3.29772485622
    ));
#5693 = CARTESIAN_POINT('',(-11.15176567741,10.036173997285,
    2.937246930266));
#5694 = CARTESIAN_POINT('',(-10.94802323253,10.261605535154,
    2.584737145903));
#5695 = CARTESIAN_POINT('',(-10.73137610425,10.49073651172,
    2.240474655452));
#5696 = CARTESIAN_POINT('',(-10.50001804495,10.724089003093,
    1.906068674325));
#5697 = CARTESIAN_POINT('',(-10.25214717025,10.96179967593,
    1.584428745707));
#5698 = CARTESIAN_POINT('',(-9.985836295899,11.203678713667,
    1.280008565273));
#5699 = CARTESIAN_POINT('',(-9.699143201407,11.449209164076,
    0.998726979972));
#5700 = CARTESIAN_POINT('',(-9.310716306374,11.760983686374,
    0.685596818648));
#5701 = CARTESIAN_POINT('',(-9.230619410394,11.824280016707,
    0.624262505424));
#5702 = CARTESIAN_POINT('',(-9.149075338233,11.887702201721,
    0.565161660457));
#5703 = CARTESIAN_POINT('',(-9.066078297817,11.951212146809,
    0.50846253009));
#5704 = CARTESIAN_POINT('',(-8.981635737526,12.01476168702,0.4543470795)
  );
#5705 = CARTESIAN_POINT('',(-8.895770495257,12.078292629049,
    0.403007200942));
#5706 = CARTESIAN_POINT('',(-8.808522947493,12.14173679323,
    0.354640921977));
#5707 = CARTESIAN_POINT('',(-8.576202569083,12.307719599664,
    0.236100567983));
#5708 = CARTESIAN_POINT('',(-8.428862287571,12.410065028271,
    0.171058381948));
#5709 = CARTESIAN_POINT('',(-8.278323020488,12.511616728988,
    0.115267504795));
#5710 = CARTESIAN_POINT('',(-8.12509030528,12.611902430961,
    6.961655098239E-02));
#5711 = CARTESIAN_POINT('',(-7.969797973468,12.710425987129,
    3.486757276162E-02));
#5712 = CARTESIAN_POINT('',(-7.81321773069,12.806680458656,
    1.157596469353E-02));
#5713 = CARTESIAN_POINT('',(-7.656264853476,12.900161501503,
    1.796728287074E-10));
#5714 = CARTESIAN_POINT('',(-7.500000002772,12.990381055166,0.));
#5715 = PCURVE('',#698,#5716);
#5716 = DEFINITIONAL_REPRESENTATION('',(#5717),#5741);
#5717 = B_SPLINE_CURVE_WITH_KNOTS('',8,(#5718,#5719,#5720,#5721,#5722,
    #5723,#5724,#5725,#5726,#5727,#5728,#5729,#5730,#5731,#5732,#5733,
    #5734,#5735,#5736,#5737,#5738,#5739,#5740),.UNSPECIFIED.,.F.,.F.,(9,
    7,7,9),(0.,0.600189197719,0.752613013017,1.),.UNSPECIFIED.);
#5718 = CARTESIAN_POINT('',(-2.428421684155,-3.29772485622));
#5719 = CARTESIAN_POINT('',(-2.408795598586,-2.937246930266));
#5720 = CARTESIAN_POINT('',(-2.388543104321,-2.584737145903));
#5721 = CARTESIAN_POINT('',(-2.367529745695,-2.240474655453));
#5722 = CARTESIAN_POINT('',(-2.345635706326,-1.906068674324));
#5723 = CARTESIAN_POINT('',(-2.322755981001,-1.584428745707));
#5724 = CARTESIAN_POINT('',(-2.298788337068,-1.280008565273));
#5725 = CARTESIAN_POINT('',(-2.273636913859,-0.998726979972));
#5726 = CARTESIAN_POINT('',(-2.240431907172,-0.685596818648));
#5727 = CARTESIAN_POINT('',(-2.233626242588,-0.624262505424));
#5728 = CARTESIAN_POINT('',(-2.226739625932,-0.565161660457));
#5729 = CARTESIAN_POINT('',(-2.219772832894,-0.50846253009));
#5730 = CARTESIAN_POINT('',(-2.212727698778,-0.4543470795));
#5731 = CARTESIAN_POINT('',(-2.20560723278,-0.403007200942));
#5732 = CARTESIAN_POINT('',(-2.198415732288,-0.354640921977));
#5733 = CARTESIAN_POINT('',(-2.179380904529,-0.236100567983));
#5734 = CARTESIAN_POINT('',(-2.167422068335,-0.171058381948));
#5735 = CARTESIAN_POINT('',(-2.15531798057,-0.115267504795));
#5736 = CARTESIAN_POINT('',(-2.143111548176,-6.961655098241E-02));
#5737 = CARTESIAN_POINT('',(-2.130853386969,-3.486757276162E-02));
#5738 = CARTESIAN_POINT('',(-2.118602090872,-1.157596469352E-02));
#5739 = CARTESIAN_POINT('',(-2.106424376424,-1.796729431902E-10));
#5740 = CARTESIAN_POINT('',(-2.094395102607,0.));
#5741 = ( GEOMETRIC_REPRESENTATION_CONTEXT(2) 
PARAMETRIC_REPRESENTATION_CONTEXT() REPRESENTATION_CONTEXT('2D SPACE',''
  ) );
#5742 = PCURVE('',#5743,#5748);
#5743 = B_SPLINE_SURFACE_WITH_KNOTS('',1,1,(
    (#5744,#5745)
    ,(#5746,#5747
    )),.UNSPECIFIED.,.F.,.F.,.F.,(2,2),(2,2),(0.,8.),(0.,1.),
  .PIECEWISE_BEZIER_KNOTS.);
#5744 = CARTESIAN_POINT('',(-10.96410161513,10.990381056767,0.));
#5745 = CARTESIAN_POINT('',(-15.,-1.5,35.));
#5746 = CARTESIAN_POINT('',(-4.035898384862,14.990381056767,0.));
#5747 = CARTESIAN_POINT('',(-15.,1.5,35.));
#5748 = DEFINITIONAL_REPRESENTATION('',(#5749),#5773);
#5749 = B_SPLINE_CURVE_WITH_KNOTS('',8,(#5750,#5751,#5752,#5753,#5754,
    #5755,#5756,#5757,#5758,#5759,#5760,#5761,#5762,#5763,#5764,#5765,
    #5766,#5767,#5768,#5769,#5770,#5771,#5772),.UNSPECIFIED.,.F.,.F.,(9,
    7,7,9),(0.,0.600189197719,0.752613013017,1.),.UNSPECIFIED.);
#5750 = CARTESIAN_POINT('',(0.,9.422071017773E-02));
#5751 = CARTESIAN_POINT('',(0.192540253279,8.392134086473E-02));
#5752 = CARTESIAN_POINT('',(0.395450830496,7.384963274004E-02));
#5753 = CARTESIAN_POINT('',(0.610742041329,6.401356158448E-02));
#5754 = CARTESIAN_POINT('',(0.840570848043,5.445910498053E-02));
#5755 = CARTESIAN_POINT('',(1.087247875306,4.52693927346E-02));
#5756 = CARTESIAN_POINT('',(1.353565852939,3.657167329348E-02));
#5757 = CARTESIAN_POINT('',(1.642768641619,2.853505657062E-02));
#5758 = CARTESIAN_POINT('',(2.040569841535,1.95884805328E-02));
#5759 = CARTESIAN_POINT('',(2.122884288298,1.783607158353E-02));
#5760 = CARTESIAN_POINT('',(2.207003676097,1.614747601306E-02));
#5761 = CARTESIAN_POINT('',(2.292976833918,1.452750085971E-02));
#5762 = CARTESIAN_POINT('',(2.380843279355,1.298134512858E-02));
#5763 = CARTESIAN_POINT('',(2.470630717638,1.151449145547E-02));
#5764 = CARTESIAN_POINT('',(2.562352540666,1.013259777077E-02));
#5765 = CARTESIAN_POINT('',(2.808005722742,6.745730513803E-03));
#5766 = CARTESIAN_POINT('',(2.965205084932,4.887382341381E-03));
#5767 = CARTESIAN_POINT('',(3.127449935351,3.293357279848E-03));
#5768 = CARTESIAN_POINT('',(3.294481675049,1.989044313782E-03));
#5769 = CARTESIAN_POINT('',(3.465912590178,9.962163646177E-04));
#5770 = CARTESIAN_POINT('',(3.641191763359,3.307418483867E-04));
#5771 = CARTESIAN_POINT('',(3.819560889606,5.133509458806E-12));
#5772 = CARTESIAN_POINT('',(3.999999996799,0.));
#5773 = ( GEOMETRIC_REPRESENTATION_CONTEXT(2) 
PARAMETRIC_REPRESENTATION_CONTEXT() REPRESENTATION_CONTEXT('2D SPACE',''
  ) );
#5774 = ORIENTED_EDGE('',*,*,#5775,.T.);
#5775 = EDGE_CURVE('',#5688,#5776,#5778,.T.);
#5776 = VERTEX_POINT('',#5777);
#5777 = CARTESIAN_POINT('',(-14.9418138155,-1.319924203418,
    34.495399471665));
#5778 = SURFACE_CURVE('',#5779,(#5803,#5830),.PCURVE_S1.);
#5779 = B_SPLINE_CURVE_WITH_KNOTS('',8,(#5780,#5781,#5782,#5783,#5784,
    #5785,#5786,#5787,#5788,#5789,#5790,#5791,#5792,#5793,#5794,#5795,
    #5796,#5797,#5798,#5799,#5800,#5801,#5802),.UNSPECIFIED.,.F.,.F.,(9,
    7,7,9),(0.,0.451814068875,0.725445317138,1.),.UNSPECIFIED.);
#5780 = CARTESIAN_POINT('',(-11.34436682716,9.813528483208,3.29772485622
    ));
#5781 = CARTESIAN_POINT('',(-11.70291511867,9.399049292461,
    5.075889857452));
#5782 = CARTESIAN_POINT('',(-12.06712364553,8.943049613675,
    6.850343686949));
#5783 = CARTESIAN_POINT('',(-12.4315598451,8.443962630475,8.621017157273
    ));
#5784 = CARTESIAN_POINT('',(-12.78953451218,7.901543449928,
    10.388065199311));
#5785 = CARTESIAN_POINT('',(-13.13331294607,7.317450214648,
    12.151907083988));
#5786 = CARTESIAN_POINT('',(-13.45488863775,6.69602511215,
    13.913211662768));
#5787 = CARTESIAN_POINT('',(-13.74748275228,6.043925038344,
    15.672601928413));
#5788 = CARTESIAN_POINT('',(-14.16283817392,4.960402319037,
    18.494988166525));
#5789 = CARTESIAN_POINT('',(-14.30707712684,4.5433526246,19.559035031883
    ));
#5790 = CARTESIAN_POINT('',(-14.437795046,4.119703583615,20.622647218985
    ));
#5791 = CARTESIAN_POINT('',(-14.55416019108,3.691354891952,
    21.685965086119));
#5792 = CARTESIAN_POINT('',(-14.65565239411,3.260263606237,
    22.749152078671));
#5793 = CARTESIAN_POINT('',(-14.74206646614,2.82834640457,
    23.812372996747));
#5794 = CARTESIAN_POINT('',(-14.8134804527,2.397395826596,24.87577653189
    ));
#5795 = CARTESIAN_POINT('',(-14.92711440742,1.539229567358,
    27.006787582512));
#5796 = CARTESIAN_POINT('',(-14.96923657307,1.112023114997,
    28.074416731503));
#5797 = CARTESIAN_POINT('',(-14.99687785589,0.689043760115,
    29.142534947156));
#5798 = CARTESIAN_POINT('',(-15.01058590853,0.271734032821,
    30.21130101337));
#5799 = CARTESIAN_POINT('',(-15.01107974921,-0.138687275871,
    31.280858985419));
#5800 = CARTESIAN_POINT('',(-14.99918942645,-0.541239610387,
    32.351331159333));
#5801 = CARTESIAN_POINT('',(-14.97580199677,-0.935170991732,
    33.422817206243));
#5802 = CARTESIAN_POINT('',(-14.9418138155,-1.319924203418,
    34.495399471665));
#5803 = PCURVE('',#698,#5804);
#5804 = DEFINITIONAL_REPRESENTATION('',(#5805),#5829);
#5805 = B_SPLINE_CURVE_WITH_KNOTS('',8,(#5806,#5807,#5808,#5809,#5810,
    #5811,#5812,#5813,#5814,#5815,#5816,#5817,#5818,#5819,#5820,#5821,
    #5822,#5823,#5824,#5825,#5826,#5827,#5828),.UNSPECIFIED.,.F.,.F.,(9,
    7,7,9),(0.,0.451814068875,0.725445317138,1.),.UNSPECIFIED.);
#5806 = CARTESIAN_POINT('',(-2.428421684155,-3.29772485622));
#5807 = CARTESIAN_POINT('',(-2.464957807948,-5.075889857452));
#5808 = CARTESIAN_POINT('',(-2.503834251276,-6.850343686958));
#5809 = CARTESIAN_POINT('',(-2.54496733323,-8.621017157249));
#5810 = CARTESIAN_POINT('',(-2.588192186566,-10.38806519933));
#5811 = CARTESIAN_POINT('',(-2.633248722398,-12.15190708397));
#5812 = CARTESIAN_POINT('',(-2.679776230402,-13.91321166277));
#5813 = CARTESIAN_POINT('',(-2.727351311643,-15.67260192841));
#5814 = CARTESIAN_POINT('',(-2.80471169799,-18.49498816652));
#5815 = CARTESIAN_POINT('',(-2.834114819373,-19.55903503188));
#5816 = CARTESIAN_POINT('',(-2.863643948364,-20.62264721898));
#5817 = CARTESIAN_POINT('',(-2.893201310497,-21.68596508611));
#5818 = CARTESIAN_POINT('',(-2.922692672746,-22.74915207866));
#5819 = CARTESIAN_POINT('',(-2.952030653984,-23.81237299674));
#5820 = CARTESIAN_POINT('',(-2.981137046471,-24.87577653189));
#5821 = CARTESIAN_POINT('',(-3.038847511694,-27.00678758251));
#5822 = CARTESIAN_POINT('',(-3.067450106592,-28.0744167315));
#5823 = CARTESIAN_POINT('',(-3.095683438228,-29.14253494715));
#5824 = CARTESIAN_POINT('',(-3.123490468379,-30.21130101337));
#5825 = CARTESIAN_POINT('',(-3.150825535492,-31.28085898541));
#5826 = CARTESIAN_POINT('',(-3.177654045448,-32.35133115933));
#5827 = CARTESIAN_POINT('',(-3.203951456318,-33.42281720624));
#5828 = CARTESIAN_POINT('',(-3.229701557105,-34.49539947166));
#5829 = ( GEOMETRIC_REPRESENTATION_CONTEXT(2) 
PARAMETRIC_REPRESENTATION_CONTEXT() REPRESENTATION_CONTEXT('2D SPACE',''
  ) );
#5830 = PCURVE('',#5831,#5836);
#5831 = B_SPLINE_SURFACE_WITH_KNOTS('',1,1,(
    (#5832,#5833)
    ,(#5834,#5835
    )),.UNSPECIFIED.,.F.,.F.,.F.,(2,2),(2,2),(0.,30.),(0.,1.),
  .PIECEWISE_BEZIER_KNOTS.);
#5832 = CARTESIAN_POINT('',(-25.96410161513,36.9711431703,0.));
#5833 = CARTESIAN_POINT('',(-45.,-1.5,35.));
#5834 = CARTESIAN_POINT('',(-10.96410161513,10.990381056767,0.));
#5835 = CARTESIAN_POINT('',(-15.,-1.5,35.));
#5836 = DEFINITIONAL_REPRESENTATION('',(#5837),#5861);
#5837 = B_SPLINE_CURVE_WITH_KNOTS('',8,(#5838,#5839,#5840,#5841,#5842,
    #5843,#5844,#5845,#5846,#5847,#5848,#5849,#5850,#5851,#5852,#5853,
    #5854,#5855,#5856,#5857,#5858,#5859,#5860),.UNSPECIFIED.,.F.,.F.,(9,
    7,7,9),(0.,0.451814068875,0.725445317138,1.),.UNSPECIFIED.);
#5838 = CARTESIAN_POINT('',(30.,9.422071017773E-02));
#5839 = CARTESIAN_POINT('',(29.719424745655,0.145025424499));
#5840 = CARTESIAN_POINT('',(29.457497822407,0.195724105341));
#5841 = CARTESIAN_POINT('',(29.220562671913,0.246314775922));
#5842 = CARTESIAN_POINT('',(29.015435832007,0.296801862837));
#5843 = CARTESIAN_POINT('',(28.848856635376,0.347197345257));
#5844 = CARTESIAN_POINT('',(28.72626394533,0.397520333222));
#5845 = CARTESIAN_POINT('',(28.650536714269,0.447788626526));
#5846 = CARTESIAN_POINT('',(28.60468828347,0.528428233329));
#5847 = CARTESIAN_POINT('',(28.604695866956,0.558829572339));
#5848 = CARTESIAN_POINT('',(28.62207405554,0.589218491971));
#5849 = CARTESIAN_POINT('',(28.656545065395,0.619599002461));
#5850 = CARTESIAN_POINT('',(28.70748432851,0.649975773676));
#5851 = CARTESIAN_POINT('',(28.773975487477,0.680353514193));
#5852 = CARTESIAN_POINT('',(28.854892083262,0.71073647234));
#5853 = CARTESIAN_POINT('',(29.043381537308,0.771622502357));
#5854 = CARTESIAN_POINT('',(29.151044907042,0.802126192329));
#5855 = CARTESIAN_POINT('',(29.270704272436,0.832643855633));
#5856 = CARTESIAN_POINT('',(29.400964729809,0.863180028953));
#5857 = CARTESIAN_POINT('',(29.540390521986,0.893738828155));
#5858 = CARTESIAN_POINT('',(29.68757438094,0.924323747409));
#5859 = CARTESIAN_POINT('',(29.841186052055,0.954937634464));
#5860 = CARTESIAN_POINT('',(30.,0.985582842048));
#5861 = ( GEOMETRIC_REPRESENTATION_CONTEXT(2) 
PARAMETRIC_REPRESENTATION_CONTEXT() REPRESENTATION_CONTEXT('2D SPACE',''
  ) );
#5862 = ORIENTED_EDGE('',*,*,#5863,.T.);
#5863 = EDGE_CURVE('',#5776,#649,#5864,.T.);
#5864 = SURFACE_CURVE('',#5865,(#5878,#5894),.PCURVE_S1.);
#5865 = B_SPLINE_CURVE_WITH_KNOTS('',6,(#5866,#5867,#5868,#5869,#5870,
    #5871,#5872,#5873,#5874,#5875,#5876,#5877),.UNSPECIFIED.,.F.,.F.,(7,
    5,7),(0.,0.504899933711,1.),.UNSPECIFIED.);
#5866 = CARTESIAN_POINT('',(-14.9418138155,-1.319924203419,
    34.495399471665));
#5867 = CARTESIAN_POINT('',(-14.94936612832,-1.234430466982,
    34.595752984357));
#5868 = CARTESIAN_POINT('',(-14.95701494584,-1.141147850047,
    34.681081037668));
#5869 = CARTESIAN_POINT('',(-14.96445354976,-1.041272302525,
    34.75245398195));
#5870 = CARTESIAN_POINT('',(-14.97140378795,-0.935979770477,
    34.811363250961));
#5871 = CARTESIAN_POINT('',(-14.97766097419,-0.8262009312,34.85920746629
    ));
#5872 = CARTESIAN_POINT('',(-14.98836256164,-0.601187706448,
    34.934521170362));
#5873 = CARTESIAN_POINT('',(-14.99283860825,-0.486128407475,
    34.962358328082));
#5874 = CARTESIAN_POINT('',(-14.99634094923,-0.368043951785,
    34.981922464952));
#5875 = CARTESIAN_POINT('',(-14.99875673505,-0.247432383949,
    34.994197869967));
#5876 = CARTESIAN_POINT('',(-15.,-0.124666394318,35.));
#5877 = CARTESIAN_POINT('',(-15.,5.329070518201E-15,35.));
#5878 = PCURVE('',#698,#5879);
#5879 = DEFINITIONAL_REPRESENTATION('',(#5880),#5893);
#5880 = B_SPLINE_CURVE_WITH_KNOTS('',6,(#5881,#5882,#5883,#5884,#5885,
    #5886,#5887,#5888,#5889,#5890,#5891,#5892),.UNSPECIFIED.,.F.,.F.,(7,
    5,7),(0.,0.504899933711,1.),.UNSPECIFIED.);
#5881 = CARTESIAN_POINT('',(-3.229701557105,-34.49539947166));
#5882 = CARTESIAN_POINT('',(-3.223979779449,-34.59575298435));
#5883 = CARTESIAN_POINT('',(-3.21774019061,-34.68108103766));
#5884 = CARTESIAN_POINT('',(-3.21106367756,-34.75245398195));
#5885 = CARTESIAN_POINT('',(-3.204029307678,-34.81136325096));
#5886 = CARTESIAN_POINT('',(-3.196699163774,-34.85920746629));
#5887 = CARTESIAN_POINT('',(-3.181681326189,-34.93452117036));
#5888 = CARTESIAN_POINT('',(-3.174005192006,-34.96235832808));
#5889 = CARTESIAN_POINT('',(-3.166129948057,-34.98192246495));
#5890 = CARTESIAN_POINT('',(-3.15808814702,-34.99419786996));
#5891 = CARTESIAN_POINT('',(-3.149903746544,-35.));
#5892 = CARTESIAN_POINT('',(-3.14159265359,-35.));
#5893 = ( GEOMETRIC_REPRESENTATION_CONTEXT(2) 
PARAMETRIC_REPRESENTATION_CONTEXT() REPRESENTATION_CONTEXT('2D SPACE',''
  ) );
#5894 = PCURVE('',#5895,#5900);
#5895 = B_SPLINE_SURFACE_WITH_KNOTS('',1,1,(
    (#5896,#5897)
    ,(#5898,#5899
    )),.UNSPECIFIED.,.F.,.F.,.F.,(2,2),(2,2),(0.,8.),(0.,1.),
  .PIECEWISE_BEZIER_KNOTS.);
#5896 = CARTESIAN_POINT('',(-10.96410161513,10.990381056767,0.));
#5897 = CARTESIAN_POINT('',(-15.,-1.5,35.));
#5898 = CARTESIAN_POINT('',(-4.035898384862,14.990381056767,0.));
#5899 = CARTESIAN_POINT('',(-15.,1.5,35.));
#5900 = DEFINITIONAL_REPRESENTATION('',(#5901),#5914);
#5901 = B_SPLINE_CURVE_WITH_KNOTS('',6,(#5902,#5903,#5904,#5905,#5906,
    #5907,#5908,#5909,#5910,#5911,#5912,#5913),.UNSPECIFIED.,.F.,.F.,(7,
    5,7),(0.,0.504899933711,1.),.UNSPECIFIED.);
#5902 = CARTESIAN_POINT('',(0.,0.985582842048));
#5903 = CARTESIAN_POINT('',(0.321937384186,0.988450085267));
#5904 = CARTESIAN_POINT('',(0.651050192015,0.990888029648));
#5905 = CARTESIAN_POINT('',(0.985002258896,0.992927256627));
#5906 = CARTESIAN_POINT('',(1.321903793074,0.994610378599));
#5907 = CARTESIAN_POINT('',(1.660463124671,0.99597735618));
#5908 = CARTESIAN_POINT('',(2.332946899395,0.998129176296));
#5909 = CARTESIAN_POINT('',(2.666750198589,0.998924523659));
#5910 = CARTESIAN_POINT('',(3.000739983041,0.999483498999));
#5911 = CARTESIAN_POINT('',(3.334437708755,0.999834224856));
#5912 = CARTESIAN_POINT('',(3.667556281818,1.));
#5913 = CARTESIAN_POINT('',(4.,1.));
#5914 = ( GEOMETRIC_REPRESENTATION_CONTEXT(2) 
PARAMETRIC_REPRESENTATION_CONTEXT() REPRESENTATION_CONTEXT('2D SPACE',''
  ) );
#5915 = ADVANCED_FACE('',(#5916),#794,.T.);
#5916 = FACE_BOUND('',#5917,.T.);
#5917 = EDGE_LOOP('',(#5918,#5919,#5940,#5941));
#5918 = ORIENTED_EDGE('',*,*,#776,.F.);
#5919 = ORIENTED_EDGE('',*,*,#5920,.F.);
#5920 = EDGE_CURVE('',#2430,#777,#5921,.T.);
#5921 = SURFACE_CURVE('',#5922,(#5926,#5933),.PCURVE_S1.);
#5922 = LINE('',#5923,#5924);
#5923 = CARTESIAN_POINT('',(-4.772970773009,-3.712310601229,0.));
#5924 = VECTOR('',#5925,1.);
#5925 = DIRECTION('',(0.,0.,1.));
#5926 = PCURVE('',#794,#5927);
#5927 = DEFINITIONAL_REPRESENTATION('',(#5928),#5932);
#5928 = LINE('',#5929,#5930);
#5929 = CARTESIAN_POINT('',(0.,0.));
#5930 = VECTOR('',#5931,1.);
#5931 = DIRECTION('',(1.,0.));
#5932 = ( GEOMETRIC_REPRESENTATION_CONTEXT(2) 
PARAMETRIC_REPRESENTATION_CONTEXT() REPRESENTATION_CONTEXT('2D SPACE',''
  ) );
#5933 = PCURVE('',#904,#5934);
#5934 = DEFINITIONAL_REPRESENTATION('',(#5935),#5939);
#5935 = LINE('',#5936,#5937);
#5936 = CARTESIAN_POINT('',(0.,0.));
#5937 = VECTOR('',#5938,1.);
#5938 = DIRECTION('',(1.,0.));
#5939 = ( GEOMETRIC_REPRESENTATION_CONTEXT(2) 
PARAMETRIC_REPRESENTATION_CONTEXT() REPRESENTATION_CONTEXT('2D SPACE',''
  ) );
#5940 = ORIENTED_EDGE('',*,*,#2429,.T.);
#5941 = ORIENTED_EDGE('',*,*,#5942,.F.);
#5942 = EDGE_CURVE('',#779,#2432,#5943,.T.);
#5943 = SURFACE_CURVE('',#5944,(#5948,#5954),.PCURVE_S1.);
#5944 = LINE('',#5945,#5946);
#5945 = CARTESIAN_POINT('',(-4.242640687119,-4.242640687119,0.));
#5946 = VECTOR('',#5947,1.);
#5947 = DIRECTION('',(-0.,-0.,-1.));
#5948 = PCURVE('',#794,#5949);
#5949 = DEFINITIONAL_REPRESENTATION('',(#5950),#5953);
#5950 = B_SPLINE_CURVE_WITH_KNOTS('',1,(#5951,#5952),.UNSPECIFIED.,.F.,
  .F.,(2,2),(-35.0000006,6.E-07),.PIECEWISE_BEZIER_KNOTS.);
#5951 = CARTESIAN_POINT('',(35.0000006,-0.75));
#5952 = CARTESIAN_POINT('',(-6.E-07,-0.75));
#5953 = ( GEOMETRIC_REPRESENTATION_CONTEXT(2) 
PARAMETRIC_REPRESENTATION_CONTEXT() REPRESENTATION_CONTEXT('2D SPACE',''
  ) );
#5954 = PCURVE('',#822,#5955);
#5955 = DEFINITIONAL_REPRESENTATION('',(#5956),#5959);
#5956 = B_SPLINE_CURVE_WITH_KNOTS('',1,(#5957,#5958),.UNSPECIFIED.,.F.,
  .F.,(2,2),(-35.0000006,6.E-07),.PIECEWISE_BEZIER_KNOTS.);
#5957 = CARTESIAN_POINT('',(35.0000006,-0.75));
#5958 = CARTESIAN_POINT('',(-6.E-07,-0.75));
#5959 = ( GEOMETRIC_REPRESENTATION_CONTEXT(2) 
PARAMETRIC_REPRESENTATION_CONTEXT() REPRESENTATION_CONTEXT('2D SPACE',''
  ) );
#5960 = ADVANCED_FACE('',(#5961),#904,.T.);
#5961 = FACE_BOUND('',#5962,.T.);
#5962 = EDGE_LOOP('',(#5963,#5964,#5965,#5966));
#5963 = ORIENTED_EDGE('',*,*,#2523,.F.);
#5964 = ORIENTED_EDGE('',*,*,#5920,.T.);
#5965 = ORIENTED_EDGE('',*,*,#890,.T.);
#5966 = ORIENTED_EDGE('',*,*,#5967,.F.);
#5967 = EDGE_CURVE('',#2501,#863,#5968,.T.);
#5968 = SURFACE_CURVE('',#5969,(#5973,#5980),.PCURVE_S1.);
#5969 = LINE('',#5970,#5971);
#5970 = CARTESIAN_POINT('',(-6.894291116569,-5.833630944789,0.));
#5971 = VECTOR('',#5972,1.);
#5972 = DIRECTION('',(0.,0.,1.));
#5973 = PCURVE('',#904,#5974);
#5974 = DEFINITIONAL_REPRESENTATION('',(#5975),#5979);
#5975 = LINE('',#5976,#5977);
#5976 = CARTESIAN_POINT('',(0.,3.));
#5977 = VECTOR('',#5978,1.);
#5978 = DIRECTION('',(1.,0.));
#5979 = ( GEOMETRIC_REPRESENTATION_CONTEXT(2) 
PARAMETRIC_REPRESENTATION_CONTEXT() REPRESENTATION_CONTEXT('2D SPACE',''
  ) );
#5980 = PCURVE('',#878,#5981);
#5981 = DEFINITIONAL_REPRESENTATION('',(#5982),#5986);
#5982 = LINE('',#5983,#5984);
#5983 = CARTESIAN_POINT('',(0.,0.));
#5984 = VECTOR('',#5985,1.);
#5985 = DIRECTION('',(1.,0.));
#5986 = ( GEOMETRIC_REPRESENTATION_CONTEXT(2) 
PARAMETRIC_REPRESENTATION_CONTEXT() REPRESENTATION_CONTEXT('2D SPACE',''
  ) );
#5987 = ADVANCED_FACE('',(#5988),#878,.F.);
#5988 = FACE_BOUND('',#5989,.F.);
#5989 = EDGE_LOOP('',(#5990,#5991,#5992,#6013));
#5990 = ORIENTED_EDGE('',*,*,#5967,.F.);
#5991 = ORIENTED_EDGE('',*,*,#2500,.T.);
#5992 = ORIENTED_EDGE('',*,*,#5993,.T.);
#5993 = EDGE_CURVE('',#2478,#835,#5994,.T.);
#5994 = SURFACE_CURVE('',#5995,(#5999,#6006),.PCURVE_S1.);
#5995 = LINE('',#5996,#5997);
#5996 = CARTESIAN_POINT('',(-5.833630944789,-6.894291116569,0.));
#5997 = VECTOR('',#5998,1.);
#5998 = DIRECTION('',(0.,0.,1.));
#5999 = PCURVE('',#878,#6000);
#6000 = DEFINITIONAL_REPRESENTATION('',(#6001),#6005);
#6001 = LINE('',#6002,#6003);
#6002 = CARTESIAN_POINT('',(0.,-1.5));
#6003 = VECTOR('',#6004,1.);
#6004 = DIRECTION('',(1.,0.));
#6005 = ( GEOMETRIC_REPRESENTATION_CONTEXT(2) 
PARAMETRIC_REPRESENTATION_CONTEXT() REPRESENTATION_CONTEXT('2D SPACE',''
  ) );
#6006 = PCURVE('',#850,#6007);
#6007 = DEFINITIONAL_REPRESENTATION('',(#6008),#6012);
#6008 = LINE('',#6009,#6010);
#6009 = CARTESIAN_POINT('',(0.,3.));
#6010 = VECTOR('',#6011,1.);
#6011 = DIRECTION('',(1.,0.));
#6012 = ( GEOMETRIC_REPRESENTATION_CONTEXT(2) 
PARAMETRIC_REPRESENTATION_CONTEXT() REPRESENTATION_CONTEXT('2D SPACE',''
  ) );
#6013 = ORIENTED_EDGE('',*,*,#862,.F.);
#6014 = ADVANCED_FACE('',(#6015),#850,.F.);
#6015 = FACE_BOUND('',#6016,.F.);
#6016 = EDGE_LOOP('',(#6017,#6018,#6039,#6040));
#6017 = ORIENTED_EDGE('',*,*,#2477,.F.);
#6018 = ORIENTED_EDGE('',*,*,#6019,.T.);
#6019 = EDGE_CURVE('',#2455,#807,#6020,.T.);
#6020 = SURFACE_CURVE('',#6021,(#6025,#6032),.PCURVE_S1.);
#6021 = LINE('',#6022,#6023);
#6022 = CARTESIAN_POINT('',(-3.712310601229,-4.772970773009,0.));
#6023 = VECTOR('',#6024,1.);
#6024 = DIRECTION('',(0.,0.,1.));
#6025 = PCURVE('',#850,#6026);
#6026 = DEFINITIONAL_REPRESENTATION('',(#6027),#6031);
#6027 = LINE('',#6028,#6029);
#6028 = CARTESIAN_POINT('',(0.,0.));
#6029 = VECTOR('',#6030,1.);
#6030 = DIRECTION('',(1.,0.));
#6031 = ( GEOMETRIC_REPRESENTATION_CONTEXT(2) 
PARAMETRIC_REPRESENTATION_CONTEXT() REPRESENTATION_CONTEXT('2D SPACE',''
  ) );
#6032 = PCURVE('',#822,#6033);
#6033 = DEFINITIONAL_REPRESENTATION('',(#6034),#6038);
#6034 = LINE('',#6035,#6036);
#6035 = CARTESIAN_POINT('',(0.,-1.5));
#6036 = VECTOR('',#6037,1.);
#6037 = DIRECTION('',(1.,0.));
#6038 = ( GEOMETRIC_REPRESENTATION_CONTEXT(2) 
PARAMETRIC_REPRESENTATION_CONTEXT() REPRESENTATION_CONTEXT('2D SPACE',''
  ) );
#6039 = ORIENTED_EDGE('',*,*,#834,.T.);
#6040 = ORIENTED_EDGE('',*,*,#5993,.F.);
#6041 = ADVANCED_FACE('',(#6042),#822,.T.);
#6042 = FACE_BOUND('',#6043,.T.);
#6043 = EDGE_LOOP('',(#6044,#6045,#6046,#6047));
#6044 = ORIENTED_EDGE('',*,*,#806,.F.);
#6045 = ORIENTED_EDGE('',*,*,#5942,.T.);
#6046 = ORIENTED_EDGE('',*,*,#2454,.T.);
#6047 = ORIENTED_EDGE('',*,*,#6019,.T.);
#6048 = ADVANCED_FACE('',(#6049),#936,.T.);
#6049 = FACE_BOUND('',#6050,.T.);
#6050 = EDGE_LOOP('',(#6051,#6052,#6073,#6074));
#6051 = ORIENTED_EDGE('',*,*,#918,.F.);
#6052 = ORIENTED_EDGE('',*,*,#6053,.F.);
#6053 = EDGE_CURVE('',#2547,#919,#6054,.T.);
#6054 = SURFACE_CURVE('',#6055,(#6059,#6066),.PCURVE_S1.);
#6055 = LINE('',#6056,#6057);
#6056 = CARTESIAN_POINT('',(-0.75,-6.,0.));
#6057 = VECTOR('',#6058,1.);
#6058 = DIRECTION('',(0.,0.,1.));
#6059 = PCURVE('',#936,#6060);
#6060 = DEFINITIONAL_REPRESENTATION('',(#6061),#6065);
#6061 = LINE('',#6062,#6063);
#6062 = CARTESIAN_POINT('',(0.,0.));
#6063 = VECTOR('',#6064,1.);
#6064 = DIRECTION('',(1.,0.));
#6065 = ( GEOMETRIC_REPRESENTATION_CONTEXT(2) 
PARAMETRIC_REPRESENTATION_CONTEXT() REPRESENTATION_CONTEXT('2D SPACE',''
  ) );
#6066 = PCURVE('',#1046,#6067);
#6067 = DEFINITIONAL_REPRESENTATION('',(#6068),#6072);
#6068 = LINE('',#6069,#6070);
#6069 = CARTESIAN_POINT('',(0.,0.));
#6070 = VECTOR('',#6071,1.);
#6071 = DIRECTION('',(1.,0.));
#6072 = ( GEOMETRIC_REPRESENTATION_CONTEXT(2) 
PARAMETRIC_REPRESENTATION_CONTEXT() REPRESENTATION_CONTEXT('2D SPACE',''
  ) );
#6073 = ORIENTED_EDGE('',*,*,#2546,.T.);
#6074 = ORIENTED_EDGE('',*,*,#6075,.F.);
#6075 = EDGE_CURVE('',#921,#2549,#6076,.T.);
#6076 = SURFACE_CURVE('',#6077,(#6081,#6087),.PCURVE_S1.);
#6077 = LINE('',#6078,#6079);
#6078 = CARTESIAN_POINT('',(-1.33226762955E-15,-6.,0.));
#6079 = VECTOR('',#6080,1.);
#6080 = DIRECTION('',(-0.,-0.,-1.));
#6081 = PCURVE('',#936,#6082);
#6082 = DEFINITIONAL_REPRESENTATION('',(#6083),#6086);
#6083 = B_SPLINE_CURVE_WITH_KNOTS('',1,(#6084,#6085),.UNSPECIFIED.,.F.,
  .F.,(2,2),(-35.0000006,6.E-07),.PIECEWISE_BEZIER_KNOTS.);
#6084 = CARTESIAN_POINT('',(35.0000006,-0.75));
#6085 = CARTESIAN_POINT('',(-6.E-07,-0.75));
#6086 = ( GEOMETRIC_REPRESENTATION_CONTEXT(2) 
PARAMETRIC_REPRESENTATION_CONTEXT() REPRESENTATION_CONTEXT('2D SPACE',''
  ) );
#6087 = PCURVE('',#964,#6088);
#6088 = DEFINITIONAL_REPRESENTATION('',(#6089),#6092);
#6089 = B_SPLINE_CURVE_WITH_KNOTS('',1,(#6090,#6091),.UNSPECIFIED.,.F.,
  .F.,(2,2),(-35.0000006,6.E-07),.PIECEWISE_BEZIER_KNOTS.);
#6090 = CARTESIAN_POINT('',(35.0000006,-0.75));
#6091 = CARTESIAN_POINT('',(-6.E-07,-0.75));
#6092 = ( GEOMETRIC_REPRESENTATION_CONTEXT(2) 
PARAMETRIC_REPRESENTATION_CONTEXT() REPRESENTATION_CONTEXT('2D SPACE',''
  ) );
#6093 = ADVANCED_FACE('',(#6094),#1046,.T.);
#6094 = FACE_BOUND('',#6095,.T.);
#6095 = EDGE_LOOP('',(#6096,#6097,#6098,#6099));
#6096 = ORIENTED_EDGE('',*,*,#2640,.F.);
#6097 = ORIENTED_EDGE('',*,*,#6053,.T.);
#6098 = ORIENTED_EDGE('',*,*,#1032,.T.);
#6099 = ORIENTED_EDGE('',*,*,#6100,.F.);
#6100 = EDGE_CURVE('',#2618,#1005,#6101,.T.);
#6101 = SURFACE_CURVE('',#6102,(#6106,#6113),.PCURVE_S1.);
#6102 = LINE('',#6103,#6104);
#6103 = CARTESIAN_POINT('',(-0.75,-9.,0.));
#6104 = VECTOR('',#6105,1.);
#6105 = DIRECTION('',(0.,0.,1.));
#6106 = PCURVE('',#1046,#6107);
#6107 = DEFINITIONAL_REPRESENTATION('',(#6108),#6112);
#6108 = LINE('',#6109,#6110);
#6109 = CARTESIAN_POINT('',(0.,3.));
#6110 = VECTOR('',#6111,1.);
#6111 = DIRECTION('',(1.,0.));
#6112 = ( GEOMETRIC_REPRESENTATION_CONTEXT(2) 
PARAMETRIC_REPRESENTATION_CONTEXT() REPRESENTATION_CONTEXT('2D SPACE',''
  ) );
#6113 = PCURVE('',#1020,#6114);
#6114 = DEFINITIONAL_REPRESENTATION('',(#6115),#6119);
#6115 = LINE('',#6116,#6117);
#6116 = CARTESIAN_POINT('',(0.,0.));
#6117 = VECTOR('',#6118,1.);
#6118 = DIRECTION('',(1.,0.));
#6119 = ( GEOMETRIC_REPRESENTATION_CONTEXT(2) 
PARAMETRIC_REPRESENTATION_CONTEXT() REPRESENTATION_CONTEXT('2D SPACE',''
  ) );
#6120 = ADVANCED_FACE('',(#6121),#1020,.F.);
#6121 = FACE_BOUND('',#6122,.F.);
#6122 = EDGE_LOOP('',(#6123,#6124,#6125,#6146));
#6123 = ORIENTED_EDGE('',*,*,#6100,.F.);
#6124 = ORIENTED_EDGE('',*,*,#2617,.T.);
#6125 = ORIENTED_EDGE('',*,*,#6126,.T.);
#6126 = EDGE_CURVE('',#2595,#977,#6127,.T.);
#6127 = SURFACE_CURVE('',#6128,(#6132,#6139),.PCURVE_S1.);
#6128 = LINE('',#6129,#6130);
#6129 = CARTESIAN_POINT('',(0.75,-9.,0.));
#6130 = VECTOR('',#6131,1.);
#6131 = DIRECTION('',(0.,0.,1.));
#6132 = PCURVE('',#1020,#6133);
#6133 = DEFINITIONAL_REPRESENTATION('',(#6134),#6138);
#6134 = LINE('',#6135,#6136);
#6135 = CARTESIAN_POINT('',(0.,-1.5));
#6136 = VECTOR('',#6137,1.);
#6137 = DIRECTION('',(1.,0.));
#6138 = ( GEOMETRIC_REPRESENTATION_CONTEXT(2) 
PARAMETRIC_REPRESENTATION_CONTEXT() REPRESENTATION_CONTEXT('2D SPACE',''
  ) );
#6139 = PCURVE('',#992,#6140);
#6140 = DEFINITIONAL_REPRESENTATION('',(#6141),#6145);
#6141 = LINE('',#6142,#6143);
#6142 = CARTESIAN_POINT('',(0.,3.));
#6143 = VECTOR('',#6144,1.);
#6144 = DIRECTION('',(1.,0.));
#6145 = ( GEOMETRIC_REPRESENTATION_CONTEXT(2) 
PARAMETRIC_REPRESENTATION_CONTEXT() REPRESENTATION_CONTEXT('2D SPACE',''
  ) );
#6146 = ORIENTED_EDGE('',*,*,#1004,.F.);
#6147 = ADVANCED_FACE('',(#6148),#992,.F.);
#6148 = FACE_BOUND('',#6149,.F.);
#6149 = EDGE_LOOP('',(#6150,#6151,#6172,#6173));
#6150 = ORIENTED_EDGE('',*,*,#2594,.F.);
#6151 = ORIENTED_EDGE('',*,*,#6152,.T.);
#6152 = EDGE_CURVE('',#2572,#949,#6153,.T.);
#6153 = SURFACE_CURVE('',#6154,(#6158,#6165),.PCURVE_S1.);
#6154 = LINE('',#6155,#6156);
#6155 = CARTESIAN_POINT('',(0.75,-6.,0.));
#6156 = VECTOR('',#6157,1.);
#6157 = DIRECTION('',(0.,0.,1.));
#6158 = PCURVE('',#992,#6159);
#6159 = DEFINITIONAL_REPRESENTATION('',(#6160),#6164);
#6160 = LINE('',#6161,#6162);
#6161 = CARTESIAN_POINT('',(0.,0.));
#6162 = VECTOR('',#6163,1.);
#6163 = DIRECTION('',(1.,0.));
#6164 = ( GEOMETRIC_REPRESENTATION_CONTEXT(2) 
PARAMETRIC_REPRESENTATION_CONTEXT() REPRESENTATION_CONTEXT('2D SPACE',''
  ) );
#6165 = PCURVE('',#964,#6166);
#6166 = DEFINITIONAL_REPRESENTATION('',(#6167),#6171);
#6167 = LINE('',#6168,#6169);
#6168 = CARTESIAN_POINT('',(0.,-1.5));
#6169 = VECTOR('',#6170,1.);
#6170 = DIRECTION('',(1.,0.));
#6171 = ( GEOMETRIC_REPRESENTATION_CONTEXT(2) 
PARAMETRIC_REPRESENTATION_CONTEXT() REPRESENTATION_CONTEXT('2D SPACE',''
  ) );
#6172 = ORIENTED_EDGE('',*,*,#976,.T.);
#6173 = ORIENTED_EDGE('',*,*,#6126,.F.);
#6174 = ADVANCED_FACE('',(#6175),#964,.T.);
#6175 = FACE_BOUND('',#6176,.T.);
#6176 = EDGE_LOOP('',(#6177,#6178,#6179,#6180));
#6177 = ORIENTED_EDGE('',*,*,#948,.F.);
#6178 = ORIENTED_EDGE('',*,*,#6075,.T.);
#6179 = ORIENTED_EDGE('',*,*,#2571,.T.);
#6180 = ORIENTED_EDGE('',*,*,#6152,.T.);
#6181 = ADVANCED_FACE('',(#6182),#1078,.T.);
#6182 = FACE_BOUND('',#6183,.T.);
#6183 = EDGE_LOOP('',(#6184,#6185,#6206,#6207));
#6184 = ORIENTED_EDGE('',*,*,#1060,.F.);
#6185 = ORIENTED_EDGE('',*,*,#6186,.F.);
#6186 = EDGE_CURVE('',#2664,#1061,#6187,.T.);
#6187 = SURFACE_CURVE('',#6188,(#6192,#6199),.PCURVE_S1.);
#6188 = LINE('',#6189,#6190);
#6189 = CARTESIAN_POINT('',(3.712310601229,-4.772970773009,0.));
#6190 = VECTOR('',#6191,1.);
#6191 = DIRECTION('',(0.,0.,1.));
#6192 = PCURVE('',#1078,#6193);
#6193 = DEFINITIONAL_REPRESENTATION('',(#6194),#6198);
#6194 = LINE('',#6195,#6196);
#6195 = CARTESIAN_POINT('',(0.,0.));
#6196 = VECTOR('',#6197,1.);
#6197 = DIRECTION('',(1.,0.));
#6198 = ( GEOMETRIC_REPRESENTATION_CONTEXT(2) 
PARAMETRIC_REPRESENTATION_CONTEXT() REPRESENTATION_CONTEXT('2D SPACE',''
  ) );
#6199 = PCURVE('',#1188,#6200);
#6200 = DEFINITIONAL_REPRESENTATION('',(#6201),#6205);
#6201 = LINE('',#6202,#6203);
#6202 = CARTESIAN_POINT('',(0.,0.));
#6203 = VECTOR('',#6204,1.);
#6204 = DIRECTION('',(1.,0.));
#6205 = ( GEOMETRIC_REPRESENTATION_CONTEXT(2) 
PARAMETRIC_REPRESENTATION_CONTEXT() REPRESENTATION_CONTEXT('2D SPACE',''
  ) );
#6206 = ORIENTED_EDGE('',*,*,#2663,.T.);
#6207 = ORIENTED_EDGE('',*,*,#6208,.F.);
#6208 = EDGE_CURVE('',#1063,#2666,#6209,.T.);
#6209 = SURFACE_CURVE('',#6210,(#6214,#6220),.PCURVE_S1.);
#6210 = LINE('',#6211,#6212);
#6211 = CARTESIAN_POINT('',(4.242640687119,-4.242640687119,0.));
#6212 = VECTOR('',#6213,1.);
#6213 = DIRECTION('',(-0.,-0.,-1.));
#6214 = PCURVE('',#1078,#6215);
#6215 = DEFINITIONAL_REPRESENTATION('',(#6216),#6219);
#6216 = B_SPLINE_CURVE_WITH_KNOTS('',1,(#6217,#6218),.UNSPECIFIED.,.F.,
  .F.,(2,2),(-35.0000006,6.E-07),.PIECEWISE_BEZIER_KNOTS.);
#6217 = CARTESIAN_POINT('',(35.0000006,-0.75));
#6218 = CARTESIAN_POINT('',(-6.E-07,-0.75));
#6219 = ( GEOMETRIC_REPRESENTATION_CONTEXT(2) 
PARAMETRIC_REPRESENTATION_CONTEXT() REPRESENTATION_CONTEXT('2D SPACE',''
  ) );
#6220 = PCURVE('',#1106,#6221);
#6221 = DEFINITIONAL_REPRESENTATION('',(#6222),#6225);
#6222 = B_SPLINE_CURVE_WITH_KNOTS('',1,(#6223,#6224),.UNSPECIFIED.,.F.,
  .F.,(2,2),(-35.0000006,6.E-07),.PIECEWISE_BEZIER_KNOTS.);
#6223 = CARTESIAN_POINT('',(35.0000006,-0.75));
#6224 = CARTESIAN_POINT('',(-6.E-07,-0.75));
#6225 = ( GEOMETRIC_REPRESENTATION_CONTEXT(2) 
PARAMETRIC_REPRESENTATION_CONTEXT() REPRESENTATION_CONTEXT('2D SPACE',''
  ) );
#6226 = ADVANCED_FACE('',(#6227),#1188,.T.);
#6227 = FACE_BOUND('',#6228,.T.);
#6228 = EDGE_LOOP('',(#6229,#6230,#6231,#6232));
#6229 = ORIENTED_EDGE('',*,*,#2757,.F.);
#6230 = ORIENTED_EDGE('',*,*,#6186,.T.);
#6231 = ORIENTED_EDGE('',*,*,#1174,.T.);
#6232 = ORIENTED_EDGE('',*,*,#6233,.F.);
#6233 = EDGE_CURVE('',#2735,#1147,#6234,.T.);
#6234 = SURFACE_CURVE('',#6235,(#6239,#6246),.PCURVE_S1.);
#6235 = LINE('',#6236,#6237);
#6236 = CARTESIAN_POINT('',(5.833630944789,-6.894291116569,0.));
#6237 = VECTOR('',#6238,1.);
#6238 = DIRECTION('',(0.,0.,1.));
#6239 = PCURVE('',#1188,#6240);
#6240 = DEFINITIONAL_REPRESENTATION('',(#6241),#6245);
#6241 = LINE('',#6242,#6243);
#6242 = CARTESIAN_POINT('',(0.,3.));
#6243 = VECTOR('',#6244,1.);
#6244 = DIRECTION('',(1.,0.));
#6245 = ( GEOMETRIC_REPRESENTATION_CONTEXT(2) 
PARAMETRIC_REPRESENTATION_CONTEXT() REPRESENTATION_CONTEXT('2D SPACE',''
  ) );
#6246 = PCURVE('',#1162,#6247);
#6247 = DEFINITIONAL_REPRESENTATION('',(#6248),#6252);
#6248 = LINE('',#6249,#6250);
#6249 = CARTESIAN_POINT('',(0.,0.));
#6250 = VECTOR('',#6251,1.);
#6251 = DIRECTION('',(1.,0.));
#6252 = ( GEOMETRIC_REPRESENTATION_CONTEXT(2) 
PARAMETRIC_REPRESENTATION_CONTEXT() REPRESENTATION_CONTEXT('2D SPACE',''
  ) );
#6253 = ADVANCED_FACE('',(#6254),#1162,.F.);
#6254 = FACE_BOUND('',#6255,.F.);
#6255 = EDGE_LOOP('',(#6256,#6257,#6258,#6279));
#6256 = ORIENTED_EDGE('',*,*,#6233,.F.);
#6257 = ORIENTED_EDGE('',*,*,#2734,.T.);
#6258 = ORIENTED_EDGE('',*,*,#6259,.T.);
#6259 = EDGE_CURVE('',#2712,#1119,#6260,.T.);
#6260 = SURFACE_CURVE('',#6261,(#6265,#6272),.PCURVE_S1.);
#6261 = LINE('',#6262,#6263);
#6262 = CARTESIAN_POINT('',(6.894291116569,-5.833630944789,0.));
#6263 = VECTOR('',#6264,1.);
#6264 = DIRECTION('',(0.,0.,1.));
#6265 = PCURVE('',#1162,#6266);
#6266 = DEFINITIONAL_REPRESENTATION('',(#6267),#6271);
#6267 = LINE('',#6268,#6269);
#6268 = CARTESIAN_POINT('',(0.,-1.5));
#6269 = VECTOR('',#6270,1.);
#6270 = DIRECTION('',(1.,0.));
#6271 = ( GEOMETRIC_REPRESENTATION_CONTEXT(2) 
PARAMETRIC_REPRESENTATION_CONTEXT() REPRESENTATION_CONTEXT('2D SPACE',''
  ) );
#6272 = PCURVE('',#1134,#6273);
#6273 = DEFINITIONAL_REPRESENTATION('',(#6274),#6278);
#6274 = LINE('',#6275,#6276);
#6275 = CARTESIAN_POINT('',(0.,3.));
#6276 = VECTOR('',#6277,1.);
#6277 = DIRECTION('',(1.,0.));
#6278 = ( GEOMETRIC_REPRESENTATION_CONTEXT(2) 
PARAMETRIC_REPRESENTATION_CONTEXT() REPRESENTATION_CONTEXT('2D SPACE',''
  ) );
#6279 = ORIENTED_EDGE('',*,*,#1146,.F.);
#6280 = ADVANCED_FACE('',(#6281),#1134,.F.);
#6281 = FACE_BOUND('',#6282,.F.);
#6282 = EDGE_LOOP('',(#6283,#6284,#6305,#6306));
#6283 = ORIENTED_EDGE('',*,*,#2711,.F.);
#6284 = ORIENTED_EDGE('',*,*,#6285,.T.);
#6285 = EDGE_CURVE('',#2689,#1091,#6286,.T.);
#6286 = SURFACE_CURVE('',#6287,(#6291,#6298),.PCURVE_S1.);
#6287 = LINE('',#6288,#6289);
#6288 = CARTESIAN_POINT('',(4.772970773009,-3.712310601229,0.));
#6289 = VECTOR('',#6290,1.);
#6290 = DIRECTION('',(0.,0.,1.));
#6291 = PCURVE('',#1134,#6292);
#6292 = DEFINITIONAL_REPRESENTATION('',(#6293),#6297);
#6293 = LINE('',#6294,#6295);
#6294 = CARTESIAN_POINT('',(0.,0.));
#6295 = VECTOR('',#6296,1.);
#6296 = DIRECTION('',(1.,0.));
#6297 = ( GEOMETRIC_REPRESENTATION_CONTEXT(2) 
PARAMETRIC_REPRESENTATION_CONTEXT() REPRESENTATION_CONTEXT('2D SPACE',''
  ) );
#6298 = PCURVE('',#1106,#6299);
#6299 = DEFINITIONAL_REPRESENTATION('',(#6300),#6304);
#6300 = LINE('',#6301,#6302);
#6301 = CARTESIAN_POINT('',(0.,-1.5));
#6302 = VECTOR('',#6303,1.);
#6303 = DIRECTION('',(1.,0.));
#6304 = ( GEOMETRIC_REPRESENTATION_CONTEXT(2) 
PARAMETRIC_REPRESENTATION_CONTEXT() REPRESENTATION_CONTEXT('2D SPACE',''
  ) );
#6305 = ORIENTED_EDGE('',*,*,#1118,.T.);
#6306 = ORIENTED_EDGE('',*,*,#6259,.F.);
#6307 = ADVANCED_FACE('',(#6308),#1106,.T.);
#6308 = FACE_BOUND('',#6309,.T.);
#6309 = EDGE_LOOP('',(#6310,#6311,#6312,#6313));
#6310 = ORIENTED_EDGE('',*,*,#1090,.F.);
#6311 = ORIENTED_EDGE('',*,*,#6208,.T.);
#6312 = ORIENTED_EDGE('',*,*,#2688,.T.);
#6313 = ORIENTED_EDGE('',*,*,#6285,.T.);
#6314 = ADVANCED_FACE('',(#6315),#1220,.T.);
#6315 = FACE_BOUND('',#6316,.T.);
#6316 = EDGE_LOOP('',(#6317,#6318,#6339,#6340));
#6317 = ORIENTED_EDGE('',*,*,#1202,.F.);
#6318 = ORIENTED_EDGE('',*,*,#6319,.F.);
#6319 = EDGE_CURVE('',#2781,#1203,#6320,.T.);
#6320 = SURFACE_CURVE('',#6321,(#6325,#6332),.PCURVE_S1.);
#6321 = LINE('',#6322,#6323);
#6322 = CARTESIAN_POINT('',(-6.,0.75,0.));
#6323 = VECTOR('',#6324,1.);
#6324 = DIRECTION('',(0.,0.,1.));
#6325 = PCURVE('',#1220,#6326);
#6326 = DEFINITIONAL_REPRESENTATION('',(#6327),#6331);
#6327 = LINE('',#6328,#6329);
#6328 = CARTESIAN_POINT('',(0.,0.));
#6329 = VECTOR('',#6330,1.);
#6330 = DIRECTION('',(1.,0.));
#6331 = ( GEOMETRIC_REPRESENTATION_CONTEXT(2) 
PARAMETRIC_REPRESENTATION_CONTEXT() REPRESENTATION_CONTEXT('2D SPACE',''
  ) );
#6332 = PCURVE('',#1330,#6333);
#6333 = DEFINITIONAL_REPRESENTATION('',(#6334),#6338);
#6334 = LINE('',#6335,#6336);
#6335 = CARTESIAN_POINT('',(0.,0.));
#6336 = VECTOR('',#6337,1.);
#6337 = DIRECTION('',(1.,0.));
#6338 = ( GEOMETRIC_REPRESENTATION_CONTEXT(2) 
PARAMETRIC_REPRESENTATION_CONTEXT() REPRESENTATION_CONTEXT('2D SPACE',''
  ) );
#6339 = ORIENTED_EDGE('',*,*,#2780,.T.);
#6340 = ORIENTED_EDGE('',*,*,#6341,.F.);
#6341 = EDGE_CURVE('',#1205,#2783,#6342,.T.);
#6342 = SURFACE_CURVE('',#6343,(#6347,#6353),.PCURVE_S1.);
#6343 = LINE('',#6344,#6345);
#6344 = CARTESIAN_POINT('',(-6.,7.347880794884E-16,0.));
#6345 = VECTOR('',#6346,1.);
#6346 = DIRECTION('',(-0.,-0.,-1.));
#6347 = PCURVE('',#1220,#6348);
#6348 = DEFINITIONAL_REPRESENTATION('',(#6349),#6352);
#6349 = B_SPLINE_CURVE_WITH_KNOTS('',1,(#6350,#6351),.UNSPECIFIED.,.F.,
  .F.,(2,2),(-35.0000006,6.E-07),.PIECEWISE_BEZIER_KNOTS.);
#6350 = CARTESIAN_POINT('',(35.0000006,-0.75));
#6351 = CARTESIAN_POINT('',(-6.E-07,-0.75));
#6352 = ( GEOMETRIC_REPRESENTATION_CONTEXT(2) 
PARAMETRIC_REPRESENTATION_CONTEXT() REPRESENTATION_CONTEXT('2D SPACE',''
  ) );
#6353 = PCURVE('',#1248,#6354);
#6354 = DEFINITIONAL_REPRESENTATION('',(#6355),#6358);
#6355 = B_SPLINE_CURVE_WITH_KNOTS('',1,(#6356,#6357),.UNSPECIFIED.,.F.,
  .F.,(2,2),(-35.0000006,6.E-07),.PIECEWISE_BEZIER_KNOTS.);
#6356 = CARTESIAN_POINT('',(35.0000006,-0.75));
#6357 = CARTESIAN_POINT('',(-6.E-07,-0.75));
#6358 = ( GEOMETRIC_REPRESENTATION_CONTEXT(2) 
PARAMETRIC_REPRESENTATION_CONTEXT() REPRESENTATION_CONTEXT('2D SPACE',''
  ) );
#6359 = ADVANCED_FACE('',(#6360),#1330,.T.);
#6360 = FACE_BOUND('',#6361,.T.);
#6361 = EDGE_LOOP('',(#6362,#6363,#6364,#6365));
#6362 = ORIENTED_EDGE('',*,*,#2874,.F.);
#6363 = ORIENTED_EDGE('',*,*,#6319,.T.);
#6364 = ORIENTED_EDGE('',*,*,#1316,.T.);
#6365 = ORIENTED_EDGE('',*,*,#6366,.F.);
#6366 = EDGE_CURVE('',#2852,#1289,#6367,.T.);
#6367 = SURFACE_CURVE('',#6368,(#6372,#6379),.PCURVE_S1.);
#6368 = LINE('',#6369,#6370);
#6369 = CARTESIAN_POINT('',(-9.,0.75,0.));
#6370 = VECTOR('',#6371,1.);
#6371 = DIRECTION('',(0.,0.,1.));
#6372 = PCURVE('',#1330,#6373);
#6373 = DEFINITIONAL_REPRESENTATION('',(#6374),#6378);
#6374 = LINE('',#6375,#6376);
#6375 = CARTESIAN_POINT('',(0.,3.));
#6376 = VECTOR('',#6377,1.);
#6377 = DIRECTION('',(1.,0.));
#6378 = ( GEOMETRIC_REPRESENTATION_CONTEXT(2) 
PARAMETRIC_REPRESENTATION_CONTEXT() REPRESENTATION_CONTEXT('2D SPACE',''
  ) );
#6379 = PCURVE('',#1304,#6380);
#6380 = DEFINITIONAL_REPRESENTATION('',(#6381),#6385);
#6381 = LINE('',#6382,#6383);
#6382 = CARTESIAN_POINT('',(0.,0.));
#6383 = VECTOR('',#6384,1.);
#6384 = DIRECTION('',(1.,0.));
#6385 = ( GEOMETRIC_REPRESENTATION_CONTEXT(2) 
PARAMETRIC_REPRESENTATION_CONTEXT() REPRESENTATION_CONTEXT('2D SPACE',''
  ) );
#6386 = ADVANCED_FACE('',(#6387),#1304,.F.);
#6387 = FACE_BOUND('',#6388,.F.);
#6388 = EDGE_LOOP('',(#6389,#6390,#6391,#6412));
#6389 = ORIENTED_EDGE('',*,*,#6366,.F.);
#6390 = ORIENTED_EDGE('',*,*,#2851,.T.);
#6391 = ORIENTED_EDGE('',*,*,#6392,.T.);
#6392 = EDGE_CURVE('',#2829,#1261,#6393,.T.);
#6393 = SURFACE_CURVE('',#6394,(#6398,#6405),.PCURVE_S1.);
#6394 = LINE('',#6395,#6396);
#6395 = CARTESIAN_POINT('',(-9.,-0.75,0.));
#6396 = VECTOR('',#6397,1.);
#6397 = DIRECTION('',(0.,0.,1.));
#6398 = PCURVE('',#1304,#6399);
#6399 = DEFINITIONAL_REPRESENTATION('',(#6400),#6404);
#6400 = LINE('',#6401,#6402);
#6401 = CARTESIAN_POINT('',(0.,-1.5));
#6402 = VECTOR('',#6403,1.);
#6403 = DIRECTION('',(1.,0.));
#6404 = ( GEOMETRIC_REPRESENTATION_CONTEXT(2) 
PARAMETRIC_REPRESENTATION_CONTEXT() REPRESENTATION_CONTEXT('2D SPACE',''
  ) );
#6405 = PCURVE('',#1276,#6406);
#6406 = DEFINITIONAL_REPRESENTATION('',(#6407),#6411);
#6407 = LINE('',#6408,#6409);
#6408 = CARTESIAN_POINT('',(0.,3.));
#6409 = VECTOR('',#6410,1.);
#6410 = DIRECTION('',(1.,0.));
#6411 = ( GEOMETRIC_REPRESENTATION_CONTEXT(2) 
PARAMETRIC_REPRESENTATION_CONTEXT() REPRESENTATION_CONTEXT('2D SPACE',''
  ) );
#6412 = ORIENTED_EDGE('',*,*,#1288,.F.);
#6413 = ADVANCED_FACE('',(#6414),#1276,.F.);
#6414 = FACE_BOUND('',#6415,.F.);
#6415 = EDGE_LOOP('',(#6416,#6417,#6438,#6439));
#6416 = ORIENTED_EDGE('',*,*,#2828,.F.);
#6417 = ORIENTED_EDGE('',*,*,#6418,.T.);
#6418 = EDGE_CURVE('',#2806,#1233,#6419,.T.);
#6419 = SURFACE_CURVE('',#6420,(#6424,#6431),.PCURVE_S1.);
#6420 = LINE('',#6421,#6422);
#6421 = CARTESIAN_POINT('',(-6.,-0.75,0.));
#6422 = VECTOR('',#6423,1.);
#6423 = DIRECTION('',(0.,0.,1.));
#6424 = PCURVE('',#1276,#6425);
#6425 = DEFINITIONAL_REPRESENTATION('',(#6426),#6430);
#6426 = LINE('',#6427,#6428);
#6427 = CARTESIAN_POINT('',(0.,0.));
#6428 = VECTOR('',#6429,1.);
#6429 = DIRECTION('',(1.,0.));
#6430 = ( GEOMETRIC_REPRESENTATION_CONTEXT(2) 
PARAMETRIC_REPRESENTATION_CONTEXT() REPRESENTATION_CONTEXT('2D SPACE',''
  ) );
#6431 = PCURVE('',#1248,#6432);
#6432 = DEFINITIONAL_REPRESENTATION('',(#6433),#6437);
#6433 = LINE('',#6434,#6435);
#6434 = CARTESIAN_POINT('',(0.,-1.5));
#6435 = VECTOR('',#6436,1.);
#6436 = DIRECTION('',(1.,0.));
#6437 = ( GEOMETRIC_REPRESENTATION_CONTEXT(2) 
PARAMETRIC_REPRESENTATION_CONTEXT() REPRESENTATION_CONTEXT('2D SPACE',''
  ) );
#6438 = ORIENTED_EDGE('',*,*,#1260,.T.);
#6439 = ORIENTED_EDGE('',*,*,#6392,.F.);
#6440 = ADVANCED_FACE('',(#6441),#1248,.T.);
#6441 = FACE_BOUND('',#6442,.T.);
#6442 = EDGE_LOOP('',(#6443,#6444,#6445,#6446));
#6443 = ORIENTED_EDGE('',*,*,#1232,.F.);
#6444 = ORIENTED_EDGE('',*,*,#6341,.T.);
#6445 = ORIENTED_EDGE('',*,*,#2805,.T.);
#6446 = ORIENTED_EDGE('',*,*,#6418,.T.);
#6447 = ADVANCED_FACE('',(#6448),#1362,.T.);
#6448 = FACE_BOUND('',#6449,.T.);
#6449 = EDGE_LOOP('',(#6450,#6451,#6472,#6473));
#6450 = ORIENTED_EDGE('',*,*,#1344,.F.);
#6451 = ORIENTED_EDGE('',*,*,#6452,.F.);
#6452 = EDGE_CURVE('',#2898,#1345,#6453,.T.);
#6453 = SURFACE_CURVE('',#6454,(#6458,#6465),.PCURVE_S1.);
#6454 = LINE('',#6455,#6456);
#6455 = CARTESIAN_POINT('',(-3.712310601229,4.772970773009,0.));
#6456 = VECTOR('',#6457,1.);
#6457 = DIRECTION('',(0.,0.,1.));
#6458 = PCURVE('',#1362,#6459);
#6459 = DEFINITIONAL_REPRESENTATION('',(#6460),#6464);
#6460 = LINE('',#6461,#6462);
#6461 = CARTESIAN_POINT('',(0.,0.));
#6462 = VECTOR('',#6463,1.);
#6463 = DIRECTION('',(1.,0.));
#6464 = ( GEOMETRIC_REPRESENTATION_CONTEXT(2) 
PARAMETRIC_REPRESENTATION_CONTEXT() REPRESENTATION_CONTEXT('2D SPACE',''
  ) );
#6465 = PCURVE('',#1472,#6466);
#6466 = DEFINITIONAL_REPRESENTATION('',(#6467),#6471);
#6467 = LINE('',#6468,#6469);
#6468 = CARTESIAN_POINT('',(0.,0.));
#6469 = VECTOR('',#6470,1.);
#6470 = DIRECTION('',(1.,0.));
#6471 = ( GEOMETRIC_REPRESENTATION_CONTEXT(2) 
PARAMETRIC_REPRESENTATION_CONTEXT() REPRESENTATION_CONTEXT('2D SPACE',''
  ) );
#6472 = ORIENTED_EDGE('',*,*,#2897,.T.);
#6473 = ORIENTED_EDGE('',*,*,#6474,.F.);
#6474 = EDGE_CURVE('',#1347,#2900,#6475,.T.);
#6475 = SURFACE_CURVE('',#6476,(#6480,#6486),.PCURVE_S1.);
#6476 = LINE('',#6477,#6478);
#6477 = CARTESIAN_POINT('',(-4.242640687119,4.242640687119,0.));
#6478 = VECTOR('',#6479,1.);
#6479 = DIRECTION('',(-0.,-0.,-1.));
#6480 = PCURVE('',#1362,#6481);
#6481 = DEFINITIONAL_REPRESENTATION('',(#6482),#6485);
#6482 = B_SPLINE_CURVE_WITH_KNOTS('',1,(#6483,#6484),.UNSPECIFIED.,.F.,
  .F.,(2,2),(-35.0000006,6.E-07),.PIECEWISE_BEZIER_KNOTS.);
#6483 = CARTESIAN_POINT('',(35.0000006,-0.75));
#6484 = CARTESIAN_POINT('',(-6.E-07,-0.75));
#6485 = ( GEOMETRIC_REPRESENTATION_CONTEXT(2) 
PARAMETRIC_REPRESENTATION_CONTEXT() REPRESENTATION_CONTEXT('2D SPACE',''
  ) );
#6486 = PCURVE('',#1390,#6487);
#6487 = DEFINITIONAL_REPRESENTATION('',(#6488),#6491);
#6488 = B_SPLINE_CURVE_WITH_KNOTS('',1,(#6489,#6490),.UNSPECIFIED.,.F.,
  .F.,(2,2),(-35.0000006,6.E-07),.PIECEWISE_BEZIER_KNOTS.);
#6489 = CARTESIAN_POINT('',(35.0000006,-0.75));
#6490 = CARTESIAN_POINT('',(-6.E-07,-0.75));
#6491 = ( GEOMETRIC_REPRESENTATION_CONTEXT(2) 
PARAMETRIC_REPRESENTATION_CONTEXT() REPRESENTATION_CONTEXT('2D SPACE',''
  ) );
#6492 = ADVANCED_FACE('',(#6493),#1472,.T.);
#6493 = FACE_BOUND('',#6494,.T.);
#6494 = EDGE_LOOP('',(#6495,#6496,#6497,#6498));
#6495 = ORIENTED_EDGE('',*,*,#2991,.F.);
#6496 = ORIENTED_EDGE('',*,*,#6452,.T.);
#6497 = ORIENTED_EDGE('',*,*,#1458,.T.);
#6498 = ORIENTED_EDGE('',*,*,#6499,.F.);
#6499 = EDGE_CURVE('',#2969,#1431,#6500,.T.);
#6500 = SURFACE_CURVE('',#6501,(#6505,#6512),.PCURVE_S1.);
#6501 = LINE('',#6502,#6503);
#6502 = CARTESIAN_POINT('',(-5.833630944789,6.894291116569,0.));
#6503 = VECTOR('',#6504,1.);
#6504 = DIRECTION('',(0.,0.,1.));
#6505 = PCURVE('',#1472,#6506);
#6506 = DEFINITIONAL_REPRESENTATION('',(#6507),#6511);
#6507 = LINE('',#6508,#6509);
#6508 = CARTESIAN_POINT('',(0.,3.));
#6509 = VECTOR('',#6510,1.);
#6510 = DIRECTION('',(1.,0.));
#6511 = ( GEOMETRIC_REPRESENTATION_CONTEXT(2) 
PARAMETRIC_REPRESENTATION_CONTEXT() REPRESENTATION_CONTEXT('2D SPACE',''
  ) );
#6512 = PCURVE('',#1446,#6513);
#6513 = DEFINITIONAL_REPRESENTATION('',(#6514),#6518);
#6514 = LINE('',#6515,#6516);
#6515 = CARTESIAN_POINT('',(0.,0.));
#6516 = VECTOR('',#6517,1.);
#6517 = DIRECTION('',(1.,0.));
#6518 = ( GEOMETRIC_REPRESENTATION_CONTEXT(2) 
PARAMETRIC_REPRESENTATION_CONTEXT() REPRESENTATION_CONTEXT('2D SPACE',''
  ) );
#6519 = ADVANCED_FACE('',(#6520),#1446,.F.);
#6520 = FACE_BOUND('',#6521,.F.);
#6521 = EDGE_LOOP('',(#6522,#6523,#6524,#6545));
#6522 = ORIENTED_EDGE('',*,*,#6499,.F.);
#6523 = ORIENTED_EDGE('',*,*,#2968,.T.);
#6524 = ORIENTED_EDGE('',*,*,#6525,.T.);
#6525 = EDGE_CURVE('',#2946,#1403,#6526,.T.);
#6526 = SURFACE_CURVE('',#6527,(#6531,#6538),.PCURVE_S1.);
#6527 = LINE('',#6528,#6529);
#6528 = CARTESIAN_POINT('',(-6.894291116569,5.833630944789,0.));
#6529 = VECTOR('',#6530,1.);
#6530 = DIRECTION('',(0.,0.,1.));
#6531 = PCURVE('',#1446,#6532);
#6532 = DEFINITIONAL_REPRESENTATION('',(#6533),#6537);
#6533 = LINE('',#6534,#6535);
#6534 = CARTESIAN_POINT('',(0.,-1.5));
#6535 = VECTOR('',#6536,1.);
#6536 = DIRECTION('',(1.,0.));
#6537 = ( GEOMETRIC_REPRESENTATION_CONTEXT(2) 
PARAMETRIC_REPRESENTATION_CONTEXT() REPRESENTATION_CONTEXT('2D SPACE',''
  ) );
#6538 = PCURVE('',#1418,#6539);
#6539 = DEFINITIONAL_REPRESENTATION('',(#6540),#6544);
#6540 = LINE('',#6541,#6542);
#6541 = CARTESIAN_POINT('',(0.,3.));
#6542 = VECTOR('',#6543,1.);
#6543 = DIRECTION('',(1.,0.));
#6544 = ( GEOMETRIC_REPRESENTATION_CONTEXT(2) 
PARAMETRIC_REPRESENTATION_CONTEXT() REPRESENTATION_CONTEXT('2D SPACE',''
  ) );
#6545 = ORIENTED_EDGE('',*,*,#1430,.F.);
#6546 = ADVANCED_FACE('',(#6547),#1418,.F.);
#6547 = FACE_BOUND('',#6548,.F.);
#6548 = EDGE_LOOP('',(#6549,#6550,#6571,#6572));
#6549 = ORIENTED_EDGE('',*,*,#2945,.F.);
#6550 = ORIENTED_EDGE('',*,*,#6551,.T.);
#6551 = EDGE_CURVE('',#2923,#1375,#6552,.T.);
#6552 = SURFACE_CURVE('',#6553,(#6557,#6564),.PCURVE_S1.);
#6553 = LINE('',#6554,#6555);
#6554 = CARTESIAN_POINT('',(-4.772970773009,3.712310601229,0.));
#6555 = VECTOR('',#6556,1.);
#6556 = DIRECTION('',(0.,0.,1.));
#6557 = PCURVE('',#1418,#6558);
#6558 = DEFINITIONAL_REPRESENTATION('',(#6559),#6563);
#6559 = LINE('',#6560,#6561);
#6560 = CARTESIAN_POINT('',(0.,0.));
#6561 = VECTOR('',#6562,1.);
#6562 = DIRECTION('',(1.,0.));
#6563 = ( GEOMETRIC_REPRESENTATION_CONTEXT(2) 
PARAMETRIC_REPRESENTATION_CONTEXT() REPRESENTATION_CONTEXT('2D SPACE',''
  ) );
#6564 = PCURVE('',#1390,#6565);
#6565 = DEFINITIONAL_REPRESENTATION('',(#6566),#6570);
#6566 = LINE('',#6567,#6568);
#6567 = CARTESIAN_POINT('',(0.,-1.5));
#6568 = VECTOR('',#6569,1.);
#6569 = DIRECTION('',(1.,0.));
#6570 = ( GEOMETRIC_REPRESENTATION_CONTEXT(2) 
PARAMETRIC_REPRESENTATION_CONTEXT() REPRESENTATION_CONTEXT('2D SPACE',''
  ) );
#6571 = ORIENTED_EDGE('',*,*,#1402,.T.);
#6572 = ORIENTED_EDGE('',*,*,#6525,.F.);
#6573 = ADVANCED_FACE('',(#6574),#1390,.T.);
#6574 = FACE_BOUND('',#6575,.T.);
#6575 = EDGE_LOOP('',(#6576,#6577,#6578,#6579));
#6576 = ORIENTED_EDGE('',*,*,#1374,.F.);
#6577 = ORIENTED_EDGE('',*,*,#6474,.T.);
#6578 = ORIENTED_EDGE('',*,*,#2922,.T.);
#6579 = ORIENTED_EDGE('',*,*,#6551,.T.);
#6580 = ADVANCED_FACE('',(#6581),#1505,.F.);
#6581 = FACE_BOUND('',#6582,.T.);
#6582 = EDGE_LOOP('',(#6583,#6584,#6605,#6606));
#6583 = ORIENTED_EDGE('',*,*,#3014,.F.);
#6584 = ORIENTED_EDGE('',*,*,#6585,.T.);
#6585 = EDGE_CURVE('',#3015,#1487,#6586,.T.);
#6586 = SURFACE_CURVE('',#6587,(#6591,#6598),.PCURVE_S1.);
#6587 = LINE('',#6588,#6589);
#6588 = CARTESIAN_POINT('',(6.,0.,0.));
#6589 = VECTOR('',#6590,1.);
#6590 = DIRECTION('',(0.,0.,1.));
#6591 = PCURVE('',#1505,#6592);
#6592 = DEFINITIONAL_REPRESENTATION('',(#6593),#6597);
#6593 = LINE('',#6594,#6595);
#6594 = CARTESIAN_POINT('',(-0.,0.));
#6595 = VECTOR('',#6596,1.);
#6596 = DIRECTION('',(-0.,-1.));
#6597 = ( GEOMETRIC_REPRESENTATION_CONTEXT(2) 
PARAMETRIC_REPRESENTATION_CONTEXT() REPRESENTATION_CONTEXT('2D SPACE',''
  ) );
#6598 = PCURVE('',#1532,#6599);
#6599 = DEFINITIONAL_REPRESENTATION('',(#6600),#6604);
#6600 = LINE('',#6601,#6602);
#6601 = CARTESIAN_POINT('',(-6.28318530718,0.));
#6602 = VECTOR('',#6603,1.);
#6603 = DIRECTION('',(-0.,-1.));
#6604 = ( GEOMETRIC_REPRESENTATION_CONTEXT(2) 
PARAMETRIC_REPRESENTATION_CONTEXT() REPRESENTATION_CONTEXT('2D SPACE',''
  ) );
#6605 = ORIENTED_EDGE('',*,*,#1486,.T.);
#6606 = ORIENTED_EDGE('',*,*,#6607,.T.);
#6607 = EDGE_CURVE('',#1489,#3017,#6608,.T.);
#6608 = SURFACE_CURVE('',#6609,(#6613,#6619),.PCURVE_S1.);
#6609 = LINE('',#6610,#6611);
#6610 = CARTESIAN_POINT('',(4.242640687119,4.242640687119,0.));
#6611 = VECTOR('',#6612,1.);
#6612 = DIRECTION('',(-0.,-0.,-1.));
#6613 = PCURVE('',#1505,#6614);
#6614 = DEFINITIONAL_REPRESENTATION('',(#6615),#6618);
#6615 = B_SPLINE_CURVE_WITH_KNOTS('',1,(#6616,#6617),.UNSPECIFIED.,.F.,
  .F.,(2,2),(-35.0000006,6.E-07),.PIECEWISE_BEZIER_KNOTS.);
#6616 = CARTESIAN_POINT('',(-0.785398163397,-35.0000006));
#6617 = CARTESIAN_POINT('',(-0.785398163397,6.E-07));
#6618 = ( GEOMETRIC_REPRESENTATION_CONTEXT(2) 
PARAMETRIC_REPRESENTATION_CONTEXT() REPRESENTATION_CONTEXT('2D SPACE',''
  ) );
#6619 = PCURVE('',#1696,#6620);
#6620 = DEFINITIONAL_REPRESENTATION('',(#6621),#6624);
#6621 = B_SPLINE_CURVE_WITH_KNOTS('',1,(#6622,#6623),.UNSPECIFIED.,.F.,
  .F.,(2,2),(-35.0000006,6.E-07),.PIECEWISE_BEZIER_KNOTS.);
#6622 = CARTESIAN_POINT('',(-0.785398163397,-35.0000006));
#6623 = CARTESIAN_POINT('',(-0.785398163397,6.E-07));
#6624 = ( GEOMETRIC_REPRESENTATION_CONTEXT(2) 
PARAMETRIC_REPRESENTATION_CONTEXT() REPRESENTATION_CONTEXT('2D SPACE',''
  ) );
#6625 = ADVANCED_FACE('',(#6626),#1696,.F.);
#6626 = FACE_BOUND('',#6627,.T.);
#6627 = EDGE_LOOP('',(#6628,#6647,#6648,#6649));
#6628 = ORIENTED_EDGE('',*,*,#6629,.T.);
#6629 = EDGE_CURVE('',#1653,#3151,#6630,.T.);
#6630 = SURFACE_CURVE('',#6631,(#6635,#6641),.PCURVE_S1.);
#6631 = LINE('',#6632,#6633);
#6632 = CARTESIAN_POINT('',(6.661338147751E-16,6.,0.));
#6633 = VECTOR('',#6634,1.);
#6634 = DIRECTION('',(-0.,-0.,-1.));
#6635 = PCURVE('',#1696,#6636);
#6636 = DEFINITIONAL_REPRESENTATION('',(#6637),#6640);
#6637 = B_SPLINE_CURVE_WITH_KNOTS('',1,(#6638,#6639),.UNSPECIFIED.,.F.,
  .F.,(2,2),(-35.0000006,6.E-07),.PIECEWISE_BEZIER_KNOTS.);
#6638 = CARTESIAN_POINT('',(-1.570796326795,-35.0000006));
#6639 = CARTESIAN_POINT('',(-1.570796326795,6.E-07));
#6640 = ( GEOMETRIC_REPRESENTATION_CONTEXT(2) 
PARAMETRIC_REPRESENTATION_CONTEXT() REPRESENTATION_CONTEXT('2D SPACE',''
  ) );
#6641 = PCURVE('',#1669,#6642);
#6642 = DEFINITIONAL_REPRESENTATION('',(#6643),#6646);
#6643 = B_SPLINE_CURVE_WITH_KNOTS('',1,(#6644,#6645),.UNSPECIFIED.,.F.,
  .F.,(2,2),(-35.0000006,6.E-07),.PIECEWISE_BEZIER_KNOTS.);
#6644 = CARTESIAN_POINT('',(-1.570796326795,-35.0000006));
#6645 = CARTESIAN_POINT('',(-1.570796326795,6.E-07));
#6646 = ( GEOMETRIC_REPRESENTATION_CONTEXT(2) 
PARAMETRIC_REPRESENTATION_CONTEXT() REPRESENTATION_CONTEXT('2D SPACE',''
  ) );
#6647 = ORIENTED_EDGE('',*,*,#3174,.F.);
#6648 = ORIENTED_EDGE('',*,*,#6607,.F.);
#6649 = ORIENTED_EDGE('',*,*,#1681,.T.);
#6650 = ADVANCED_FACE('',(#6651),#1669,.F.);
#6651 = FACE_BOUND('',#6652,.T.);
#6652 = EDGE_LOOP('',(#6653,#6654,#6655,#6656));
#6653 = ORIENTED_EDGE('',*,*,#6474,.T.);
#6654 = ORIENTED_EDGE('',*,*,#3150,.F.);
#6655 = ORIENTED_EDGE('',*,*,#6629,.F.);
#6656 = ORIENTED_EDGE('',*,*,#1652,.T.);
#6657 = ADVANCED_FACE('',(#6658),#1640,.F.);
#6658 = FACE_BOUND('',#6659,.T.);
#6659 = EDGE_LOOP('',(#6660,#6661,#6662,#6663));
#6660 = ORIENTED_EDGE('',*,*,#6341,.T.);
#6661 = ORIENTED_EDGE('',*,*,#3128,.F.);
#6662 = ORIENTED_EDGE('',*,*,#6474,.F.);
#6663 = ORIENTED_EDGE('',*,*,#1625,.T.);
#6664 = ADVANCED_FACE('',(#6665),#1613,.F.);
#6665 = FACE_BOUND('',#6666,.T.);
#6666 = EDGE_LOOP('',(#6667,#6668,#6669,#6670));
#6667 = ORIENTED_EDGE('',*,*,#5942,.T.);
#6668 = ORIENTED_EDGE('',*,*,#3106,.F.);
#6669 = ORIENTED_EDGE('',*,*,#6341,.F.);
#6670 = ORIENTED_EDGE('',*,*,#1598,.T.);
#6671 = ADVANCED_FACE('',(#6672),#1586,.F.);
#6672 = FACE_BOUND('',#6673,.T.);
#6673 = EDGE_LOOP('',(#6674,#6675,#6676,#6677));
#6674 = ORIENTED_EDGE('',*,*,#6075,.T.);
#6675 = ORIENTED_EDGE('',*,*,#3084,.F.);
#6676 = ORIENTED_EDGE('',*,*,#5942,.F.);
#6677 = ORIENTED_EDGE('',*,*,#1571,.T.);
#6678 = ADVANCED_FACE('',(#6679),#1559,.F.);
#6679 = FACE_BOUND('',#6680,.T.);
#6680 = EDGE_LOOP('',(#6681,#6682,#6683,#6684));
#6681 = ORIENTED_EDGE('',*,*,#6208,.T.);
#6682 = ORIENTED_EDGE('',*,*,#3062,.F.);
#6683 = ORIENTED_EDGE('',*,*,#6075,.F.);
#6684 = ORIENTED_EDGE('',*,*,#1544,.T.);
#6685 = ADVANCED_FACE('',(#6686),#1532,.F.);
#6686 = FACE_BOUND('',#6687,.T.);
#6687 = EDGE_LOOP('',(#6688,#6689,#6690,#6691));
#6688 = ORIENTED_EDGE('',*,*,#6585,.F.);
#6689 = ORIENTED_EDGE('',*,*,#3040,.F.);
#6690 = ORIENTED_EDGE('',*,*,#6208,.F.);
#6691 = ORIENTED_EDGE('',*,*,#1517,.T.);
#6692 = ADVANCED_FACE('',(#6693),#1726,.T.);
#6693 = FACE_BOUND('',#6694,.T.);
#6694 = EDGE_LOOP('',(#6695,#6696,#6717,#6718));
#6695 = ORIENTED_EDGE('',*,*,#1710,.F.);
#6696 = ORIENTED_EDGE('',*,*,#6697,.F.);
#6697 = EDGE_CURVE('',#3199,#1711,#6698,.T.);
#6698 = SURFACE_CURVE('',#6699,(#6703,#6710),.PCURVE_S1.);
#6699 = LINE('',#6700,#6701);
#6700 = CARTESIAN_POINT('',(6.,-0.75,0.));
#6701 = VECTOR('',#6702,1.);
#6702 = DIRECTION('',(0.,0.,1.));
#6703 = PCURVE('',#1726,#6704);
#6704 = DEFINITIONAL_REPRESENTATION('',(#6705),#6709);
#6705 = LINE('',#6706,#6707);
#6706 = CARTESIAN_POINT('',(0.,0.));
#6707 = VECTOR('',#6708,1.);
#6708 = DIRECTION('',(1.,0.));
#6709 = ( GEOMETRIC_REPRESENTATION_CONTEXT(2) 
PARAMETRIC_REPRESENTATION_CONTEXT() REPRESENTATION_CONTEXT('2D SPACE',''
  ) );
#6710 = PCURVE('',#1836,#6711);
#6711 = DEFINITIONAL_REPRESENTATION('',(#6712),#6716);
#6712 = LINE('',#6713,#6714);
#6713 = CARTESIAN_POINT('',(0.,0.));
#6714 = VECTOR('',#6715,1.);
#6715 = DIRECTION('',(1.,0.));
#6716 = ( GEOMETRIC_REPRESENTATION_CONTEXT(2) 
PARAMETRIC_REPRESENTATION_CONTEXT() REPRESENTATION_CONTEXT('2D SPACE',''
  ) );
#6717 = ORIENTED_EDGE('',*,*,#3198,.T.);
#6718 = ORIENTED_EDGE('',*,*,#6585,.T.);
#6719 = ADVANCED_FACE('',(#6720),#1836,.T.);
#6720 = FACE_BOUND('',#6721,.T.);
#6721 = EDGE_LOOP('',(#6722,#6723,#6724,#6725));
#6722 = ORIENTED_EDGE('',*,*,#3290,.F.);
#6723 = ORIENTED_EDGE('',*,*,#6697,.T.);
#6724 = ORIENTED_EDGE('',*,*,#1822,.T.);
#6725 = ORIENTED_EDGE('',*,*,#6726,.F.);
#6726 = EDGE_CURVE('',#3268,#1795,#6727,.T.);
#6727 = SURFACE_CURVE('',#6728,(#6732,#6739),.PCURVE_S1.);
#6728 = LINE('',#6729,#6730);
#6729 = CARTESIAN_POINT('',(9.,-0.75,0.));
#6730 = VECTOR('',#6731,1.);
#6731 = DIRECTION('',(0.,0.,1.));
#6732 = PCURVE('',#1836,#6733);
#6733 = DEFINITIONAL_REPRESENTATION('',(#6734),#6738);
#6734 = LINE('',#6735,#6736);
#6735 = CARTESIAN_POINT('',(0.,3.));
#6736 = VECTOR('',#6737,1.);
#6737 = DIRECTION('',(1.,0.));
#6738 = ( GEOMETRIC_REPRESENTATION_CONTEXT(2) 
PARAMETRIC_REPRESENTATION_CONTEXT() REPRESENTATION_CONTEXT('2D SPACE',''
  ) );
#6739 = PCURVE('',#1810,#6740);
#6740 = DEFINITIONAL_REPRESENTATION('',(#6741),#6745);
#6741 = LINE('',#6742,#6743);
#6742 = CARTESIAN_POINT('',(0.,0.));
#6743 = VECTOR('',#6744,1.);
#6744 = DIRECTION('',(1.,0.));
#6745 = ( GEOMETRIC_REPRESENTATION_CONTEXT(2) 
PARAMETRIC_REPRESENTATION_CONTEXT() REPRESENTATION_CONTEXT('2D SPACE',''
  ) );
#6746 = ADVANCED_FACE('',(#6747),#1810,.F.);
#6747 = FACE_BOUND('',#6748,.F.);
#6748 = EDGE_LOOP('',(#6749,#6750,#6751,#6772));
#6749 = ORIENTED_EDGE('',*,*,#6726,.F.);
#6750 = ORIENTED_EDGE('',*,*,#3267,.T.);
#6751 = ORIENTED_EDGE('',*,*,#6752,.T.);
#6752 = EDGE_CURVE('',#3245,#1767,#6753,.T.);
#6753 = SURFACE_CURVE('',#6754,(#6758,#6765),.PCURVE_S1.);
#6754 = LINE('',#6755,#6756);
#6755 = CARTESIAN_POINT('',(9.,0.75,0.));
#6756 = VECTOR('',#6757,1.);
#6757 = DIRECTION('',(0.,0.,1.));
#6758 = PCURVE('',#1810,#6759);
#6759 = DEFINITIONAL_REPRESENTATION('',(#6760),#6764);
#6760 = LINE('',#6761,#6762);
#6761 = CARTESIAN_POINT('',(0.,-1.5));
#6762 = VECTOR('',#6763,1.);
#6763 = DIRECTION('',(1.,0.));
#6764 = ( GEOMETRIC_REPRESENTATION_CONTEXT(2) 
PARAMETRIC_REPRESENTATION_CONTEXT() REPRESENTATION_CONTEXT('2D SPACE',''
  ) );
#6765 = PCURVE('',#1782,#6766);
#6766 = DEFINITIONAL_REPRESENTATION('',(#6767),#6771);
#6767 = LINE('',#6768,#6769);
#6768 = CARTESIAN_POINT('',(0.,3.));
#6769 = VECTOR('',#6770,1.);
#6770 = DIRECTION('',(1.,0.));
#6771 = ( GEOMETRIC_REPRESENTATION_CONTEXT(2) 
PARAMETRIC_REPRESENTATION_CONTEXT() REPRESENTATION_CONTEXT('2D SPACE',''
  ) );
#6772 = ORIENTED_EDGE('',*,*,#1794,.F.);
#6773 = ADVANCED_FACE('',(#6774),#1782,.F.);
#6774 = FACE_BOUND('',#6775,.F.);
#6775 = EDGE_LOOP('',(#6776,#6777,#6798,#6799));
#6776 = ORIENTED_EDGE('',*,*,#3244,.F.);
#6777 = ORIENTED_EDGE('',*,*,#6778,.T.);
#6778 = EDGE_CURVE('',#3222,#1739,#6779,.T.);
#6779 = SURFACE_CURVE('',#6780,(#6784,#6791),.PCURVE_S1.);
#6780 = LINE('',#6781,#6782);
#6781 = CARTESIAN_POINT('',(6.,0.75,0.));
#6782 = VECTOR('',#6783,1.);
#6783 = DIRECTION('',(0.,0.,1.));
#6784 = PCURVE('',#1782,#6785);
#6785 = DEFINITIONAL_REPRESENTATION('',(#6786),#6790);
#6786 = LINE('',#6787,#6788);
#6787 = CARTESIAN_POINT('',(0.,0.));
#6788 = VECTOR('',#6789,1.);
#6789 = DIRECTION('',(1.,0.));
#6790 = ( GEOMETRIC_REPRESENTATION_CONTEXT(2) 
PARAMETRIC_REPRESENTATION_CONTEXT() REPRESENTATION_CONTEXT('2D SPACE',''
  ) );
#6791 = PCURVE('',#1754,#6792);
#6792 = DEFINITIONAL_REPRESENTATION('',(#6793),#6797);
#6793 = LINE('',#6794,#6795);
#6794 = CARTESIAN_POINT('',(0.,-1.5));
#6795 = VECTOR('',#6796,1.);
#6796 = DIRECTION('',(1.,0.));
#6797 = ( GEOMETRIC_REPRESENTATION_CONTEXT(2) 
PARAMETRIC_REPRESENTATION_CONTEXT() REPRESENTATION_CONTEXT('2D SPACE',''
  ) );
#6798 = ORIENTED_EDGE('',*,*,#1766,.T.);
#6799 = ORIENTED_EDGE('',*,*,#6752,.F.);
#6800 = ADVANCED_FACE('',(#6801),#1754,.T.);
#6801 = FACE_BOUND('',#6802,.T.);
#6802 = EDGE_LOOP('',(#6803,#6804,#6805,#6806));
#6803 = ORIENTED_EDGE('',*,*,#1738,.F.);
#6804 = ORIENTED_EDGE('',*,*,#6585,.F.);
#6805 = ORIENTED_EDGE('',*,*,#3221,.T.);
#6806 = ORIENTED_EDGE('',*,*,#6778,.T.);
#6807 = ADVANCED_FACE('',(#6808),#1866,.T.);
#6808 = FACE_BOUND('',#6809,.T.);
#6809 = EDGE_LOOP('',(#6810,#6811,#6832,#6833));
#6810 = ORIENTED_EDGE('',*,*,#1850,.F.);
#6811 = ORIENTED_EDGE('',*,*,#6812,.F.);
#6812 = EDGE_CURVE('',#3314,#1851,#6813,.T.);
#6813 = SURFACE_CURVE('',#6814,(#6818,#6825),.PCURVE_S1.);
#6814 = LINE('',#6815,#6816);
#6815 = CARTESIAN_POINT('',(0.75,6.,0.));
#6816 = VECTOR('',#6817,1.);
#6817 = DIRECTION('',(0.,0.,1.));
#6818 = PCURVE('',#1866,#6819);
#6819 = DEFINITIONAL_REPRESENTATION('',(#6820),#6824);
#6820 = LINE('',#6821,#6822);
#6821 = CARTESIAN_POINT('',(0.,0.));
#6822 = VECTOR('',#6823,1.);
#6823 = DIRECTION('',(1.,0.));
#6824 = ( GEOMETRIC_REPRESENTATION_CONTEXT(2) 
PARAMETRIC_REPRESENTATION_CONTEXT() REPRESENTATION_CONTEXT('2D SPACE',''
  ) );
#6825 = PCURVE('',#1976,#6826);
#6826 = DEFINITIONAL_REPRESENTATION('',(#6827),#6831);
#6827 = LINE('',#6828,#6829);
#6828 = CARTESIAN_POINT('',(0.,0.));
#6829 = VECTOR('',#6830,1.);
#6830 = DIRECTION('',(1.,0.));
#6831 = ( GEOMETRIC_REPRESENTATION_CONTEXT(2) 
PARAMETRIC_REPRESENTATION_CONTEXT() REPRESENTATION_CONTEXT('2D SPACE',''
  ) );
#6832 = ORIENTED_EDGE('',*,*,#3313,.T.);
#6833 = ORIENTED_EDGE('',*,*,#6629,.F.);
#6834 = ADVANCED_FACE('',(#6835),#1976,.T.);
#6835 = FACE_BOUND('',#6836,.T.);
#6836 = EDGE_LOOP('',(#6837,#6838,#6839,#6840));
#6837 = ORIENTED_EDGE('',*,*,#3405,.F.);
#6838 = ORIENTED_EDGE('',*,*,#6812,.T.);
#6839 = ORIENTED_EDGE('',*,*,#1962,.T.);
#6840 = ORIENTED_EDGE('',*,*,#6841,.F.);
#6841 = EDGE_CURVE('',#3383,#1935,#6842,.T.);
#6842 = SURFACE_CURVE('',#6843,(#6847,#6854),.PCURVE_S1.);
#6843 = LINE('',#6844,#6845);
#6844 = CARTESIAN_POINT('',(0.75,9.,0.));
#6845 = VECTOR('',#6846,1.);
#6846 = DIRECTION('',(0.,0.,1.));
#6847 = PCURVE('',#1976,#6848);
#6848 = DEFINITIONAL_REPRESENTATION('',(#6849),#6853);
#6849 = LINE('',#6850,#6851);
#6850 = CARTESIAN_POINT('',(0.,3.));
#6851 = VECTOR('',#6852,1.);
#6852 = DIRECTION('',(1.,0.));
#6853 = ( GEOMETRIC_REPRESENTATION_CONTEXT(2) 
PARAMETRIC_REPRESENTATION_CONTEXT() REPRESENTATION_CONTEXT('2D SPACE',''
  ) );
#6854 = PCURVE('',#1950,#6855);
#6855 = DEFINITIONAL_REPRESENTATION('',(#6856),#6860);
#6856 = LINE('',#6857,#6858);
#6857 = CARTESIAN_POINT('',(0.,0.));
#6858 = VECTOR('',#6859,1.);
#6859 = DIRECTION('',(1.,0.));
#6860 = ( GEOMETRIC_REPRESENTATION_CONTEXT(2) 
PARAMETRIC_REPRESENTATION_CONTEXT() REPRESENTATION_CONTEXT('2D SPACE',''
  ) );
#6861 = ADVANCED_FACE('',(#6862),#1950,.F.);
#6862 = FACE_BOUND('',#6863,.F.);
#6863 = EDGE_LOOP('',(#6864,#6865,#6866,#6887));
#6864 = ORIENTED_EDGE('',*,*,#6841,.F.);
#6865 = ORIENTED_EDGE('',*,*,#3382,.T.);
#6866 = ORIENTED_EDGE('',*,*,#6867,.T.);
#6867 = EDGE_CURVE('',#3360,#1907,#6868,.T.);
#6868 = SURFACE_CURVE('',#6869,(#6873,#6880),.PCURVE_S1.);
#6869 = LINE('',#6870,#6871);
#6870 = CARTESIAN_POINT('',(-0.75,9.,0.));
#6871 = VECTOR('',#6872,1.);
#6872 = DIRECTION('',(0.,0.,1.));
#6873 = PCURVE('',#1950,#6874);
#6874 = DEFINITIONAL_REPRESENTATION('',(#6875),#6879);
#6875 = LINE('',#6876,#6877);
#6876 = CARTESIAN_POINT('',(0.,-1.5));
#6877 = VECTOR('',#6878,1.);
#6878 = DIRECTION('',(1.,0.));
#6879 = ( GEOMETRIC_REPRESENTATION_CONTEXT(2) 
PARAMETRIC_REPRESENTATION_CONTEXT() REPRESENTATION_CONTEXT('2D SPACE',''
  ) );
#6880 = PCURVE('',#1922,#6881);
#6881 = DEFINITIONAL_REPRESENTATION('',(#6882),#6886);
#6882 = LINE('',#6883,#6884);
#6883 = CARTESIAN_POINT('',(0.,3.));
#6884 = VECTOR('',#6885,1.);
#6885 = DIRECTION('',(1.,0.));
#6886 = ( GEOMETRIC_REPRESENTATION_CONTEXT(2) 
PARAMETRIC_REPRESENTATION_CONTEXT() REPRESENTATION_CONTEXT('2D SPACE',''
  ) );
#6887 = ORIENTED_EDGE('',*,*,#1934,.F.);
#6888 = ADVANCED_FACE('',(#6889),#1922,.F.);
#6889 = FACE_BOUND('',#6890,.F.);
#6890 = EDGE_LOOP('',(#6891,#6892,#6913,#6914));
#6891 = ORIENTED_EDGE('',*,*,#3359,.F.);
#6892 = ORIENTED_EDGE('',*,*,#6893,.T.);
#6893 = EDGE_CURVE('',#3337,#1879,#6894,.T.);
#6894 = SURFACE_CURVE('',#6895,(#6899,#6906),.PCURVE_S1.);
#6895 = LINE('',#6896,#6897);
#6896 = CARTESIAN_POINT('',(-0.75,6.,0.));
#6897 = VECTOR('',#6898,1.);
#6898 = DIRECTION('',(0.,0.,1.));
#6899 = PCURVE('',#1922,#6900);
#6900 = DEFINITIONAL_REPRESENTATION('',(#6901),#6905);
#6901 = LINE('',#6902,#6903);
#6902 = CARTESIAN_POINT('',(0.,0.));
#6903 = VECTOR('',#6904,1.);
#6904 = DIRECTION('',(1.,0.));
#6905 = ( GEOMETRIC_REPRESENTATION_CONTEXT(2) 
PARAMETRIC_REPRESENTATION_CONTEXT() REPRESENTATION_CONTEXT('2D SPACE',''
  ) );
#6906 = PCURVE('',#1894,#6907);
#6907 = DEFINITIONAL_REPRESENTATION('',(#6908),#6912);
#6908 = LINE('',#6909,#6910);
#6909 = CARTESIAN_POINT('',(0.,-1.5));
#6910 = VECTOR('',#6911,1.);
#6911 = DIRECTION('',(1.,0.));
#6912 = ( GEOMETRIC_REPRESENTATION_CONTEXT(2) 
PARAMETRIC_REPRESENTATION_CONTEXT() REPRESENTATION_CONTEXT('2D SPACE',''
  ) );
#6913 = ORIENTED_EDGE('',*,*,#1906,.T.);
#6914 = ORIENTED_EDGE('',*,*,#6867,.F.);
#6915 = ADVANCED_FACE('',(#6916),#1894,.T.);
#6916 = FACE_BOUND('',#6917,.T.);
#6917 = EDGE_LOOP('',(#6918,#6919,#6920,#6921));
#6918 = ORIENTED_EDGE('',*,*,#1878,.F.);
#6919 = ORIENTED_EDGE('',*,*,#6629,.T.);
#6920 = ORIENTED_EDGE('',*,*,#3336,.T.);
#6921 = ORIENTED_EDGE('',*,*,#6893,.T.);
#6922 = ADVANCED_FACE('',(#6923),#2006,.T.);
#6923 = FACE_BOUND('',#6924,.T.);
#6924 = EDGE_LOOP('',(#6925,#6926,#6947,#6948));
#6925 = ORIENTED_EDGE('',*,*,#1990,.F.);
#6926 = ORIENTED_EDGE('',*,*,#6927,.F.);
#6927 = EDGE_CURVE('',#3429,#1991,#6928,.T.);
#6928 = SURFACE_CURVE('',#6929,(#6933,#6940),.PCURVE_S1.);
#6929 = LINE('',#6930,#6931);
#6930 = CARTESIAN_POINT('',(4.772970773009,3.712310601229,0.));
#6931 = VECTOR('',#6932,1.);
#6932 = DIRECTION('',(0.,0.,1.));
#6933 = PCURVE('',#2006,#6934);
#6934 = DEFINITIONAL_REPRESENTATION('',(#6935),#6939);
#6935 = LINE('',#6936,#6937);
#6936 = CARTESIAN_POINT('',(0.,0.));
#6937 = VECTOR('',#6938,1.);
#6938 = DIRECTION('',(1.,0.));
#6939 = ( GEOMETRIC_REPRESENTATION_CONTEXT(2) 
PARAMETRIC_REPRESENTATION_CONTEXT() REPRESENTATION_CONTEXT('2D SPACE',''
  ) );
#6940 = PCURVE('',#2116,#6941);
#6941 = DEFINITIONAL_REPRESENTATION('',(#6942),#6946);
#6942 = LINE('',#6943,#6944);
#6943 = CARTESIAN_POINT('',(0.,0.));
#6944 = VECTOR('',#6945,1.);
#6945 = DIRECTION('',(1.,0.));
#6946 = ( GEOMETRIC_REPRESENTATION_CONTEXT(2) 
PARAMETRIC_REPRESENTATION_CONTEXT() REPRESENTATION_CONTEXT('2D SPACE',''
  ) );
#6947 = ORIENTED_EDGE('',*,*,#3428,.T.);
#6948 = ORIENTED_EDGE('',*,*,#6607,.F.);
#6949 = ADVANCED_FACE('',(#6950),#2116,.T.);
#6950 = FACE_BOUND('',#6951,.T.);
#6951 = EDGE_LOOP('',(#6952,#6953,#6954,#6955));
#6952 = ORIENTED_EDGE('',*,*,#3520,.F.);
#6953 = ORIENTED_EDGE('',*,*,#6927,.T.);
#6954 = ORIENTED_EDGE('',*,*,#2102,.T.);
#6955 = ORIENTED_EDGE('',*,*,#6956,.F.);
#6956 = EDGE_CURVE('',#3498,#2075,#6957,.T.);
#6957 = SURFACE_CURVE('',#6958,(#6962,#6969),.PCURVE_S1.);
#6958 = LINE('',#6959,#6960);
#6959 = CARTESIAN_POINT('',(6.894291116569,5.833630944789,0.));
#6960 = VECTOR('',#6961,1.);
#6961 = DIRECTION('',(0.,0.,1.));
#6962 = PCURVE('',#2116,#6963);
#6963 = DEFINITIONAL_REPRESENTATION('',(#6964),#6968);
#6964 = LINE('',#6965,#6966);
#6965 = CARTESIAN_POINT('',(0.,3.));
#6966 = VECTOR('',#6967,1.);
#6967 = DIRECTION('',(1.,0.));
#6968 = ( GEOMETRIC_REPRESENTATION_CONTEXT(2) 
PARAMETRIC_REPRESENTATION_CONTEXT() REPRESENTATION_CONTEXT('2D SPACE',''
  ) );
#6969 = PCURVE('',#2090,#6970);
#6970 = DEFINITIONAL_REPRESENTATION('',(#6971),#6975);
#6971 = LINE('',#6972,#6973);
#6972 = CARTESIAN_POINT('',(0.,0.));
#6973 = VECTOR('',#6974,1.);
#6974 = DIRECTION('',(1.,0.));
#6975 = ( GEOMETRIC_REPRESENTATION_CONTEXT(2) 
PARAMETRIC_REPRESENTATION_CONTEXT() REPRESENTATION_CONTEXT('2D SPACE',''
  ) );
#6976 = ADVANCED_FACE('',(#6977),#2090,.F.);
#6977 = FACE_BOUND('',#6978,.F.);
#6978 = EDGE_LOOP('',(#6979,#6980,#6981,#7002));
#6979 = ORIENTED_EDGE('',*,*,#6956,.F.);
#6980 = ORIENTED_EDGE('',*,*,#3497,.T.);
#6981 = ORIENTED_EDGE('',*,*,#6982,.T.);
#6982 = EDGE_CURVE('',#3475,#2047,#6983,.T.);
#6983 = SURFACE_CURVE('',#6984,(#6988,#6995),.PCURVE_S1.);
#6984 = LINE('',#6985,#6986);
#6985 = CARTESIAN_POINT('',(5.833630944789,6.894291116569,0.));
#6986 = VECTOR('',#6987,1.);
#6987 = DIRECTION('',(0.,0.,1.));
#6988 = PCURVE('',#2090,#6989);
#6989 = DEFINITIONAL_REPRESENTATION('',(#6990),#6994);
#6990 = LINE('',#6991,#6992);
#6991 = CARTESIAN_POINT('',(0.,-1.5));
#6992 = VECTOR('',#6993,1.);
#6993 = DIRECTION('',(1.,0.));
#6994 = ( GEOMETRIC_REPRESENTATION_CONTEXT(2) 
PARAMETRIC_REPRESENTATION_CONTEXT() REPRESENTATION_CONTEXT('2D SPACE',''
  ) );
#6995 = PCURVE('',#2062,#6996);
#6996 = DEFINITIONAL_REPRESENTATION('',(#6997),#7001);
#6997 = LINE('',#6998,#6999);
#6998 = CARTESIAN_POINT('',(0.,3.));
#6999 = VECTOR('',#7000,1.);
#7000 = DIRECTION('',(1.,0.));
#7001 = ( GEOMETRIC_REPRESENTATION_CONTEXT(2) 
PARAMETRIC_REPRESENTATION_CONTEXT() REPRESENTATION_CONTEXT('2D SPACE',''
  ) );
#7002 = ORIENTED_EDGE('',*,*,#2074,.F.);
#7003 = ADVANCED_FACE('',(#7004),#2062,.F.);
#7004 = FACE_BOUND('',#7005,.F.);
#7005 = EDGE_LOOP('',(#7006,#7007,#7028,#7029));
#7006 = ORIENTED_EDGE('',*,*,#3474,.F.);
#7007 = ORIENTED_EDGE('',*,*,#7008,.T.);
#7008 = EDGE_CURVE('',#3452,#2019,#7009,.T.);
#7009 = SURFACE_CURVE('',#7010,(#7014,#7021),.PCURVE_S1.);
#7010 = LINE('',#7011,#7012);
#7011 = CARTESIAN_POINT('',(3.712310601229,4.772970773009,0.));
#7012 = VECTOR('',#7013,1.);
#7013 = DIRECTION('',(0.,0.,1.));
#7014 = PCURVE('',#2062,#7015);
#7015 = DEFINITIONAL_REPRESENTATION('',(#7016),#7020);
#7016 = LINE('',#7017,#7018);
#7017 = CARTESIAN_POINT('',(0.,0.));
#7018 = VECTOR('',#7019,1.);
#7019 = DIRECTION('',(1.,0.));
#7020 = ( GEOMETRIC_REPRESENTATION_CONTEXT(2) 
PARAMETRIC_REPRESENTATION_CONTEXT() REPRESENTATION_CONTEXT('2D SPACE',''
  ) );
#7021 = PCURVE('',#2034,#7022);
#7022 = DEFINITIONAL_REPRESENTATION('',(#7023),#7027);
#7023 = LINE('',#7024,#7025);
#7024 = CARTESIAN_POINT('',(0.,-1.5));
#7025 = VECTOR('',#7026,1.);
#7026 = DIRECTION('',(1.,0.));
#7027 = ( GEOMETRIC_REPRESENTATION_CONTEXT(2) 
PARAMETRIC_REPRESENTATION_CONTEXT() REPRESENTATION_CONTEXT('2D SPACE',''
  ) );
#7028 = ORIENTED_EDGE('',*,*,#2046,.T.);
#7029 = ORIENTED_EDGE('',*,*,#6982,.F.);
#7030 = ADVANCED_FACE('',(#7031),#2034,.T.);
#7031 = FACE_BOUND('',#7032,.T.);
#7032 = EDGE_LOOP('',(#7033,#7034,#7035,#7036));
#7033 = ORIENTED_EDGE('',*,*,#2018,.F.);
#7034 = ORIENTED_EDGE('',*,*,#6607,.T.);
#7035 = ORIENTED_EDGE('',*,*,#3451,.T.);
#7036 = ORIENTED_EDGE('',*,*,#7008,.T.);
#7037 = ADVANCED_FACE('',(#7038),#2167,.F.);
#7038 = FACE_BOUND('',#7039,.T.);
#7039 = EDGE_LOOP('',(#7040,#7041,#7063,#7086,#7106));
#7040 = ORIENTED_EDGE('',*,*,#2259,.T.);
#7041 = ORIENTED_EDGE('',*,*,#7042,.T.);
#7042 = EDGE_CURVE('',#2233,#7043,#7045,.T.);
#7043 = VERTEX_POINT('',#7044);
#7044 = CARTESIAN_POINT('',(21.200961894323,39.7211431703,35.));
#7045 = SURFACE_CURVE('',#7046,(#7050,#7057),.PCURVE_S1.);
#7046 = LINE('',#7047,#7048);
#7047 = CARTESIAN_POINT('',(23.799038105677,38.2211431703,35.));
#7048 = VECTOR('',#7049,1.);
#7049 = DIRECTION('',(-0.866025403784,0.5,0.));
#7050 = PCURVE('',#2167,#7051);
#7051 = DEFINITIONAL_REPRESENTATION('',(#7052),#7056);
#7052 = LINE('',#7053,#7054);
#7053 = CARTESIAN_POINT('',(29.8511157063,2.98511157063));
#7054 = VECTOR('',#7055,1.);
#7055 = DIRECTION('',(9.9503719021E-02,-0.99503719021));
#7056 = ( GEOMETRIC_REPRESENTATION_CONTEXT(2) 
PARAMETRIC_REPRESENTATION_CONTEXT() REPRESENTATION_CONTEXT('2D SPACE',''
  ) );
#7057 = PCURVE('',#2247,#7058);
#7058 = DEFINITIONAL_REPRESENTATION('',(#7059),#7062);
#7059 = B_SPLINE_CURVE_WITH_KNOTS('',1,(#7060,#7061),.UNSPECIFIED.,.F.,
  .F.,(2,2),(0.,3.),.PIECEWISE_BEZIER_KNOTS.);
#7060 = CARTESIAN_POINT('',(0.,1.));
#7061 = CARTESIAN_POINT('',(8.,1.));
#7062 = ( GEOMETRIC_REPRESENTATION_CONTEXT(2) 
PARAMETRIC_REPRESENTATION_CONTEXT() REPRESENTATION_CONTEXT('2D SPACE',''
  ) );
#7063 = ORIENTED_EDGE('',*,*,#7064,.T.);
#7064 = EDGE_CURVE('',#7043,#7065,#7067,.T.);
#7065 = VERTEX_POINT('',#7066);
#7066 = CARTESIAN_POINT('',(6.200961894323,13.740381056767,35.));
#7067 = SURFACE_CURVE('',#7068,(#7072,#7079),.PCURVE_S1.);
#7068 = LINE('',#7069,#7070);
#7069 = CARTESIAN_POINT('',(21.200961894323,39.7211431703,35.));
#7070 = VECTOR('',#7071,1.);
#7071 = DIRECTION('',(-0.5,-0.866025403784,0.));
#7072 = PCURVE('',#2167,#7073);
#7073 = DEFINITIONAL_REPRESENTATION('',(#7074),#7078);
#7074 = LINE('',#7075,#7076);
#7075 = CARTESIAN_POINT('',(30.149626863363,0.));
#7076 = VECTOR('',#7077,1.);
#7077 = DIRECTION('',(-0.99503719021,-9.9503719021E-02));
#7078 = ( GEOMETRIC_REPRESENTATION_CONTEXT(2) 
PARAMETRIC_REPRESENTATION_CONTEXT() REPRESENTATION_CONTEXT('2D SPACE',''
  ) );
#7079 = PCURVE('',#3869,#7080);
#7080 = DEFINITIONAL_REPRESENTATION('',(#7081),#7085);
#7081 = LINE('',#7082,#7083);
#7082 = CARTESIAN_POINT('',(0.,1.));
#7083 = VECTOR('',#7084,1.);
#7084 = DIRECTION('',(1.,0.));
#7085 = ( GEOMETRIC_REPRESENTATION_CONTEXT(2) 
PARAMETRIC_REPRESENTATION_CONTEXT() REPRESENTATION_CONTEXT('2D SPACE',''
  ) );
#7086 = ORIENTED_EDGE('',*,*,#7087,.T.);
#7087 = EDGE_CURVE('',#7065,#22,#7088,.T.);
#7088 = SURFACE_CURVE('',#7089,(#7093,#7100),.PCURVE_S1.);
#7089 = LINE('',#7090,#7091);
#7090 = CARTESIAN_POINT('',(6.200961894323,13.740381056767,35.));
#7091 = VECTOR('',#7092,1.);
#7092 = DIRECTION('',(0.866025403784,-0.5,0.));
#7093 = PCURVE('',#2167,#7094);
#7094 = DEFINITIONAL_REPRESENTATION('',(#7095),#7099);
#7095 = LINE('',#7096,#7097);
#7096 = CARTESIAN_POINT('',(0.298511157063,-2.98511157063));
#7097 = VECTOR('',#7098,1.);
#7098 = DIRECTION('',(-9.9503719021E-02,0.99503719021));
#7099 = ( GEOMETRIC_REPRESENTATION_CONTEXT(2) 
PARAMETRIC_REPRESENTATION_CONTEXT() REPRESENTATION_CONTEXT('2D SPACE',''
  ) );
#7100 = PCURVE('',#3933,#7101);
#7101 = DEFINITIONAL_REPRESENTATION('',(#7102),#7105);
#7102 = B_SPLINE_CURVE_WITH_KNOTS('',1,(#7103,#7104),.UNSPECIFIED.,.F.,
  .F.,(2,2),(0.,3.),.PIECEWISE_BEZIER_KNOTS.);
#7103 = CARTESIAN_POINT('',(0.,1.));
#7104 = CARTESIAN_POINT('',(8.,1.));
#7105 = ( GEOMETRIC_REPRESENTATION_CONTEXT(2) 
PARAMETRIC_REPRESENTATION_CONTEXT() REPRESENTATION_CONTEXT('2D SPACE',''
  ) );
#7106 = ORIENTED_EDGE('',*,*,#2154,.T.);
#7107 = ADVANCED_FACE('',(#7108),#2220,.T.);
#7108 = FACE_BOUND('',#7109,.F.);
#7109 = EDGE_LOOP('',(#7110,#7111,#7134,#7157,#7178));
#7110 = ORIENTED_EDGE('',*,*,#2204,.T.);
#7111 = ORIENTED_EDGE('',*,*,#7112,.T.);
#7112 = EDGE_CURVE('',#2205,#7113,#7115,.T.);
#7113 = VERTEX_POINT('',#7114);
#7114 = CARTESIAN_POINT('',(45.,4.,0.));
#7115 = SURFACE_CURVE('',#7116,(#7120,#7127),.PCURVE_S1.);
#7116 = LINE('',#7117,#7118);
#7117 = CARTESIAN_POINT('',(45.,-4.,0.));
#7118 = VECTOR('',#7119,1.);
#7119 = DIRECTION('',(0.,1.,0.));
#7120 = PCURVE('',#2220,#7121);
#7121 = DEFINITIONAL_REPRESENTATION('',(#7122),#7126);
#7122 = LINE('',#7123,#7124);
#7123 = CARTESIAN_POINT('',(28.987048188037,7.72987951681));
#7124 = VECTOR('',#7125,1.);
#7125 = DIRECTION('',(0.25766265056,-0.966234939601));
#7126 = ( GEOMETRIC_REPRESENTATION_CONTEXT(2) 
PARAMETRIC_REPRESENTATION_CONTEXT() REPRESENTATION_CONTEXT('2D SPACE',''
  ) );
#7127 = PCURVE('',#2247,#7128);
#7128 = DEFINITIONAL_REPRESENTATION('',(#7129),#7133);
#7129 = LINE('',#7130,#7131);
#7130 = CARTESIAN_POINT('',(0.,0.));
#7131 = VECTOR('',#7132,1.);
#7132 = DIRECTION('',(1.,0.));
#7133 = ( GEOMETRIC_REPRESENTATION_CONTEXT(2) 
PARAMETRIC_REPRESENTATION_CONTEXT() REPRESENTATION_CONTEXT('2D SPACE',''
  ) );
#7134 = ORIENTED_EDGE('',*,*,#7135,.T.);
#7135 = EDGE_CURVE('',#7113,#7136,#7138,.T.);
#7136 = VERTEX_POINT('',#7137);
#7137 = CARTESIAN_POINT('',(15.,4.,0.));
#7138 = SURFACE_CURVE('',#7139,(#7143,#7150),.PCURVE_S1.);
#7139 = LINE('',#7140,#7141);
#7140 = CARTESIAN_POINT('',(45.,4.,0.));
#7141 = VECTOR('',#7142,1.);
#7142 = DIRECTION('',(-1.,0.,0.));
#7143 = PCURVE('',#2220,#7144);
#7144 = DEFINITIONAL_REPRESENTATION('',(#7145),#7149);
#7145 = LINE('',#7146,#7147);
#7146 = CARTESIAN_POINT('',(31.04834939252,-8.881784197001E-16));
#7147 = VECTOR('',#7148,1.);
#7148 = DIRECTION('',(-0.966234939601,-0.25766265056));
#7149 = ( GEOMETRIC_REPRESENTATION_CONTEXT(2) 
PARAMETRIC_REPRESENTATION_CONTEXT() REPRESENTATION_CONTEXT('2D SPACE',''
  ) );
#7150 = PCURVE('',#3869,#7151);
#7151 = DEFINITIONAL_REPRESENTATION('',(#7152),#7156);
#7152 = LINE('',#7153,#7154);
#7153 = CARTESIAN_POINT('',(0.,0.));
#7154 = VECTOR('',#7155,1.);
#7155 = DIRECTION('',(1.,0.));
#7156 = ( GEOMETRIC_REPRESENTATION_CONTEXT(2) 
PARAMETRIC_REPRESENTATION_CONTEXT() REPRESENTATION_CONTEXT('2D SPACE',''
  ) );
#7157 = ORIENTED_EDGE('',*,*,#7158,.T.);
#7158 = EDGE_CURVE('',#7136,#250,#7159,.T.);
#7159 = SURFACE_CURVE('',#7160,(#7164,#7171),.PCURVE_S1.);
#7160 = LINE('',#7161,#7162);
#7161 = CARTESIAN_POINT('',(15.,4.,0.));
#7162 = VECTOR('',#7163,1.);
#7163 = DIRECTION('',(0.,-1.,0.));
#7164 = PCURVE('',#2220,#7165);
#7165 = DEFINITIONAL_REPRESENTATION('',(#7166),#7170);
#7166 = LINE('',#7167,#7168);
#7167 = CARTESIAN_POINT('',(2.061301204483,-7.72987951681));
#7168 = VECTOR('',#7169,1.);
#7169 = DIRECTION('',(-0.25766265056,0.966234939601));
#7170 = ( GEOMETRIC_REPRESENTATION_CONTEXT(2) 
PARAMETRIC_REPRESENTATION_CONTEXT() REPRESENTATION_CONTEXT('2D SPACE',''
  ) );
#7171 = PCURVE('',#3781,#7172);
#7172 = DEFINITIONAL_REPRESENTATION('',(#7173),#7177);
#7173 = LINE('',#7174,#7175);
#7174 = CARTESIAN_POINT('',(0.,0.));
#7175 = VECTOR('',#7176,1.);
#7176 = DIRECTION('',(1.,0.));
#7177 = ( GEOMETRIC_REPRESENTATION_CONTEXT(2) 
PARAMETRIC_REPRESENTATION_CONTEXT() REPRESENTATION_CONTEXT('2D SPACE',''
  ) );
#7178 = ORIENTED_EDGE('',*,*,#2286,.T.);
#7179 = ADVANCED_FACE('',(#7180),#2247,.T.);
#7180 = FACE_BOUND('',#7181,.T.);
#7181 = EDGE_LOOP('',(#7182,#7183,#7203,#7204));
#7182 = ORIENTED_EDGE('',*,*,#7112,.T.);
#7183 = ORIENTED_EDGE('',*,*,#7184,.T.);
#7184 = EDGE_CURVE('',#7113,#7043,#7185,.T.);
#7185 = SURFACE_CURVE('',#7186,(#7189,#7196),.PCURVE_S1.);
#7186 = B_SPLINE_CURVE_WITH_KNOTS('',1,(#7187,#7188),.UNSPECIFIED.,.F.,
  .F.,(2,2),(0.,1.),.PIECEWISE_BEZIER_KNOTS.);
#7187 = CARTESIAN_POINT('',(45.,4.,0.));
#7188 = CARTESIAN_POINT('',(21.200961894323,39.7211431703,35.));
#7189 = PCURVE('',#2247,#7190);
#7190 = DEFINITIONAL_REPRESENTATION('',(#7191),#7195);
#7191 = LINE('',#7192,#7193);
#7192 = CARTESIAN_POINT('',(8.,0.));
#7193 = VECTOR('',#7194,1.);
#7194 = DIRECTION('',(0.,1.));
#7195 = ( GEOMETRIC_REPRESENTATION_CONTEXT(2) 
PARAMETRIC_REPRESENTATION_CONTEXT() REPRESENTATION_CONTEXT('2D SPACE',''
  ) );
#7196 = PCURVE('',#3869,#7197);
#7197 = DEFINITIONAL_REPRESENTATION('',(#7198),#7202);
#7198 = LINE('',#7199,#7200);
#7199 = CARTESIAN_POINT('',(0.,0.));
#7200 = VECTOR('',#7201,1.);
#7201 = DIRECTION('',(0.,1.));
#7202 = ( GEOMETRIC_REPRESENTATION_CONTEXT(2) 
PARAMETRIC_REPRESENTATION_CONTEXT() REPRESENTATION_CONTEXT('2D SPACE',''
  ) );
#7203 = ORIENTED_EDGE('',*,*,#7042,.F.);
#7204 = ORIENTED_EDGE('',*,*,#2232,.F.);
#7205 = ADVANCED_FACE('',(#7206),#3580,.T.);
#7206 = FACE_BOUND('',#7207,.F.);
#7207 = EDGE_LOOP('',(#7208,#7233,#7254,#7255,#7256));
#7208 = ORIENTED_EDGE('',*,*,#7209,.T.);
#7209 = EDGE_CURVE('',#7210,#7212,#7214,.T.);
#7210 = VERTEX_POINT('',#7211);
#7211 = CARTESIAN_POINT('',(4.035898384862,-14.99038105676,0.));
#7212 = VERTEX_POINT('',#7213);
#7213 = CARTESIAN_POINT('',(19.035898384862,-40.9711431703,0.));
#7214 = SURFACE_CURVE('',#7215,(#7219,#7226),.PCURVE_S1.);
#7215 = LINE('',#7216,#7217);
#7216 = CARTESIAN_POINT('',(4.035898384862,-14.99038105676,0.));
#7217 = VECTOR('',#7218,1.);
#7218 = DIRECTION('',(0.5,-0.866025403784,0.));
#7219 = PCURVE('',#3580,#7220);
#7220 = DEFINITIONAL_REPRESENTATION('',(#7221),#7225);
#7221 = LINE('',#7222,#7223);
#7222 = CARTESIAN_POINT('',(0.,0.));
#7223 = VECTOR('',#7224,1.);
#7224 = DIRECTION('',(0.966234939601,0.25766265056));
#7225 = ( GEOMETRIC_REPRESENTATION_CONTEXT(2) 
PARAMETRIC_REPRESENTATION_CONTEXT() REPRESENTATION_CONTEXT('2D SPACE',''
  ) );
#7226 = PCURVE('',#4275,#7227);
#7227 = DEFINITIONAL_REPRESENTATION('',(#7228),#7232);
#7228 = LINE('',#7229,#7230);
#7229 = CARTESIAN_POINT('',(0.,0.));
#7230 = VECTOR('',#7231,1.);
#7231 = DIRECTION('',(1.,0.));
#7232 = ( GEOMETRIC_REPRESENTATION_CONTEXT(2) 
PARAMETRIC_REPRESENTATION_CONTEXT() REPRESENTATION_CONTEXT('2D SPACE',''
  ) );
#7233 = ORIENTED_EDGE('',*,*,#7234,.T.);
#7234 = EDGE_CURVE('',#7212,#3597,#7235,.T.);
#7235 = SURFACE_CURVE('',#7236,(#7240,#7247),.PCURVE_S1.);
#7236 = LINE('',#7237,#7238);
#7237 = CARTESIAN_POINT('',(19.035898384862,-40.9711431703,0.));
#7238 = VECTOR('',#7239,1.);
#7239 = DIRECTION('',(0.866025403784,0.5,0.));
#7240 = PCURVE('',#3580,#7241);
#7241 = DEFINITIONAL_REPRESENTATION('',(#7242),#7246);
#7242 = LINE('',#7243,#7244);
#7243 = CARTESIAN_POINT('',(28.987048188037,7.72987951681));
#7244 = VECTOR('',#7245,1.);
#7245 = DIRECTION('',(0.25766265056,-0.966234939601));
#7246 = ( GEOMETRIC_REPRESENTATION_CONTEXT(2) 
PARAMETRIC_REPRESENTATION_CONTEXT() REPRESENTATION_CONTEXT('2D SPACE',''
  ) );
#7247 = PCURVE('',#3613,#7248);
#7248 = DEFINITIONAL_REPRESENTATION('',(#7249),#7253);
#7249 = LINE('',#7250,#7251);
#7250 = CARTESIAN_POINT('',(0.,0.));
#7251 = VECTOR('',#7252,1.);
#7252 = DIRECTION('',(1.,0.));
#7253 = ( GEOMETRIC_REPRESENTATION_CONTEXT(2) 
PARAMETRIC_REPRESENTATION_CONTEXT() REPRESENTATION_CONTEXT('2D SPACE',''
  ) );
#7254 = ORIENTED_EDGE('',*,*,#3625,.T.);
#7255 = ORIENTED_EDGE('',*,*,#3566,.T.);
#7256 = ORIENTED_EDGE('',*,*,#7257,.T.);
#7257 = EDGE_CURVE('',#311,#7210,#7258,.T.);
#7258 = SURFACE_CURVE('',#7259,(#7263,#7270),.PCURVE_S1.);
#7259 = LINE('',#7260,#7261);
#7260 = CARTESIAN_POINT('',(10.964101615138,-10.99038105676,0.));
#7261 = VECTOR('',#7262,1.);
#7262 = DIRECTION('',(-0.866025403784,-0.5,0.));
#7263 = PCURVE('',#3580,#7264);
#7264 = DEFINITIONAL_REPRESENTATION('',(#7265),#7269);
#7265 = LINE('',#7266,#7267);
#7266 = CARTESIAN_POINT('',(2.061301204483,-7.72987951681));
#7267 = VECTOR('',#7268,1.);
#7268 = DIRECTION('',(-0.25766265056,0.966234939601));
#7269 = ( GEOMETRIC_REPRESENTATION_CONTEXT(2) 
PARAMETRIC_REPRESENTATION_CONTEXT() REPRESENTATION_CONTEXT('2D SPACE',''
  ) );
#7270 = PCURVE('',#4346,#7271);
#7271 = DEFINITIONAL_REPRESENTATION('',(#7272),#7276);
#7272 = LINE('',#7273,#7274);
#7273 = CARTESIAN_POINT('',(0.,0.));
#7274 = VECTOR('',#7275,1.);
#7275 = DIRECTION('',(1.,0.));
#7276 = ( GEOMETRIC_REPRESENTATION_CONTEXT(2) 
PARAMETRIC_REPRESENTATION_CONTEXT() REPRESENTATION_CONTEXT('2D SPACE',''
  ) );
#7277 = ADVANCED_FACE('',(#7278),#3613,.T.);
#7278 = FACE_BOUND('',#7279,.T.);
#7279 = EDGE_LOOP('',(#7280,#7281,#7282,#7304));
#7280 = ORIENTED_EDGE('',*,*,#7234,.T.);
#7281 = ORIENTED_EDGE('',*,*,#3596,.T.);
#7282 = ORIENTED_EDGE('',*,*,#7283,.F.);
#7283 = EDGE_CURVE('',#7284,#3599,#7286,.T.);
#7284 = VERTEX_POINT('',#7285);
#7285 = CARTESIAN_POINT('',(45.,-1.5,35.));
#7286 = SURFACE_CURVE('',#7287,(#7291,#7297),.PCURVE_S1.);
#7287 = LINE('',#7288,#7289);
#7288 = CARTESIAN_POINT('',(45.,-1.5,35.));
#7289 = VECTOR('',#7290,1.);
#7290 = DIRECTION('',(0.,1.,0.));
#7291 = PCURVE('',#3613,#7292);
#7292 = DEFINITIONAL_REPRESENTATION('',(#7293),#7296);
#7293 = B_SPLINE_CURVE_WITH_KNOTS('',1,(#7294,#7295),.UNSPECIFIED.,.F.,
  .F.,(2,2),(0.,3.),.PIECEWISE_BEZIER_KNOTS.);
#7294 = CARTESIAN_POINT('',(0.,1.));
#7295 = CARTESIAN_POINT('',(8.,1.));
#7296 = ( GEOMETRIC_REPRESENTATION_CONTEXT(2) 
PARAMETRIC_REPRESENTATION_CONTEXT() REPRESENTATION_CONTEXT('2D SPACE',''
  ) );
#7297 = PCURVE('',#3684,#7298);
#7298 = DEFINITIONAL_REPRESENTATION('',(#7299),#7303);
#7299 = LINE('',#7300,#7301);
#7300 = CARTESIAN_POINT('',(29.8511157063,2.98511157063));
#7301 = VECTOR('',#7302,1.);
#7302 = DIRECTION('',(9.9503719021E-02,-0.99503719021));
#7303 = ( GEOMETRIC_REPRESENTATION_CONTEXT(2) 
PARAMETRIC_REPRESENTATION_CONTEXT() REPRESENTATION_CONTEXT('2D SPACE',''
  ) );
#7304 = ORIENTED_EDGE('',*,*,#7305,.F.);
#7305 = EDGE_CURVE('',#7212,#7284,#7306,.T.);
#7306 = SURFACE_CURVE('',#7307,(#7310,#7317),.PCURVE_S1.);
#7307 = B_SPLINE_CURVE_WITH_KNOTS('',1,(#7308,#7309),.UNSPECIFIED.,.F.,
  .F.,(2,2),(0.,1.),.PIECEWISE_BEZIER_KNOTS.);
#7308 = CARTESIAN_POINT('',(19.035898384862,-40.9711431703,0.));
#7309 = CARTESIAN_POINT('',(45.,-1.5,35.));
#7310 = PCURVE('',#3613,#7311);
#7311 = DEFINITIONAL_REPRESENTATION('',(#7312),#7316);
#7312 = LINE('',#7313,#7314);
#7313 = CARTESIAN_POINT('',(0.,0.));
#7314 = VECTOR('',#7315,1.);
#7315 = DIRECTION('',(0.,1.));
#7316 = ( GEOMETRIC_REPRESENTATION_CONTEXT(2) 
PARAMETRIC_REPRESENTATION_CONTEXT() REPRESENTATION_CONTEXT('2D SPACE',''
  ) );
#7317 = PCURVE('',#4275,#7318);
#7318 = DEFINITIONAL_REPRESENTATION('',(#7319),#7323);
#7319 = LINE('',#7320,#7321);
#7320 = CARTESIAN_POINT('',(30.,0.));
#7321 = VECTOR('',#7322,1.);
#7322 = DIRECTION('',(0.,1.));
#7323 = ( GEOMETRIC_REPRESENTATION_CONTEXT(2) 
PARAMETRIC_REPRESENTATION_CONTEXT() REPRESENTATION_CONTEXT('2D SPACE',''
  ) );
#7324 = ADVANCED_FACE('',(#7325),#3684,.F.);
#7325 = FACE_BOUND('',#7326,.T.);
#7326 = EDGE_LOOP('',(#7327,#7350,#7351,#7352,#7353));
#7327 = ORIENTED_EDGE('',*,*,#7328,.T.);
#7328 = EDGE_CURVE('',#7329,#7284,#7331,.T.);
#7329 = VERTEX_POINT('',#7330);
#7330 = CARTESIAN_POINT('',(15.,-1.5,35.));
#7331 = SURFACE_CURVE('',#7332,(#7336,#7343),.PCURVE_S1.);
#7332 = LINE('',#7333,#7334);
#7333 = CARTESIAN_POINT('',(15.,-1.5,35.));
#7334 = VECTOR('',#7335,1.);
#7335 = DIRECTION('',(1.,0.,0.));
#7336 = PCURVE('',#3684,#7337);
#7337 = DEFINITIONAL_REPRESENTATION('',(#7338),#7342);
#7338 = LINE('',#7339,#7340);
#7339 = CARTESIAN_POINT('',(0.,0.));
#7340 = VECTOR('',#7341,1.);
#7341 = DIRECTION('',(0.99503719021,9.9503719021E-02));
#7342 = ( GEOMETRIC_REPRESENTATION_CONTEXT(2) 
PARAMETRIC_REPRESENTATION_CONTEXT() REPRESENTATION_CONTEXT('2D SPACE',''
  ) );
#7343 = PCURVE('',#4275,#7344);
#7344 = DEFINITIONAL_REPRESENTATION('',(#7345),#7349);
#7345 = LINE('',#7346,#7347);
#7346 = CARTESIAN_POINT('',(0.,1.));
#7347 = VECTOR('',#7348,1.);
#7348 = DIRECTION('',(1.,0.));
#7349 = ( GEOMETRIC_REPRESENTATION_CONTEXT(2) 
PARAMETRIC_REPRESENTATION_CONTEXT() REPRESENTATION_CONTEXT('2D SPACE',''
  ) );
#7350 = ORIENTED_EDGE('',*,*,#7283,.T.);
#7351 = ORIENTED_EDGE('',*,*,#3670,.T.);
#7352 = ORIENTED_EDGE('',*,*,#3701,.T.);
#7353 = ORIENTED_EDGE('',*,*,#7354,.T.);
#7354 = EDGE_CURVE('',#24,#7329,#7355,.T.);
#7355 = SURFACE_CURVE('',#7356,(#7360,#7367),.PCURVE_S1.);
#7356 = LINE('',#7357,#7358);
#7357 = CARTESIAN_POINT('',(15.,1.5,35.));
#7358 = VECTOR('',#7359,1.);
#7359 = DIRECTION('',(0.,-1.,0.));
#7360 = PCURVE('',#3684,#7361);
#7361 = DEFINITIONAL_REPRESENTATION('',(#7362),#7366);
#7362 = LINE('',#7363,#7364);
#7363 = CARTESIAN_POINT('',(0.298511157063,-2.98511157063));
#7364 = VECTOR('',#7365,1.);
#7365 = DIRECTION('',(-9.9503719021E-02,0.99503719021));
#7366 = ( GEOMETRIC_REPRESENTATION_CONTEXT(2) 
PARAMETRIC_REPRESENTATION_CONTEXT() REPRESENTATION_CONTEXT('2D SPACE',''
  ) );
#7367 = PCURVE('',#4194,#7368);
#7368 = DEFINITIONAL_REPRESENTATION('',(#7369),#7372);
#7369 = B_SPLINE_CURVE_WITH_KNOTS('',1,(#7370,#7371),.UNSPECIFIED.,.F.,
  .F.,(2,2),(0.,3.),.PIECEWISE_BEZIER_KNOTS.);
#7370 = CARTESIAN_POINT('',(0.,1.));
#7371 = CARTESIAN_POINT('',(8.,1.));
#7372 = ( GEOMETRIC_REPRESENTATION_CONTEXT(2) 
PARAMETRIC_REPRESENTATION_CONTEXT() REPRESENTATION_CONTEXT('2D SPACE',''
  ) );
#7373 = ADVANCED_FACE('',(#7374),#4137,.T.);
#7374 = FACE_BOUND('',#7375,.T.);
#7375 = EDGE_LOOP('',(#7376,#7377,#7405));
#7376 = ORIENTED_EDGE('',*,*,#4101,.T.);
#7377 = ORIENTED_EDGE('',*,*,#7378,.T.);
#7378 = EDGE_CURVE('',#2312,#7379,#7381,.T.);
#7379 = VERTEX_POINT('',#7380);
#7380 = CARTESIAN_POINT('',(10.964101615138,10.990381056767,0.));
#7381 = SURFACE_CURVE('',#7382,(#7386,#7393),.PCURVE_S1.);
#7382 = LINE('',#7383,#7384);
#7383 = CARTESIAN_POINT('',(4.035898384862,14.990381056767,0.));
#7384 = VECTOR('',#7385,1.);
#7385 = DIRECTION('',(0.866025403784,-0.5,0.));
#7386 = PCURVE('',#4137,#7387);
#7387 = DEFINITIONAL_REPRESENTATION('',(#7388),#7392);
#7388 = LINE('',#7389,#7390);
#7389 = CARTESIAN_POINT('',(0.,0.));
#7390 = VECTOR('',#7391,1.);
#7391 = DIRECTION('',(1.,0.));
#7392 = ( GEOMETRIC_REPRESENTATION_CONTEXT(2) 
PARAMETRIC_REPRESENTATION_CONTEXT() REPRESENTATION_CONTEXT('2D SPACE',''
  ) );
#7393 = PCURVE('',#7394,#7399);
#7394 = PLANE('',#7395);
#7395 = AXIS2_PLACEMENT_3D('',#7396,#7397,#7398);
#7396 = CARTESIAN_POINT('',(10.964101615138,10.990381056767,0.));
#7397 = DIRECTION('',(0.,0.,-1.));
#7398 = DIRECTION('',(0.259975068809,0.965615328999,0.));
#7399 = DEFINITIONAL_REPRESENTATION('',(#7400),#7404);
#7400 = LINE('',#7401,#7402);
#7401 = CARTESIAN_POINT('',(2.061301204483,-7.72987951681));
#7402 = VECTOR('',#7403,1.);
#7403 = DIRECTION('',(-0.25766265056,0.966234939601));
#7404 = ( GEOMETRIC_REPRESENTATION_CONTEXT(2) 
PARAMETRIC_REPRESENTATION_CONTEXT() REPRESENTATION_CONTEXT('2D SPACE',''
  ) );
#7405 = ORIENTED_EDGE('',*,*,#7406,.T.);
#7406 = EDGE_CURVE('',#7379,#4005,#7407,.T.);
#7407 = SURFACE_CURVE('',#7408,(#7411,#7418),.PCURVE_S1.);
#7408 = B_SPLINE_CURVE_WITH_KNOTS('',1,(#7409,#7410),.UNSPECIFIED.,.F.,
  .F.,(2,2),(0.,1.),.PIECEWISE_BEZIER_KNOTS.);
#7409 = CARTESIAN_POINT('',(10.964101615138,10.990381056767,0.));
#7410 = CARTESIAN_POINT('',(-6.200961894323,13.740381056767,35.));
#7411 = PCURVE('',#4137,#7412);
#7412 = DEFINITIONAL_REPRESENTATION('',(#7413),#7417);
#7413 = LINE('',#7414,#7415);
#7414 = CARTESIAN_POINT('',(8.,0.));
#7415 = VECTOR('',#7416,1.);
#7416 = DIRECTION('',(0.,1.));
#7417 = ( GEOMETRIC_REPRESENTATION_CONTEXT(2) 
PARAMETRIC_REPRESENTATION_CONTEXT() REPRESENTATION_CONTEXT('2D SPACE',''
  ) );
#7418 = PCURVE('',#4066,#7419);
#7419 = DEFINITIONAL_REPRESENTATION('',(#7420),#7424);
#7420 = LINE('',#7421,#7422);
#7421 = CARTESIAN_POINT('',(0.,0.));
#7422 = VECTOR('',#7423,1.);
#7423 = DIRECTION('',(0.,1.));
#7424 = ( GEOMETRIC_REPRESENTATION_CONTEXT(2) 
PARAMETRIC_REPRESENTATION_CONTEXT() REPRESENTATION_CONTEXT('2D SPACE',''
  ) );
#7425 = ADVANCED_FACE('',(#7426),#4066,.T.);
#7426 = FACE_BOUND('',#7427,.T.);
#7427 = EDGE_LOOP('',(#7428,#7429,#7452,#7479,#7507,#7527));
#7428 = ORIENTED_EDGE('',*,*,#7406,.F.);
#7429 = ORIENTED_EDGE('',*,*,#7430,.T.);
#7430 = EDGE_CURVE('',#7379,#7431,#7433,.T.);
#7431 = VERTEX_POINT('',#7432);
#7432 = CARTESIAN_POINT('',(25.964101615138,36.9711431703,0.));
#7433 = SURFACE_CURVE('',#7434,(#7438,#7445),.PCURVE_S1.);
#7434 = LINE('',#7435,#7436);
#7435 = CARTESIAN_POINT('',(10.964101615138,10.990381056767,0.));
#7436 = VECTOR('',#7437,1.);
#7437 = DIRECTION('',(0.5,0.866025403784,0.));
#7438 = PCURVE('',#4066,#7439);
#7439 = DEFINITIONAL_REPRESENTATION('',(#7440),#7444);
#7440 = LINE('',#7441,#7442);
#7441 = CARTESIAN_POINT('',(0.,0.));
#7442 = VECTOR('',#7443,1.);
#7443 = DIRECTION('',(1.,0.));
#7444 = ( GEOMETRIC_REPRESENTATION_CONTEXT(2) 
PARAMETRIC_REPRESENTATION_CONTEXT() REPRESENTATION_CONTEXT('2D SPACE',''
  ) );
#7445 = PCURVE('',#7394,#7446);
#7446 = DEFINITIONAL_REPRESENTATION('',(#7447),#7451);
#7447 = LINE('',#7448,#7449);
#7448 = CARTESIAN_POINT('',(0.,0.));
#7449 = VECTOR('',#7450,1.);
#7450 = DIRECTION('',(0.966234939601,0.25766265056));
#7451 = ( GEOMETRIC_REPRESENTATION_CONTEXT(2) 
PARAMETRIC_REPRESENTATION_CONTEXT() REPRESENTATION_CONTEXT('2D SPACE',''
  ) );
#7452 = ORIENTED_EDGE('',*,*,#7453,.T.);
#7453 = EDGE_CURVE('',#7431,#7454,#7456,.T.);
#7454 = VERTEX_POINT('',#7455);
#7455 = CARTESIAN_POINT('',(-21.20096189432,39.7211431703,35.));
#7456 = SURFACE_CURVE('',#7457,(#7460,#7467),.PCURVE_S1.);
#7457 = B_SPLINE_CURVE_WITH_KNOTS('',1,(#7458,#7459),.UNSPECIFIED.,.F.,
  .F.,(2,2),(0.,1.),.PIECEWISE_BEZIER_KNOTS.);
#7458 = CARTESIAN_POINT('',(25.964101615138,36.9711431703,0.));
#7459 = CARTESIAN_POINT('',(-21.20096189432,39.7211431703,35.));
#7460 = PCURVE('',#4066,#7461);
#7461 = DEFINITIONAL_REPRESENTATION('',(#7462),#7466);
#7462 = LINE('',#7463,#7464);
#7463 = CARTESIAN_POINT('',(30.,0.));
#7464 = VECTOR('',#7465,1.);
#7465 = DIRECTION('',(0.,1.));
#7466 = ( GEOMETRIC_REPRESENTATION_CONTEXT(2) 
PARAMETRIC_REPRESENTATION_CONTEXT() REPRESENTATION_CONTEXT('2D SPACE',''
  ) );
#7467 = PCURVE('',#7468,#7473);
#7468 = B_SPLINE_SURFACE_WITH_KNOTS('',1,1,(
    (#7469,#7470)
    ,(#7471,#7472
    )),.UNSPECIFIED.,.F.,.F.,.F.,(2,2),(2,2),(0.,8.),(0.,1.),
  .PIECEWISE_BEZIER_KNOTS.);
#7469 = CARTESIAN_POINT('',(25.964101615138,36.9711431703,0.));
#7470 = CARTESIAN_POINT('',(-21.20096189432,39.7211431703,35.));
#7471 = CARTESIAN_POINT('',(19.035898384862,40.9711431703,0.));
#7472 = CARTESIAN_POINT('',(-23.79903810567,38.2211431703,35.));
#7473 = DEFINITIONAL_REPRESENTATION('',(#7474),#7478);
#7474 = LINE('',#7475,#7476);
#7475 = CARTESIAN_POINT('',(0.,0.));
#7476 = VECTOR('',#7477,1.);
#7477 = DIRECTION('',(0.,1.));
#7478 = ( GEOMETRIC_REPRESENTATION_CONTEXT(2) 
PARAMETRIC_REPRESENTATION_CONTEXT() REPRESENTATION_CONTEXT('2D SPACE',''
  ) );
#7479 = ORIENTED_EDGE('',*,*,#7480,.F.);
#7480 = EDGE_CURVE('',#7481,#7454,#7483,.T.);
#7481 = VERTEX_POINT('',#7482);
#7482 = CARTESIAN_POINT('',(-6.200961894323,13.740381056767,35.));
#7483 = SURFACE_CURVE('',#7484,(#7488,#7495),.PCURVE_S1.);
#7484 = LINE('',#7485,#7486);
#7485 = CARTESIAN_POINT('',(-6.200961894323,13.740381056767,35.));
#7486 = VECTOR('',#7487,1.);
#7487 = DIRECTION('',(-0.5,0.866025403784,0.));
#7488 = PCURVE('',#4066,#7489);
#7489 = DEFINITIONAL_REPRESENTATION('',(#7490),#7494);
#7490 = LINE('',#7491,#7492);
#7491 = CARTESIAN_POINT('',(0.,1.));
#7492 = VECTOR('',#7493,1.);
#7493 = DIRECTION('',(1.,0.));
#7494 = ( GEOMETRIC_REPRESENTATION_CONTEXT(2) 
PARAMETRIC_REPRESENTATION_CONTEXT() REPRESENTATION_CONTEXT('2D SPACE',''
  ) );
#7495 = PCURVE('',#7496,#7501);
#7496 = PLANE('',#7497);
#7497 = AXIS2_PLACEMENT_3D('',#7498,#7499,#7500);
#7498 = CARTESIAN_POINT('',(-6.200961894323,13.740381056767,35.));
#7499 = DIRECTION('',(0.,0.,-1.));
#7500 = DIRECTION('',(-0.583691343548,0.811975624922,0.));
#7501 = DEFINITIONAL_REPRESENTATION('',(#7502),#7506);
#7502 = LINE('',#7503,#7504);
#7503 = CARTESIAN_POINT('',(0.,0.));
#7504 = VECTOR('',#7505,1.);
#7505 = DIRECTION('',(0.99503719021,9.9503719021E-02));
#7506 = ( GEOMETRIC_REPRESENTATION_CONTEXT(2) 
PARAMETRIC_REPRESENTATION_CONTEXT() REPRESENTATION_CONTEXT('2D SPACE',''
  ) );
#7507 = ORIENTED_EDGE('',*,*,#7508,.F.);
#7508 = EDGE_CURVE('',#3956,#7481,#7509,.T.);
#7509 = SURFACE_CURVE('',#7510,(#7513,#7520),.PCURVE_S1.);
#7510 = B_SPLINE_CURVE_WITH_KNOTS('',1,(#7511,#7512),.UNSPECIFIED.,.F.,
  .F.,(2,2),(0.,1.),.PIECEWISE_BEZIER_KNOTS.);
#7511 = CARTESIAN_POINT('',(10.964101615138,10.990381056767,0.));
#7512 = CARTESIAN_POINT('',(-6.200961894323,13.740381056767,35.));
#7513 = PCURVE('',#4066,#7514);
#7514 = DEFINITIONAL_REPRESENTATION('',(#7515),#7519);
#7515 = LINE('',#7516,#7517);
#7516 = CARTESIAN_POINT('',(0.,0.));
#7517 = VECTOR('',#7518,1.);
#7518 = DIRECTION('',(0.,1.));
#7519 = ( GEOMETRIC_REPRESENTATION_CONTEXT(2) 
PARAMETRIC_REPRESENTATION_CONTEXT() REPRESENTATION_CONTEXT('2D SPACE',''
  ) );
#7520 = PCURVE('',#3985,#7521);
#7521 = DEFINITIONAL_REPRESENTATION('',(#7522),#7526);
#7522 = LINE('',#7523,#7524);
#7523 = CARTESIAN_POINT('',(8.,0.));
#7524 = VECTOR('',#7525,1.);
#7525 = DIRECTION('',(0.,1.));
#7526 = ( GEOMETRIC_REPRESENTATION_CONTEXT(2) 
PARAMETRIC_REPRESENTATION_CONTEXT() REPRESENTATION_CONTEXT('2D SPACE',''
  ) );
#7527 = ORIENTED_EDGE('',*,*,#4004,.T.);
#7528 = ADVANCED_FACE('',(#7529),#3985,.T.);
#7529 = FACE_BOUND('',#7530,.T.);
#7530 = EDGE_LOOP('',(#7531,#7532,#7533));
#7531 = ORIENTED_EDGE('',*,*,#3955,.F.);
#7532 = ORIENTED_EDGE('',*,*,#7508,.T.);
#7533 = ORIENTED_EDGE('',*,*,#7534,.F.);
#7534 = EDGE_CURVE('',#620,#7481,#7535,.T.);
#7535 = SURFACE_CURVE('',#7536,(#7540,#7546),.PCURVE_S1.);
#7536 = LINE('',#7537,#7538);
#7537 = CARTESIAN_POINT('',(-8.799038105677,12.240381056767,35.));
#7538 = VECTOR('',#7539,1.);
#7539 = DIRECTION('',(0.866025403784,0.5,0.));
#7540 = PCURVE('',#3985,#7541);
#7541 = DEFINITIONAL_REPRESENTATION('',(#7542),#7545);
#7542 = B_SPLINE_CURVE_WITH_KNOTS('',1,(#7543,#7544),.UNSPECIFIED.,.F.,
  .F.,(2,2),(0.,3.),.PIECEWISE_BEZIER_KNOTS.);
#7543 = CARTESIAN_POINT('',(0.,1.));
#7544 = CARTESIAN_POINT('',(8.,1.));
#7545 = ( GEOMETRIC_REPRESENTATION_CONTEXT(2) 
PARAMETRIC_REPRESENTATION_CONTEXT() REPRESENTATION_CONTEXT('2D SPACE',''
  ) );
#7546 = PCURVE('',#7496,#7547);
#7547 = DEFINITIONAL_REPRESENTATION('',(#7548),#7552);
#7548 = LINE('',#7549,#7550);
#7549 = CARTESIAN_POINT('',(0.298511157063,-2.98511157063));
#7550 = VECTOR('',#7551,1.);
#7551 = DIRECTION('',(-9.9503719021E-02,0.99503719021));
#7552 = ( GEOMETRIC_REPRESENTATION_CONTEXT(2) 
PARAMETRIC_REPRESENTATION_CONTEXT() REPRESENTATION_CONTEXT('2D SPACE',''
  ) );
#7553 = ADVANCED_FACE('',(#7554),#3933,.T.);
#7554 = FACE_BOUND('',#7555,.T.);
#7555 = EDGE_LOOP('',(#7556,#7576,#7577));
#7556 = ORIENTED_EDGE('',*,*,#7557,.F.);
#7557 = EDGE_CURVE('',#3814,#7065,#7558,.T.);
#7558 = SURFACE_CURVE('',#7559,(#7562,#7569),.PCURVE_S1.);
#7559 = B_SPLINE_CURVE_WITH_KNOTS('',1,(#7560,#7561),.UNSPECIFIED.,.F.,
  .F.,(2,2),(0.,1.),.PIECEWISE_BEZIER_KNOTS.);
#7560 = CARTESIAN_POINT('',(15.,4.,0.));
#7561 = CARTESIAN_POINT('',(6.200961894323,13.740381056767,35.));
#7562 = PCURVE('',#3933,#7563);
#7563 = DEFINITIONAL_REPRESENTATION('',(#7564),#7568);
#7564 = LINE('',#7565,#7566);
#7565 = CARTESIAN_POINT('',(0.,0.));
#7566 = VECTOR('',#7567,1.);
#7567 = DIRECTION('',(0.,1.));
#7568 = ( GEOMETRIC_REPRESENTATION_CONTEXT(2) 
PARAMETRIC_REPRESENTATION_CONTEXT() REPRESENTATION_CONTEXT('2D SPACE',''
  ) );
#7569 = PCURVE('',#3869,#7570);
#7570 = DEFINITIONAL_REPRESENTATION('',(#7571),#7575);
#7571 = LINE('',#7572,#7573);
#7572 = CARTESIAN_POINT('',(30.,0.));
#7573 = VECTOR('',#7574,1.);
#7574 = DIRECTION('',(0.,1.));
#7575 = ( GEOMETRIC_REPRESENTATION_CONTEXT(2) 
PARAMETRIC_REPRESENTATION_CONTEXT() REPRESENTATION_CONTEXT('2D SPACE',''
  ) );
#7576 = ORIENTED_EDGE('',*,*,#3901,.T.);
#7577 = ORIENTED_EDGE('',*,*,#7087,.F.);
#7578 = ADVANCED_FACE('',(#7579),#3869,.T.);
#7579 = FACE_BOUND('',#7580,.T.);
#7580 = EDGE_LOOP('',(#7581,#7582,#7583,#7603,#7604,#7605));
#7581 = ORIENTED_EDGE('',*,*,#7184,.F.);
#7582 = ORIENTED_EDGE('',*,*,#7135,.T.);
#7583 = ORIENTED_EDGE('',*,*,#7584,.T.);
#7584 = EDGE_CURVE('',#7136,#3726,#7585,.T.);
#7585 = SURFACE_CURVE('',#7586,(#7589,#7596),.PCURVE_S1.);
#7586 = B_SPLINE_CURVE_WITH_KNOTS('',1,(#7587,#7588),.UNSPECIFIED.,.F.,
  .F.,(2,2),(0.,1.),.PIECEWISE_BEZIER_KNOTS.);
#7587 = CARTESIAN_POINT('',(15.,4.,0.));
#7588 = CARTESIAN_POINT('',(6.200961894323,13.740381056767,35.));
#7589 = PCURVE('',#3869,#7590);
#7590 = DEFINITIONAL_REPRESENTATION('',(#7591),#7595);
#7591 = LINE('',#7592,#7593);
#7592 = CARTESIAN_POINT('',(30.,0.));
#7593 = VECTOR('',#7594,1.);
#7594 = DIRECTION('',(0.,1.));
#7595 = ( GEOMETRIC_REPRESENTATION_CONTEXT(2) 
PARAMETRIC_REPRESENTATION_CONTEXT() REPRESENTATION_CONTEXT('2D SPACE',''
  ) );
#7596 = PCURVE('',#3781,#7597);
#7597 = DEFINITIONAL_REPRESENTATION('',(#7598),#7602);
#7598 = LINE('',#7599,#7600);
#7599 = CARTESIAN_POINT('',(0.,0.));
#7600 = VECTOR('',#7601,1.);
#7601 = DIRECTION('',(0.,1.));
#7602 = ( GEOMETRIC_REPRESENTATION_CONTEXT(2) 
PARAMETRIC_REPRESENTATION_CONTEXT() REPRESENTATION_CONTEXT('2D SPACE',''
  ) );
#7603 = ORIENTED_EDGE('',*,*,#3813,.T.);
#7604 = ORIENTED_EDGE('',*,*,#7557,.T.);
#7605 = ORIENTED_EDGE('',*,*,#7064,.F.);
#7606 = ADVANCED_FACE('',(#7607),#3781,.T.);
#7607 = FACE_BOUND('',#7608,.T.);
#7608 = EDGE_LOOP('',(#7609,#7610,#7611));
#7609 = ORIENTED_EDGE('',*,*,#7584,.F.);
#7610 = ORIENTED_EDGE('',*,*,#7158,.T.);
#7611 = ORIENTED_EDGE('',*,*,#3725,.F.);
#7612 = ADVANCED_FACE('',(#7613),#4578,.T.);
#7613 = FACE_BOUND('',#7614,.T.);
#7614 = EDGE_LOOP('',(#7615,#7637,#7638));
#7615 = ORIENTED_EDGE('',*,*,#7616,.F.);
#7616 = EDGE_CURVE('',#4459,#7617,#7619,.T.);
#7617 = VERTEX_POINT('',#7618);
#7618 = CARTESIAN_POINT('',(8.799038105677,-12.24038105676,35.));
#7619 = SURFACE_CURVE('',#7620,(#7623,#7630),.PCURVE_S1.);
#7620 = B_SPLINE_CURVE_WITH_KNOTS('',1,(#7621,#7622),.UNSPECIFIED.,.F.,
  .F.,(2,2),(0.,1.),.PIECEWISE_BEZIER_KNOTS.);
#7621 = CARTESIAN_POINT('',(-4.035898384862,-14.99038105676,0.));
#7622 = CARTESIAN_POINT('',(8.799038105677,-12.24038105676,35.));
#7623 = PCURVE('',#4578,#7624);
#7624 = DEFINITIONAL_REPRESENTATION('',(#7625),#7629);
#7625 = LINE('',#7626,#7627);
#7626 = CARTESIAN_POINT('',(0.,0.));
#7627 = VECTOR('',#7628,1.);
#7628 = DIRECTION('',(0.,1.));
#7629 = ( GEOMETRIC_REPRESENTATION_CONTEXT(2) 
PARAMETRIC_REPRESENTATION_CONTEXT() REPRESENTATION_CONTEXT('2D SPACE',''
  ) );
#7630 = PCURVE('',#4514,#7631);
#7631 = DEFINITIONAL_REPRESENTATION('',(#7632),#7636);
#7632 = LINE('',#7633,#7634);
#7633 = CARTESIAN_POINT('',(30.,0.));
#7634 = VECTOR('',#7635,1.);
#7635 = DIRECTION('',(0.,1.));
#7636 = ( GEOMETRIC_REPRESENTATION_CONTEXT(2) 
PARAMETRIC_REPRESENTATION_CONTEXT() REPRESENTATION_CONTEXT('2D SPACE',''
  ) );
#7637 = ORIENTED_EDGE('',*,*,#4546,.T.);
#7638 = ORIENTED_EDGE('',*,*,#7639,.F.);
#7639 = EDGE_CURVE('',#7617,#711,#7640,.T.);
#7640 = SURFACE_CURVE('',#7641,(#7645,#7651),.PCURVE_S1.);
#7641 = LINE('',#7642,#7643);
#7642 = CARTESIAN_POINT('',(8.799038105677,-12.24038105676,35.));
#7643 = VECTOR('',#7644,1.);
#7644 = DIRECTION('',(-0.866025403784,-0.5,0.));
#7645 = PCURVE('',#4578,#7646);
#7646 = DEFINITIONAL_REPRESENTATION('',(#7647),#7650);
#7647 = B_SPLINE_CURVE_WITH_KNOTS('',1,(#7648,#7649),.UNSPECIFIED.,.F.,
  .F.,(2,2),(0.,3.),.PIECEWISE_BEZIER_KNOTS.);
#7648 = CARTESIAN_POINT('',(0.,1.));
#7649 = CARTESIAN_POINT('',(8.,1.));
#7650 = ( GEOMETRIC_REPRESENTATION_CONTEXT(2) 
PARAMETRIC_REPRESENTATION_CONTEXT() REPRESENTATION_CONTEXT('2D SPACE',''
  ) );
#7651 = PCURVE('',#7652,#7657);
#7652 = PLANE('',#7653);
#7653 = AXIS2_PLACEMENT_3D('',#7654,#7655,#7656);
#7654 = CARTESIAN_POINT('',(6.200961894323,-13.74038105676,35.));
#7655 = DIRECTION('',(0.,-0.,-1.));
#7656 = DIRECTION('',(0.583691343548,-0.811975624922,0.));
#7657 = DEFINITIONAL_REPRESENTATION('',(#7658),#7662);
#7658 = LINE('',#7659,#7660);
#7659 = CARTESIAN_POINT('',(0.298511157063,-2.98511157063));
#7660 = VECTOR('',#7661,1.);
#7661 = DIRECTION('',(-9.9503719021E-02,0.99503719021));
#7662 = ( GEOMETRIC_REPRESENTATION_CONTEXT(2) 
PARAMETRIC_REPRESENTATION_CONTEXT() REPRESENTATION_CONTEXT('2D SPACE',''
  ) );
#7663 = ADVANCED_FACE('',(#7664),#4514,.T.);
#7664 = FACE_BOUND('',#7665,.T.);
#7665 = EDGE_LOOP('',(#7666,#7695,#7723,#7743,#7744,#7745));
#7666 = ORIENTED_EDGE('',*,*,#7667,.F.);
#7667 = EDGE_CURVE('',#7668,#7670,#7672,.T.);
#7668 = VERTEX_POINT('',#7669);
#7669 = CARTESIAN_POINT('',(-19.03589838486,-40.9711431703,0.));
#7670 = VERTEX_POINT('',#7671);
#7671 = CARTESIAN_POINT('',(23.799038105677,-38.2211431703,35.));
#7672 = SURFACE_CURVE('',#7673,(#7676,#7683),.PCURVE_S1.);
#7673 = B_SPLINE_CURVE_WITH_KNOTS('',1,(#7674,#7675),.UNSPECIFIED.,.F.,
  .F.,(2,2),(0.,1.),.PIECEWISE_BEZIER_KNOTS.);
#7674 = CARTESIAN_POINT('',(-19.03589838486,-40.9711431703,0.));
#7675 = CARTESIAN_POINT('',(23.799038105677,-38.2211431703,35.));
#7676 = PCURVE('',#4514,#7677);
#7677 = DEFINITIONAL_REPRESENTATION('',(#7678),#7682);
#7678 = LINE('',#7679,#7680);
#7679 = CARTESIAN_POINT('',(0.,0.));
#7680 = VECTOR('',#7681,1.);
#7681 = DIRECTION('',(0.,1.));
#7682 = ( GEOMETRIC_REPRESENTATION_CONTEXT(2) 
PARAMETRIC_REPRESENTATION_CONTEXT() REPRESENTATION_CONTEXT('2D SPACE',''
  ) );
#7683 = PCURVE('',#7684,#7689);
#7684 = B_SPLINE_SURFACE_WITH_KNOTS('',1,1,(
    (#7685,#7686)
    ,(#7687,#7688
    )),.UNSPECIFIED.,.F.,.F.,.F.,(2,2),(2,2),(0.,8.),(0.,1.),
  .PIECEWISE_BEZIER_KNOTS.);
#7685 = CARTESIAN_POINT('',(-25.96410161513,-36.9711431703,0.));
#7686 = CARTESIAN_POINT('',(21.200961894323,-39.7211431703,35.));
#7687 = CARTESIAN_POINT('',(-19.03589838486,-40.9711431703,0.));
#7688 = CARTESIAN_POINT('',(23.799038105677,-38.2211431703,35.));
#7689 = DEFINITIONAL_REPRESENTATION('',(#7690),#7694);
#7690 = LINE('',#7691,#7692);
#7691 = CARTESIAN_POINT('',(8.,0.));
#7692 = VECTOR('',#7693,1.);
#7693 = DIRECTION('',(0.,1.));
#7694 = ( GEOMETRIC_REPRESENTATION_CONTEXT(2) 
PARAMETRIC_REPRESENTATION_CONTEXT() REPRESENTATION_CONTEXT('2D SPACE',''
  ) );
#7695 = ORIENTED_EDGE('',*,*,#7696,.T.);
#7696 = EDGE_CURVE('',#7668,#7697,#7699,.T.);
#7697 = VERTEX_POINT('',#7698);
#7698 = CARTESIAN_POINT('',(-4.035898384862,-14.99038105676,0.));
#7699 = SURFACE_CURVE('',#7700,(#7704,#7711),.PCURVE_S1.);
#7700 = LINE('',#7701,#7702);
#7701 = CARTESIAN_POINT('',(-19.03589838486,-40.9711431703,0.));
#7702 = VECTOR('',#7703,1.);
#7703 = DIRECTION('',(0.5,0.866025403784,0.));
#7704 = PCURVE('',#4514,#7705);
#7705 = DEFINITIONAL_REPRESENTATION('',(#7706),#7710);
#7706 = LINE('',#7707,#7708);
#7707 = CARTESIAN_POINT('',(0.,0.));
#7708 = VECTOR('',#7709,1.);
#7709 = DIRECTION('',(1.,0.));
#7710 = ( GEOMETRIC_REPRESENTATION_CONTEXT(2) 
PARAMETRIC_REPRESENTATION_CONTEXT() REPRESENTATION_CONTEXT('2D SPACE',''
  ) );
#7711 = PCURVE('',#7712,#7717);
#7712 = PLANE('',#7713);
#7713 = AXIS2_PLACEMENT_3D('',#7714,#7715,#7716);
#7714 = CARTESIAN_POINT('',(-10.96410161513,-10.99038105676,0.));
#7715 = DIRECTION('',(0.,-0.,-1.));
#7716 = DIRECTION('',(-0.259975068809,-0.965615328999,0.));
#7717 = DEFINITIONAL_REPRESENTATION('',(#7718),#7722);
#7718 = LINE('',#7719,#7720);
#7719 = CARTESIAN_POINT('',(31.04834939252,0.));
#7720 = VECTOR('',#7721,1.);
#7721 = DIRECTION('',(-0.966234939601,-0.25766265056));
#7722 = ( GEOMETRIC_REPRESENTATION_CONTEXT(2) 
PARAMETRIC_REPRESENTATION_CONTEXT() REPRESENTATION_CONTEXT('2D SPACE',''
  ) );
#7723 = ORIENTED_EDGE('',*,*,#7724,.T.);
#7724 = EDGE_CURVE('',#7697,#4371,#7725,.T.);
#7725 = SURFACE_CURVE('',#7726,(#7729,#7736),.PCURVE_S1.);
#7726 = B_SPLINE_CURVE_WITH_KNOTS('',1,(#7727,#7728),.UNSPECIFIED.,.F.,
  .F.,(2,2),(0.,1.),.PIECEWISE_BEZIER_KNOTS.);
#7727 = CARTESIAN_POINT('',(-4.035898384862,-14.99038105676,0.));
#7728 = CARTESIAN_POINT('',(8.799038105677,-12.24038105676,35.));
#7729 = PCURVE('',#4514,#7730);
#7730 = DEFINITIONAL_REPRESENTATION('',(#7731),#7735);
#7731 = LINE('',#7732,#7733);
#7732 = CARTESIAN_POINT('',(30.,0.));
#7733 = VECTOR('',#7734,1.);
#7734 = DIRECTION('',(0.,1.));
#7735 = ( GEOMETRIC_REPRESENTATION_CONTEXT(2) 
PARAMETRIC_REPRESENTATION_CONTEXT() REPRESENTATION_CONTEXT('2D SPACE',''
  ) );
#7736 = PCURVE('',#4426,#7737);
#7737 = DEFINITIONAL_REPRESENTATION('',(#7738),#7742);
#7738 = LINE('',#7739,#7740);
#7739 = CARTESIAN_POINT('',(0.,0.));
#7740 = VECTOR('',#7741,1.);
#7741 = DIRECTION('',(0.,1.));
#7742 = ( GEOMETRIC_REPRESENTATION_CONTEXT(2) 
PARAMETRIC_REPRESENTATION_CONTEXT() REPRESENTATION_CONTEXT('2D SPACE',''
  ) );
#7743 = ORIENTED_EDGE('',*,*,#4458,.T.);
#7744 = ORIENTED_EDGE('',*,*,#7616,.T.);
#7745 = ORIENTED_EDGE('',*,*,#7746,.F.);
#7746 = EDGE_CURVE('',#7670,#7617,#7747,.T.);
#7747 = SURFACE_CURVE('',#7748,(#7752,#7759),.PCURVE_S1.);
#7748 = LINE('',#7749,#7750);
#7749 = CARTESIAN_POINT('',(23.799038105677,-38.2211431703,35.));
#7750 = VECTOR('',#7751,1.);
#7751 = DIRECTION('',(-0.5,0.866025403784,0.));
#7752 = PCURVE('',#4514,#7753);
#7753 = DEFINITIONAL_REPRESENTATION('',(#7754),#7758);
#7754 = LINE('',#7755,#7756);
#7755 = CARTESIAN_POINT('',(0.,1.));
#7756 = VECTOR('',#7757,1.);
#7757 = DIRECTION('',(1.,0.));
#7758 = ( GEOMETRIC_REPRESENTATION_CONTEXT(2) 
PARAMETRIC_REPRESENTATION_CONTEXT() REPRESENTATION_CONTEXT('2D SPACE',''
  ) );
#7759 = PCURVE('',#7652,#7760);
#7760 = DEFINITIONAL_REPRESENTATION('',(#7761),#7765);
#7761 = LINE('',#7762,#7763);
#7762 = CARTESIAN_POINT('',(30.149626863363,-5.329070518201E-15));
#7763 = VECTOR('',#7764,1.);
#7764 = DIRECTION('',(-0.99503719021,-9.9503719021E-02));
#7765 = ( GEOMETRIC_REPRESENTATION_CONTEXT(2) 
PARAMETRIC_REPRESENTATION_CONTEXT() REPRESENTATION_CONTEXT('2D SPACE',''
  ) );
#7766 = ADVANCED_FACE('',(#7767),#4426,.T.);
#7767 = FACE_BOUND('',#7768,.T.);
#7768 = EDGE_LOOP('',(#7769,#7770,#7791));
#7769 = ORIENTED_EDGE('',*,*,#7724,.F.);
#7770 = ORIENTED_EDGE('',*,*,#7771,.T.);
#7771 = EDGE_CURVE('',#7697,#2383,#7772,.T.);
#7772 = SURFACE_CURVE('',#7773,(#7777,#7784),.PCURVE_S1.);
#7773 = LINE('',#7774,#7775);
#7774 = CARTESIAN_POINT('',(-4.035898384862,-14.99038105676,0.));
#7775 = VECTOR('',#7776,1.);
#7776 = DIRECTION('',(-0.866025403784,0.5,0.));
#7777 = PCURVE('',#4426,#7778);
#7778 = DEFINITIONAL_REPRESENTATION('',(#7779),#7783);
#7779 = LINE('',#7780,#7781);
#7780 = CARTESIAN_POINT('',(0.,0.));
#7781 = VECTOR('',#7782,1.);
#7782 = DIRECTION('',(1.,0.));
#7783 = ( GEOMETRIC_REPRESENTATION_CONTEXT(2) 
PARAMETRIC_REPRESENTATION_CONTEXT() REPRESENTATION_CONTEXT('2D SPACE',''
  ) );
#7784 = PCURVE('',#7712,#7785);
#7785 = DEFINITIONAL_REPRESENTATION('',(#7786),#7790);
#7786 = LINE('',#7787,#7788);
#7787 = CARTESIAN_POINT('',(2.061301204483,-7.72987951681));
#7788 = VECTOR('',#7789,1.);
#7789 = DIRECTION('',(-0.25766265056,0.966234939601));
#7790 = ( GEOMETRIC_REPRESENTATION_CONTEXT(2) 
PARAMETRIC_REPRESENTATION_CONTEXT() REPRESENTATION_CONTEXT('2D SPACE',''
  ) );
#7791 = ORIENTED_EDGE('',*,*,#4370,.F.);
#7792 = ADVANCED_FACE('',(#7793),#4346,.T.);
#7793 = FACE_BOUND('',#7794,.T.);
#7794 = EDGE_LOOP('',(#7795,#7796,#7797));
#7795 = ORIENTED_EDGE('',*,*,#4310,.T.);
#7796 = ORIENTED_EDGE('',*,*,#7257,.T.);
#7797 = ORIENTED_EDGE('',*,*,#7798,.T.);
#7798 = EDGE_CURVE('',#7210,#4214,#7799,.T.);
#7799 = SURFACE_CURVE('',#7800,(#7803,#7810),.PCURVE_S1.);
#7800 = B_SPLINE_CURVE_WITH_KNOTS('',1,(#7801,#7802),.UNSPECIFIED.,.F.,
  .F.,(2,2),(0.,1.),.PIECEWISE_BEZIER_KNOTS.);
#7801 = CARTESIAN_POINT('',(4.035898384862,-14.99038105676,0.));
#7802 = CARTESIAN_POINT('',(15.,-1.5,35.));
#7803 = PCURVE('',#4346,#7804);
#7804 = DEFINITIONAL_REPRESENTATION('',(#7805),#7809);
#7805 = LINE('',#7806,#7807);
#7806 = CARTESIAN_POINT('',(8.,0.));
#7807 = VECTOR('',#7808,1.);
#7808 = DIRECTION('',(0.,1.));
#7809 = ( GEOMETRIC_REPRESENTATION_CONTEXT(2) 
PARAMETRIC_REPRESENTATION_CONTEXT() REPRESENTATION_CONTEXT('2D SPACE',''
  ) );
#7810 = PCURVE('',#4275,#7811);
#7811 = DEFINITIONAL_REPRESENTATION('',(#7812),#7816);
#7812 = LINE('',#7813,#7814);
#7813 = CARTESIAN_POINT('',(0.,0.));
#7814 = VECTOR('',#7815,1.);
#7815 = DIRECTION('',(0.,1.));
#7816 = ( GEOMETRIC_REPRESENTATION_CONTEXT(2) 
PARAMETRIC_REPRESENTATION_CONTEXT() REPRESENTATION_CONTEXT('2D SPACE',''
  ) );
#7817 = ADVANCED_FACE('',(#7818),#4275,.T.);
#7818 = FACE_BOUND('',#7819,.T.);
#7819 = EDGE_LOOP('',(#7820,#7821,#7822,#7823,#7824,#7844));
#7820 = ORIENTED_EDGE('',*,*,#7798,.F.);
#7821 = ORIENTED_EDGE('',*,*,#7209,.T.);
#7822 = ORIENTED_EDGE('',*,*,#7305,.T.);
#7823 = ORIENTED_EDGE('',*,*,#7328,.F.);
#7824 = ORIENTED_EDGE('',*,*,#7825,.F.);
#7825 = EDGE_CURVE('',#4165,#7329,#7826,.T.);
#7826 = SURFACE_CURVE('',#7827,(#7830,#7837),.PCURVE_S1.);
#7827 = B_SPLINE_CURVE_WITH_KNOTS('',1,(#7828,#7829),.UNSPECIFIED.,.F.,
  .F.,(2,2),(0.,1.),.PIECEWISE_BEZIER_KNOTS.);
#7828 = CARTESIAN_POINT('',(4.035898384862,-14.99038105676,0.));
#7829 = CARTESIAN_POINT('',(15.,-1.5,35.));
#7830 = PCURVE('',#4275,#7831);
#7831 = DEFINITIONAL_REPRESENTATION('',(#7832),#7836);
#7832 = LINE('',#7833,#7834);
#7833 = CARTESIAN_POINT('',(0.,0.));
#7834 = VECTOR('',#7835,1.);
#7835 = DIRECTION('',(0.,1.));
#7836 = ( GEOMETRIC_REPRESENTATION_CONTEXT(2) 
PARAMETRIC_REPRESENTATION_CONTEXT() REPRESENTATION_CONTEXT('2D SPACE',''
  ) );
#7837 = PCURVE('',#4194,#7838);
#7838 = DEFINITIONAL_REPRESENTATION('',(#7839),#7843);
#7839 = LINE('',#7840,#7841);
#7840 = CARTESIAN_POINT('',(8.,0.));
#7841 = VECTOR('',#7842,1.);
#7842 = DIRECTION('',(0.,1.));
#7843 = ( GEOMETRIC_REPRESENTATION_CONTEXT(2) 
PARAMETRIC_REPRESENTATION_CONTEXT() REPRESENTATION_CONTEXT('2D SPACE',''
  ) );
#7844 = ORIENTED_EDGE('',*,*,#4213,.T.);
#7845 = ADVANCED_FACE('',(#7846),#4194,.T.);
#7846 = FACE_BOUND('',#7847,.T.);
#7847 = EDGE_LOOP('',(#7848,#7849,#7850));
#7848 = ORIENTED_EDGE('',*,*,#4164,.F.);
#7849 = ORIENTED_EDGE('',*,*,#7825,.T.);
#7850 = ORIENTED_EDGE('',*,*,#7354,.F.);
#7851 = ADVANCED_FACE('',(#7852),#5017,.T.);
#7852 = FACE_BOUND('',#7853,.T.);
#7853 = EDGE_LOOP('',(#7854,#7876,#7877));
#7854 = ORIENTED_EDGE('',*,*,#7855,.F.);
#7855 = EDGE_CURVE('',#4898,#7856,#7858,.T.);
#7856 = VERTEX_POINT('',#7857);
#7857 = CARTESIAN_POINT('',(-8.799038105677,12.240381056767,35.));
#7858 = SURFACE_CURVE('',#7859,(#7862,#7869),.PCURVE_S1.);
#7859 = B_SPLINE_CURVE_WITH_KNOTS('',1,(#7860,#7861),.UNSPECIFIED.,.F.,
  .F.,(2,2),(0.,1.),.PIECEWISE_BEZIER_KNOTS.);
#7860 = CARTESIAN_POINT('',(4.035898384862,14.990381056767,0.));
#7861 = CARTESIAN_POINT('',(-8.799038105677,12.240381056767,35.));
#7862 = PCURVE('',#5017,#7863);
#7863 = DEFINITIONAL_REPRESENTATION('',(#7864),#7868);
#7864 = LINE('',#7865,#7866);
#7865 = CARTESIAN_POINT('',(0.,0.));
#7866 = VECTOR('',#7867,1.);
#7867 = DIRECTION('',(0.,1.));
#7868 = ( GEOMETRIC_REPRESENTATION_CONTEXT(2) 
PARAMETRIC_REPRESENTATION_CONTEXT() REPRESENTATION_CONTEXT('2D SPACE',''
  ) );
#7869 = PCURVE('',#4953,#7870);
#7870 = DEFINITIONAL_REPRESENTATION('',(#7871),#7875);
#7871 = LINE('',#7872,#7873);
#7872 = CARTESIAN_POINT('',(30.,0.));
#7873 = VECTOR('',#7874,1.);
#7874 = DIRECTION('',(0.,1.));
#7875 = ( GEOMETRIC_REPRESENTATION_CONTEXT(2) 
PARAMETRIC_REPRESENTATION_CONTEXT() REPRESENTATION_CONTEXT('2D SPACE',''
  ) );
#7876 = ORIENTED_EDGE('',*,*,#4985,.T.);
#7877 = ORIENTED_EDGE('',*,*,#7878,.F.);
#7878 = EDGE_CURVE('',#7856,#620,#7879,.T.);
#7879 = SURFACE_CURVE('',#7880,(#7884,#7890),.PCURVE_S1.);
#7880 = LINE('',#7881,#7882);
#7881 = CARTESIAN_POINT('',(-8.799038105677,12.240381056767,35.));
#7882 = VECTOR('',#7883,1.);
#7883 = DIRECTION('',(0.866025403784,0.5,0.));
#7884 = PCURVE('',#5017,#7885);
#7885 = DEFINITIONAL_REPRESENTATION('',(#7886),#7889);
#7886 = B_SPLINE_CURVE_WITH_KNOTS('',1,(#7887,#7888),.UNSPECIFIED.,.F.,
  .F.,(2,2),(0.,3.),.PIECEWISE_BEZIER_KNOTS.);
#7887 = CARTESIAN_POINT('',(0.,1.));
#7888 = CARTESIAN_POINT('',(8.,1.));
#7889 = ( GEOMETRIC_REPRESENTATION_CONTEXT(2) 
PARAMETRIC_REPRESENTATION_CONTEXT() REPRESENTATION_CONTEXT('2D SPACE',''
  ) );
#7890 = PCURVE('',#7496,#7891);
#7891 = DEFINITIONAL_REPRESENTATION('',(#7892),#7896);
#7892 = LINE('',#7893,#7894);
#7893 = CARTESIAN_POINT('',(0.298511157063,-2.98511157063));
#7894 = VECTOR('',#7895,1.);
#7895 = DIRECTION('',(-9.9503719021E-02,0.99503719021));
#7896 = ( GEOMETRIC_REPRESENTATION_CONTEXT(2) 
PARAMETRIC_REPRESENTATION_CONTEXT() REPRESENTATION_CONTEXT('2D SPACE',''
  ) );
#7897 = ADVANCED_FACE('',(#7898),#4953,.T.);
#7898 = FACE_BOUND('',#7899,.T.);
#7899 = EDGE_LOOP('',(#7900,#7924,#7947,#7967,#7968,#7969));
#7900 = ORIENTED_EDGE('',*,*,#7901,.F.);
#7901 = EDGE_CURVE('',#7902,#7904,#7906,.T.);
#7902 = VERTEX_POINT('',#7903);
#7903 = CARTESIAN_POINT('',(19.035898384862,40.9711431703,0.));
#7904 = VERTEX_POINT('',#7905);
#7905 = CARTESIAN_POINT('',(-23.79903810567,38.2211431703,35.));
#7906 = SURFACE_CURVE('',#7907,(#7910,#7917),.PCURVE_S1.);
#7907 = B_SPLINE_CURVE_WITH_KNOTS('',1,(#7908,#7909),.UNSPECIFIED.,.F.,
  .F.,(2,2),(0.,1.),.PIECEWISE_BEZIER_KNOTS.);
#7908 = CARTESIAN_POINT('',(19.035898384862,40.9711431703,0.));
#7909 = CARTESIAN_POINT('',(-23.79903810567,38.2211431703,35.));
#7910 = PCURVE('',#4953,#7911);
#7911 = DEFINITIONAL_REPRESENTATION('',(#7912),#7916);
#7912 = LINE('',#7913,#7914);
#7913 = CARTESIAN_POINT('',(0.,0.));
#7914 = VECTOR('',#7915,1.);
#7915 = DIRECTION('',(0.,1.));
#7916 = ( GEOMETRIC_REPRESENTATION_CONTEXT(2) 
PARAMETRIC_REPRESENTATION_CONTEXT() REPRESENTATION_CONTEXT('2D SPACE',''
  ) );
#7917 = PCURVE('',#7468,#7918);
#7918 = DEFINITIONAL_REPRESENTATION('',(#7919),#7923);
#7919 = LINE('',#7920,#7921);
#7920 = CARTESIAN_POINT('',(8.,0.));
#7921 = VECTOR('',#7922,1.);
#7922 = DIRECTION('',(0.,1.));
#7923 = ( GEOMETRIC_REPRESENTATION_CONTEXT(2) 
PARAMETRIC_REPRESENTATION_CONTEXT() REPRESENTATION_CONTEXT('2D SPACE',''
  ) );
#7924 = ORIENTED_EDGE('',*,*,#7925,.T.);
#7925 = EDGE_CURVE('',#7902,#7926,#7928,.T.);
#7926 = VERTEX_POINT('',#7927);
#7927 = CARTESIAN_POINT('',(4.035898384862,14.990381056767,0.));
#7928 = SURFACE_CURVE('',#7929,(#7933,#7940),.PCURVE_S1.);
#7929 = LINE('',#7930,#7931);
#7930 = CARTESIAN_POINT('',(19.035898384862,40.9711431703,0.));
#7931 = VECTOR('',#7932,1.);
#7932 = DIRECTION('',(-0.5,-0.866025403784,0.));
#7933 = PCURVE('',#4953,#7934);
#7934 = DEFINITIONAL_REPRESENTATION('',(#7935),#7939);
#7935 = LINE('',#7936,#7937);
#7936 = CARTESIAN_POINT('',(0.,0.));
#7937 = VECTOR('',#7938,1.);
#7938 = DIRECTION('',(1.,0.));
#7939 = ( GEOMETRIC_REPRESENTATION_CONTEXT(2) 
PARAMETRIC_REPRESENTATION_CONTEXT() REPRESENTATION_CONTEXT('2D SPACE',''
  ) );
#7940 = PCURVE('',#7394,#7941);
#7941 = DEFINITIONAL_REPRESENTATION('',(#7942),#7946);
#7942 = LINE('',#7943,#7944);
#7943 = CARTESIAN_POINT('',(31.04834939252,-3.552713678801E-15));
#7944 = VECTOR('',#7945,1.);
#7945 = DIRECTION('',(-0.966234939601,-0.25766265056));
#7946 = ( GEOMETRIC_REPRESENTATION_CONTEXT(2) 
PARAMETRIC_REPRESENTATION_CONTEXT() REPRESENTATION_CONTEXT('2D SPACE',''
  ) );
#7947 = ORIENTED_EDGE('',*,*,#7948,.T.);
#7948 = EDGE_CURVE('',#7926,#4810,#7949,.T.);
#7949 = SURFACE_CURVE('',#7950,(#7953,#7960),.PCURVE_S1.);
#7950 = B_SPLINE_CURVE_WITH_KNOTS('',1,(#7951,#7952),.UNSPECIFIED.,.F.,
  .F.,(2,2),(0.,1.),.PIECEWISE_BEZIER_KNOTS.);
#7951 = CARTESIAN_POINT('',(4.035898384862,14.990381056767,0.));
#7952 = CARTESIAN_POINT('',(-8.799038105677,12.240381056767,35.));
#7953 = PCURVE('',#4953,#7954);
#7954 = DEFINITIONAL_REPRESENTATION('',(#7955),#7959);
#7955 = LINE('',#7956,#7957);
#7956 = CARTESIAN_POINT('',(30.,0.));
#7957 = VECTOR('',#7958,1.);
#7958 = DIRECTION('',(0.,1.));
#7959 = ( GEOMETRIC_REPRESENTATION_CONTEXT(2) 
PARAMETRIC_REPRESENTATION_CONTEXT() REPRESENTATION_CONTEXT('2D SPACE',''
  ) );
#7960 = PCURVE('',#4865,#7961);
#7961 = DEFINITIONAL_REPRESENTATION('',(#7962),#7966);
#7962 = LINE('',#7963,#7964);
#7963 = CARTESIAN_POINT('',(0.,0.));
#7964 = VECTOR('',#7965,1.);
#7965 = DIRECTION('',(0.,1.));
#7966 = ( GEOMETRIC_REPRESENTATION_CONTEXT(2) 
PARAMETRIC_REPRESENTATION_CONTEXT() REPRESENTATION_CONTEXT('2D SPACE',''
  ) );
#7967 = ORIENTED_EDGE('',*,*,#4897,.T.);
#7968 = ORIENTED_EDGE('',*,*,#7855,.T.);
#7969 = ORIENTED_EDGE('',*,*,#7970,.F.);
#7970 = EDGE_CURVE('',#7904,#7856,#7971,.T.);
#7971 = SURFACE_CURVE('',#7972,(#7976,#7983),.PCURVE_S1.);
#7972 = LINE('',#7973,#7974);
#7973 = CARTESIAN_POINT('',(-23.79903810567,38.2211431703,35.));
#7974 = VECTOR('',#7975,1.);
#7975 = DIRECTION('',(0.5,-0.866025403784,0.));
#7976 = PCURVE('',#4953,#7977);
#7977 = DEFINITIONAL_REPRESENTATION('',(#7978),#7982);
#7978 = LINE('',#7979,#7980);
#7979 = CARTESIAN_POINT('',(0.,1.));
#7980 = VECTOR('',#7981,1.);
#7981 = DIRECTION('',(1.,0.));
#7982 = ( GEOMETRIC_REPRESENTATION_CONTEXT(2) 
PARAMETRIC_REPRESENTATION_CONTEXT() REPRESENTATION_CONTEXT('2D SPACE',''
  ) );
#7983 = PCURVE('',#7496,#7984);
#7984 = DEFINITIONAL_REPRESENTATION('',(#7985),#7989);
#7985 = LINE('',#7986,#7987);
#7986 = CARTESIAN_POINT('',(30.149626863363,-5.329070518201E-15));
#7987 = VECTOR('',#7988,1.);
#7988 = DIRECTION('',(-0.99503719021,-9.9503719021E-02));
#7989 = ( GEOMETRIC_REPRESENTATION_CONTEXT(2) 
PARAMETRIC_REPRESENTATION_CONTEXT() REPRESENTATION_CONTEXT('2D SPACE',''
  ) );
#7990 = ADVANCED_FACE('',(#7991),#4865,.T.);
#7991 = FACE_BOUND('',#7992,.T.);
#7992 = EDGE_LOOP('',(#7993,#7994,#8015));
#7993 = ORIENTED_EDGE('',*,*,#7948,.F.);
#7994 = ORIENTED_EDGE('',*,*,#7995,.T.);
#7995 = EDGE_CURVE('',#7926,#2312,#7996,.T.);
#7996 = SURFACE_CURVE('',#7997,(#8001,#8008),.PCURVE_S1.);
#7997 = LINE('',#7998,#7999);
#7998 = CARTESIAN_POINT('',(4.035898384862,14.990381056767,0.));
#7999 = VECTOR('',#8000,1.);
#8000 = DIRECTION('',(0.866025403784,-0.5,0.));
#8001 = PCURVE('',#4865,#8002);
#8002 = DEFINITIONAL_REPRESENTATION('',(#8003),#8007);
#8003 = LINE('',#8004,#8005);
#8004 = CARTESIAN_POINT('',(0.,0.));
#8005 = VECTOR('',#8006,1.);
#8006 = DIRECTION('',(1.,0.));
#8007 = ( GEOMETRIC_REPRESENTATION_CONTEXT(2) 
PARAMETRIC_REPRESENTATION_CONTEXT() REPRESENTATION_CONTEXT('2D SPACE',''
  ) );
#8008 = PCURVE('',#7394,#8009);
#8009 = DEFINITIONAL_REPRESENTATION('',(#8010),#8014);
#8010 = LINE('',#8011,#8012);
#8011 = CARTESIAN_POINT('',(2.061301204483,-7.72987951681));
#8012 = VECTOR('',#8013,1.);
#8013 = DIRECTION('',(-0.25766265056,0.966234939601));
#8014 = ( GEOMETRIC_REPRESENTATION_CONTEXT(2) 
PARAMETRIC_REPRESENTATION_CONTEXT() REPRESENTATION_CONTEXT('2D SPACE',''
  ) );
#8015 = ORIENTED_EDGE('',*,*,#4809,.F.);
#8016 = ADVANCED_FACE('',(#8017),#4785,.T.);
#8017 = FACE_BOUND('',#8018,.T.);
#8018 = EDGE_LOOP('',(#8019,#8020,#8048));
#8019 = ORIENTED_EDGE('',*,*,#4749,.T.);
#8020 = ORIENTED_EDGE('',*,*,#8021,.T.);
#8021 = EDGE_CURVE('',#2336,#8022,#8024,.T.);
#8022 = VERTEX_POINT('',#8023);
#8023 = CARTESIAN_POINT('',(-4.035898384862,14.990381056767,0.));
#8024 = SURFACE_CURVE('',#8025,(#8029,#8036),.PCURVE_S1.);
#8025 = LINE('',#8026,#8027);
#8026 = CARTESIAN_POINT('',(-10.96410161513,10.990381056767,0.));
#8027 = VECTOR('',#8028,1.);
#8028 = DIRECTION('',(0.866025403784,0.5,0.));
#8029 = PCURVE('',#4785,#8030);
#8030 = DEFINITIONAL_REPRESENTATION('',(#8031),#8035);
#8031 = LINE('',#8032,#8033);
#8032 = CARTESIAN_POINT('',(0.,0.));
#8033 = VECTOR('',#8034,1.);
#8034 = DIRECTION('',(1.,0.));
#8035 = ( GEOMETRIC_REPRESENTATION_CONTEXT(2) 
PARAMETRIC_REPRESENTATION_CONTEXT() REPRESENTATION_CONTEXT('2D SPACE',''
  ) );
#8036 = PCURVE('',#8037,#8042);
#8037 = PLANE('',#8038);
#8038 = AXIS2_PLACEMENT_3D('',#8039,#8040,#8041);
#8039 = CARTESIAN_POINT('',(-4.035898384862,14.990381056767,0.));
#8040 = DIRECTION('',(-0.,0.,-1.));
#8041 = DIRECTION('',(-0.706259870792,0.707952678439,0.));
#8042 = DEFINITIONAL_REPRESENTATION('',(#8043),#8047);
#8043 = LINE('',#8044,#8045);
#8044 = CARTESIAN_POINT('',(2.061301204483,-7.72987951681));
#8045 = VECTOR('',#8046,1.);
#8046 = DIRECTION('',(-0.25766265056,0.966234939601));
#8047 = ( GEOMETRIC_REPRESENTATION_CONTEXT(2) 
PARAMETRIC_REPRESENTATION_CONTEXT() REPRESENTATION_CONTEXT('2D SPACE',''
  ) );
#8048 = ORIENTED_EDGE('',*,*,#8049,.T.);
#8049 = EDGE_CURVE('',#8022,#4653,#8050,.T.);
#8050 = SURFACE_CURVE('',#8051,(#8054,#8061),.PCURVE_S1.);
#8051 = B_SPLINE_CURVE_WITH_KNOTS('',1,(#8052,#8053),.UNSPECIFIED.,.F.,
  .F.,(2,2),(0.,1.),.PIECEWISE_BEZIER_KNOTS.);
#8052 = CARTESIAN_POINT('',(-4.035898384862,14.990381056767,0.));
#8053 = CARTESIAN_POINT('',(-15.,1.5,35.));
#8054 = PCURVE('',#4785,#8055);
#8055 = DEFINITIONAL_REPRESENTATION('',(#8056),#8060);
#8056 = LINE('',#8057,#8058);
#8057 = CARTESIAN_POINT('',(8.,0.));
#8058 = VECTOR('',#8059,1.);
#8059 = DIRECTION('',(0.,1.));
#8060 = ( GEOMETRIC_REPRESENTATION_CONTEXT(2) 
PARAMETRIC_REPRESENTATION_CONTEXT() REPRESENTATION_CONTEXT('2D SPACE',''
  ) );
#8061 = PCURVE('',#4714,#8062);
#8062 = DEFINITIONAL_REPRESENTATION('',(#8063),#8067);
#8063 = LINE('',#8064,#8065);
#8064 = CARTESIAN_POINT('',(0.,0.));
#8065 = VECTOR('',#8066,1.);
#8066 = DIRECTION('',(0.,1.));
#8067 = ( GEOMETRIC_REPRESENTATION_CONTEXT(2) 
PARAMETRIC_REPRESENTATION_CONTEXT() REPRESENTATION_CONTEXT('2D SPACE',''
  ) );
#8068 = ADVANCED_FACE('',(#8069),#4714,.T.);
#8069 = FACE_BOUND('',#8070,.T.);
#8070 = EDGE_LOOP('',(#8071,#8072,#8095,#8122,#8150,#8170));
#8071 = ORIENTED_EDGE('',*,*,#8049,.F.);
#8072 = ORIENTED_EDGE('',*,*,#8073,.T.);
#8073 = EDGE_CURVE('',#8022,#8074,#8076,.T.);
#8074 = VERTEX_POINT('',#8075);
#8075 = CARTESIAN_POINT('',(-19.03589838486,40.9711431703,0.));
#8076 = SURFACE_CURVE('',#8077,(#8081,#8088),.PCURVE_S1.);
#8077 = LINE('',#8078,#8079);
#8078 = CARTESIAN_POINT('',(-4.035898384862,14.990381056767,0.));
#8079 = VECTOR('',#8080,1.);
#8080 = DIRECTION('',(-0.5,0.866025403784,0.));
#8081 = PCURVE('',#4714,#8082);
#8082 = DEFINITIONAL_REPRESENTATION('',(#8083),#8087);
#8083 = LINE('',#8084,#8085);
#8084 = CARTESIAN_POINT('',(0.,0.));
#8085 = VECTOR('',#8086,1.);
#8086 = DIRECTION('',(1.,0.));
#8087 = ( GEOMETRIC_REPRESENTATION_CONTEXT(2) 
PARAMETRIC_REPRESENTATION_CONTEXT() REPRESENTATION_CONTEXT('2D SPACE',''
  ) );
#8088 = PCURVE('',#8037,#8089);
#8089 = DEFINITIONAL_REPRESENTATION('',(#8090),#8094);
#8090 = LINE('',#8091,#8092);
#8091 = CARTESIAN_POINT('',(0.,0.));
#8092 = VECTOR('',#8093,1.);
#8093 = DIRECTION('',(0.966234939601,0.25766265056));
#8094 = ( GEOMETRIC_REPRESENTATION_CONTEXT(2) 
PARAMETRIC_REPRESENTATION_CONTEXT() REPRESENTATION_CONTEXT('2D SPACE',''
  ) );
#8095 = ORIENTED_EDGE('',*,*,#8096,.T.);
#8096 = EDGE_CURVE('',#8074,#8097,#8099,.T.);
#8097 = VERTEX_POINT('',#8098);
#8098 = CARTESIAN_POINT('',(-45.,1.5,35.));
#8099 = SURFACE_CURVE('',#8100,(#8103,#8110),.PCURVE_S1.);
#8100 = B_SPLINE_CURVE_WITH_KNOTS('',1,(#8101,#8102),.UNSPECIFIED.,.F.,
  .F.,(2,2),(0.,1.),.PIECEWISE_BEZIER_KNOTS.);
#8101 = CARTESIAN_POINT('',(-19.03589838486,40.9711431703,0.));
#8102 = CARTESIAN_POINT('',(-45.,1.5,35.));
#8103 = PCURVE('',#4714,#8104);
#8104 = DEFINITIONAL_REPRESENTATION('',(#8105),#8109);
#8105 = LINE('',#8106,#8107);
#8106 = CARTESIAN_POINT('',(30.,0.));
#8107 = VECTOR('',#8108,1.);
#8108 = DIRECTION('',(0.,1.));
#8109 = ( GEOMETRIC_REPRESENTATION_CONTEXT(2) 
PARAMETRIC_REPRESENTATION_CONTEXT() REPRESENTATION_CONTEXT('2D SPACE',''
  ) );
#8110 = PCURVE('',#8111,#8116);
#8111 = B_SPLINE_SURFACE_WITH_KNOTS('',1,1,(
    (#8112,#8113)
    ,(#8114,#8115
    )),.UNSPECIFIED.,.F.,.F.,.F.,(2,2),(2,2),(0.,8.),(0.,1.),
  .PIECEWISE_BEZIER_KNOTS.);
#8112 = CARTESIAN_POINT('',(-19.03589838486,40.9711431703,0.));
#8113 = CARTESIAN_POINT('',(-45.,1.5,35.));
#8114 = CARTESIAN_POINT('',(-25.96410161513,36.9711431703,0.));
#8115 = CARTESIAN_POINT('',(-45.,-1.5,35.));
#8116 = DEFINITIONAL_REPRESENTATION('',(#8117),#8121);
#8117 = LINE('',#8118,#8119);
#8118 = CARTESIAN_POINT('',(0.,0.));
#8119 = VECTOR('',#8120,1.);
#8120 = DIRECTION('',(0.,1.));
#8121 = ( GEOMETRIC_REPRESENTATION_CONTEXT(2) 
PARAMETRIC_REPRESENTATION_CONTEXT() REPRESENTATION_CONTEXT('2D SPACE',''
  ) );
#8122 = ORIENTED_EDGE('',*,*,#8123,.F.);
#8123 = EDGE_CURVE('',#8124,#8097,#8126,.T.);
#8124 = VERTEX_POINT('',#8125);
#8125 = CARTESIAN_POINT('',(-15.,1.5,35.));
#8126 = SURFACE_CURVE('',#8127,(#8131,#8138),.PCURVE_S1.);
#8127 = LINE('',#8128,#8129);
#8128 = CARTESIAN_POINT('',(-15.,1.5,35.));
#8129 = VECTOR('',#8130,1.);
#8130 = DIRECTION('',(-1.,3.330669073875E-16,0.));
#8131 = PCURVE('',#4714,#8132);
#8132 = DEFINITIONAL_REPRESENTATION('',(#8133),#8137);
#8133 = LINE('',#8134,#8135);
#8134 = CARTESIAN_POINT('',(0.,1.));
#8135 = VECTOR('',#8136,1.);
#8136 = DIRECTION('',(1.,0.));
#8137 = ( GEOMETRIC_REPRESENTATION_CONTEXT(2) 
PARAMETRIC_REPRESENTATION_CONTEXT() REPRESENTATION_CONTEXT('2D SPACE',''
  ) );
#8138 = PCURVE('',#8139,#8144);
#8139 = PLANE('',#8140);
#8140 = AXIS2_PLACEMENT_3D('',#8141,#8142,#8143);
#8141 = CARTESIAN_POINT('',(-15.,1.5,35.));
#8142 = DIRECTION('',(-0.,0.,-1.));
#8143 = DIRECTION('',(-0.99503719021,-9.9503719021E-02,0.));
#8144 = DEFINITIONAL_REPRESENTATION('',(#8145),#8149);
#8145 = LINE('',#8146,#8147);
#8146 = CARTESIAN_POINT('',(0.,0.));
#8147 = VECTOR('',#8148,1.);
#8148 = DIRECTION('',(0.99503719021,9.9503719021E-02));
#8149 = ( GEOMETRIC_REPRESENTATION_CONTEXT(2) 
PARAMETRIC_REPRESENTATION_CONTEXT() REPRESENTATION_CONTEXT('2D SPACE',''
  ) );
#8150 = ORIENTED_EDGE('',*,*,#8151,.F.);
#8151 = EDGE_CURVE('',#4604,#8124,#8152,.T.);
#8152 = SURFACE_CURVE('',#8153,(#8156,#8163),.PCURVE_S1.);
#8153 = B_SPLINE_CURVE_WITH_KNOTS('',1,(#8154,#8155),.UNSPECIFIED.,.F.,
  .F.,(2,2),(0.,1.),.PIECEWISE_BEZIER_KNOTS.);
#8154 = CARTESIAN_POINT('',(-4.035898384862,14.990381056767,0.));
#8155 = CARTESIAN_POINT('',(-15.,1.5,35.));
#8156 = PCURVE('',#4714,#8157);
#8157 = DEFINITIONAL_REPRESENTATION('',(#8158),#8162);
#8158 = LINE('',#8159,#8160);
#8159 = CARTESIAN_POINT('',(0.,0.));
#8160 = VECTOR('',#8161,1.);
#8161 = DIRECTION('',(0.,1.));
#8162 = ( GEOMETRIC_REPRESENTATION_CONTEXT(2) 
PARAMETRIC_REPRESENTATION_CONTEXT() REPRESENTATION_CONTEXT('2D SPACE',''
  ) );
#8163 = PCURVE('',#4633,#8164);
#8164 = DEFINITIONAL_REPRESENTATION('',(#8165),#8169);
#8165 = LINE('',#8166,#8167);
#8166 = CARTESIAN_POINT('',(8.,0.));
#8167 = VECTOR('',#8168,1.);
#8168 = DIRECTION('',(0.,1.));
#8169 = ( GEOMETRIC_REPRESENTATION_CONTEXT(2) 
PARAMETRIC_REPRESENTATION_CONTEXT() REPRESENTATION_CONTEXT('2D SPACE',''
  ) );
#8170 = ORIENTED_EDGE('',*,*,#4652,.T.);
#8171 = ADVANCED_FACE('',(#8172),#4633,.T.);
#8172 = FACE_BOUND('',#8173,.T.);
#8173 = EDGE_LOOP('',(#8174,#8175,#8176));
#8174 = ORIENTED_EDGE('',*,*,#4603,.F.);
#8175 = ORIENTED_EDGE('',*,*,#8151,.T.);
#8176 = ORIENTED_EDGE('',*,*,#8177,.F.);
#8177 = EDGE_CURVE('',#649,#8124,#8178,.T.);
#8178 = SURFACE_CURVE('',#8179,(#8183,#8189),.PCURVE_S1.);
#8179 = LINE('',#8180,#8181);
#8180 = CARTESIAN_POINT('',(-15.,-1.5,35.));
#8181 = VECTOR('',#8182,1.);
#8182 = DIRECTION('',(3.330669073875E-16,1.,0.));
#8183 = PCURVE('',#4633,#8184);
#8184 = DEFINITIONAL_REPRESENTATION('',(#8185),#8188);
#8185 = B_SPLINE_CURVE_WITH_KNOTS('',1,(#8186,#8187),.UNSPECIFIED.,.F.,
  .F.,(2,2),(0.,3.),.PIECEWISE_BEZIER_KNOTS.);
#8186 = CARTESIAN_POINT('',(0.,1.));
#8187 = CARTESIAN_POINT('',(8.,1.));
#8188 = ( GEOMETRIC_REPRESENTATION_CONTEXT(2) 
PARAMETRIC_REPRESENTATION_CONTEXT() REPRESENTATION_CONTEXT('2D SPACE',''
  ) );
#8189 = PCURVE('',#8139,#8190);
#8190 = DEFINITIONAL_REPRESENTATION('',(#8191),#8195);
#8191 = LINE('',#8192,#8193);
#8192 = CARTESIAN_POINT('',(0.298511157063,-2.98511157063));
#8193 = VECTOR('',#8194,1.);
#8194 = DIRECTION('',(-9.9503719021E-02,0.99503719021));
#8195 = ( GEOMETRIC_REPRESENTATION_CONTEXT(2) 
PARAMETRIC_REPRESENTATION_CONTEXT() REPRESENTATION_CONTEXT('2D SPACE',''
  ) );
#8196 = ADVANCED_FACE('',(#8197),#5456,.T.);
#8197 = FACE_BOUND('',#8198,.T.);
#8198 = EDGE_LOOP('',(#8199,#8221,#8222));
#8199 = ORIENTED_EDGE('',*,*,#8200,.F.);
#8200 = EDGE_CURVE('',#5337,#8201,#8203,.T.);
#8201 = VERTEX_POINT('',#8202);
#8202 = CARTESIAN_POINT('',(-6.200961894323,-13.74038105676,35.));
#8203 = SURFACE_CURVE('',#8204,(#8207,#8214),.PCURVE_S1.);
#8204 = B_SPLINE_CURVE_WITH_KNOTS('',1,(#8205,#8206),.UNSPECIFIED.,.F.,
  .F.,(2,2),(0.,1.),.PIECEWISE_BEZIER_KNOTS.);
#8205 = CARTESIAN_POINT('',(-15.,-4.,0.));
#8206 = CARTESIAN_POINT('',(-6.200961894323,-13.74038105676,35.));
#8207 = PCURVE('',#5456,#8208);
#8208 = DEFINITIONAL_REPRESENTATION('',(#8209),#8213);
#8209 = LINE('',#8210,#8211);
#8210 = CARTESIAN_POINT('',(0.,0.));
#8211 = VECTOR('',#8212,1.);
#8212 = DIRECTION('',(0.,1.));
#8213 = ( GEOMETRIC_REPRESENTATION_CONTEXT(2) 
PARAMETRIC_REPRESENTATION_CONTEXT() REPRESENTATION_CONTEXT('2D SPACE',''
  ) );
#8214 = PCURVE('',#5392,#8215);
#8215 = DEFINITIONAL_REPRESENTATION('',(#8216),#8220);
#8216 = LINE('',#8217,#8218);
#8217 = CARTESIAN_POINT('',(30.,0.));
#8218 = VECTOR('',#8219,1.);
#8219 = DIRECTION('',(0.,1.));
#8220 = ( GEOMETRIC_REPRESENTATION_CONTEXT(2) 
PARAMETRIC_REPRESENTATION_CONTEXT() REPRESENTATION_CONTEXT('2D SPACE',''
  ) );
#8221 = ORIENTED_EDGE('',*,*,#5424,.T.);
#8222 = ORIENTED_EDGE('',*,*,#8223,.F.);
#8223 = EDGE_CURVE('',#8201,#678,#8224,.T.);
#8224 = SURFACE_CURVE('',#8225,(#8229,#8235),.PCURVE_S1.);
#8225 = LINE('',#8226,#8227);
#8226 = CARTESIAN_POINT('',(-6.200961894323,-13.74038105676,35.));
#8227 = VECTOR('',#8228,1.);
#8228 = DIRECTION('',(-0.866025403784,0.5,0.));
#8229 = PCURVE('',#5456,#8230);
#8230 = DEFINITIONAL_REPRESENTATION('',(#8231),#8234);
#8231 = B_SPLINE_CURVE_WITH_KNOTS('',1,(#8232,#8233),.UNSPECIFIED.,.F.,
  .F.,(2,2),(0.,3.),.PIECEWISE_BEZIER_KNOTS.);
#8232 = CARTESIAN_POINT('',(0.,1.));
#8233 = CARTESIAN_POINT('',(8.,1.));
#8234 = ( GEOMETRIC_REPRESENTATION_CONTEXT(2) 
PARAMETRIC_REPRESENTATION_CONTEXT() REPRESENTATION_CONTEXT('2D SPACE',''
  ) );
#8235 = PCURVE('',#8236,#8241);
#8236 = PLANE('',#8237);
#8237 = AXIS2_PLACEMENT_3D('',#8238,#8239,#8240);
#8238 = CARTESIAN_POINT('',(-8.799038105677,-12.24038105676,35.));
#8239 = DIRECTION('',(-0.,0.,-1.));
#8240 = DIRECTION('',(-0.411345846662,-0.911479343943,0.));
#8241 = DEFINITIONAL_REPRESENTATION('',(#8242),#8246);
#8242 = LINE('',#8243,#8244);
#8243 = CARTESIAN_POINT('',(0.298511157063,-2.98511157063));
#8244 = VECTOR('',#8245,1.);
#8245 = DIRECTION('',(-9.9503719021E-02,0.99503719021));
#8246 = ( GEOMETRIC_REPRESENTATION_CONTEXT(2) 
PARAMETRIC_REPRESENTATION_CONTEXT() REPRESENTATION_CONTEXT('2D SPACE',''
  ) );
#8247 = ADVANCED_FACE('',(#8248),#5392,.T.);
#8248 = FACE_BOUND('',#8249,.T.);
#8249 = EDGE_LOOP('',(#8250,#8279,#8307,#8327,#8328,#8329));
#8250 = ORIENTED_EDGE('',*,*,#8251,.F.);
#8251 = EDGE_CURVE('',#8252,#8254,#8256,.T.);
#8252 = VERTEX_POINT('',#8253);
#8253 = CARTESIAN_POINT('',(-45.,-4.,0.));
#8254 = VERTEX_POINT('',#8255);
#8255 = CARTESIAN_POINT('',(-21.20096189432,-39.7211431703,35.));
#8256 = SURFACE_CURVE('',#8257,(#8260,#8267),.PCURVE_S1.);
#8257 = B_SPLINE_CURVE_WITH_KNOTS('',1,(#8258,#8259),.UNSPECIFIED.,.F.,
  .F.,(2,2),(0.,1.),.PIECEWISE_BEZIER_KNOTS.);
#8258 = CARTESIAN_POINT('',(-45.,-4.,0.));
#8259 = CARTESIAN_POINT('',(-21.20096189432,-39.7211431703,35.));
#8260 = PCURVE('',#5392,#8261);
#8261 = DEFINITIONAL_REPRESENTATION('',(#8262),#8266);
#8262 = LINE('',#8263,#8264);
#8263 = CARTESIAN_POINT('',(0.,0.));
#8264 = VECTOR('',#8265,1.);
#8265 = DIRECTION('',(0.,1.));
#8266 = ( GEOMETRIC_REPRESENTATION_CONTEXT(2) 
PARAMETRIC_REPRESENTATION_CONTEXT() REPRESENTATION_CONTEXT('2D SPACE',''
  ) );
#8267 = PCURVE('',#8268,#8273);
#8268 = B_SPLINE_SURFACE_WITH_KNOTS('',1,1,(
    (#8269,#8270)
    ,(#8271,#8272
    )),.UNSPECIFIED.,.F.,.F.,.F.,(2,2),(2,2),(0.,8.),(0.,1.),
  .PIECEWISE_BEZIER_KNOTS.);
#8269 = CARTESIAN_POINT('',(-45.,4.,0.));
#8270 = CARTESIAN_POINT('',(-23.79903810567,-38.2211431703,35.));
#8271 = CARTESIAN_POINT('',(-45.,-4.,0.));
#8272 = CARTESIAN_POINT('',(-21.20096189432,-39.7211431703,35.));
#8273 = DEFINITIONAL_REPRESENTATION('',(#8274),#8278);
#8274 = LINE('',#8275,#8276);
#8275 = CARTESIAN_POINT('',(8.,0.));
#8276 = VECTOR('',#8277,1.);
#8277 = DIRECTION('',(0.,1.));
#8278 = ( GEOMETRIC_REPRESENTATION_CONTEXT(2) 
PARAMETRIC_REPRESENTATION_CONTEXT() REPRESENTATION_CONTEXT('2D SPACE',''
  ) );
#8279 = ORIENTED_EDGE('',*,*,#8280,.T.);
#8280 = EDGE_CURVE('',#8252,#8281,#8283,.T.);
#8281 = VERTEX_POINT('',#8282);
#8282 = CARTESIAN_POINT('',(-15.,-4.,0.));
#8283 = SURFACE_CURVE('',#8284,(#8288,#8295),.PCURVE_S1.);
#8284 = LINE('',#8285,#8286);
#8285 = CARTESIAN_POINT('',(-45.,-4.,0.));
#8286 = VECTOR('',#8287,1.);
#8287 = DIRECTION('',(1.,-1.224646799147E-16,0.));
#8288 = PCURVE('',#5392,#8289);
#8289 = DEFINITIONAL_REPRESENTATION('',(#8290),#8294);
#8290 = LINE('',#8291,#8292);
#8291 = CARTESIAN_POINT('',(0.,0.));
#8292 = VECTOR('',#8293,1.);
#8293 = DIRECTION('',(1.,0.));
#8294 = ( GEOMETRIC_REPRESENTATION_CONTEXT(2) 
PARAMETRIC_REPRESENTATION_CONTEXT() REPRESENTATION_CONTEXT('2D SPACE',''
  ) );
#8295 = PCURVE('',#8296,#8301);
#8296 = PLANE('',#8297);
#8297 = AXIS2_PLACEMENT_3D('',#8298,#8299,#8300);
#8298 = CARTESIAN_POINT('',(-15.,4.,0.));
#8299 = DIRECTION('',(-0.,0.,-1.));
#8300 = DIRECTION('',(-0.966234939601,-0.25766265056,0.));
#8301 = DEFINITIONAL_REPRESENTATION('',(#8302),#8306);
#8302 = LINE('',#8303,#8304);
#8303 = CARTESIAN_POINT('',(31.04834939252,0.));
#8304 = VECTOR('',#8305,1.);
#8305 = DIRECTION('',(-0.966234939601,-0.25766265056));
#8306 = ( GEOMETRIC_REPRESENTATION_CONTEXT(2) 
PARAMETRIC_REPRESENTATION_CONTEXT() REPRESENTATION_CONTEXT('2D SPACE',''
  ) );
#8307 = ORIENTED_EDGE('',*,*,#8308,.T.);
#8308 = EDGE_CURVE('',#8281,#5249,#8309,.T.);
#8309 = SURFACE_CURVE('',#8310,(#8313,#8320),.PCURVE_S1.);
#8310 = B_SPLINE_CURVE_WITH_KNOTS('',1,(#8311,#8312),.UNSPECIFIED.,.F.,
  .F.,(2,2),(0.,1.),.PIECEWISE_BEZIER_KNOTS.);
#8311 = CARTESIAN_POINT('',(-15.,-4.,0.));
#8312 = CARTESIAN_POINT('',(-6.200961894323,-13.74038105676,35.));
#8313 = PCURVE('',#5392,#8314);
#8314 = DEFINITIONAL_REPRESENTATION('',(#8315),#8319);
#8315 = LINE('',#8316,#8317);
#8316 = CARTESIAN_POINT('',(30.,0.));
#8317 = VECTOR('',#8318,1.);
#8318 = DIRECTION('',(0.,1.));
#8319 = ( GEOMETRIC_REPRESENTATION_CONTEXT(2) 
PARAMETRIC_REPRESENTATION_CONTEXT() REPRESENTATION_CONTEXT('2D SPACE',''
  ) );
#8320 = PCURVE('',#5304,#8321);
#8321 = DEFINITIONAL_REPRESENTATION('',(#8322),#8326);
#8322 = LINE('',#8323,#8324);
#8323 = CARTESIAN_POINT('',(0.,0.));
#8324 = VECTOR('',#8325,1.);
#8325 = DIRECTION('',(0.,1.));
#8326 = ( GEOMETRIC_REPRESENTATION_CONTEXT(2) 
PARAMETRIC_REPRESENTATION_CONTEXT() REPRESENTATION_CONTEXT('2D SPACE',''
  ) );
#8327 = ORIENTED_EDGE('',*,*,#5336,.T.);
#8328 = ORIENTED_EDGE('',*,*,#8200,.T.);
#8329 = ORIENTED_EDGE('',*,*,#8330,.F.);
#8330 = EDGE_CURVE('',#8254,#8201,#8331,.T.);
#8331 = SURFACE_CURVE('',#8332,(#8336,#8343),.PCURVE_S1.);
#8332 = LINE('',#8333,#8334);
#8333 = CARTESIAN_POINT('',(-21.20096189432,-39.7211431703,35.));
#8334 = VECTOR('',#8335,1.);
#8335 = DIRECTION('',(0.5,0.866025403784,0.));
#8336 = PCURVE('',#5392,#8337);
#8337 = DEFINITIONAL_REPRESENTATION('',(#8338),#8342);
#8338 = LINE('',#8339,#8340);
#8339 = CARTESIAN_POINT('',(0.,1.));
#8340 = VECTOR('',#8341,1.);
#8341 = DIRECTION('',(1.,0.));
#8342 = ( GEOMETRIC_REPRESENTATION_CONTEXT(2) 
PARAMETRIC_REPRESENTATION_CONTEXT() REPRESENTATION_CONTEXT('2D SPACE',''
  ) );
#8343 = PCURVE('',#8236,#8344);
#8344 = DEFINITIONAL_REPRESENTATION('',(#8345),#8349);
#8345 = LINE('',#8346,#8347);
#8346 = CARTESIAN_POINT('',(30.149626863363,-1.7763568394E-15));
#8347 = VECTOR('',#8348,1.);
#8348 = DIRECTION('',(-0.99503719021,-9.9503719021E-02));
#8349 = ( GEOMETRIC_REPRESENTATION_CONTEXT(2) 
PARAMETRIC_REPRESENTATION_CONTEXT() REPRESENTATION_CONTEXT('2D SPACE',''
  ) );
#8350 = ADVANCED_FACE('',(#8351),#5304,.T.);
#8351 = FACE_BOUND('',#8352,.T.);
#8352 = EDGE_LOOP('',(#8353,#8354,#8375));
#8353 = ORIENTED_EDGE('',*,*,#8308,.F.);
#8354 = ORIENTED_EDGE('',*,*,#8355,.T.);
#8355 = EDGE_CURVE('',#8281,#2360,#8356,.T.);
#8356 = SURFACE_CURVE('',#8357,(#8361,#8368),.PCURVE_S1.);
#8357 = LINE('',#8358,#8359);
#8358 = CARTESIAN_POINT('',(-15.,-4.,0.));
#8359 = VECTOR('',#8360,1.);
#8360 = DIRECTION('',(1.224646799147E-16,1.,0.));
#8361 = PCURVE('',#5304,#8362);
#8362 = DEFINITIONAL_REPRESENTATION('',(#8363),#8367);
#8363 = LINE('',#8364,#8365);
#8364 = CARTESIAN_POINT('',(0.,0.));
#8365 = VECTOR('',#8366,1.);
#8366 = DIRECTION('',(1.,0.));
#8367 = ( GEOMETRIC_REPRESENTATION_CONTEXT(2) 
PARAMETRIC_REPRESENTATION_CONTEXT() REPRESENTATION_CONTEXT('2D SPACE',''
  ) );
#8368 = PCURVE('',#8296,#8369);
#8369 = DEFINITIONAL_REPRESENTATION('',(#8370),#8374);
#8370 = LINE('',#8371,#8372);
#8371 = CARTESIAN_POINT('',(2.061301204483,-7.72987951681));
#8372 = VECTOR('',#8373,1.);
#8373 = DIRECTION('',(-0.25766265056,0.966234939601));
#8374 = ( GEOMETRIC_REPRESENTATION_CONTEXT(2) 
PARAMETRIC_REPRESENTATION_CONTEXT() REPRESENTATION_CONTEXT('2D SPACE',''
  ) );
#8375 = ORIENTED_EDGE('',*,*,#5248,.F.);
#8376 = ADVANCED_FACE('',(#8377),#5224,.T.);
#8377 = FACE_BOUND('',#8378,.T.);
#8378 = EDGE_LOOP('',(#8379,#8380,#8403));
#8379 = ORIENTED_EDGE('',*,*,#5188,.T.);
#8380 = ORIENTED_EDGE('',*,*,#8381,.T.);
#8381 = EDGE_CURVE('',#2383,#8382,#8384,.T.);
#8382 = VERTEX_POINT('',#8383);
#8383 = CARTESIAN_POINT('',(-10.96410161513,-10.99038105676,0.));
#8384 = SURFACE_CURVE('',#8385,(#8389,#8396),.PCURVE_S1.);
#8385 = LINE('',#8386,#8387);
#8386 = CARTESIAN_POINT('',(-4.035898384862,-14.99038105676,0.));
#8387 = VECTOR('',#8388,1.);
#8388 = DIRECTION('',(-0.866025403784,0.5,0.));
#8389 = PCURVE('',#5224,#8390);
#8390 = DEFINITIONAL_REPRESENTATION('',(#8391),#8395);
#8391 = LINE('',#8392,#8393);
#8392 = CARTESIAN_POINT('',(0.,0.));
#8393 = VECTOR('',#8394,1.);
#8394 = DIRECTION('',(1.,0.));
#8395 = ( GEOMETRIC_REPRESENTATION_CONTEXT(2) 
PARAMETRIC_REPRESENTATION_CONTEXT() REPRESENTATION_CONTEXT('2D SPACE',''
  ) );
#8396 = PCURVE('',#7712,#8397);
#8397 = DEFINITIONAL_REPRESENTATION('',(#8398),#8402);
#8398 = LINE('',#8399,#8400);
#8399 = CARTESIAN_POINT('',(2.061301204483,-7.72987951681));
#8400 = VECTOR('',#8401,1.);
#8401 = DIRECTION('',(-0.25766265056,0.966234939601));
#8402 = ( GEOMETRIC_REPRESENTATION_CONTEXT(2) 
PARAMETRIC_REPRESENTATION_CONTEXT() REPRESENTATION_CONTEXT('2D SPACE',''
  ) );
#8403 = ORIENTED_EDGE('',*,*,#8404,.T.);
#8404 = EDGE_CURVE('',#8382,#5092,#8405,.T.);
#8405 = SURFACE_CURVE('',#8406,(#8409,#8416),.PCURVE_S1.);
#8406 = B_SPLINE_CURVE_WITH_KNOTS('',1,(#8407,#8408),.UNSPECIFIED.,.F.,
  .F.,(2,2),(0.,1.),.PIECEWISE_BEZIER_KNOTS.);
#8407 = CARTESIAN_POINT('',(-10.96410161513,-10.99038105676,0.));
#8408 = CARTESIAN_POINT('',(6.200961894323,-13.74038105676,35.));
#8409 = PCURVE('',#5224,#8410);
#8410 = DEFINITIONAL_REPRESENTATION('',(#8411),#8415);
#8411 = LINE('',#8412,#8413);
#8412 = CARTESIAN_POINT('',(8.,0.));
#8413 = VECTOR('',#8414,1.);
#8414 = DIRECTION('',(0.,1.));
#8415 = ( GEOMETRIC_REPRESENTATION_CONTEXT(2) 
PARAMETRIC_REPRESENTATION_CONTEXT() REPRESENTATION_CONTEXT('2D SPACE',''
  ) );
#8416 = PCURVE('',#5153,#8417);
#8417 = DEFINITIONAL_REPRESENTATION('',(#8418),#8422);
#8418 = LINE('',#8419,#8420);
#8419 = CARTESIAN_POINT('',(0.,0.));
#8420 = VECTOR('',#8421,1.);
#8421 = DIRECTION('',(0.,1.));
#8422 = ( GEOMETRIC_REPRESENTATION_CONTEXT(2) 
PARAMETRIC_REPRESENTATION_CONTEXT() REPRESENTATION_CONTEXT('2D SPACE',''
  ) );
#8423 = ADVANCED_FACE('',(#8424),#5153,.T.);
#8424 = FACE_BOUND('',#8425,.T.);
#8425 = EDGE_LOOP('',(#8426,#8427,#8450,#8472,#8495,#8515));
#8426 = ORIENTED_EDGE('',*,*,#8404,.F.);
#8427 = ORIENTED_EDGE('',*,*,#8428,.T.);
#8428 = EDGE_CURVE('',#8382,#8429,#8431,.T.);
#8429 = VERTEX_POINT('',#8430);
#8430 = CARTESIAN_POINT('',(-25.96410161513,-36.9711431703,0.));
#8431 = SURFACE_CURVE('',#8432,(#8436,#8443),.PCURVE_S1.);
#8432 = LINE('',#8433,#8434);
#8433 = CARTESIAN_POINT('',(-10.96410161513,-10.99038105676,0.));
#8434 = VECTOR('',#8435,1.);
#8435 = DIRECTION('',(-0.5,-0.866025403784,0.));
#8436 = PCURVE('',#5153,#8437);
#8437 = DEFINITIONAL_REPRESENTATION('',(#8438),#8442);
#8438 = LINE('',#8439,#8440);
#8439 = CARTESIAN_POINT('',(0.,0.));
#8440 = VECTOR('',#8441,1.);
#8441 = DIRECTION('',(1.,0.));
#8442 = ( GEOMETRIC_REPRESENTATION_CONTEXT(2) 
PARAMETRIC_REPRESENTATION_CONTEXT() REPRESENTATION_CONTEXT('2D SPACE',''
  ) );
#8443 = PCURVE('',#7712,#8444);
#8444 = DEFINITIONAL_REPRESENTATION('',(#8445),#8449);
#8445 = LINE('',#8446,#8447);
#8446 = CARTESIAN_POINT('',(0.,0.));
#8447 = VECTOR('',#8448,1.);
#8448 = DIRECTION('',(0.966234939601,0.25766265056));
#8449 = ( GEOMETRIC_REPRESENTATION_CONTEXT(2) 
PARAMETRIC_REPRESENTATION_CONTEXT() REPRESENTATION_CONTEXT('2D SPACE',''
  ) );
#8450 = ORIENTED_EDGE('',*,*,#8451,.T.);
#8451 = EDGE_CURVE('',#8429,#8452,#8454,.T.);
#8452 = VERTEX_POINT('',#8453);
#8453 = CARTESIAN_POINT('',(21.200961894323,-39.7211431703,35.));
#8454 = SURFACE_CURVE('',#8455,(#8458,#8465),.PCURVE_S1.);
#8455 = B_SPLINE_CURVE_WITH_KNOTS('',1,(#8456,#8457),.UNSPECIFIED.,.F.,
  .F.,(2,2),(0.,1.),.PIECEWISE_BEZIER_KNOTS.);
#8456 = CARTESIAN_POINT('',(-25.96410161513,-36.9711431703,0.));
#8457 = CARTESIAN_POINT('',(21.200961894323,-39.7211431703,35.));
#8458 = PCURVE('',#5153,#8459);
#8459 = DEFINITIONAL_REPRESENTATION('',(#8460),#8464);
#8460 = LINE('',#8461,#8462);
#8461 = CARTESIAN_POINT('',(30.,0.));
#8462 = VECTOR('',#8463,1.);
#8463 = DIRECTION('',(0.,1.));
#8464 = ( GEOMETRIC_REPRESENTATION_CONTEXT(2) 
PARAMETRIC_REPRESENTATION_CONTEXT() REPRESENTATION_CONTEXT('2D SPACE',''
  ) );
#8465 = PCURVE('',#7684,#8466);
#8466 = DEFINITIONAL_REPRESENTATION('',(#8467),#8471);
#8467 = LINE('',#8468,#8469);
#8468 = CARTESIAN_POINT('',(0.,0.));
#8469 = VECTOR('',#8470,1.);
#8470 = DIRECTION('',(0.,1.));
#8471 = ( GEOMETRIC_REPRESENTATION_CONTEXT(2) 
PARAMETRIC_REPRESENTATION_CONTEXT() REPRESENTATION_CONTEXT('2D SPACE',''
  ) );
#8472 = ORIENTED_EDGE('',*,*,#8473,.F.);
#8473 = EDGE_CURVE('',#8474,#8452,#8476,.T.);
#8474 = VERTEX_POINT('',#8475);
#8475 = CARTESIAN_POINT('',(6.200961894323,-13.74038105676,35.));
#8476 = SURFACE_CURVE('',#8477,(#8481,#8488),.PCURVE_S1.);
#8477 = LINE('',#8478,#8479);
#8478 = CARTESIAN_POINT('',(6.200961894323,-13.74038105676,35.));
#8479 = VECTOR('',#8480,1.);
#8480 = DIRECTION('',(0.5,-0.866025403784,0.));
#8481 = PCURVE('',#5153,#8482);
#8482 = DEFINITIONAL_REPRESENTATION('',(#8483),#8487);
#8483 = LINE('',#8484,#8485);
#8484 = CARTESIAN_POINT('',(0.,1.));
#8485 = VECTOR('',#8486,1.);
#8486 = DIRECTION('',(1.,0.));
#8487 = ( GEOMETRIC_REPRESENTATION_CONTEXT(2) 
PARAMETRIC_REPRESENTATION_CONTEXT() REPRESENTATION_CONTEXT('2D SPACE',''
  ) );
#8488 = PCURVE('',#7652,#8489);
#8489 = DEFINITIONAL_REPRESENTATION('',(#8490),#8494);
#8490 = LINE('',#8491,#8492);
#8491 = CARTESIAN_POINT('',(0.,0.));
#8492 = VECTOR('',#8493,1.);
#8493 = DIRECTION('',(0.99503719021,9.9503719021E-02));
#8494 = ( GEOMETRIC_REPRESENTATION_CONTEXT(2) 
PARAMETRIC_REPRESENTATION_CONTEXT() REPRESENTATION_CONTEXT('2D SPACE',''
  ) );
#8495 = ORIENTED_EDGE('',*,*,#8496,.F.);
#8496 = EDGE_CURVE('',#5043,#8474,#8497,.T.);
#8497 = SURFACE_CURVE('',#8498,(#8501,#8508),.PCURVE_S1.);
#8498 = B_SPLINE_CURVE_WITH_KNOTS('',1,(#8499,#8500),.UNSPECIFIED.,.F.,
  .F.,(2,2),(0.,1.),.PIECEWISE_BEZIER_KNOTS.);
#8499 = CARTESIAN_POINT('',(-10.96410161513,-10.99038105676,0.));
#8500 = CARTESIAN_POINT('',(6.200961894323,-13.74038105676,35.));
#8501 = PCURVE('',#5153,#8502);
#8502 = DEFINITIONAL_REPRESENTATION('',(#8503),#8507);
#8503 = LINE('',#8504,#8505);
#8504 = CARTESIAN_POINT('',(0.,0.));
#8505 = VECTOR('',#8506,1.);
#8506 = DIRECTION('',(0.,1.));
#8507 = ( GEOMETRIC_REPRESENTATION_CONTEXT(2) 
PARAMETRIC_REPRESENTATION_CONTEXT() REPRESENTATION_CONTEXT('2D SPACE',''
  ) );
#8508 = PCURVE('',#5072,#8509);
#8509 = DEFINITIONAL_REPRESENTATION('',(#8510),#8514);
#8510 = LINE('',#8511,#8512);
#8511 = CARTESIAN_POINT('',(8.,0.));
#8512 = VECTOR('',#8513,1.);
#8513 = DIRECTION('',(0.,1.));
#8514 = ( GEOMETRIC_REPRESENTATION_CONTEXT(2) 
PARAMETRIC_REPRESENTATION_CONTEXT() REPRESENTATION_CONTEXT('2D SPACE',''
  ) );
#8515 = ORIENTED_EDGE('',*,*,#5091,.T.);
#8516 = ADVANCED_FACE('',(#8517),#5072,.T.);
#8517 = FACE_BOUND('',#8518,.T.);
#8518 = EDGE_LOOP('',(#8519,#8520,#8521));
#8519 = ORIENTED_EDGE('',*,*,#5042,.F.);
#8520 = ORIENTED_EDGE('',*,*,#8496,.T.);
#8521 = ORIENTED_EDGE('',*,*,#8522,.F.);
#8522 = EDGE_CURVE('',#711,#8474,#8523,.T.);
#8523 = SURFACE_CURVE('',#8524,(#8528,#8534),.PCURVE_S1.);
#8524 = LINE('',#8525,#8526);
#8525 = CARTESIAN_POINT('',(8.799038105677,-12.24038105676,35.));
#8526 = VECTOR('',#8527,1.);
#8527 = DIRECTION('',(-0.866025403784,-0.5,0.));
#8528 = PCURVE('',#5072,#8529);
#8529 = DEFINITIONAL_REPRESENTATION('',(#8530),#8533);
#8530 = B_SPLINE_CURVE_WITH_KNOTS('',1,(#8531,#8532),.UNSPECIFIED.,.F.,
  .F.,(2,2),(0.,3.),.PIECEWISE_BEZIER_KNOTS.);
#8531 = CARTESIAN_POINT('',(0.,1.));
#8532 = CARTESIAN_POINT('',(8.,1.));
#8533 = ( GEOMETRIC_REPRESENTATION_CONTEXT(2) 
PARAMETRIC_REPRESENTATION_CONTEXT() REPRESENTATION_CONTEXT('2D SPACE',''
  ) );
#8534 = PCURVE('',#7652,#8535);
#8535 = DEFINITIONAL_REPRESENTATION('',(#8536),#8540);
#8536 = LINE('',#8537,#8538);
#8537 = CARTESIAN_POINT('',(0.298511157063,-2.98511157063));
#8538 = VECTOR('',#8539,1.);
#8539 = DIRECTION('',(-9.9503719021E-02,0.99503719021));
#8540 = ( GEOMETRIC_REPRESENTATION_CONTEXT(2) 
PARAMETRIC_REPRESENTATION_CONTEXT() REPRESENTATION_CONTEXT('2D SPACE',''
  ) );
#8541 = ADVANCED_FACE('',(#8542),#5895,.T.);
#8542 = FACE_BOUND('',#8543,.T.);
#8543 = EDGE_LOOP('',(#8544,#8566,#8567));
#8544 = ORIENTED_EDGE('',*,*,#8545,.F.);
#8545 = EDGE_CURVE('',#5776,#8546,#8548,.T.);
#8546 = VERTEX_POINT('',#8547);
#8547 = CARTESIAN_POINT('',(-15.,-1.5,35.));
#8548 = SURFACE_CURVE('',#8549,(#8552,#8559),.PCURVE_S1.);
#8549 = B_SPLINE_CURVE_WITH_KNOTS('',1,(#8550,#8551),.UNSPECIFIED.,.F.,
  .F.,(2,2),(0.,1.),.PIECEWISE_BEZIER_KNOTS.);
#8550 = CARTESIAN_POINT('',(-10.96410161513,10.990381056767,0.));
#8551 = CARTESIAN_POINT('',(-15.,-1.5,35.));
#8552 = PCURVE('',#5895,#8553);
#8553 = DEFINITIONAL_REPRESENTATION('',(#8554),#8558);
#8554 = LINE('',#8555,#8556);
#8555 = CARTESIAN_POINT('',(0.,0.));
#8556 = VECTOR('',#8557,1.);
#8557 = DIRECTION('',(0.,1.));
#8558 = ( GEOMETRIC_REPRESENTATION_CONTEXT(2) 
PARAMETRIC_REPRESENTATION_CONTEXT() REPRESENTATION_CONTEXT('2D SPACE',''
  ) );
#8559 = PCURVE('',#5831,#8560);
#8560 = DEFINITIONAL_REPRESENTATION('',(#8561),#8565);
#8561 = LINE('',#8562,#8563);
#8562 = CARTESIAN_POINT('',(30.,0.));
#8563 = VECTOR('',#8564,1.);
#8564 = DIRECTION('',(0.,1.));
#8565 = ( GEOMETRIC_REPRESENTATION_CONTEXT(2) 
PARAMETRIC_REPRESENTATION_CONTEXT() REPRESENTATION_CONTEXT('2D SPACE',''
  ) );
#8566 = ORIENTED_EDGE('',*,*,#5863,.T.);
#8567 = ORIENTED_EDGE('',*,*,#8568,.F.);
#8568 = EDGE_CURVE('',#8546,#649,#8569,.T.);
#8569 = SURFACE_CURVE('',#8570,(#8574,#8580),.PCURVE_S1.);
#8570 = LINE('',#8571,#8572);
#8571 = CARTESIAN_POINT('',(-15.,-1.5,35.));
#8572 = VECTOR('',#8573,1.);
#8573 = DIRECTION('',(3.330669073875E-16,1.,0.));
#8574 = PCURVE('',#5895,#8575);
#8575 = DEFINITIONAL_REPRESENTATION('',(#8576),#8579);
#8576 = B_SPLINE_CURVE_WITH_KNOTS('',1,(#8577,#8578),.UNSPECIFIED.,.F.,
  .F.,(2,2),(0.,3.),.PIECEWISE_BEZIER_KNOTS.);
#8577 = CARTESIAN_POINT('',(0.,1.));
#8578 = CARTESIAN_POINT('',(8.,1.));
#8579 = ( GEOMETRIC_REPRESENTATION_CONTEXT(2) 
PARAMETRIC_REPRESENTATION_CONTEXT() REPRESENTATION_CONTEXT('2D SPACE',''
  ) );
#8580 = PCURVE('',#8139,#8581);
#8581 = DEFINITIONAL_REPRESENTATION('',(#8582),#8586);
#8582 = LINE('',#8583,#8584);
#8583 = CARTESIAN_POINT('',(0.298511157063,-2.98511157063));
#8584 = VECTOR('',#8585,1.);
#8585 = DIRECTION('',(-9.9503719021E-02,0.99503719021));
#8586 = ( GEOMETRIC_REPRESENTATION_CONTEXT(2) 
PARAMETRIC_REPRESENTATION_CONTEXT() REPRESENTATION_CONTEXT('2D SPACE',''
  ) );
#8587 = ADVANCED_FACE('',(#8588),#5831,.T.);
#8588 = FACE_BOUND('',#8589,.T.);
#8589 = EDGE_LOOP('',(#8590,#8614,#8637,#8657,#8658,#8659));
#8590 = ORIENTED_EDGE('',*,*,#8591,.F.);
#8591 = EDGE_CURVE('',#8592,#8594,#8596,.T.);
#8592 = VERTEX_POINT('',#8593);
#8593 = CARTESIAN_POINT('',(-25.96410161513,36.9711431703,0.));
#8594 = VERTEX_POINT('',#8595);
#8595 = CARTESIAN_POINT('',(-45.,-1.5,35.));
#8596 = SURFACE_CURVE('',#8597,(#8600,#8607),.PCURVE_S1.);
#8597 = B_SPLINE_CURVE_WITH_KNOTS('',1,(#8598,#8599),.UNSPECIFIED.,.F.,
  .F.,(2,2),(0.,1.),.PIECEWISE_BEZIER_KNOTS.);
#8598 = CARTESIAN_POINT('',(-25.96410161513,36.9711431703,0.));
#8599 = CARTESIAN_POINT('',(-45.,-1.5,35.));
#8600 = PCURVE('',#5831,#8601);
#8601 = DEFINITIONAL_REPRESENTATION('',(#8602),#8606);
#8602 = LINE('',#8603,#8604);
#8603 = CARTESIAN_POINT('',(0.,0.));
#8604 = VECTOR('',#8605,1.);
#8605 = DIRECTION('',(0.,1.));
#8606 = ( GEOMETRIC_REPRESENTATION_CONTEXT(2) 
PARAMETRIC_REPRESENTATION_CONTEXT() REPRESENTATION_CONTEXT('2D SPACE',''
  ) );
#8607 = PCURVE('',#8111,#8608);
#8608 = DEFINITIONAL_REPRESENTATION('',(#8609),#8613);
#8609 = LINE('',#8610,#8611);
#8610 = CARTESIAN_POINT('',(8.,0.));
#8611 = VECTOR('',#8612,1.);
#8612 = DIRECTION('',(0.,1.));
#8613 = ( GEOMETRIC_REPRESENTATION_CONTEXT(2) 
PARAMETRIC_REPRESENTATION_CONTEXT() REPRESENTATION_CONTEXT('2D SPACE',''
  ) );
#8614 = ORIENTED_EDGE('',*,*,#8615,.T.);
#8615 = EDGE_CURVE('',#8592,#8616,#8618,.T.);
#8616 = VERTEX_POINT('',#8617);
#8617 = CARTESIAN_POINT('',(-10.96410161513,10.990381056767,0.));
#8618 = SURFACE_CURVE('',#8619,(#8623,#8630),.PCURVE_S1.);
#8619 = LINE('',#8620,#8621);
#8620 = CARTESIAN_POINT('',(-25.96410161513,36.9711431703,0.));
#8621 = VECTOR('',#8622,1.);
#8622 = DIRECTION('',(0.5,-0.866025403784,0.));
#8623 = PCURVE('',#5831,#8624);
#8624 = DEFINITIONAL_REPRESENTATION('',(#8625),#8629);
#8625 = LINE('',#8626,#8627);
#8626 = CARTESIAN_POINT('',(0.,0.));
#8627 = VECTOR('',#8628,1.);
#8628 = DIRECTION('',(1.,0.));
#8629 = ( GEOMETRIC_REPRESENTATION_CONTEXT(2) 
PARAMETRIC_REPRESENTATION_CONTEXT() REPRESENTATION_CONTEXT('2D SPACE',''
  ) );
#8630 = PCURVE('',#8037,#8631);
#8631 = DEFINITIONAL_REPRESENTATION('',(#8632),#8636);
#8632 = LINE('',#8633,#8634);
#8633 = CARTESIAN_POINT('',(31.04834939252,1.7763568394E-15));
#8634 = VECTOR('',#8635,1.);
#8635 = DIRECTION('',(-0.966234939601,-0.25766265056));
#8636 = ( GEOMETRIC_REPRESENTATION_CONTEXT(2) 
PARAMETRIC_REPRESENTATION_CONTEXT() REPRESENTATION_CONTEXT('2D SPACE',''
  ) );
#8637 = ORIENTED_EDGE('',*,*,#8638,.T.);
#8638 = EDGE_CURVE('',#8616,#5688,#8639,.T.);
#8639 = SURFACE_CURVE('',#8640,(#8643,#8650),.PCURVE_S1.);
#8640 = B_SPLINE_CURVE_WITH_KNOTS('',1,(#8641,#8642),.UNSPECIFIED.,.F.,
  .F.,(2,2),(0.,1.),.PIECEWISE_BEZIER_KNOTS.);
#8641 = CARTESIAN_POINT('',(-10.96410161513,10.990381056767,0.));
#8642 = CARTESIAN_POINT('',(-15.,-1.5,35.));
#8643 = PCURVE('',#5831,#8644);
#8644 = DEFINITIONAL_REPRESENTATION('',(#8645),#8649);
#8645 = LINE('',#8646,#8647);
#8646 = CARTESIAN_POINT('',(30.,0.));
#8647 = VECTOR('',#8648,1.);
#8648 = DIRECTION('',(0.,1.));
#8649 = ( GEOMETRIC_REPRESENTATION_CONTEXT(2) 
PARAMETRIC_REPRESENTATION_CONTEXT() REPRESENTATION_CONTEXT('2D SPACE',''
  ) );
#8650 = PCURVE('',#5743,#8651);
#8651 = DEFINITIONAL_REPRESENTATION('',(#8652),#8656);
#8652 = LINE('',#8653,#8654);
#8653 = CARTESIAN_POINT('',(0.,0.));
#8654 = VECTOR('',#8655,1.);
#8655 = DIRECTION('',(0.,1.));
#8656 = ( GEOMETRIC_REPRESENTATION_CONTEXT(2) 
PARAMETRIC_REPRESENTATION_CONTEXT() REPRESENTATION_CONTEXT('2D SPACE',''
  ) );
#8657 = ORIENTED_EDGE('',*,*,#5775,.T.);
#8658 = ORIENTED_EDGE('',*,*,#8545,.T.);
#8659 = ORIENTED_EDGE('',*,*,#8660,.F.);
#8660 = EDGE_CURVE('',#8594,#8546,#8661,.T.);
#8661 = SURFACE_CURVE('',#8662,(#8666,#8673),.PCURVE_S1.);
#8662 = LINE('',#8663,#8664);
#8663 = CARTESIAN_POINT('',(-45.,-1.5,35.));
#8664 = VECTOR('',#8665,1.);
#8665 = DIRECTION('',(1.,-3.330669073875E-16,0.));
#8666 = PCURVE('',#5831,#8667);
#8667 = DEFINITIONAL_REPRESENTATION('',(#8668),#8672);
#8668 = LINE('',#8669,#8670);
#8669 = CARTESIAN_POINT('',(0.,1.));
#8670 = VECTOR('',#8671,1.);
#8671 = DIRECTION('',(1.,0.));
#8672 = ( GEOMETRIC_REPRESENTATION_CONTEXT(2) 
PARAMETRIC_REPRESENTATION_CONTEXT() REPRESENTATION_CONTEXT('2D SPACE',''
  ) );
#8673 = PCURVE('',#8139,#8674);
#8674 = DEFINITIONAL_REPRESENTATION('',(#8675),#8679);
#8675 = LINE('',#8676,#8677);
#8676 = CARTESIAN_POINT('',(30.149626863363,-3.10862446895E-15));
#8677 = VECTOR('',#8678,1.);
#8678 = DIRECTION('',(-0.99503719021,-9.9503719021E-02));
#8679 = ( GEOMETRIC_REPRESENTATION_CONTEXT(2) 
PARAMETRIC_REPRESENTATION_CONTEXT() REPRESENTATION_CONTEXT('2D SPACE',''
  ) );
#8680 = ADVANCED_FACE('',(#8681),#5743,.T.);
#8681 = FACE_BOUND('',#8682,.T.);
#8682 = EDGE_LOOP('',(#8683,#8684,#8705));
#8683 = ORIENTED_EDGE('',*,*,#8638,.F.);
#8684 = ORIENTED_EDGE('',*,*,#8685,.T.);
#8685 = EDGE_CURVE('',#8616,#2336,#8686,.T.);
#8686 = SURFACE_CURVE('',#8687,(#8691,#8698),.PCURVE_S1.);
#8687 = LINE('',#8688,#8689);
#8688 = CARTESIAN_POINT('',(-10.96410161513,10.990381056767,0.));
#8689 = VECTOR('',#8690,1.);
#8690 = DIRECTION('',(0.866025403784,0.5,0.));
#8691 = PCURVE('',#5743,#8692);
#8692 = DEFINITIONAL_REPRESENTATION('',(#8693),#8697);
#8693 = LINE('',#8694,#8695);
#8694 = CARTESIAN_POINT('',(0.,0.));
#8695 = VECTOR('',#8696,1.);
#8696 = DIRECTION('',(1.,0.));
#8697 = ( GEOMETRIC_REPRESENTATION_CONTEXT(2) 
PARAMETRIC_REPRESENTATION_CONTEXT() REPRESENTATION_CONTEXT('2D SPACE',''
  ) );
#8698 = PCURVE('',#8037,#8699);
#8699 = DEFINITIONAL_REPRESENTATION('',(#8700),#8704);
#8700 = LINE('',#8701,#8702);
#8701 = CARTESIAN_POINT('',(2.061301204483,-7.72987951681));
#8702 = VECTOR('',#8703,1.);
#8703 = DIRECTION('',(-0.25766265056,0.966234939601));
#8704 = ( GEOMETRIC_REPRESENTATION_CONTEXT(2) 
PARAMETRIC_REPRESENTATION_CONTEXT() REPRESENTATION_CONTEXT('2D SPACE',''
  ) );
#8705 = ORIENTED_EDGE('',*,*,#5687,.F.);
#8706 = ADVANCED_FACE('',(#8707),#5663,.T.);
#8707 = FACE_BOUND('',#8708,.T.);
#8708 = EDGE_LOOP('',(#8709,#8710,#8733));
#8709 = ORIENTED_EDGE('',*,*,#5627,.T.);
#8710 = ORIENTED_EDGE('',*,*,#8711,.T.);
#8711 = EDGE_CURVE('',#2360,#8712,#8714,.T.);
#8712 = VERTEX_POINT('',#8713);
#8713 = CARTESIAN_POINT('',(-15.,4.,0.));
#8714 = SURFACE_CURVE('',#8715,(#8719,#8726),.PCURVE_S1.);
#8715 = LINE('',#8716,#8717);
#8716 = CARTESIAN_POINT('',(-15.,-4.,0.));
#8717 = VECTOR('',#8718,1.);
#8718 = DIRECTION('',(1.224646799147E-16,1.,0.));
#8719 = PCURVE('',#5663,#8720);
#8720 = DEFINITIONAL_REPRESENTATION('',(#8721),#8725);
#8721 = LINE('',#8722,#8723);
#8722 = CARTESIAN_POINT('',(0.,0.));
#8723 = VECTOR('',#8724,1.);
#8724 = DIRECTION('',(1.,0.));
#8725 = ( GEOMETRIC_REPRESENTATION_CONTEXT(2) 
PARAMETRIC_REPRESENTATION_CONTEXT() REPRESENTATION_CONTEXT('2D SPACE',''
  ) );
#8726 = PCURVE('',#8296,#8727);
#8727 = DEFINITIONAL_REPRESENTATION('',(#8728),#8732);
#8728 = LINE('',#8729,#8730);
#8729 = CARTESIAN_POINT('',(2.061301204483,-7.72987951681));
#8730 = VECTOR('',#8731,1.);
#8731 = DIRECTION('',(-0.25766265056,0.966234939601));
#8732 = ( GEOMETRIC_REPRESENTATION_CONTEXT(2) 
PARAMETRIC_REPRESENTATION_CONTEXT() REPRESENTATION_CONTEXT('2D SPACE',''
  ) );
#8733 = ORIENTED_EDGE('',*,*,#8734,.T.);
#8734 = EDGE_CURVE('',#8712,#5531,#8735,.T.);
#8735 = SURFACE_CURVE('',#8736,(#8739,#8746),.PCURVE_S1.);
#8736 = B_SPLINE_CURVE_WITH_KNOTS('',1,(#8737,#8738),.UNSPECIFIED.,.F.,
  .F.,(2,2),(0.,1.),.PIECEWISE_BEZIER_KNOTS.);
#8737 = CARTESIAN_POINT('',(-15.,4.,0.));
#8738 = CARTESIAN_POINT('',(-8.799038105677,-12.24038105676,35.));
#8739 = PCURVE('',#5663,#8740);
#8740 = DEFINITIONAL_REPRESENTATION('',(#8741),#8745);
#8741 = LINE('',#8742,#8743);
#8742 = CARTESIAN_POINT('',(8.,0.));
#8743 = VECTOR('',#8744,1.);
#8744 = DIRECTION('',(0.,1.));
#8745 = ( GEOMETRIC_REPRESENTATION_CONTEXT(2) 
PARAMETRIC_REPRESENTATION_CONTEXT() REPRESENTATION_CONTEXT('2D SPACE',''
  ) );
#8746 = PCURVE('',#5592,#8747);
#8747 = DEFINITIONAL_REPRESENTATION('',(#8748),#8752);
#8748 = LINE('',#8749,#8750);
#8749 = CARTESIAN_POINT('',(0.,0.));
#8750 = VECTOR('',#8751,1.);
#8751 = DIRECTION('',(0.,1.));
#8752 = ( GEOMETRIC_REPRESENTATION_CONTEXT(2) 
PARAMETRIC_REPRESENTATION_CONTEXT() REPRESENTATION_CONTEXT('2D SPACE',''
  ) );
#8753 = ADVANCED_FACE('',(#8754),#5592,.T.);
#8754 = FACE_BOUND('',#8755,.T.);
#8755 = EDGE_LOOP('',(#8756,#8757,#8780,#8802,#8825,#8845));
#8756 = ORIENTED_EDGE('',*,*,#8734,.F.);
#8757 = ORIENTED_EDGE('',*,*,#8758,.T.);
#8758 = EDGE_CURVE('',#8712,#8759,#8761,.T.);
#8759 = VERTEX_POINT('',#8760);
#8760 = CARTESIAN_POINT('',(-45.,4.,0.));
#8761 = SURFACE_CURVE('',#8762,(#8766,#8773),.PCURVE_S1.);
#8762 = LINE('',#8763,#8764);
#8763 = CARTESIAN_POINT('',(-15.,4.,0.));
#8764 = VECTOR('',#8765,1.);
#8765 = DIRECTION('',(-1.,1.224646799147E-16,0.));
#8766 = PCURVE('',#5592,#8767);
#8767 = DEFINITIONAL_REPRESENTATION('',(#8768),#8772);
#8768 = LINE('',#8769,#8770);
#8769 = CARTESIAN_POINT('',(0.,0.));
#8770 = VECTOR('',#8771,1.);
#8771 = DIRECTION('',(1.,0.));
#8772 = ( GEOMETRIC_REPRESENTATION_CONTEXT(2) 
PARAMETRIC_REPRESENTATION_CONTEXT() REPRESENTATION_CONTEXT('2D SPACE',''
  ) );
#8773 = PCURVE('',#8296,#8774);
#8774 = DEFINITIONAL_REPRESENTATION('',(#8775),#8779);
#8775 = LINE('',#8776,#8777);
#8776 = CARTESIAN_POINT('',(0.,0.));
#8777 = VECTOR('',#8778,1.);
#8778 = DIRECTION('',(0.966234939601,0.25766265056));
#8779 = ( GEOMETRIC_REPRESENTATION_CONTEXT(2) 
PARAMETRIC_REPRESENTATION_CONTEXT() REPRESENTATION_CONTEXT('2D SPACE',''
  ) );
#8780 = ORIENTED_EDGE('',*,*,#8781,.T.);
#8781 = EDGE_CURVE('',#8759,#8782,#8784,.T.);
#8782 = VERTEX_POINT('',#8783);
#8783 = CARTESIAN_POINT('',(-23.79903810567,-38.2211431703,35.));
#8784 = SURFACE_CURVE('',#8785,(#8788,#8795),.PCURVE_S1.);
#8785 = B_SPLINE_CURVE_WITH_KNOTS('',1,(#8786,#8787),.UNSPECIFIED.,.F.,
  .F.,(2,2),(0.,1.),.PIECEWISE_BEZIER_KNOTS.);
#8786 = CARTESIAN_POINT('',(-45.,4.,0.));
#8787 = CARTESIAN_POINT('',(-23.79903810567,-38.2211431703,35.));
#8788 = PCURVE('',#5592,#8789);
#8789 = DEFINITIONAL_REPRESENTATION('',(#8790),#8794);
#8790 = LINE('',#8791,#8792);
#8791 = CARTESIAN_POINT('',(30.,0.));
#8792 = VECTOR('',#8793,1.);
#8793 = DIRECTION('',(0.,1.));
#8794 = ( GEOMETRIC_REPRESENTATION_CONTEXT(2) 
PARAMETRIC_REPRESENTATION_CONTEXT() REPRESENTATION_CONTEXT('2D SPACE',''
  ) );
#8795 = PCURVE('',#8268,#8796);
#8796 = DEFINITIONAL_REPRESENTATION('',(#8797),#8801);
#8797 = LINE('',#8798,#8799);
#8798 = CARTESIAN_POINT('',(0.,0.));
#8799 = VECTOR('',#8800,1.);
#8800 = DIRECTION('',(0.,1.));
#8801 = ( GEOMETRIC_REPRESENTATION_CONTEXT(2) 
PARAMETRIC_REPRESENTATION_CONTEXT() REPRESENTATION_CONTEXT('2D SPACE',''
  ) );
#8802 = ORIENTED_EDGE('',*,*,#8803,.F.);
#8803 = EDGE_CURVE('',#8804,#8782,#8806,.T.);
#8804 = VERTEX_POINT('',#8805);
#8805 = CARTESIAN_POINT('',(-8.799038105677,-12.24038105676,35.));
#8806 = SURFACE_CURVE('',#8807,(#8811,#8818),.PCURVE_S1.);
#8807 = LINE('',#8808,#8809);
#8808 = CARTESIAN_POINT('',(-8.799038105677,-12.24038105676,35.));
#8809 = VECTOR('',#8810,1.);
#8810 = DIRECTION('',(-0.5,-0.866025403784,0.));
#8811 = PCURVE('',#5592,#8812);
#8812 = DEFINITIONAL_REPRESENTATION('',(#8813),#8817);
#8813 = LINE('',#8814,#8815);
#8814 = CARTESIAN_POINT('',(0.,1.));
#8815 = VECTOR('',#8816,1.);
#8816 = DIRECTION('',(1.,0.));
#8817 = ( GEOMETRIC_REPRESENTATION_CONTEXT(2) 
PARAMETRIC_REPRESENTATION_CONTEXT() REPRESENTATION_CONTEXT('2D SPACE',''
  ) );
#8818 = PCURVE('',#8236,#8819);
#8819 = DEFINITIONAL_REPRESENTATION('',(#8820),#8824);
#8820 = LINE('',#8821,#8822);
#8821 = CARTESIAN_POINT('',(0.,0.));
#8822 = VECTOR('',#8823,1.);
#8823 = DIRECTION('',(0.99503719021,9.9503719021E-02));
#8824 = ( GEOMETRIC_REPRESENTATION_CONTEXT(2) 
PARAMETRIC_REPRESENTATION_CONTEXT() REPRESENTATION_CONTEXT('2D SPACE',''
  ) );
#8825 = ORIENTED_EDGE('',*,*,#8826,.F.);
#8826 = EDGE_CURVE('',#5482,#8804,#8827,.T.);
#8827 = SURFACE_CURVE('',#8828,(#8831,#8838),.PCURVE_S1.);
#8828 = B_SPLINE_CURVE_WITH_KNOTS('',1,(#8829,#8830),.UNSPECIFIED.,.F.,
  .F.,(2,2),(0.,1.),.PIECEWISE_BEZIER_KNOTS.);
#8829 = CARTESIAN_POINT('',(-15.,4.,0.));
#8830 = CARTESIAN_POINT('',(-8.799038105677,-12.24038105676,35.));
#8831 = PCURVE('',#5592,#8832);
#8832 = DEFINITIONAL_REPRESENTATION('',(#8833),#8837);
#8833 = LINE('',#8834,#8835);
#8834 = CARTESIAN_POINT('',(0.,0.));
#8835 = VECTOR('',#8836,1.);
#8836 = DIRECTION('',(0.,1.));
#8837 = ( GEOMETRIC_REPRESENTATION_CONTEXT(2) 
PARAMETRIC_REPRESENTATION_CONTEXT() REPRESENTATION_CONTEXT('2D SPACE',''
  ) );
#8838 = PCURVE('',#5511,#8839);
#8839 = DEFINITIONAL_REPRESENTATION('',(#8840),#8844);
#8840 = LINE('',#8841,#8842);
#8841 = CARTESIAN_POINT('',(8.,0.));
#8842 = VECTOR('',#8843,1.);
#8843 = DIRECTION('',(0.,1.));
#8844 = ( GEOMETRIC_REPRESENTATION_CONTEXT(2) 
PARAMETRIC_REPRESENTATION_CONTEXT() REPRESENTATION_CONTEXT('2D SPACE',''
  ) );
#8845 = ORIENTED_EDGE('',*,*,#5530,.T.);
#8846 = ADVANCED_FACE('',(#8847),#5511,.T.);
#8847 = FACE_BOUND('',#8848,.T.);
#8848 = EDGE_LOOP('',(#8849,#8850,#8851));
#8849 = ORIENTED_EDGE('',*,*,#5481,.F.);
#8850 = ORIENTED_EDGE('',*,*,#8826,.T.);
#8851 = ORIENTED_EDGE('',*,*,#8852,.F.);
#8852 = EDGE_CURVE('',#678,#8804,#8853,.T.);
#8853 = SURFACE_CURVE('',#8854,(#8858,#8864),.PCURVE_S1.);
#8854 = LINE('',#8855,#8856);
#8855 = CARTESIAN_POINT('',(-6.200961894323,-13.74038105676,35.));
#8856 = VECTOR('',#8857,1.);
#8857 = DIRECTION('',(-0.866025403784,0.5,0.));
#8858 = PCURVE('',#5511,#8859);
#8859 = DEFINITIONAL_REPRESENTATION('',(#8860),#8863);
#8860 = B_SPLINE_CURVE_WITH_KNOTS('',1,(#8861,#8862),.UNSPECIFIED.,.F.,
  .F.,(2,2),(0.,3.),.PIECEWISE_BEZIER_KNOTS.);
#8861 = CARTESIAN_POINT('',(0.,1.));
#8862 = CARTESIAN_POINT('',(8.,1.));
#8863 = ( GEOMETRIC_REPRESENTATION_CONTEXT(2) 
PARAMETRIC_REPRESENTATION_CONTEXT() REPRESENTATION_CONTEXT('2D SPACE',''
  ) );
#8864 = PCURVE('',#8236,#8865);
#8865 = DEFINITIONAL_REPRESENTATION('',(#8866),#8870);
#8866 = LINE('',#8867,#8868);
#8867 = CARTESIAN_POINT('',(0.298511157063,-2.98511157063));
#8868 = VECTOR('',#8869,1.);
#8869 = DIRECTION('',(-9.9503719021E-02,0.99503719021));
#8870 = ( GEOMETRIC_REPRESENTATION_CONTEXT(2) 
PARAMETRIC_REPRESENTATION_CONTEXT() REPRESENTATION_CONTEXT('2D SPACE',''
  ) );
#8871 = ADVANCED_FACE('',(#8872),#7394,.T.);
#8872 = FACE_BOUND('',#8873,.F.);
#8873 = EDGE_LOOP('',(#8874,#8875,#8896,#8897,#8898));
#8874 = ORIENTED_EDGE('',*,*,#7430,.T.);
#8875 = ORIENTED_EDGE('',*,*,#8876,.T.);
#8876 = EDGE_CURVE('',#7431,#7902,#8877,.T.);
#8877 = SURFACE_CURVE('',#8878,(#8882,#8889),.PCURVE_S1.);
#8878 = LINE('',#8879,#8880);
#8879 = CARTESIAN_POINT('',(25.964101615138,36.9711431703,0.));
#8880 = VECTOR('',#8881,1.);
#8881 = DIRECTION('',(-0.866025403784,0.5,0.));
#8882 = PCURVE('',#7394,#8883);
#8883 = DEFINITIONAL_REPRESENTATION('',(#8884),#8888);
#8884 = LINE('',#8885,#8886);
#8885 = CARTESIAN_POINT('',(28.987048188037,7.72987951681));
#8886 = VECTOR('',#8887,1.);
#8887 = DIRECTION('',(0.25766265056,-0.966234939601));
#8888 = ( GEOMETRIC_REPRESENTATION_CONTEXT(2) 
PARAMETRIC_REPRESENTATION_CONTEXT() REPRESENTATION_CONTEXT('2D SPACE',''
  ) );
#8889 = PCURVE('',#7468,#8890);
#8890 = DEFINITIONAL_REPRESENTATION('',(#8891),#8895);
#8891 = LINE('',#8892,#8893);
#8892 = CARTESIAN_POINT('',(0.,0.));
#8893 = VECTOR('',#8894,1.);
#8894 = DIRECTION('',(1.,0.));
#8895 = ( GEOMETRIC_REPRESENTATION_CONTEXT(2) 
PARAMETRIC_REPRESENTATION_CONTEXT() REPRESENTATION_CONTEXT('2D SPACE',''
  ) );
#8896 = ORIENTED_EDGE('',*,*,#7925,.T.);
#8897 = ORIENTED_EDGE('',*,*,#7995,.T.);
#8898 = ORIENTED_EDGE('',*,*,#7378,.T.);
#8899 = ADVANCED_FACE('',(#8900),#7496,.F.);
#8900 = FACE_BOUND('',#8901,.T.);
#8901 = EDGE_LOOP('',(#8902,#8903,#8923,#8924,#8925));
#8902 = ORIENTED_EDGE('',*,*,#7480,.T.);
#8903 = ORIENTED_EDGE('',*,*,#8904,.T.);
#8904 = EDGE_CURVE('',#7454,#7904,#8905,.T.);
#8905 = SURFACE_CURVE('',#8906,(#8910,#8917),.PCURVE_S1.);
#8906 = LINE('',#8907,#8908);
#8907 = CARTESIAN_POINT('',(-21.20096189432,39.7211431703,35.));
#8908 = VECTOR('',#8909,1.);
#8909 = DIRECTION('',(-0.866025403784,-0.5,0.));
#8910 = PCURVE('',#7496,#8911);
#8911 = DEFINITIONAL_REPRESENTATION('',(#8912),#8916);
#8912 = LINE('',#8913,#8914);
#8913 = CARTESIAN_POINT('',(29.8511157063,2.98511157063));
#8914 = VECTOR('',#8915,1.);
#8915 = DIRECTION('',(9.9503719021E-02,-0.99503719021));
#8916 = ( GEOMETRIC_REPRESENTATION_CONTEXT(2) 
PARAMETRIC_REPRESENTATION_CONTEXT() REPRESENTATION_CONTEXT('2D SPACE',''
  ) );
#8917 = PCURVE('',#7468,#8918);
#8918 = DEFINITIONAL_REPRESENTATION('',(#8919),#8922);
#8919 = B_SPLINE_CURVE_WITH_KNOTS('',1,(#8920,#8921),.UNSPECIFIED.,.F.,
  .F.,(2,2),(0.,3.),.PIECEWISE_BEZIER_KNOTS.);
#8920 = CARTESIAN_POINT('',(0.,1.));
#8921 = CARTESIAN_POINT('',(8.,1.));
#8922 = ( GEOMETRIC_REPRESENTATION_CONTEXT(2) 
PARAMETRIC_REPRESENTATION_CONTEXT() REPRESENTATION_CONTEXT('2D SPACE',''
  ) );
#8923 = ORIENTED_EDGE('',*,*,#7970,.T.);
#8924 = ORIENTED_EDGE('',*,*,#7878,.T.);
#8925 = ORIENTED_EDGE('',*,*,#7534,.T.);
#8926 = ADVANCED_FACE('',(#8927),#7468,.T.);
#8927 = FACE_BOUND('',#8928,.T.);
#8928 = EDGE_LOOP('',(#8929,#8930,#8931,#8932));
#8929 = ORIENTED_EDGE('',*,*,#8876,.T.);
#8930 = ORIENTED_EDGE('',*,*,#7901,.T.);
#8931 = ORIENTED_EDGE('',*,*,#8904,.F.);
#8932 = ORIENTED_EDGE('',*,*,#7453,.F.);
#8933 = ADVANCED_FACE('',(#8934),#7652,.F.);
#8934 = FACE_BOUND('',#8935,.T.);
#8935 = EDGE_LOOP('',(#8936,#8937,#8957,#8958,#8959));
#8936 = ORIENTED_EDGE('',*,*,#8473,.T.);
#8937 = ORIENTED_EDGE('',*,*,#8938,.T.);
#8938 = EDGE_CURVE('',#8452,#7670,#8939,.T.);
#8939 = SURFACE_CURVE('',#8940,(#8944,#8951),.PCURVE_S1.);
#8940 = LINE('',#8941,#8942);
#8941 = CARTESIAN_POINT('',(21.200961894323,-39.7211431703,35.));
#8942 = VECTOR('',#8943,1.);
#8943 = DIRECTION('',(0.866025403784,0.5,0.));
#8944 = PCURVE('',#7652,#8945);
#8945 = DEFINITIONAL_REPRESENTATION('',(#8946),#8950);
#8946 = LINE('',#8947,#8948);
#8947 = CARTESIAN_POINT('',(29.8511157063,2.98511157063));
#8948 = VECTOR('',#8949,1.);
#8949 = DIRECTION('',(9.9503719021E-02,-0.99503719021));
#8950 = ( GEOMETRIC_REPRESENTATION_CONTEXT(2) 
PARAMETRIC_REPRESENTATION_CONTEXT() REPRESENTATION_CONTEXT('2D SPACE',''
  ) );
#8951 = PCURVE('',#7684,#8952);
#8952 = DEFINITIONAL_REPRESENTATION('',(#8953),#8956);
#8953 = B_SPLINE_CURVE_WITH_KNOTS('',1,(#8954,#8955),.UNSPECIFIED.,.F.,
  .F.,(2,2),(0.,3.),.PIECEWISE_BEZIER_KNOTS.);
#8954 = CARTESIAN_POINT('',(0.,1.));
#8955 = CARTESIAN_POINT('',(8.,1.));
#8956 = ( GEOMETRIC_REPRESENTATION_CONTEXT(2) 
PARAMETRIC_REPRESENTATION_CONTEXT() REPRESENTATION_CONTEXT('2D SPACE',''
  ) );
#8957 = ORIENTED_EDGE('',*,*,#7746,.T.);
#8958 = ORIENTED_EDGE('',*,*,#7639,.T.);
#8959 = ORIENTED_EDGE('',*,*,#8522,.T.);
#8960 = ADVANCED_FACE('',(#8961),#7684,.T.);
#8961 = FACE_BOUND('',#8962,.T.);
#8962 = EDGE_LOOP('',(#8963,#8984,#8985,#8986));
#8963 = ORIENTED_EDGE('',*,*,#8964,.T.);
#8964 = EDGE_CURVE('',#8429,#7668,#8965,.T.);
#8965 = SURFACE_CURVE('',#8966,(#8970,#8977),.PCURVE_S1.);
#8966 = LINE('',#8967,#8968);
#8967 = CARTESIAN_POINT('',(-25.96410161513,-36.9711431703,0.));
#8968 = VECTOR('',#8969,1.);
#8969 = DIRECTION('',(0.866025403784,-0.5,0.));
#8970 = PCURVE('',#7684,#8971);
#8971 = DEFINITIONAL_REPRESENTATION('',(#8972),#8976);
#8972 = LINE('',#8973,#8974);
#8973 = CARTESIAN_POINT('',(0.,0.));
#8974 = VECTOR('',#8975,1.);
#8975 = DIRECTION('',(1.,0.));
#8976 = ( GEOMETRIC_REPRESENTATION_CONTEXT(2) 
PARAMETRIC_REPRESENTATION_CONTEXT() REPRESENTATION_CONTEXT('2D SPACE',''
  ) );
#8977 = PCURVE('',#7712,#8978);
#8978 = DEFINITIONAL_REPRESENTATION('',(#8979),#8983);
#8979 = LINE('',#8980,#8981);
#8980 = CARTESIAN_POINT('',(28.987048188037,7.72987951681));
#8981 = VECTOR('',#8982,1.);
#8982 = DIRECTION('',(0.25766265056,-0.966234939601));
#8983 = ( GEOMETRIC_REPRESENTATION_CONTEXT(2) 
PARAMETRIC_REPRESENTATION_CONTEXT() REPRESENTATION_CONTEXT('2D SPACE',''
  ) );
#8984 = ORIENTED_EDGE('',*,*,#7667,.T.);
#8985 = ORIENTED_EDGE('',*,*,#8938,.F.);
#8986 = ORIENTED_EDGE('',*,*,#8451,.F.);
#8987 = ADVANCED_FACE('',(#8988),#7712,.T.);
#8988 = FACE_BOUND('',#8989,.F.);
#8989 = EDGE_LOOP('',(#8990,#8991,#8992,#8993,#8994));
#8990 = ORIENTED_EDGE('',*,*,#8428,.T.);
#8991 = ORIENTED_EDGE('',*,*,#8964,.T.);
#8992 = ORIENTED_EDGE('',*,*,#7696,.T.);
#8993 = ORIENTED_EDGE('',*,*,#7771,.T.);
#8994 = ORIENTED_EDGE('',*,*,#8381,.T.);
#8995 = ADVANCED_FACE('',(#8996),#8037,.T.);
#8996 = FACE_BOUND('',#8997,.F.);
#8997 = EDGE_LOOP('',(#8998,#8999,#9020,#9021,#9022));
#8998 = ORIENTED_EDGE('',*,*,#8073,.T.);
#8999 = ORIENTED_EDGE('',*,*,#9000,.T.);
#9000 = EDGE_CURVE('',#8074,#8592,#9001,.T.);
#9001 = SURFACE_CURVE('',#9002,(#9006,#9013),.PCURVE_S1.);
#9002 = LINE('',#9003,#9004);
#9003 = CARTESIAN_POINT('',(-19.03589838486,40.9711431703,0.));
#9004 = VECTOR('',#9005,1.);
#9005 = DIRECTION('',(-0.866025403784,-0.5,0.));
#9006 = PCURVE('',#8037,#9007);
#9007 = DEFINITIONAL_REPRESENTATION('',(#9008),#9012);
#9008 = LINE('',#9009,#9010);
#9009 = CARTESIAN_POINT('',(28.987048188037,7.72987951681));
#9010 = VECTOR('',#9011,1.);
#9011 = DIRECTION('',(0.25766265056,-0.966234939601));
#9012 = ( GEOMETRIC_REPRESENTATION_CONTEXT(2) 
PARAMETRIC_REPRESENTATION_CONTEXT() REPRESENTATION_CONTEXT('2D SPACE',''
  ) );
#9013 = PCURVE('',#8111,#9014);
#9014 = DEFINITIONAL_REPRESENTATION('',(#9015),#9019);
#9015 = LINE('',#9016,#9017);
#9016 = CARTESIAN_POINT('',(0.,0.));
#9017 = VECTOR('',#9018,1.);
#9018 = DIRECTION('',(1.,0.));
#9019 = ( GEOMETRIC_REPRESENTATION_CONTEXT(2) 
PARAMETRIC_REPRESENTATION_CONTEXT() REPRESENTATION_CONTEXT('2D SPACE',''
  ) );
#9020 = ORIENTED_EDGE('',*,*,#8615,.T.);
#9021 = ORIENTED_EDGE('',*,*,#8685,.T.);
#9022 = ORIENTED_EDGE('',*,*,#8021,.T.);
#9023 = ADVANCED_FACE('',(#9024),#8139,.F.);
#9024 = FACE_BOUND('',#9025,.T.);
#9025 = EDGE_LOOP('',(#9026,#9027,#9047,#9048,#9049));
#9026 = ORIENTED_EDGE('',*,*,#8123,.T.);
#9027 = ORIENTED_EDGE('',*,*,#9028,.T.);
#9028 = EDGE_CURVE('',#8097,#8594,#9029,.T.);
#9029 = SURFACE_CURVE('',#9030,(#9034,#9041),.PCURVE_S1.);
#9030 = LINE('',#9031,#9032);
#9031 = CARTESIAN_POINT('',(-45.,1.5,35.));
#9032 = VECTOR('',#9033,1.);
#9033 = DIRECTION('',(-3.330669073875E-16,-1.,0.));
#9034 = PCURVE('',#8139,#9035);
#9035 = DEFINITIONAL_REPRESENTATION('',(#9036),#9040);
#9036 = LINE('',#9037,#9038);
#9037 = CARTESIAN_POINT('',(29.8511157063,2.98511157063));
#9038 = VECTOR('',#9039,1.);
#9039 = DIRECTION('',(9.9503719021E-02,-0.99503719021));
#9040 = ( GEOMETRIC_REPRESENTATION_CONTEXT(2) 
PARAMETRIC_REPRESENTATION_CONTEXT() REPRESENTATION_CONTEXT('2D SPACE',''
  ) );
#9041 = PCURVE('',#8111,#9042);
#9042 = DEFINITIONAL_REPRESENTATION('',(#9043),#9046);
#9043 = B_SPLINE_CURVE_WITH_KNOTS('',1,(#9044,#9045),.UNSPECIFIED.,.F.,
  .F.,(2,2),(0.,3.),.PIECEWISE_BEZIER_KNOTS.);
#9044 = CARTESIAN_POINT('',(0.,1.));
#9045 = CARTESIAN_POINT('',(8.,1.));
#9046 = ( GEOMETRIC_REPRESENTATION_CONTEXT(2) 
PARAMETRIC_REPRESENTATION_CONTEXT() REPRESENTATION_CONTEXT('2D SPACE',''
  ) );
#9047 = ORIENTED_EDGE('',*,*,#8660,.T.);
#9048 = ORIENTED_EDGE('',*,*,#8568,.T.);
#9049 = ORIENTED_EDGE('',*,*,#8177,.T.);
#9050 = ADVANCED_FACE('',(#9051),#8111,.T.);
#9051 = FACE_BOUND('',#9052,.T.);
#9052 = EDGE_LOOP('',(#9053,#9054,#9055,#9056));
#9053 = ORIENTED_EDGE('',*,*,#9000,.T.);
#9054 = ORIENTED_EDGE('',*,*,#8591,.T.);
#9055 = ORIENTED_EDGE('',*,*,#9028,.F.);
#9056 = ORIENTED_EDGE('',*,*,#8096,.F.);
#9057 = ADVANCED_FACE('',(#9058),#8236,.F.);
#9058 = FACE_BOUND('',#9059,.T.);
#9059 = EDGE_LOOP('',(#9060,#9061,#9081,#9082,#9083));
#9060 = ORIENTED_EDGE('',*,*,#8803,.T.);
#9061 = ORIENTED_EDGE('',*,*,#9062,.T.);
#9062 = EDGE_CURVE('',#8782,#8254,#9063,.T.);
#9063 = SURFACE_CURVE('',#9064,(#9068,#9075),.PCURVE_S1.);
#9064 = LINE('',#9065,#9066);
#9065 = CARTESIAN_POINT('',(-23.79903810567,-38.2211431703,35.));
#9066 = VECTOR('',#9067,1.);
#9067 = DIRECTION('',(0.866025403784,-0.5,0.));
#9068 = PCURVE('',#8236,#9069);
#9069 = DEFINITIONAL_REPRESENTATION('',(#9070),#9074);
#9070 = LINE('',#9071,#9072);
#9071 = CARTESIAN_POINT('',(29.8511157063,2.98511157063));
#9072 = VECTOR('',#9073,1.);
#9073 = DIRECTION('',(9.9503719021E-02,-0.99503719021));
#9074 = ( GEOMETRIC_REPRESENTATION_CONTEXT(2) 
PARAMETRIC_REPRESENTATION_CONTEXT() REPRESENTATION_CONTEXT('2D SPACE',''
  ) );
#9075 = PCURVE('',#8268,#9076);
#9076 = DEFINITIONAL_REPRESENTATION('',(#9077),#9080);
#9077 = B_SPLINE_CURVE_WITH_KNOTS('',1,(#9078,#9079),.UNSPECIFIED.,.F.,
  .F.,(2,2),(0.,3.),.PIECEWISE_BEZIER_KNOTS.);
#9078 = CARTESIAN_POINT('',(0.,1.));
#9079 = CARTESIAN_POINT('',(8.,1.));
#9080 = ( GEOMETRIC_REPRESENTATION_CONTEXT(2) 
PARAMETRIC_REPRESENTATION_CONTEXT() REPRESENTATION_CONTEXT('2D SPACE',''
  ) );
#9081 = ORIENTED_EDGE('',*,*,#8330,.T.);
#9082 = ORIENTED_EDGE('',*,*,#8223,.T.);
#9083 = ORIENTED_EDGE('',*,*,#8852,.T.);
#9084 = ADVANCED_FACE('',(#9085),#8268,.T.);
#9085 = FACE_BOUND('',#9086,.T.);
#9086 = EDGE_LOOP('',(#9087,#9108,#9109,#9110));
#9087 = ORIENTED_EDGE('',*,*,#9088,.T.);
#9088 = EDGE_CURVE('',#8759,#8252,#9089,.T.);
#9089 = SURFACE_CURVE('',#9090,(#9094,#9101),.PCURVE_S1.);
#9090 = LINE('',#9091,#9092);
#9091 = CARTESIAN_POINT('',(-45.,4.,0.));
#9092 = VECTOR('',#9093,1.);
#9093 = DIRECTION('',(-1.224646799147E-16,-1.,0.));
#9094 = PCURVE('',#8268,#9095);
#9095 = DEFINITIONAL_REPRESENTATION('',(#9096),#9100);
#9096 = LINE('',#9097,#9098);
#9097 = CARTESIAN_POINT('',(0.,0.));
#9098 = VECTOR('',#9099,1.);
#9099 = DIRECTION('',(1.,0.));
#9100 = ( GEOMETRIC_REPRESENTATION_CONTEXT(2) 
PARAMETRIC_REPRESENTATION_CONTEXT() REPRESENTATION_CONTEXT('2D SPACE',''
  ) );
#9101 = PCURVE('',#8296,#9102);
#9102 = DEFINITIONAL_REPRESENTATION('',(#9103),#9107);
#9103 = LINE('',#9104,#9105);
#9104 = CARTESIAN_POINT('',(28.987048188037,7.72987951681));
#9105 = VECTOR('',#9106,1.);
#9106 = DIRECTION('',(0.25766265056,-0.966234939601));
#9107 = ( GEOMETRIC_REPRESENTATION_CONTEXT(2) 
PARAMETRIC_REPRESENTATION_CONTEXT() REPRESENTATION_CONTEXT('2D SPACE',''
  ) );
#9108 = ORIENTED_EDGE('',*,*,#8251,.T.);
#9109 = ORIENTED_EDGE('',*,*,#9062,.F.);
#9110 = ORIENTED_EDGE('',*,*,#8781,.F.);
#9111 = ADVANCED_FACE('',(#9112),#8296,.T.);
#9112 = FACE_BOUND('',#9113,.F.);
#9113 = EDGE_LOOP('',(#9114,#9115,#9116,#9117,#9118));
#9114 = ORIENTED_EDGE('',*,*,#8758,.T.);
#9115 = ORIENTED_EDGE('',*,*,#9088,.T.);
#9116 = ORIENTED_EDGE('',*,*,#8280,.T.);
#9117 = ORIENTED_EDGE('',*,*,#8355,.T.);
#9118 = ORIENTED_EDGE('',*,*,#8711,.T.);
#9119 = ( GEOMETRIC_REPRESENTATION_CONTEXT(3) 
GLOBAL_UNCERTAINTY_ASSIGNED_CONTEXT((#9123)) 
GLOBAL_UNIT_ASSIGNED_CONTEXT((#9120,#9121,#9122)) REPRESENTATION_CONTEXT
('Context #1','3D Context with UNIT and UNCERTAINTY') );
#9120 = ( LENGTH_UNIT() NAMED_UNIT(*) SI_UNIT(.MILLI.,.METRE.) );
#9121 = ( NAMED_UNIT(*) PLANE_ANGLE_UNIT() SI_UNIT($,.RADIAN.) );
#9122 = ( NAMED_UNIT(*) SI_UNIT($,.STERADIAN.) SOLID_ANGLE_UNIT() );
#9123 = UNCERTAINTY_MEASURE_WITH_UNIT(LENGTH_MEASURE(1.E-06),#9120,
  'distance_accuracy_value','confusion accuracy');
#9124 = PRODUCT_RELATED_PRODUCT_CATEGORY('part',$,(#7));
ENDSEC;
END-ISO-10303-21;
