ISO-10303-21;
HEADER;
FILE_DESCRIPTION(('Open CASCADE Model'),'2;1');
FILE_NAME('Open CASCADE Shape Model','2026-08-07T02:34:47',('Author'),(
    'Open CASCADE'),'Open CASCADE STEP processor 7.7','Open CASCADE 7.7'
  ,'Unknown');
FILE_SCHEMA(('AUTOMOTIVE_DESIGN { 1 0 10303 214 1 1 1 1 }'));
ENDSEC;
DATA;
#1 = APPLICATION_PROTOCOL_DEFINITION('international standard',
  'automotive_design',2000,#2);
#2 = APPLICATION_CONTEXT(
  'core data for automotive mechanical design processes');
#3 = SHAPE_DEFINITION_REPRESENTATION(#4,#10);
#4 = PRODUCT_DEFINITION_SHAPE('','',#5);
#5 = PRODUCT_DEFINITION('design','',#6,#9);
#6 = PRODUCT_DEFINITION_FORMATION('','',#7);
#7 = PRODUCT('Open CASCADE STEP translator 7.7 15',
  'Open CASCADE STEP translator 7.7 15','',(#8));
#8 = PRODUCT_CONTEXT('',#2,'mechanical');
#9 = PRODUCT_DEFINITION_CONTEXT('part definition',#2,'design');
#10 = ADVANCED_BREP_SHAPE_REPRESENTATION('',(#11,#15),#4748);
#11 = AXIS2_PLACEMENT_3D('',#12,#13,#14);
#12 = CARTESIAN_POINT('',(0.,0.,0.));
#13 = DIRECTION('',(0.,0.,1.));
#14 = DIRECTION('',(1.,0.,-0.));
#15 = MANIFOLD_SOLID_BREP('',#16);
#16 = CLOSED_SHELL('',(#17,#919,#996,#1430,#1479,#1526,#1575,#1671,#1720
    ,#1769,#1816,#1863,#1915,#1963,#2012,#2061,#2110,#2159,#2269,#2318,
    #2363,#2410,#2853,#2881,#2931,#2981,#3031,#3621,#3668,#3715,#4222,
    #4272,#4392,#4469,#4476,#4501,#4560,#4568,#4616,#4623,#4630,#4680,
    #4734,#4741));
#17 = ADVANCED_FACE('',(#18,#659,#690,#721,#752,#888),#33,.F.);
#18 = FACE_BOUND('',#19,.F.);
#19 = EDGE_LOOP('',(#20,#60,#89,#117,#145,#173,#201,#230,#258,#286,#314,
    #342,#371,#404,#432,#460,#488,#516,#549,#577,#605,#633));
#20 = ORIENTED_EDGE('',*,*,#21,.F.);
#21 = EDGE_CURVE('',#22,#24,#26,.T.);
#22 = VERTEX_POINT('',#23);
#23 = CARTESIAN_POINT('',(1.829647544582E-13,16.583123951776,0.));
#24 = VERTEX_POINT('',#25);
#25 = CARTESIAN_POINT('',(35.,28.284271247462,0.));
#26 = SURFACE_CURVE('',#27,(#32,#48),.PCURVE_S1.);
#27 = CIRCLE('',#28,30.);
#28 = AXIS2_PLACEMENT_3D('',#29,#30,#31);
#29 = CARTESIAN_POINT('',(25.,0.,0.));
#30 = DIRECTION('',(0.,0.,-1.));
#31 = DIRECTION('',(-0.833333333333,0.552770798393,0.));
#32 = PCURVE('',#33,#38);
#33 = PLANE('',#34);
#34 = AXIS2_PLACEMENT_3D('',#35,#36,#37);
#35 = CARTESIAN_POINT('',(-25.,2.339560088947E-16,0.));
#36 = DIRECTION('',(0.,0.,1.));
#37 = DIRECTION('',(1.,0.,-0.));
#38 = DEFINITIONAL_REPRESENTATION('',(#39),#47);
#39 = ( BOUNDED_CURVE() B_SPLINE_CURVE(2,(#40,#41,#42,#43,#44,#45,#46),
.UNSPECIFIED.,.T.,.F.) B_SPLINE_CURVE_WITH_KNOTS((1,2,2,2,2,1),(
    -2.094395102393,0.,2.094395102393,4.188790204786,6.28318530718,
8.377580409573),.UNSPECIFIED.) CURVE() GEOMETRIC_REPRESENTATION_ITEM() 
RATIONAL_B_SPLINE_CURVE((1.,0.5,1.,0.5,1.,0.5,1.)) REPRESENTATION_ITEM(
  '') );
#40 = CARTESIAN_POINT('',(25.,16.583123951777));
#41 = CARTESIAN_POINT('',(53.722813232689,59.884394140999));
#42 = CARTESIAN_POINT('',(76.861406616345,13.359073118723));
#43 = CARTESIAN_POINT('',(100.,-33.16624790355));
#44 = CARTESIAN_POINT('',(48.138593383655,-29.94219707049));
#45 = CARTESIAN_POINT('',(-3.72281323269,-26.71814623744));
#46 = CARTESIAN_POINT('',(25.,16.583123951777));
#47 = ( GEOMETRIC_REPRESENTATION_CONTEXT(2) 
PARAMETRIC_REPRESENTATION_CONTEXT() REPRESENTATION_CONTEXT('2D SPACE',''
  ) );
#48 = PCURVE('',#49,#54);
#49 = CYLINDRICAL_SURFACE('',#50,30.);
#50 = AXIS2_PLACEMENT_3D('',#51,#52,#53);
#51 = CARTESIAN_POINT('',(25.,0.,0.));
#52 = DIRECTION('',(-0.,-0.,-1.));
#53 = DIRECTION('',(1.,0.,0.));
#54 = DEFINITIONAL_REPRESENTATION('',(#55),#59);
#55 = LINE('',#56,#57);
#56 = CARTESIAN_POINT('',(-8.839092417312,0.));
#57 = VECTOR('',#58,1.);
#58 = DIRECTION('',(1.,-0.));
#59 = ( GEOMETRIC_REPRESENTATION_CONTEXT(2) 
PARAMETRIC_REPRESENTATION_CONTEXT() REPRESENTATION_CONTEXT('2D SPACE',''
  ) );
#60 = ORIENTED_EDGE('',*,*,#61,.T.);
#61 = EDGE_CURVE('',#22,#62,#64,.T.);
#62 = VERTEX_POINT('',#63);
#63 = CARTESIAN_POINT('',(-35.,28.284271247462,0.));
#64 = SURFACE_CURVE('',#65,(#70,#77),.PCURVE_S1.);
#65 = CIRCLE('',#66,30.);
#66 = AXIS2_PLACEMENT_3D('',#67,#68,#69);
#67 = CARTESIAN_POINT('',(-25.,0.,0.));
#68 = DIRECTION('',(0.,0.,1.));
#69 = DIRECTION('',(1.,0.,0.));
#70 = PCURVE('',#33,#71);
#71 = DEFINITIONAL_REPRESENTATION('',(#72),#76);
#72 = CIRCLE('',#73,30.);
#73 = AXIS2_PLACEMENT_2D('',#74,#75);
#74 = CARTESIAN_POINT('',(0.,-2.339560088947E-16));
#75 = DIRECTION('',(1.,0.));
#76 = ( GEOMETRIC_REPRESENTATION_CONTEXT(2) 
PARAMETRIC_REPRESENTATION_CONTEXT() REPRESENTATION_CONTEXT('2D SPACE',''
  ) );
#77 = PCURVE('',#78,#83);
#78 = CYLINDRICAL_SURFACE('',#79,30.);
#79 = AXIS2_PLACEMENT_3D('',#80,#81,#82);
#80 = CARTESIAN_POINT('',(-25.,0.,0.));
#81 = DIRECTION('',(-0.,-0.,-1.));
#82 = DIRECTION('',(1.,0.,0.));
#83 = DEFINITIONAL_REPRESENTATION('',(#84),#88);
#84 = LINE('',#85,#86);
#85 = CARTESIAN_POINT('',(-0.,0.));
#86 = VECTOR('',#87,1.);
#87 = DIRECTION('',(-1.,0.));
#88 = ( GEOMETRIC_REPRESENTATION_CONTEXT(2) 
PARAMETRIC_REPRESENTATION_CONTEXT() REPRESENTATION_CONTEXT('2D SPACE',''
  ) );
#89 = ORIENTED_EDGE('',*,*,#90,.T.);
#90 = EDGE_CURVE('',#62,#91,#93,.T.);
#91 = VERTEX_POINT('',#92);
#92 = CARTESIAN_POINT('',(-35.,32.,0.));
#93 = SURFACE_CURVE('',#94,(#98,#105),.PCURVE_S1.);
#94 = LINE('',#95,#96);
#95 = CARTESIAN_POINT('',(-35.,16.,0.));
#96 = VECTOR('',#97,1.);
#97 = DIRECTION('',(0.,1.,0.));
#98 = PCURVE('',#33,#99);
#99 = DEFINITIONAL_REPRESENTATION('',(#100),#104);
#100 = LINE('',#101,#102);
#101 = CARTESIAN_POINT('',(-10.,16.));
#102 = VECTOR('',#103,1.);
#103 = DIRECTION('',(0.,1.));
#104 = ( GEOMETRIC_REPRESENTATION_CONTEXT(2) 
PARAMETRIC_REPRESENTATION_CONTEXT() REPRESENTATION_CONTEXT('2D SPACE',''
  ) );
#105 = PCURVE('',#106,#111);
#106 = PLANE('',#107);
#107 = AXIS2_PLACEMENT_3D('',#108,#109,#110);
#108 = CARTESIAN_POINT('',(-35.,16.,0.));
#109 = DIRECTION('',(1.,0.,0.));
#110 = DIRECTION('',(0.,0.,1.));
#111 = DEFINITIONAL_REPRESENTATION('',(#112),#116);
#112 = LINE('',#113,#114);
#113 = CARTESIAN_POINT('',(0.,0.));
#114 = VECTOR('',#115,1.);
#115 = DIRECTION('',(0.,-1.));
#116 = ( GEOMETRIC_REPRESENTATION_CONTEXT(2) 
PARAMETRIC_REPRESENTATION_CONTEXT() REPRESENTATION_CONTEXT('2D SPACE',''
  ) );
#117 = ORIENTED_EDGE('',*,*,#118,.F.);
#118 = EDGE_CURVE('',#119,#91,#121,.T.);
#119 = VERTEX_POINT('',#120);
#120 = CARTESIAN_POINT('',(-51.,32.,0.));
#121 = SURFACE_CURVE('',#122,(#126,#133),.PCURVE_S1.);
#122 = LINE('',#123,#124);
#123 = CARTESIAN_POINT('',(-51.,32.,0.));
#124 = VECTOR('',#125,1.);
#125 = DIRECTION('',(1.,0.,0.));
#126 = PCURVE('',#33,#127);
#127 = DEFINITIONAL_REPRESENTATION('',(#128),#132);
#128 = LINE('',#129,#130);
#129 = CARTESIAN_POINT('',(-26.,32.));
#130 = VECTOR('',#131,1.);
#131 = DIRECTION('',(1.,0.));
#132 = ( GEOMETRIC_REPRESENTATION_CONTEXT(2) 
PARAMETRIC_REPRESENTATION_CONTEXT() REPRESENTATION_CONTEXT('2D SPACE',''
  ) );
#133 = PCURVE('',#134,#139);
#134 = PLANE('',#135);
#135 = AXIS2_PLACEMENT_3D('',#136,#137,#138);
#136 = CARTESIAN_POINT('',(-51.,32.,0.));
#137 = DIRECTION('',(0.,1.,0.));
#138 = DIRECTION('',(0.,0.,1.));
#139 = DEFINITIONAL_REPRESENTATION('',(#140),#144);
#140 = LINE('',#141,#142);
#141 = CARTESIAN_POINT('',(0.,0.));
#142 = VECTOR('',#143,1.);
#143 = DIRECTION('',(0.,1.));
#144 = ( GEOMETRIC_REPRESENTATION_CONTEXT(2) 
PARAMETRIC_REPRESENTATION_CONTEXT() REPRESENTATION_CONTEXT('2D SPACE',''
  ) );
#145 = ORIENTED_EDGE('',*,*,#146,.F.);
#146 = EDGE_CURVE('',#147,#119,#149,.T.);
#147 = VERTEX_POINT('',#148);
#148 = CARTESIAN_POINT('',(-51.,16.,0.));
#149 = SURFACE_CURVE('',#150,(#154,#161),.PCURVE_S1.);
#150 = LINE('',#151,#152);
#151 = CARTESIAN_POINT('',(-51.,16.,0.));
#152 = VECTOR('',#153,1.);
#153 = DIRECTION('',(0.,1.,0.));
#154 = PCURVE('',#33,#155);
#155 = DEFINITIONAL_REPRESENTATION('',(#156),#160);
#156 = LINE('',#157,#158);
#157 = CARTESIAN_POINT('',(-26.,16.));
#158 = VECTOR('',#159,1.);
#159 = DIRECTION('',(0.,1.));
#160 = ( GEOMETRIC_REPRESENTATION_CONTEXT(2) 
PARAMETRIC_REPRESENTATION_CONTEXT() REPRESENTATION_CONTEXT('2D SPACE',''
  ) );
#161 = PCURVE('',#162,#167);
#162 = PLANE('',#163);
#163 = AXIS2_PLACEMENT_3D('',#164,#165,#166);
#164 = CARTESIAN_POINT('',(-51.,16.,0.));
#165 = DIRECTION('',(1.,0.,0.));
#166 = DIRECTION('',(0.,0.,1.));
#167 = DEFINITIONAL_REPRESENTATION('',(#168),#172);
#168 = LINE('',#169,#170);
#169 = CARTESIAN_POINT('',(0.,0.));
#170 = VECTOR('',#171,1.);
#171 = DIRECTION('',(0.,-1.));
#172 = ( GEOMETRIC_REPRESENTATION_CONTEXT(2) 
PARAMETRIC_REPRESENTATION_CONTEXT() REPRESENTATION_CONTEXT('2D SPACE',''
  ) );
#173 = ORIENTED_EDGE('',*,*,#174,.T.);
#174 = EDGE_CURVE('',#147,#175,#177,.T.);
#175 = VERTEX_POINT('',#176);
#176 = CARTESIAN_POINT('',(-50.3771550809,16.,0.));
#177 = SURFACE_CURVE('',#178,(#182,#189),.PCURVE_S1.);
#178 = LINE('',#179,#180);
#179 = CARTESIAN_POINT('',(-51.,16.,0.));
#180 = VECTOR('',#181,1.);
#181 = DIRECTION('',(1.,0.,0.));
#182 = PCURVE('',#33,#183);
#183 = DEFINITIONAL_REPRESENTATION('',(#184),#188);
#184 = LINE('',#185,#186);
#185 = CARTESIAN_POINT('',(-26.,16.));
#186 = VECTOR('',#187,1.);
#187 = DIRECTION('',(1.,0.));
#188 = ( GEOMETRIC_REPRESENTATION_CONTEXT(2) 
PARAMETRIC_REPRESENTATION_CONTEXT() REPRESENTATION_CONTEXT('2D SPACE',''
  ) );
#189 = PCURVE('',#190,#195);
#190 = PLANE('',#191);
#191 = AXIS2_PLACEMENT_3D('',#192,#193,#194);
#192 = CARTESIAN_POINT('',(-51.,16.,0.));
#193 = DIRECTION('',(0.,1.,0.));
#194 = DIRECTION('',(0.,0.,1.));
#195 = DEFINITIONAL_REPRESENTATION('',(#196),#200);
#196 = LINE('',#197,#198);
#197 = CARTESIAN_POINT('',(0.,0.));
#198 = VECTOR('',#199,1.);
#199 = DIRECTION('',(0.,1.));
#200 = ( GEOMETRIC_REPRESENTATION_CONTEXT(2) 
PARAMETRIC_REPRESENTATION_CONTEXT() REPRESENTATION_CONTEXT('2D SPACE',''
  ) );
#201 = ORIENTED_EDGE('',*,*,#202,.T.);
#202 = EDGE_CURVE('',#175,#203,#205,.T.);
#203 = VERTEX_POINT('',#204);
#204 = CARTESIAN_POINT('',(-50.37715508089,-16.,0.));
#205 = SURFACE_CURVE('',#206,(#211,#218),.PCURVE_S1.);
#206 = CIRCLE('',#207,30.);
#207 = AXIS2_PLACEMENT_3D('',#208,#209,#210);
#208 = CARTESIAN_POINT('',(-25.,0.,0.));
#209 = DIRECTION('',(0.,0.,1.));
#210 = DIRECTION('',(1.,0.,0.));
#211 = PCURVE('',#33,#212);
#212 = DEFINITIONAL_REPRESENTATION('',(#213),#217);
#213 = CIRCLE('',#214,30.);
#214 = AXIS2_PLACEMENT_2D('',#215,#216);
#215 = CARTESIAN_POINT('',(0.,-2.339560088947E-16));
#216 = DIRECTION('',(1.,0.));
#217 = ( GEOMETRIC_REPRESENTATION_CONTEXT(2) 
PARAMETRIC_REPRESENTATION_CONTEXT() REPRESENTATION_CONTEXT('2D SPACE',''
  ) );
#218 = PCURVE('',#219,#224);
#219 = CYLINDRICAL_SURFACE('',#220,30.);
#220 = AXIS2_PLACEMENT_3D('',#221,#222,#223);
#221 = CARTESIAN_POINT('',(-25.,0.,0.));
#222 = DIRECTION('',(-0.,-0.,-1.));
#223 = DIRECTION('',(1.,0.,0.));
#224 = DEFINITIONAL_REPRESENTATION('',(#225),#229);
#225 = LINE('',#226,#227);
#226 = CARTESIAN_POINT('',(-0.,0.));
#227 = VECTOR('',#228,1.);
#228 = DIRECTION('',(-1.,0.));
#229 = ( GEOMETRIC_REPRESENTATION_CONTEXT(2) 
PARAMETRIC_REPRESENTATION_CONTEXT() REPRESENTATION_CONTEXT('2D SPACE',''
  ) );
#230 = ORIENTED_EDGE('',*,*,#231,.F.);
#231 = EDGE_CURVE('',#232,#203,#234,.T.);
#232 = VERTEX_POINT('',#233);
#233 = CARTESIAN_POINT('',(-51.,-16.,0.));
#234 = SURFACE_CURVE('',#235,(#239,#246),.PCURVE_S1.);
#235 = LINE('',#236,#237);
#236 = CARTESIAN_POINT('',(-51.,-16.,0.));
#237 = VECTOR('',#238,1.);
#238 = DIRECTION('',(1.,0.,0.));
#239 = PCURVE('',#33,#240);
#240 = DEFINITIONAL_REPRESENTATION('',(#241),#245);
#241 = LINE('',#242,#243);
#242 = CARTESIAN_POINT('',(-26.,-16.));
#243 = VECTOR('',#244,1.);
#244 = DIRECTION('',(1.,0.));
#245 = ( GEOMETRIC_REPRESENTATION_CONTEXT(2) 
PARAMETRIC_REPRESENTATION_CONTEXT() REPRESENTATION_CONTEXT('2D SPACE',''
  ) );
#246 = PCURVE('',#247,#252);
#247 = PLANE('',#248);
#248 = AXIS2_PLACEMENT_3D('',#249,#250,#251);
#249 = CARTESIAN_POINT('',(-51.,-16.,0.));
#250 = DIRECTION('',(0.,1.,0.));
#251 = DIRECTION('',(0.,0.,1.));
#252 = DEFINITIONAL_REPRESENTATION('',(#253),#257);
#253 = LINE('',#254,#255);
#254 = CARTESIAN_POINT('',(0.,0.));
#255 = VECTOR('',#256,1.);
#256 = DIRECTION('',(0.,1.));
#257 = ( GEOMETRIC_REPRESENTATION_CONTEXT(2) 
PARAMETRIC_REPRESENTATION_CONTEXT() REPRESENTATION_CONTEXT('2D SPACE',''
  ) );
#258 = ORIENTED_EDGE('',*,*,#259,.F.);
#259 = EDGE_CURVE('',#260,#232,#262,.T.);
#260 = VERTEX_POINT('',#261);
#261 = CARTESIAN_POINT('',(-51.,-32.,0.));
#262 = SURFACE_CURVE('',#263,(#267,#274),.PCURVE_S1.);
#263 = LINE('',#264,#265);
#264 = CARTESIAN_POINT('',(-51.,-32.,0.));
#265 = VECTOR('',#266,1.);
#266 = DIRECTION('',(0.,1.,0.));
#267 = PCURVE('',#33,#268);
#268 = DEFINITIONAL_REPRESENTATION('',(#269),#273);
#269 = LINE('',#270,#271);
#270 = CARTESIAN_POINT('',(-26.,-32.));
#271 = VECTOR('',#272,1.);
#272 = DIRECTION('',(0.,1.));
#273 = ( GEOMETRIC_REPRESENTATION_CONTEXT(2) 
PARAMETRIC_REPRESENTATION_CONTEXT() REPRESENTATION_CONTEXT('2D SPACE',''
  ) );
#274 = PCURVE('',#275,#280);
#275 = PLANE('',#276);
#276 = AXIS2_PLACEMENT_3D('',#277,#278,#279);
#277 = CARTESIAN_POINT('',(-51.,-32.,0.));
#278 = DIRECTION('',(1.,0.,0.));
#279 = DIRECTION('',(0.,0.,1.));
#280 = DEFINITIONAL_REPRESENTATION('',(#281),#285);
#281 = LINE('',#282,#283);
#282 = CARTESIAN_POINT('',(0.,0.));
#283 = VECTOR('',#284,1.);
#284 = DIRECTION('',(0.,-1.));
#285 = ( GEOMETRIC_REPRESENTATION_CONTEXT(2) 
PARAMETRIC_REPRESENTATION_CONTEXT() REPRESENTATION_CONTEXT('2D SPACE',''
  ) );
#286 = ORIENTED_EDGE('',*,*,#287,.T.);
#287 = EDGE_CURVE('',#260,#288,#290,.T.);
#288 = VERTEX_POINT('',#289);
#289 = CARTESIAN_POINT('',(-35.,-32.,0.));
#290 = SURFACE_CURVE('',#291,(#295,#302),.PCURVE_S1.);
#291 = LINE('',#292,#293);
#292 = CARTESIAN_POINT('',(-51.,-32.,0.));
#293 = VECTOR('',#294,1.);
#294 = DIRECTION('',(1.,0.,0.));
#295 = PCURVE('',#33,#296);
#296 = DEFINITIONAL_REPRESENTATION('',(#297),#301);
#297 = LINE('',#298,#299);
#298 = CARTESIAN_POINT('',(-26.,-32.));
#299 = VECTOR('',#300,1.);
#300 = DIRECTION('',(1.,0.));
#301 = ( GEOMETRIC_REPRESENTATION_CONTEXT(2) 
PARAMETRIC_REPRESENTATION_CONTEXT() REPRESENTATION_CONTEXT('2D SPACE',''
  ) );
#302 = PCURVE('',#303,#308);
#303 = PLANE('',#304);
#304 = AXIS2_PLACEMENT_3D('',#305,#306,#307);
#305 = CARTESIAN_POINT('',(-51.,-32.,0.));
#306 = DIRECTION('',(0.,1.,0.));
#307 = DIRECTION('',(0.,0.,1.));
#308 = DEFINITIONAL_REPRESENTATION('',(#309),#313);
#309 = LINE('',#310,#311);
#310 = CARTESIAN_POINT('',(0.,0.));
#311 = VECTOR('',#312,1.);
#312 = DIRECTION('',(0.,1.));
#313 = ( GEOMETRIC_REPRESENTATION_CONTEXT(2) 
PARAMETRIC_REPRESENTATION_CONTEXT() REPRESENTATION_CONTEXT('2D SPACE',''
  ) );
#314 = ORIENTED_EDGE('',*,*,#315,.T.);
#315 = EDGE_CURVE('',#288,#316,#318,.T.);
#316 = VERTEX_POINT('',#317);
#317 = CARTESIAN_POINT('',(-35.,-28.28427124746,0.));
#318 = SURFACE_CURVE('',#319,(#323,#330),.PCURVE_S1.);
#319 = LINE('',#320,#321);
#320 = CARTESIAN_POINT('',(-35.,-32.,0.));
#321 = VECTOR('',#322,1.);
#322 = DIRECTION('',(0.,1.,0.));
#323 = PCURVE('',#33,#324);
#324 = DEFINITIONAL_REPRESENTATION('',(#325),#329);
#325 = LINE('',#326,#327);
#326 = CARTESIAN_POINT('',(-10.,-32.));
#327 = VECTOR('',#328,1.);
#328 = DIRECTION('',(0.,1.));
#329 = ( GEOMETRIC_REPRESENTATION_CONTEXT(2) 
PARAMETRIC_REPRESENTATION_CONTEXT() REPRESENTATION_CONTEXT('2D SPACE',''
  ) );
#330 = PCURVE('',#331,#336);
#331 = PLANE('',#332);
#332 = AXIS2_PLACEMENT_3D('',#333,#334,#335);
#333 = CARTESIAN_POINT('',(-35.,-32.,0.));
#334 = DIRECTION('',(1.,0.,0.));
#335 = DIRECTION('',(0.,0.,1.));
#336 = DEFINITIONAL_REPRESENTATION('',(#337),#341);
#337 = LINE('',#338,#339);
#338 = CARTESIAN_POINT('',(0.,0.));
#339 = VECTOR('',#340,1.);
#340 = DIRECTION('',(0.,-1.));
#341 = ( GEOMETRIC_REPRESENTATION_CONTEXT(2) 
PARAMETRIC_REPRESENTATION_CONTEXT() REPRESENTATION_CONTEXT('2D SPACE',''
  ) );
#342 = ORIENTED_EDGE('',*,*,#343,.T.);
#343 = EDGE_CURVE('',#316,#344,#346,.T.);
#344 = VERTEX_POINT('',#345);
#345 = CARTESIAN_POINT('',(1.59872115546E-13,-16.58312395177,0.));
#346 = SURFACE_CURVE('',#347,(#352,#359),.PCURVE_S1.);
#347 = CIRCLE('',#348,30.);
#348 = AXIS2_PLACEMENT_3D('',#349,#350,#351);
#349 = CARTESIAN_POINT('',(-25.,0.,0.));
#350 = DIRECTION('',(0.,0.,1.));
#351 = DIRECTION('',(1.,0.,0.));
#352 = PCURVE('',#33,#353);
#353 = DEFINITIONAL_REPRESENTATION('',(#354),#358);
#354 = CIRCLE('',#355,30.);
#355 = AXIS2_PLACEMENT_2D('',#356,#357);
#356 = CARTESIAN_POINT('',(0.,-2.339560088947E-16));
#357 = DIRECTION('',(1.,0.));
#358 = ( GEOMETRIC_REPRESENTATION_CONTEXT(2) 
PARAMETRIC_REPRESENTATION_CONTEXT() REPRESENTATION_CONTEXT('2D SPACE',''
  ) );
#359 = PCURVE('',#360,#365);
#360 = CYLINDRICAL_SURFACE('',#361,30.);
#361 = AXIS2_PLACEMENT_3D('',#362,#363,#364);
#362 = CARTESIAN_POINT('',(-25.,0.,0.));
#363 = DIRECTION('',(-0.,-0.,-1.));
#364 = DIRECTION('',(1.,0.,0.));
#365 = DEFINITIONAL_REPRESENTATION('',(#366),#370);
#366 = LINE('',#367,#368);
#367 = CARTESIAN_POINT('',(-0.,0.));
#368 = VECTOR('',#369,1.);
#369 = DIRECTION('',(-1.,0.));
#370 = ( GEOMETRIC_REPRESENTATION_CONTEXT(2) 
PARAMETRIC_REPRESENTATION_CONTEXT() REPRESENTATION_CONTEXT('2D SPACE',''
  ) );
#371 = ORIENTED_EDGE('',*,*,#372,.F.);
#372 = EDGE_CURVE('',#373,#344,#375,.T.);
#373 = VERTEX_POINT('',#374);
#374 = CARTESIAN_POINT('',(35.,-28.28427124746,0.));
#375 = SURFACE_CURVE('',#376,(#381,#392),.PCURVE_S1.);
#376 = CIRCLE('',#377,30.);
#377 = AXIS2_PLACEMENT_3D('',#378,#379,#380);
#378 = CARTESIAN_POINT('',(25.,0.,0.));
#379 = DIRECTION('',(0.,0.,-1.));
#380 = DIRECTION('',(-0.833333333333,0.552770798393,0.));
#381 = PCURVE('',#33,#382);
#382 = DEFINITIONAL_REPRESENTATION('',(#383),#391);
#383 = ( BOUNDED_CURVE() B_SPLINE_CURVE(2,(#384,#385,#386,#387,#388,#389
,#390),.UNSPECIFIED.,.T.,.F.) B_SPLINE_CURVE_WITH_KNOTS((1,2,2,2,2,1),(
    -2.094395102393,0.,2.094395102393,4.188790204786,6.28318530718,
8.377580409573),.UNSPECIFIED.) CURVE() GEOMETRIC_REPRESENTATION_ITEM() 
RATIONAL_B_SPLINE_CURVE((1.,0.5,1.,0.5,1.,0.5,1.)) REPRESENTATION_ITEM(
  '') );
#384 = CARTESIAN_POINT('',(25.,16.583123951777));
#385 = CARTESIAN_POINT('',(53.722813232689,59.884394140999));
#386 = CARTESIAN_POINT('',(76.861406616345,13.359073118723));
#387 = CARTESIAN_POINT('',(100.,-33.16624790355));
#388 = CARTESIAN_POINT('',(48.138593383655,-29.94219707049));
#389 = CARTESIAN_POINT('',(-3.72281323269,-26.71814623744));
#390 = CARTESIAN_POINT('',(25.,16.583123951777));
#391 = ( GEOMETRIC_REPRESENTATION_CONTEXT(2) 
PARAMETRIC_REPRESENTATION_CONTEXT() REPRESENTATION_CONTEXT('2D SPACE',''
  ) );
#392 = PCURVE('',#393,#398);
#393 = CYLINDRICAL_SURFACE('',#394,30.);
#394 = AXIS2_PLACEMENT_3D('',#395,#396,#397);
#395 = CARTESIAN_POINT('',(25.,0.,0.));
#396 = DIRECTION('',(-0.,-0.,-1.));
#397 = DIRECTION('',(1.,0.,0.));
#398 = DEFINITIONAL_REPRESENTATION('',(#399),#403);
#399 = LINE('',#400,#401);
#400 = CARTESIAN_POINT('',(-8.839092417312,0.));
#401 = VECTOR('',#402,1.);
#402 = DIRECTION('',(1.,-0.));
#403 = ( GEOMETRIC_REPRESENTATION_CONTEXT(2) 
PARAMETRIC_REPRESENTATION_CONTEXT() REPRESENTATION_CONTEXT('2D SPACE',''
  ) );
#404 = ORIENTED_EDGE('',*,*,#405,.F.);
#405 = EDGE_CURVE('',#406,#373,#408,.T.);
#406 = VERTEX_POINT('',#407);
#407 = CARTESIAN_POINT('',(35.,-32.,0.));
#408 = SURFACE_CURVE('',#409,(#413,#420),.PCURVE_S1.);
#409 = LINE('',#410,#411);
#410 = CARTESIAN_POINT('',(35.,-32.,0.));
#411 = VECTOR('',#412,1.);
#412 = DIRECTION('',(0.,1.,0.));
#413 = PCURVE('',#33,#414);
#414 = DEFINITIONAL_REPRESENTATION('',(#415),#419);
#415 = LINE('',#416,#417);
#416 = CARTESIAN_POINT('',(60.,-32.));
#417 = VECTOR('',#418,1.);
#418 = DIRECTION('',(0.,1.));
#419 = ( GEOMETRIC_REPRESENTATION_CONTEXT(2) 
PARAMETRIC_REPRESENTATION_CONTEXT() REPRESENTATION_CONTEXT('2D SPACE',''
  ) );
#420 = PCURVE('',#421,#426);
#421 = PLANE('',#422);
#422 = AXIS2_PLACEMENT_3D('',#423,#424,#425);
#423 = CARTESIAN_POINT('',(35.,-32.,0.));
#424 = DIRECTION('',(1.,0.,0.));
#425 = DIRECTION('',(0.,0.,1.));
#426 = DEFINITIONAL_REPRESENTATION('',(#427),#431);
#427 = LINE('',#428,#429);
#428 = CARTESIAN_POINT('',(0.,0.));
#429 = VECTOR('',#430,1.);
#430 = DIRECTION('',(0.,-1.));
#431 = ( GEOMETRIC_REPRESENTATION_CONTEXT(2) 
PARAMETRIC_REPRESENTATION_CONTEXT() REPRESENTATION_CONTEXT('2D SPACE',''
  ) );
#432 = ORIENTED_EDGE('',*,*,#433,.T.);
#433 = EDGE_CURVE('',#406,#434,#436,.T.);
#434 = VERTEX_POINT('',#435);
#435 = CARTESIAN_POINT('',(51.,-32.,0.));
#436 = SURFACE_CURVE('',#437,(#441,#448),.PCURVE_S1.);
#437 = LINE('',#438,#439);
#438 = CARTESIAN_POINT('',(35.,-32.,0.));
#439 = VECTOR('',#440,1.);
#440 = DIRECTION('',(1.,0.,0.));
#441 = PCURVE('',#33,#442);
#442 = DEFINITIONAL_REPRESENTATION('',(#443),#447);
#443 = LINE('',#444,#445);
#444 = CARTESIAN_POINT('',(60.,-32.));
#445 = VECTOR('',#446,1.);
#446 = DIRECTION('',(1.,0.));
#447 = ( GEOMETRIC_REPRESENTATION_CONTEXT(2) 
PARAMETRIC_REPRESENTATION_CONTEXT() REPRESENTATION_CONTEXT('2D SPACE',''
  ) );
#448 = PCURVE('',#449,#454);
#449 = PLANE('',#450);
#450 = AXIS2_PLACEMENT_3D('',#451,#452,#453);
#451 = CARTESIAN_POINT('',(35.,-32.,0.));
#452 = DIRECTION('',(0.,1.,0.));
#453 = DIRECTION('',(0.,0.,1.));
#454 = DEFINITIONAL_REPRESENTATION('',(#455),#459);
#455 = LINE('',#456,#457);
#456 = CARTESIAN_POINT('',(0.,0.));
#457 = VECTOR('',#458,1.);
#458 = DIRECTION('',(0.,1.));
#459 = ( GEOMETRIC_REPRESENTATION_CONTEXT(2) 
PARAMETRIC_REPRESENTATION_CONTEXT() REPRESENTATION_CONTEXT('2D SPACE',''
  ) );
#460 = ORIENTED_EDGE('',*,*,#461,.T.);
#461 = EDGE_CURVE('',#434,#462,#464,.T.);
#462 = VERTEX_POINT('',#463);
#463 = CARTESIAN_POINT('',(51.,-16.,0.));
#464 = SURFACE_CURVE('',#465,(#469,#476),.PCURVE_S1.);
#465 = LINE('',#466,#467);
#466 = CARTESIAN_POINT('',(51.,-32.,0.));
#467 = VECTOR('',#468,1.);
#468 = DIRECTION('',(0.,1.,0.));
#469 = PCURVE('',#33,#470);
#470 = DEFINITIONAL_REPRESENTATION('',(#471),#475);
#471 = LINE('',#472,#473);
#472 = CARTESIAN_POINT('',(76.,-32.));
#473 = VECTOR('',#474,1.);
#474 = DIRECTION('',(0.,1.));
#475 = ( GEOMETRIC_REPRESENTATION_CONTEXT(2) 
PARAMETRIC_REPRESENTATION_CONTEXT() REPRESENTATION_CONTEXT('2D SPACE',''
  ) );
#476 = PCURVE('',#477,#482);
#477 = PLANE('',#478);
#478 = AXIS2_PLACEMENT_3D('',#479,#480,#481);
#479 = CARTESIAN_POINT('',(51.,-32.,0.));
#480 = DIRECTION('',(1.,0.,0.));
#481 = DIRECTION('',(0.,0.,1.));
#482 = DEFINITIONAL_REPRESENTATION('',(#483),#487);
#483 = LINE('',#484,#485);
#484 = CARTESIAN_POINT('',(0.,0.));
#485 = VECTOR('',#486,1.);
#486 = DIRECTION('',(0.,-1.));
#487 = ( GEOMETRIC_REPRESENTATION_CONTEXT(2) 
PARAMETRIC_REPRESENTATION_CONTEXT() REPRESENTATION_CONTEXT('2D SPACE',''
  ) );
#488 = ORIENTED_EDGE('',*,*,#489,.F.);
#489 = EDGE_CURVE('',#490,#462,#492,.T.);
#490 = VERTEX_POINT('',#491);
#491 = CARTESIAN_POINT('',(50.377155080899,-16.,0.));
#492 = SURFACE_CURVE('',#493,(#497,#504),.PCURVE_S1.);
#493 = LINE('',#494,#495);
#494 = CARTESIAN_POINT('',(35.,-16.,0.));
#495 = VECTOR('',#496,1.);
#496 = DIRECTION('',(1.,0.,0.));
#497 = PCURVE('',#33,#498);
#498 = DEFINITIONAL_REPRESENTATION('',(#499),#503);
#499 = LINE('',#500,#501);
#500 = CARTESIAN_POINT('',(60.,-16.));
#501 = VECTOR('',#502,1.);
#502 = DIRECTION('',(1.,0.));
#503 = ( GEOMETRIC_REPRESENTATION_CONTEXT(2) 
PARAMETRIC_REPRESENTATION_CONTEXT() REPRESENTATION_CONTEXT('2D SPACE',''
  ) );
#504 = PCURVE('',#505,#510);
#505 = PLANE('',#506);
#506 = AXIS2_PLACEMENT_3D('',#507,#508,#509);
#507 = CARTESIAN_POINT('',(35.,-16.,0.));
#508 = DIRECTION('',(0.,1.,0.));
#509 = DIRECTION('',(0.,0.,1.));
#510 = DEFINITIONAL_REPRESENTATION('',(#511),#515);
#511 = LINE('',#512,#513);
#512 = CARTESIAN_POINT('',(0.,0.));
#513 = VECTOR('',#514,1.);
#514 = DIRECTION('',(0.,1.));
#515 = ( GEOMETRIC_REPRESENTATION_CONTEXT(2) 
PARAMETRIC_REPRESENTATION_CONTEXT() REPRESENTATION_CONTEXT('2D SPACE',''
  ) );
#516 = ORIENTED_EDGE('',*,*,#517,.F.);
#517 = EDGE_CURVE('',#518,#490,#520,.T.);
#518 = VERTEX_POINT('',#519);
#519 = CARTESIAN_POINT('',(50.3771550809,16.,0.));
#520 = SURFACE_CURVE('',#521,(#526,#537),.PCURVE_S1.);
#521 = CIRCLE('',#522,30.);
#522 = AXIS2_PLACEMENT_3D('',#523,#524,#525);
#523 = CARTESIAN_POINT('',(25.,0.,0.));
#524 = DIRECTION('',(0.,0.,-1.));
#525 = DIRECTION('',(-0.833333333333,0.552770798393,0.));
#526 = PCURVE('',#33,#527);
#527 = DEFINITIONAL_REPRESENTATION('',(#528),#536);
#528 = ( BOUNDED_CURVE() B_SPLINE_CURVE(2,(#529,#530,#531,#532,#533,#534
,#535),.UNSPECIFIED.,.T.,.F.) B_SPLINE_CURVE_WITH_KNOTS((1,2,2,2,2,1),(
    -2.094395102393,0.,2.094395102393,4.188790204786,6.28318530718,
8.377580409573),.UNSPECIFIED.) CURVE() GEOMETRIC_REPRESENTATION_ITEM() 
RATIONAL_B_SPLINE_CURVE((1.,0.5,1.,0.5,1.,0.5,1.)) REPRESENTATION_ITEM(
  '') );
#529 = CARTESIAN_POINT('',(25.,16.583123951777));
#530 = CARTESIAN_POINT('',(53.722813232689,59.884394140999));
#531 = CARTESIAN_POINT('',(76.861406616345,13.359073118723));
#532 = CARTESIAN_POINT('',(100.,-33.16624790355));
#533 = CARTESIAN_POINT('',(48.138593383655,-29.94219707049));
#534 = CARTESIAN_POINT('',(-3.72281323269,-26.71814623744));
#535 = CARTESIAN_POINT('',(25.,16.583123951777));
#536 = ( GEOMETRIC_REPRESENTATION_CONTEXT(2) 
PARAMETRIC_REPRESENTATION_CONTEXT() REPRESENTATION_CONTEXT('2D SPACE',''
  ) );
#537 = PCURVE('',#538,#543);
#538 = CYLINDRICAL_SURFACE('',#539,30.);
#539 = AXIS2_PLACEMENT_3D('',#540,#541,#542);
#540 = CARTESIAN_POINT('',(25.,0.,0.));
#541 = DIRECTION('',(-0.,-0.,-1.));
#542 = DIRECTION('',(1.,0.,0.));
#543 = DEFINITIONAL_REPRESENTATION('',(#544),#548);
#544 = LINE('',#545,#546);
#545 = CARTESIAN_POINT('',(-8.839092417312,0.));
#546 = VECTOR('',#547,1.);
#547 = DIRECTION('',(1.,-0.));
#548 = ( GEOMETRIC_REPRESENTATION_CONTEXT(2) 
PARAMETRIC_REPRESENTATION_CONTEXT() REPRESENTATION_CONTEXT('2D SPACE',''
  ) );
#549 = ORIENTED_EDGE('',*,*,#550,.T.);
#550 = EDGE_CURVE('',#518,#551,#553,.T.);
#551 = VERTEX_POINT('',#552);
#552 = CARTESIAN_POINT('',(51.,16.,0.));
#553 = SURFACE_CURVE('',#554,(#558,#565),.PCURVE_S1.);
#554 = LINE('',#555,#556);
#555 = CARTESIAN_POINT('',(35.,16.,0.));
#556 = VECTOR('',#557,1.);
#557 = DIRECTION('',(1.,0.,0.));
#558 = PCURVE('',#33,#559);
#559 = DEFINITIONAL_REPRESENTATION('',(#560),#564);
#560 = LINE('',#561,#562);
#561 = CARTESIAN_POINT('',(60.,16.));
#562 = VECTOR('',#563,1.);
#563 = DIRECTION('',(1.,0.));
#564 = ( GEOMETRIC_REPRESENTATION_CONTEXT(2) 
PARAMETRIC_REPRESENTATION_CONTEXT() REPRESENTATION_CONTEXT('2D SPACE',''
  ) );
#565 = PCURVE('',#566,#571);
#566 = PLANE('',#567);
#567 = AXIS2_PLACEMENT_3D('',#568,#569,#570);
#568 = CARTESIAN_POINT('',(35.,16.,0.));
#569 = DIRECTION('',(0.,1.,0.));
#570 = DIRECTION('',(0.,0.,1.));
#571 = DEFINITIONAL_REPRESENTATION('',(#572),#576);
#572 = LINE('',#573,#574);
#573 = CARTESIAN_POINT('',(0.,0.));
#574 = VECTOR('',#575,1.);
#575 = DIRECTION('',(0.,1.));
#576 = ( GEOMETRIC_REPRESENTATION_CONTEXT(2) 
PARAMETRIC_REPRESENTATION_CONTEXT() REPRESENTATION_CONTEXT('2D SPACE',''
  ) );
#577 = ORIENTED_EDGE('',*,*,#578,.T.);
#578 = EDGE_CURVE('',#551,#579,#581,.T.);
#579 = VERTEX_POINT('',#580);
#580 = CARTESIAN_POINT('',(51.,32.,0.));
#581 = SURFACE_CURVE('',#582,(#586,#593),.PCURVE_S1.);
#582 = LINE('',#583,#584);
#583 = CARTESIAN_POINT('',(51.,16.,0.));
#584 = VECTOR('',#585,1.);
#585 = DIRECTION('',(0.,1.,0.));
#586 = PCURVE('',#33,#587);
#587 = DEFINITIONAL_REPRESENTATION('',(#588),#592);
#588 = LINE('',#589,#590);
#589 = CARTESIAN_POINT('',(76.,16.));
#590 = VECTOR('',#591,1.);
#591 = DIRECTION('',(0.,1.));
#592 = ( GEOMETRIC_REPRESENTATION_CONTEXT(2) 
PARAMETRIC_REPRESENTATION_CONTEXT() REPRESENTATION_CONTEXT('2D SPACE',''
  ) );
#593 = PCURVE('',#594,#599);
#594 = PLANE('',#595);
#595 = AXIS2_PLACEMENT_3D('',#596,#597,#598);
#596 = CARTESIAN_POINT('',(51.,16.,0.));
#597 = DIRECTION('',(1.,0.,0.));
#598 = DIRECTION('',(0.,0.,1.));
#599 = DEFINITIONAL_REPRESENTATION('',(#600),#604);
#600 = LINE('',#601,#602);
#601 = CARTESIAN_POINT('',(0.,0.));
#602 = VECTOR('',#603,1.);
#603 = DIRECTION('',(0.,-1.));
#604 = ( GEOMETRIC_REPRESENTATION_CONTEXT(2) 
PARAMETRIC_REPRESENTATION_CONTEXT() REPRESENTATION_CONTEXT('2D SPACE',''
  ) );
#605 = ORIENTED_EDGE('',*,*,#606,.F.);
#606 = EDGE_CURVE('',#607,#579,#609,.T.);
#607 = VERTEX_POINT('',#608);
#608 = CARTESIAN_POINT('',(35.,32.,0.));
#609 = SURFACE_CURVE('',#610,(#614,#621),.PCURVE_S1.);
#610 = LINE('',#611,#612);
#611 = CARTESIAN_POINT('',(35.,32.,0.));
#612 = VECTOR('',#613,1.);
#613 = DIRECTION('',(1.,0.,0.));
#614 = PCURVE('',#33,#615);
#615 = DEFINITIONAL_REPRESENTATION('',(#616),#620);
#616 = LINE('',#617,#618);
#617 = CARTESIAN_POINT('',(60.,32.));
#618 = VECTOR('',#619,1.);
#619 = DIRECTION('',(1.,0.));
#620 = ( GEOMETRIC_REPRESENTATION_CONTEXT(2) 
PARAMETRIC_REPRESENTATION_CONTEXT() REPRESENTATION_CONTEXT('2D SPACE',''
  ) );
#621 = PCURVE('',#622,#627);
#622 = PLANE('',#623);
#623 = AXIS2_PLACEMENT_3D('',#624,#625,#626);
#624 = CARTESIAN_POINT('',(35.,32.,0.));
#625 = DIRECTION('',(0.,1.,0.));
#626 = DIRECTION('',(0.,0.,1.));
#627 = DEFINITIONAL_REPRESENTATION('',(#628),#632);
#628 = LINE('',#629,#630);
#629 = CARTESIAN_POINT('',(0.,0.));
#630 = VECTOR('',#631,1.);
#631 = DIRECTION('',(0.,1.));
#632 = ( GEOMETRIC_REPRESENTATION_CONTEXT(2) 
PARAMETRIC_REPRESENTATION_CONTEXT() REPRESENTATION_CONTEXT('2D SPACE',''
  ) );
#633 = ORIENTED_EDGE('',*,*,#634,.F.);
#634 = EDGE_CURVE('',#24,#607,#635,.T.);
#635 = SURFACE_CURVE('',#636,(#640,#647),.PCURVE_S1.);
#636 = LINE('',#637,#638);
#637 = CARTESIAN_POINT('',(35.,16.,0.));
#638 = VECTOR('',#639,1.);
#639 = DIRECTION('',(0.,1.,0.));
#640 = PCURVE('',#33,#641);
#641 = DEFINITIONAL_REPRESENTATION('',(#642),#646);
#642 = LINE('',#643,#644);
#643 = CARTESIAN_POINT('',(60.,16.));
#644 = VECTOR('',#645,1.);
#645 = DIRECTION('',(0.,1.));
#646 = ( GEOMETRIC_REPRESENTATION_CONTEXT(2) 
PARAMETRIC_REPRESENTATION_CONTEXT() REPRESENTATION_CONTEXT('2D SPACE',''
  ) );
#647 = PCURVE('',#648,#653);
#648 = PLANE('',#649);
#649 = AXIS2_PLACEMENT_3D('',#650,#651,#652);
#650 = CARTESIAN_POINT('',(35.,16.,0.));
#651 = DIRECTION('',(1.,0.,0.));
#652 = DIRECTION('',(0.,0.,1.));
#653 = DEFINITIONAL_REPRESENTATION('',(#654),#658);
#654 = LINE('',#655,#656);
#655 = CARTESIAN_POINT('',(0.,0.));
#656 = VECTOR('',#657,1.);
#657 = DIRECTION('',(0.,-1.));
#658 = ( GEOMETRIC_REPRESENTATION_CONTEXT(2) 
PARAMETRIC_REPRESENTATION_CONTEXT() REPRESENTATION_CONTEXT('2D SPACE',''
  ) );
#659 = FACE_BOUND('',#660,.F.);
#660 = EDGE_LOOP('',(#661));
#661 = ORIENTED_EDGE('',*,*,#662,.F.);
#662 = EDGE_CURVE('',#663,#663,#665,.T.);
#663 = VERTEX_POINT('',#664);
#664 = CARTESIAN_POINT('',(-38.,-24.,0.));
#665 = SURFACE_CURVE('',#666,(#671,#678),.PCURVE_S1.);
#666 = CIRCLE('',#667,5.);
#667 = AXIS2_PLACEMENT_3D('',#668,#669,#670);
#668 = CARTESIAN_POINT('',(-43.,-24.,0.));
#669 = DIRECTION('',(0.,0.,1.));
#670 = DIRECTION('',(1.,0.,-0.));
#671 = PCURVE('',#33,#672);
#672 = DEFINITIONAL_REPRESENTATION('',(#673),#677);
#673 = CIRCLE('',#674,5.);
#674 = AXIS2_PLACEMENT_2D('',#675,#676);
#675 = CARTESIAN_POINT('',(-18.,-24.));
#676 = DIRECTION('',(1.,0.));
#677 = ( GEOMETRIC_REPRESENTATION_CONTEXT(2) 
PARAMETRIC_REPRESENTATION_CONTEXT() REPRESENTATION_CONTEXT('2D SPACE',''
  ) );
#678 = PCURVE('',#679,#684);
#679 = CYLINDRICAL_SURFACE('',#680,5.);
#680 = AXIS2_PLACEMENT_3D('',#681,#682,#683);
#681 = CARTESIAN_POINT('',(-43.,-24.,-1.));
#682 = DIRECTION('',(0.,0.,1.));
#683 = DIRECTION('',(1.,0.,-0.));
#684 = DEFINITIONAL_REPRESENTATION('',(#685),#689);
#685 = LINE('',#686,#687);
#686 = CARTESIAN_POINT('',(0.,1.));
#687 = VECTOR('',#688,1.);
#688 = DIRECTION('',(1.,0.));
#689 = ( GEOMETRIC_REPRESENTATION_CONTEXT(2) 
PARAMETRIC_REPRESENTATION_CONTEXT() REPRESENTATION_CONTEXT('2D SPACE',''
  ) );
#690 = FACE_BOUND('',#691,.F.);
#691 = EDGE_LOOP('',(#692));
#692 = ORIENTED_EDGE('',*,*,#693,.F.);
#693 = EDGE_CURVE('',#694,#694,#696,.T.);
#694 = VERTEX_POINT('',#695);
#695 = CARTESIAN_POINT('',(48.,-24.,0.));
#696 = SURFACE_CURVE('',#697,(#702,#709),.PCURVE_S1.);
#697 = CIRCLE('',#698,5.);
#698 = AXIS2_PLACEMENT_3D('',#699,#700,#701);
#699 = CARTESIAN_POINT('',(43.,-24.,0.));
#700 = DIRECTION('',(0.,0.,1.));
#701 = DIRECTION('',(1.,0.,-0.));
#702 = PCURVE('',#33,#703);
#703 = DEFINITIONAL_REPRESENTATION('',(#704),#708);
#704 = CIRCLE('',#705,5.);
#705 = AXIS2_PLACEMENT_2D('',#706,#707);
#706 = CARTESIAN_POINT('',(68.,-24.));
#707 = DIRECTION('',(1.,0.));
#708 = ( GEOMETRIC_REPRESENTATION_CONTEXT(2) 
PARAMETRIC_REPRESENTATION_CONTEXT() REPRESENTATION_CONTEXT('2D SPACE',''
  ) );
#709 = PCURVE('',#710,#715);
#710 = CYLINDRICAL_SURFACE('',#711,5.);
#711 = AXIS2_PLACEMENT_3D('',#712,#713,#714);
#712 = CARTESIAN_POINT('',(43.,-24.,-1.));
#713 = DIRECTION('',(0.,0.,1.));
#714 = DIRECTION('',(1.,0.,-0.));
#715 = DEFINITIONAL_REPRESENTATION('',(#716),#720);
#716 = LINE('',#717,#718);
#717 = CARTESIAN_POINT('',(0.,1.));
#718 = VECTOR('',#719,1.);
#719 = DIRECTION('',(1.,0.));
#720 = ( GEOMETRIC_REPRESENTATION_CONTEXT(2) 
PARAMETRIC_REPRESENTATION_CONTEXT() REPRESENTATION_CONTEXT('2D SPACE',''
  ) );
#721 = FACE_BOUND('',#722,.F.);
#722 = EDGE_LOOP('',(#723));
#723 = ORIENTED_EDGE('',*,*,#724,.F.);
#724 = EDGE_CURVE('',#725,#725,#727,.T.);
#725 = VERTEX_POINT('',#726);
#726 = CARTESIAN_POINT('',(-38.,24.,0.));
#727 = SURFACE_CURVE('',#728,(#733,#740),.PCURVE_S1.);
#728 = CIRCLE('',#729,5.);
#729 = AXIS2_PLACEMENT_3D('',#730,#731,#732);
#730 = CARTESIAN_POINT('',(-43.,24.,0.));
#731 = DIRECTION('',(0.,0.,1.));
#732 = DIRECTION('',(1.,0.,-0.));
#733 = PCURVE('',#33,#734);
#734 = DEFINITIONAL_REPRESENTATION('',(#735),#739);
#735 = CIRCLE('',#736,5.);
#736 = AXIS2_PLACEMENT_2D('',#737,#738);
#737 = CARTESIAN_POINT('',(-18.,24.));
#738 = DIRECTION('',(1.,0.));
#739 = ( GEOMETRIC_REPRESENTATION_CONTEXT(2) 
PARAMETRIC_REPRESENTATION_CONTEXT() REPRESENTATION_CONTEXT('2D SPACE',''
  ) );
#740 = PCURVE('',#741,#746);
#741 = CYLINDRICAL_SURFACE('',#742,5.);
#742 = AXIS2_PLACEMENT_3D('',#743,#744,#745);
#743 = CARTESIAN_POINT('',(-43.,24.,-1.));
#744 = DIRECTION('',(0.,0.,1.));
#745 = DIRECTION('',(1.,0.,-0.));
#746 = DEFINITIONAL_REPRESENTATION('',(#747),#751);
#747 = LINE('',#748,#749);
#748 = CARTESIAN_POINT('',(0.,1.));
#749 = VECTOR('',#750,1.);
#750 = DIRECTION('',(1.,0.));
#751 = ( GEOMETRIC_REPRESENTATION_CONTEXT(2) 
PARAMETRIC_REPRESENTATION_CONTEXT() REPRESENTATION_CONTEXT('2D SPACE',''
  ) );
#752 = FACE_BOUND('',#753,.F.);
#753 = EDGE_LOOP('',(#754,#785,#811,#840,#864));
#754 = ORIENTED_EDGE('',*,*,#755,.F.);
#755 = EDGE_CURVE('',#756,#758,#760,.T.);
#756 = VERTEX_POINT('',#757);
#757 = CARTESIAN_POINT('',(-2.700896879022,3.,0.));
#758 = VERTEX_POINT('',#759);
#759 = CARTESIAN_POINT('',(-2.700896879022,-3.,0.));
#760 = SURFACE_CURVE('',#761,(#766,#773),.PCURVE_S1.);
#761 = CIRCLE('',#762,22.5);
#762 = AXIS2_PLACEMENT_3D('',#763,#764,#765);
#763 = CARTESIAN_POINT('',(-25.,0.,0.));
#764 = DIRECTION('',(0.,0.,1.));
#765 = DIRECTION('',(1.,0.,-0.));
#766 = PCURVE('',#33,#767);
#767 = DEFINITIONAL_REPRESENTATION('',(#768),#772);
#768 = CIRCLE('',#769,22.5);
#769 = AXIS2_PLACEMENT_2D('',#770,#771);
#770 = CARTESIAN_POINT('',(0.,-2.339560088947E-16));
#771 = DIRECTION('',(1.,0.));
#772 = ( GEOMETRIC_REPRESENTATION_CONTEXT(2) 
PARAMETRIC_REPRESENTATION_CONTEXT() REPRESENTATION_CONTEXT('2D SPACE',''
  ) );
#773 = PCURVE('',#774,#779);
#774 = CYLINDRICAL_SURFACE('',#775,22.5);
#775 = AXIS2_PLACEMENT_3D('',#776,#777,#778);
#776 = CARTESIAN_POINT('',(-25.,0.,-1.));
#777 = DIRECTION('',(0.,0.,1.));
#778 = DIRECTION('',(1.,0.,-0.));
#779 = DEFINITIONAL_REPRESENTATION('',(#780),#784);
#780 = LINE('',#781,#782);
#781 = CARTESIAN_POINT('',(0.,1.));
#782 = VECTOR('',#783,1.);
#783 = DIRECTION('',(1.,0.));
#784 = ( GEOMETRIC_REPRESENTATION_CONTEXT(2) 
PARAMETRIC_REPRESENTATION_CONTEXT() REPRESENTATION_CONTEXT('2D SPACE',''
  ) );
#785 = ORIENTED_EDGE('',*,*,#786,.F.);
#786 = EDGE_CURVE('',#787,#756,#789,.T.);
#787 = VERTEX_POINT('',#788);
#788 = CARTESIAN_POINT('',(2.700896879022,3.,0.));
#789 = SURFACE_CURVE('',#790,(#794,#800),.PCURVE_S1.);
#790 = LINE('',#791,#792);
#791 = CARTESIAN_POINT('',(-15.,3.,0.));
#792 = VECTOR('',#793,1.);
#793 = DIRECTION('',(-1.,0.,0.));
#794 = PCURVE('',#33,#795);
#795 = DEFINITIONAL_REPRESENTATION('',(#796),#799);
#796 = B_SPLINE_CURVE_WITH_KNOTS('',1,(#797,#798),.UNSPECIFIED.,.F.,.F.,
  (2,2),(-20.,-10.),.PIECEWISE_BEZIER_KNOTS.);
#797 = CARTESIAN_POINT('',(30.,3.));
#798 = CARTESIAN_POINT('',(20.,3.));
#799 = ( GEOMETRIC_REPRESENTATION_CONTEXT(2) 
PARAMETRIC_REPRESENTATION_CONTEXT() REPRESENTATION_CONTEXT('2D SPACE',''
  ) );
#800 = PCURVE('',#801,#806);
#801 = PLANE('',#802);
#802 = AXIS2_PLACEMENT_3D('',#803,#804,#805);
#803 = CARTESIAN_POINT('',(-5.,3.,-1.));
#804 = DIRECTION('',(0.,1.,0.));
#805 = DIRECTION('',(0.,0.,1.));
#806 = DEFINITIONAL_REPRESENTATION('',(#807),#810);
#807 = B_SPLINE_CURVE_WITH_KNOTS('',1,(#808,#809),.UNSPECIFIED.,.F.,.F.,
  (2,2),(-20.,-10.),.PIECEWISE_BEZIER_KNOTS.);
#808 = CARTESIAN_POINT('',(1.,10.));
#809 = CARTESIAN_POINT('',(1.,0.));
#810 = ( GEOMETRIC_REPRESENTATION_CONTEXT(2) 
PARAMETRIC_REPRESENTATION_CONTEXT() REPRESENTATION_CONTEXT('2D SPACE',''
  ) );
#811 = ORIENTED_EDGE('',*,*,#812,.F.);
#812 = EDGE_CURVE('',#813,#787,#815,.T.);
#813 = VERTEX_POINT('',#814);
#814 = CARTESIAN_POINT('',(47.5,-5.510910596163E-15,0.));
#815 = SURFACE_CURVE('',#816,(#821,#828),.PCURVE_S1.);
#816 = CIRCLE('',#817,22.5);
#817 = AXIS2_PLACEMENT_3D('',#818,#819,#820);
#818 = CARTESIAN_POINT('',(25.,0.,0.));
#819 = DIRECTION('',(0.,0.,1.));
#820 = DIRECTION('',(1.,0.,-0.));
#821 = PCURVE('',#33,#822);
#822 = DEFINITIONAL_REPRESENTATION('',(#823),#827);
#823 = CIRCLE('',#824,22.5);
#824 = AXIS2_PLACEMENT_2D('',#825,#826);
#825 = CARTESIAN_POINT('',(50.,-2.339560088947E-16));
#826 = DIRECTION('',(1.,0.));
#827 = ( GEOMETRIC_REPRESENTATION_CONTEXT(2) 
PARAMETRIC_REPRESENTATION_CONTEXT() REPRESENTATION_CONTEXT('2D SPACE',''
  ) );
#828 = PCURVE('',#829,#834);
#829 = CYLINDRICAL_SURFACE('',#830,22.5);
#830 = AXIS2_PLACEMENT_3D('',#831,#832,#833);
#831 = CARTESIAN_POINT('',(25.,0.,-1.));
#832 = DIRECTION('',(0.,0.,1.));
#833 = DIRECTION('',(1.,0.,-0.));
#834 = DEFINITIONAL_REPRESENTATION('',(#835),#839);
#835 = LINE('',#836,#837);
#836 = CARTESIAN_POINT('',(0.,1.));
#837 = VECTOR('',#838,1.);
#838 = DIRECTION('',(1.,0.));
#839 = ( GEOMETRIC_REPRESENTATION_CONTEXT(2) 
PARAMETRIC_REPRESENTATION_CONTEXT() REPRESENTATION_CONTEXT('2D SPACE',''
  ) );
#840 = ORIENTED_EDGE('',*,*,#841,.F.);
#841 = EDGE_CURVE('',#842,#813,#844,.T.);
#842 = VERTEX_POINT('',#843);
#843 = CARTESIAN_POINT('',(2.700896879022,-3.,0.));
#844 = SURFACE_CURVE('',#845,(#850,#857),.PCURVE_S1.);
#845 = CIRCLE('',#846,22.5);
#846 = AXIS2_PLACEMENT_3D('',#847,#848,#849);
#847 = CARTESIAN_POINT('',(25.,0.,0.));
#848 = DIRECTION('',(0.,0.,1.));
#849 = DIRECTION('',(1.,0.,-0.));
#850 = PCURVE('',#33,#851);
#851 = DEFINITIONAL_REPRESENTATION('',(#852),#856);
#852 = CIRCLE('',#853,22.5);
#853 = AXIS2_PLACEMENT_2D('',#854,#855);
#854 = CARTESIAN_POINT('',(50.,-2.339560088947E-16));
#855 = DIRECTION('',(1.,0.));
#856 = ( GEOMETRIC_REPRESENTATION_CONTEXT(2) 
PARAMETRIC_REPRESENTATION_CONTEXT() REPRESENTATION_CONTEXT('2D SPACE',''
  ) );
#857 = PCURVE('',#829,#858);
#858 = DEFINITIONAL_REPRESENTATION('',(#859),#863);
#859 = LINE('',#860,#861);
#860 = CARTESIAN_POINT('',(0.,1.));
#861 = VECTOR('',#862,1.);
#862 = DIRECTION('',(1.,0.));
#863 = ( GEOMETRIC_REPRESENTATION_CONTEXT(2) 
PARAMETRIC_REPRESENTATION_CONTEXT() REPRESENTATION_CONTEXT('2D SPACE',''
  ) );
#864 = ORIENTED_EDGE('',*,*,#865,.T.);
#865 = EDGE_CURVE('',#842,#758,#866,.T.);
#866 = SURFACE_CURVE('',#867,(#871,#877),.PCURVE_S1.);
#867 = LINE('',#868,#869);
#868 = CARTESIAN_POINT('',(-15.,-3.,0.));
#869 = VECTOR('',#870,1.);
#870 = DIRECTION('',(-1.,0.,0.));
#871 = PCURVE('',#33,#872);
#872 = DEFINITIONAL_REPRESENTATION('',(#873),#876);
#873 = B_SPLINE_CURVE_WITH_KNOTS('',1,(#874,#875),.UNSPECIFIED.,.F.,.F.,
  (2,2),(-20.,-10.),.PIECEWISE_BEZIER_KNOTS.);
#874 = CARTESIAN_POINT('',(30.,-3.));
#875 = CARTESIAN_POINT('',(20.,-3.));
#876 = ( GEOMETRIC_REPRESENTATION_CONTEXT(2) 
PARAMETRIC_REPRESENTATION_CONTEXT() REPRESENTATION_CONTEXT('2D SPACE',''
  ) );
#877 = PCURVE('',#878,#883);
#878 = PLANE('',#879);
#879 = AXIS2_PLACEMENT_3D('',#880,#881,#882);
#880 = CARTESIAN_POINT('',(-5.,-3.,-1.));
#881 = DIRECTION('',(0.,1.,0.));
#882 = DIRECTION('',(0.,0.,1.));
#883 = DEFINITIONAL_REPRESENTATION('',(#884),#887);
#884 = B_SPLINE_CURVE_WITH_KNOTS('',1,(#885,#886),.UNSPECIFIED.,.F.,.F.,
  (2,2),(-20.,-10.),.PIECEWISE_BEZIER_KNOTS.);
#885 = CARTESIAN_POINT('',(1.,10.));
#886 = CARTESIAN_POINT('',(1.,0.));
#887 = ( GEOMETRIC_REPRESENTATION_CONTEXT(2) 
PARAMETRIC_REPRESENTATION_CONTEXT() REPRESENTATION_CONTEXT('2D SPACE',''
  ) );
#888 = FACE_BOUND('',#889,.F.);
#889 = EDGE_LOOP('',(#890));
#890 = ORIENTED_EDGE('',*,*,#891,.F.);
#891 = EDGE_CURVE('',#892,#892,#894,.T.);
#892 = VERTEX_POINT('',#893);
#893 = CARTESIAN_POINT('',(48.,24.,0.));
#894 = SURFACE_CURVE('',#895,(#900,#907),.PCURVE_S1.);
#895 = CIRCLE('',#896,5.);
#896 = AXIS2_PLACEMENT_3D('',#897,#898,#899);
#897 = CARTESIAN_POINT('',(43.,24.,0.));
#898 = DIRECTION('',(0.,0.,1.));
#899 = DIRECTION('',(1.,0.,-0.));
#900 = PCURVE('',#33,#901);
#901 = DEFINITIONAL_REPRESENTATION('',(#902),#906);
#902 = CIRCLE('',#903,5.);
#903 = AXIS2_PLACEMENT_2D('',#904,#905);
#904 = CARTESIAN_POINT('',(68.,24.));
#905 = DIRECTION('',(1.,0.));
#906 = ( GEOMETRIC_REPRESENTATION_CONTEXT(2) 
PARAMETRIC_REPRESENTATION_CONTEXT() REPRESENTATION_CONTEXT('2D SPACE',''
  ) );
#907 = PCURVE('',#908,#913);
#908 = CYLINDRICAL_SURFACE('',#909,5.);
#909 = AXIS2_PLACEMENT_3D('',#910,#911,#912);
#910 = CARTESIAN_POINT('',(43.,24.,-1.));
#911 = DIRECTION('',(0.,0.,1.));
#912 = DIRECTION('',(1.,0.,-0.));
#913 = DEFINITIONAL_REPRESENTATION('',(#914),#918);
#914 = LINE('',#915,#916);
#915 = CARTESIAN_POINT('',(0.,1.));
#916 = VECTOR('',#917,1.);
#917 = DIRECTION('',(1.,0.));
#918 = ( GEOMETRIC_REPRESENTATION_CONTEXT(2) 
PARAMETRIC_REPRESENTATION_CONTEXT() REPRESENTATION_CONTEXT('2D SPACE',''
  ) );
#919 = ADVANCED_FACE('',(#920),#49,.T.);
#920 = FACE_BOUND('',#921,.F.);
#921 = EDGE_LOOP('',(#922,#957,#976,#977));
#922 = ORIENTED_EDGE('',*,*,#923,.F.);
#923 = EDGE_CURVE('',#924,#926,#928,.T.);
#924 = VERTEX_POINT('',#925);
#925 = CARTESIAN_POINT('',(1.829647544582E-13,16.583123951776,80.));
#926 = VERTEX_POINT('',#927);
#927 = CARTESIAN_POINT('',(35.,28.284271247462,80.));
#928 = SURFACE_CURVE('',#929,(#934,#941),.PCURVE_S1.);
#929 = CIRCLE('',#930,30.);
#930 = AXIS2_PLACEMENT_3D('',#931,#932,#933);
#931 = CARTESIAN_POINT('',(25.,0.,80.));
#932 = DIRECTION('',(0.,0.,-1.));
#933 = DIRECTION('',(-0.833333333333,0.552770798393,0.));
#934 = PCURVE('',#49,#935);
#935 = DEFINITIONAL_REPRESENTATION('',(#936),#940);
#936 = LINE('',#937,#938);
#937 = CARTESIAN_POINT('',(-8.839092417312,-80.));
#938 = VECTOR('',#939,1.);
#939 = DIRECTION('',(1.,-0.));
#940 = ( GEOMETRIC_REPRESENTATION_CONTEXT(2) 
PARAMETRIC_REPRESENTATION_CONTEXT() REPRESENTATION_CONTEXT('2D SPACE',''
  ) );
#941 = PCURVE('',#942,#947);
#942 = PLANE('',#943);
#943 = AXIS2_PLACEMENT_3D('',#944,#945,#946);
#944 = CARTESIAN_POINT('',(25.,2.339560088947E-16,80.));
#945 = DIRECTION('',(0.,0.,1.));
#946 = DIRECTION('',(1.,0.,-0.));
#947 = DEFINITIONAL_REPRESENTATION('',(#948),#956);
#948 = ( BOUNDED_CURVE() B_SPLINE_CURVE(2,(#949,#950,#951,#952,#953,#954
,#955),.UNSPECIFIED.,.T.,.F.) B_SPLINE_CURVE_WITH_KNOTS((1,2,2,2,2,1),(
    -2.094395102393,0.,2.094395102393,4.188790204786,6.28318530718,
8.377580409573),.UNSPECIFIED.) CURVE() GEOMETRIC_REPRESENTATION_ITEM() 
RATIONAL_B_SPLINE_CURVE((1.,0.5,1.,0.5,1.,0.5,1.)) REPRESENTATION_ITEM(
  '') );
#949 = CARTESIAN_POINT('',(-25.,16.583123951777));
#950 = CARTESIAN_POINT('',(3.722813232689,59.884394140999));
#951 = CARTESIAN_POINT('',(26.861406616345,13.359073118723));
#952 = CARTESIAN_POINT('',(50.,-33.16624790355));
#953 = CARTESIAN_POINT('',(-1.861406616345,-29.94219707049));
#954 = CARTESIAN_POINT('',(-53.72281323269,-26.71814623744));
#955 = CARTESIAN_POINT('',(-25.,16.583123951777));
#956 = ( GEOMETRIC_REPRESENTATION_CONTEXT(2) 
PARAMETRIC_REPRESENTATION_CONTEXT() REPRESENTATION_CONTEXT('2D SPACE',''
  ) );
#957 = ORIENTED_EDGE('',*,*,#958,.T.);
#958 = EDGE_CURVE('',#924,#22,#959,.T.);
#959 = SURFACE_CURVE('',#960,(#964,#970),.PCURVE_S1.);
#960 = LINE('',#961,#962);
#961 = CARTESIAN_POINT('',(0.,16.583123951777,0.));
#962 = VECTOR('',#963,1.);
#963 = DIRECTION('',(-0.,-0.,-1.));
#964 = PCURVE('',#49,#965);
#965 = DEFINITIONAL_REPRESENTATION('',(#966),#969);
#966 = B_SPLINE_CURVE_WITH_KNOTS('',1,(#967,#968),.UNSPECIFIED.,.F.,.F.,
  (2,2),(-80.,0.),.PIECEWISE_BEZIER_KNOTS.);
#967 = CARTESIAN_POINT('',(-8.839092417312,-80.));
#968 = CARTESIAN_POINT('',(-8.839092417312,0.));
#969 = ( GEOMETRIC_REPRESENTATION_CONTEXT(2) 
PARAMETRIC_REPRESENTATION_CONTEXT() REPRESENTATION_CONTEXT('2D SPACE',''
  ) );
#970 = PCURVE('',#78,#971);
#971 = DEFINITIONAL_REPRESENTATION('',(#972),#975);
#972 = B_SPLINE_CURVE_WITH_KNOTS('',1,(#973,#974),.UNSPECIFIED.,.F.,.F.,
  (2,2),(-80.0000006,6.E-07),.PIECEWISE_BEZIER_KNOTS.);
#973 = CARTESIAN_POINT('',(-0.585685543457,-80.0000006));
#974 = CARTESIAN_POINT('',(-0.585685543457,6.E-07));
#975 = ( GEOMETRIC_REPRESENTATION_CONTEXT(2) 
PARAMETRIC_REPRESENTATION_CONTEXT() REPRESENTATION_CONTEXT('2D SPACE',''
  ) );
#976 = ORIENTED_EDGE('',*,*,#21,.T.);
#977 = ORIENTED_EDGE('',*,*,#978,.F.);
#978 = EDGE_CURVE('',#926,#24,#979,.T.);
#979 = SURFACE_CURVE('',#980,(#984,#990),.PCURVE_S1.);
#980 = LINE('',#981,#982);
#981 = CARTESIAN_POINT('',(35.,28.284271247462,0.));
#982 = VECTOR('',#983,1.);
#983 = DIRECTION('',(-0.,-0.,-1.));
#984 = PCURVE('',#49,#985);
#985 = DEFINITIONAL_REPRESENTATION('',(#986),#989);
#986 = B_SPLINE_CURVE_WITH_KNOTS('',1,(#987,#988),.UNSPECIFIED.,.F.,.F.,
  (2,2),(-80.0000006,6.E-07),.PIECEWISE_BEZIER_KNOTS.);
#987 = CARTESIAN_POINT('',(-7.51414472452,-80.0000006));
#988 = CARTESIAN_POINT('',(-7.51414472452,6.E-07));
#989 = ( GEOMETRIC_REPRESENTATION_CONTEXT(2) 
PARAMETRIC_REPRESENTATION_CONTEXT() REPRESENTATION_CONTEXT('2D SPACE',''
  ) );
#990 = PCURVE('',#648,#991);
#991 = DEFINITIONAL_REPRESENTATION('',(#992),#995);
#992 = B_SPLINE_CURVE_WITH_KNOTS('',1,(#993,#994),.UNSPECIFIED.,.F.,.F.,
  (2,2),(-80.0000006,6.E-07),.PIECEWISE_BEZIER_KNOTS.);
#993 = CARTESIAN_POINT('',(80.0000006,-12.28427124746));
#994 = CARTESIAN_POINT('',(-6.E-07,-12.28427124746));
#995 = ( GEOMETRIC_REPRESENTATION_CONTEXT(2) 
PARAMETRIC_REPRESENTATION_CONTEXT() REPRESENTATION_CONTEXT('2D SPACE',''
  ) );
#996 = ADVANCED_FACE('',(#997),#78,.T.);
#997 = FACE_BOUND('',#998,.F.);
#998 = EDGE_LOOP('',(#999,#1000,#1001,#1025,#1051,#1106,#1411));
#999 = ORIENTED_EDGE('',*,*,#61,.F.);
#1000 = ORIENTED_EDGE('',*,*,#958,.F.);
#1001 = ORIENTED_EDGE('',*,*,#1002,.T.);
#1002 = EDGE_CURVE('',#924,#1003,#1005,.T.);
#1003 = VERTEX_POINT('',#1004);
#1004 = CARTESIAN_POINT('',(-35.,28.284271247462,80.));
#1005 = SURFACE_CURVE('',#1006,(#1011,#1018),.PCURVE_S1.);
#1006 = CIRCLE('',#1007,30.);
#1007 = AXIS2_PLACEMENT_3D('',#1008,#1009,#1010);
#1008 = CARTESIAN_POINT('',(-25.,0.,80.));
#1009 = DIRECTION('',(0.,0.,1.));
#1010 = DIRECTION('',(1.,0.,0.));
#1011 = PCURVE('',#78,#1012);
#1012 = DEFINITIONAL_REPRESENTATION('',(#1013),#1017);
#1013 = LINE('',#1014,#1015);
#1014 = CARTESIAN_POINT('',(-0.,-80.));
#1015 = VECTOR('',#1016,1.);
#1016 = DIRECTION('',(-1.,0.));
#1017 = ( GEOMETRIC_REPRESENTATION_CONTEXT(2) 
PARAMETRIC_REPRESENTATION_CONTEXT() REPRESENTATION_CONTEXT('2D SPACE',''
  ) );
#1018 = PCURVE('',#942,#1019);
#1019 = DEFINITIONAL_REPRESENTATION('',(#1020),#1024);
#1020 = CIRCLE('',#1021,30.);
#1021 = AXIS2_PLACEMENT_2D('',#1022,#1023);
#1022 = CARTESIAN_POINT('',(-50.,-2.339560088947E-16));
#1023 = DIRECTION('',(1.,0.));
#1024 = ( GEOMETRIC_REPRESENTATION_CONTEXT(2) 
PARAMETRIC_REPRESENTATION_CONTEXT() REPRESENTATION_CONTEXT('2D SPACE',''
  ) );
#1025 = ORIENTED_EDGE('',*,*,#1026,.T.);
#1026 = EDGE_CURVE('',#1003,#1027,#1029,.T.);
#1027 = VERTEX_POINT('',#1028);
#1028 = CARTESIAN_POINT('',(-35.,28.284271247462,51.180339887499));
#1029 = SURFACE_CURVE('',#1030,(#1034,#1040),.PCURVE_S1.);
#1030 = LINE('',#1031,#1032);
#1031 = CARTESIAN_POINT('',(-35.,28.284271247462,0.));
#1032 = VECTOR('',#1033,1.);
#1033 = DIRECTION('',(-0.,-0.,-1.));
#1034 = PCURVE('',#78,#1035);
#1035 = DEFINITIONAL_REPRESENTATION('',(#1036),#1039);
#1036 = B_SPLINE_CURVE_WITH_KNOTS('',1,(#1037,#1038),.UNSPECIFIED.,.F.,
  .F.,(2,2),(-80.0000006,6.E-07),.PIECEWISE_BEZIER_KNOTS.);
#1037 = CARTESIAN_POINT('',(-1.910633236249,-80.0000006));
#1038 = CARTESIAN_POINT('',(-1.910633236249,6.E-07));
#1039 = ( GEOMETRIC_REPRESENTATION_CONTEXT(2) 
PARAMETRIC_REPRESENTATION_CONTEXT() REPRESENTATION_CONTEXT('2D SPACE',''
  ) );
#1040 = PCURVE('',#1041,#1046);
#1041 = PLANE('',#1042);
#1042 = AXIS2_PLACEMENT_3D('',#1043,#1044,#1045);
#1043 = CARTESIAN_POINT('',(-35.,16.,0.));
#1044 = DIRECTION('',(1.,0.,0.));
#1045 = DIRECTION('',(0.,0.,1.));
#1046 = DEFINITIONAL_REPRESENTATION('',(#1047),#1050);
#1047 = B_SPLINE_CURVE_WITH_KNOTS('',1,(#1048,#1049),.UNSPECIFIED.,.F.,
  .F.,(2,2),(-80.0000006,6.E-07),.PIECEWISE_BEZIER_KNOTS.);
#1048 = CARTESIAN_POINT('',(80.0000006,-12.28427124746));
#1049 = CARTESIAN_POINT('',(-6.E-07,-12.28427124746));
#1050 = ( GEOMETRIC_REPRESENTATION_CONTEXT(2) 
PARAMETRIC_REPRESENTATION_CONTEXT() REPRESENTATION_CONTEXT('2D SPACE',''
  ) );
#1051 = ORIENTED_EDGE('',*,*,#1052,.T.);
#1052 = EDGE_CURVE('',#1027,#1053,#1055,.T.);
#1053 = VERTEX_POINT('',#1054);
#1054 = CARTESIAN_POINT('',(-25.,30.,55.));
#1055 = SURFACE_CURVE('',#1056,(#1069,#1085),.PCURVE_S1.);
#1056 = B_SPLINE_CURVE_WITH_KNOTS('',6,(#1057,#1058,#1059,#1060,#1061,
    #1062,#1063,#1064,#1065,#1066,#1067,#1068),.UNSPECIFIED.,.F.,.F.,(7,
    5,7),(0.,0.506828050032,1.),.UNSPECIFIED.);
#1057 = CARTESIAN_POINT('',(-35.,28.284271247462,51.180339887499));
#1058 = CARTESIAN_POINT('',(-34.39748579075,28.497292189022,
    51.719244979213));
#1059 = CARTESIAN_POINT('',(-33.74602525179,28.710291397003,
    52.231793606676));
#1060 = CARTESIAN_POINT('',(-33.04395672323,28.919164272543,
    52.713323041798));
#1061 = CARTESIAN_POINT('',(-32.28978584698,29.119079722158,
    53.15801309596));
#1062 = CARTESIAN_POINT('',(-31.48252809303,29.30433591837,
    53.558693017584));
#1063 = CARTESIAN_POINT('',(-29.78486596633,29.62822204534,
    54.245019979561));
#1064 = CARTESIAN_POINT('',(-28.89267672977,29.768853912505,
    54.535340127377));
#1065 = CARTESIAN_POINT('',(-27.95586936454,29.881853593275,
    54.763707405076));
#1066 = CARTESIAN_POINT('',(-26.98625851987,29.960270982567,
    54.920541863575));
#1067 = CARTESIAN_POINT('',(-25.99660299834,30.,55.));
#1068 = CARTESIAN_POINT('',(-25.,30.,55.));
#1069 = PCURVE('',#78,#1070);
#1070 = DEFINITIONAL_REPRESENTATION('',(#1071),#1084);
#1071 = B_SPLINE_CURVE_WITH_KNOTS('',6,(#1072,#1073,#1074,#1075,#1076,
    #1077,#1078,#1079,#1080,#1081,#1082,#1083),.UNSPECIFIED.,.F.,.F.,(7,
    5,7),(0.,0.506828050032,1.),.UNSPECIFIED.);
#1072 = CARTESIAN_POINT('',(-1.910633236249,-51.18033988749));
#1073 = CARTESIAN_POINT('',(-1.889331142093,-51.71924497921));
#1074 = CARTESIAN_POINT('',(-1.866491059284,-52.23179360667));
#1075 = CARTESIAN_POINT('',(-1.842088943588,-52.71332304179));
#1076 = CARTESIAN_POINT('',(-1.816101647232,-53.15801309596));
#1077 = CARTESIAN_POINT('',(-1.788512543046,-53.55869301758));
#1078 = CARTESIAN_POINT('',(-1.730903140652,-54.24501997956));
#1079 = CARTESIAN_POINT('',(-1.700811875741,-54.53534012737));
#1080 = CARTESIAN_POINT('',(-1.669391166514,-54.76370740507));
#1081 = CARTESIAN_POINT('',(-1.637004978958,-54.92054186357));
#1082 = CARTESIAN_POINT('',(-1.60401642674,-55.));
#1083 = CARTESIAN_POINT('',(-1.570796326795,-55.));
#1084 = ( GEOMETRIC_REPRESENTATION_CONTEXT(2) 
PARAMETRIC_REPRESENTATION_CONTEXT() REPRESENTATION_CONTEXT('2D SPACE',''
  ) );
#1085 = PCURVE('',#1086,#1091);
#1086 = CYLINDRICAL_SURFACE('',#1087,15.);
#1087 = AXIS2_PLACEMENT_3D('',#1088,#1089,#1090);
#1088 = CARTESIAN_POINT('',(-25.,25.,40.));
#1089 = DIRECTION('',(0.,1.,0.));
#1090 = DIRECTION('',(0.,-0.,1.));
#1091 = DEFINITIONAL_REPRESENTATION('',(#1092),#1105);
#1092 = B_SPLINE_CURVE_WITH_KNOTS('',6,(#1093,#1094,#1095,#1096,#1097,
    #1098,#1099,#1100,#1101,#1102,#1103,#1104),.UNSPECIFIED.,.F.,.F.,(7,
    5,7),(0.,0.506828050032,1.),.UNSPECIFIED.);
#1093 = CARTESIAN_POINT('',(5.553457650953,3.284271247462));
#1094 = CARTESIAN_POINT('',(5.607348160124,3.497292189022));
#1095 = CARTESIAN_POINT('',(5.662499479889,3.710291397003));
#1096 = CARTESIAN_POINT('',(5.719068360277,3.919164272543));
#1097 = CARTESIAN_POINT('',(5.777218952658,4.119079722158));
#1098 = CARTESIAN_POINT('',(5.83712489815,4.30433591837));
#1099 = CARTESIAN_POINT('',(5.959201402308,4.62822204534));
#1100 = CARTESIAN_POINT('',(6.021599062673,4.768853912505));
#1101 = CARTESIAN_POINT('',(6.085599303678,4.881853593275));
#1102 = CARTESIAN_POINT('',(6.150768101008,4.960270982567));
#1103 = CARTESIAN_POINT('',(6.21674510729,5.));
#1104 = CARTESIAN_POINT('',(6.28318530718,5.));
#1105 = ( GEOMETRIC_REPRESENTATION_CONTEXT(2) 
PARAMETRIC_REPRESENTATION_CONTEXT() REPRESENTATION_CONTEXT('2D SPACE',''
  ) );
#1106 = ORIENTED_EDGE('',*,*,#1107,.T.);
#1107 = EDGE_CURVE('',#1053,#1108,#1110,.T.);
#1108 = VERTEX_POINT('',#1109);
#1109 = CARTESIAN_POINT('',(-35.,28.284271247462,28.819660112501));
#1110 = SURFACE_CURVE('',#1111,(#1209,#1310),.PCURVE_S1.);
#1111 = B_SPLINE_CURVE_WITH_KNOTS('',6,(#1112,#1113,#1114,#1115,#1116,
    #1117,#1118,#1119,#1120,#1121,#1122,#1123,#1124,#1125,#1126,#1127,
    #1128,#1129,#1130,#1131,#1132,#1133,#1134,#1135,#1136,#1137,#1138,
    #1139,#1140,#1141,#1142,#1143,#1144,#1145,#1146,#1147,#1148,#1149,
    #1150,#1151,#1152,#1153,#1154,#1155,#1156,#1157,#1158,#1159,#1160,
    #1161,#1162,#1163,#1164,#1165,#1166,#1167,#1168,#1169,#1170,#1171,
    #1172,#1173,#1174,#1175,#1176,#1177,#1178,#1179,#1180,#1181,#1182,
    #1183,#1184,#1185,#1186,#1187,#1188,#1189,#1190,#1191,#1192,#1193,
    #1194,#1195,#1196,#1197,#1198,#1199,#1200,#1201,#1202,#1203,#1204,
    #1205,#1206,#1207,#1208),.UNSPECIFIED.,.F.,.F.,(7,5,5,5,5,5,5,5,5,5,
    5,5,5,5,5,5,5,5,5,7),(0.,5.821619713433E-02,9.459675841245E-02,
    0.139195027836,0.173273069379,0.200449067723,0.279925390284,
    0.343399359786,0.414306456504,0.54957963225,0.628063632276,
    0.655269270303,0.68929798422,0.734923360716,0.770819168931,
    0.79051885085,0.829133491551,0.866304909836,0.914009008587,1.),
  .UNSPECIFIED.);
#1112 = CARTESIAN_POINT('',(-25.,30.,55.));
#1113 = CARTESIAN_POINT('',(-24.31234232721,30.,55.));
#1114 = CARTESIAN_POINT('',(-23.62597410753,29.981085046909,
    54.962170061533));
#1115 = CARTESIAN_POINT('',(-22.94617490377,29.943388341603,
    54.886776794678));
#1116 = CARTESIAN_POINT('',(-22.27818139242,29.887920562027,
    54.775304232816));
#1117 = CARTESIAN_POINT('',(-21.62706291946,29.81655068927,
    54.630443827686));
#1118 = CARTESIAN_POINT('',(-20.60424036569,29.678861765188,
    54.34726080547));
#1119 = CARTESIAN_POINT('',(-20.21893356888,29.620634688196,
    54.226754102296));
#1120 = CARTESIAN_POINT('',(-19.84209474564,29.557626518541,
    54.095356159005));
#1121 = CARTESIAN_POINT('',(-19.47409738535,29.490352150207,
    53.95379237189));
#1122 = CARTESIAN_POINT('',(-19.11527679918,29.419340300416,
    53.802809762099));
#1123 = CARTESIAN_POINT('',(-18.33767274228,29.254146324876,
    53.447493940323));
#1124 = CARTESIAN_POINT('',(-17.92355805011,29.158333559869,
    53.238770352305));
#1125 = CARTESIAN_POINT('',(-17.52356752261,29.058544262653,
    53.018156149335));
#1126 = CARTESIAN_POINT('',(-17.13763387929,28.955587621076,
    52.786703215918));
#1127 = CARTESIAN_POINT('',(-16.76564212547,28.850218945671,
    52.545371138142));
#1128 = CARTESIAN_POINT('',(-16.13371682696,28.661309061894,
    52.103740466973));
#1129 = CARTESIAN_POINT('',(-15.86799897193,28.578467297212,
    51.907156044506));
#1130 = CARTESIAN_POINT('',(-15.61015494731,28.494901310153,
    51.705620926244));
#1131 = CARTESIAN_POINT('',(-15.36006049803,28.410884373037,
    51.49944425928));
#1132 = CARTESIAN_POINT('',(-15.11758903191,28.326670357563,
    51.288899554069));
#1133 = CARTESIAN_POINT('',(-14.69522568202,28.175365940586,
    50.90302928592));
#1134 = CARTESIAN_POINT('',(-14.51260624776,28.108262373658,
    50.729208049702));
#1135 = CARTESIAN_POINT('',(-14.33468845595,28.041302021649,
    50.552881436748));
#1136 = CARTESIAN_POINT('',(-14.16141071797,27.974598436042,
    50.374159991041));
#1137 = CARTESIAN_POINT('',(-13.99271471752,27.908259732182,
    50.193144339574));
#1138 = CARTESIAN_POINT('',(-13.34843157525,27.649748152132,
    49.474100018234));
#1139 = CARTESIAN_POINT('',(-12.90685810025,27.46103768059,
    48.919235124723));
#1140 = CARTESIAN_POINT('',(-12.50271634612,27.278923420419,
    48.347823316761));
#1141 = CARTESIAN_POINT('',(-12.13503247496,27.105721732851,
    47.76177330913));
#1142 = CARTESIAN_POINT('',(-11.80304337037,26.943473160065,
    47.162544846073));
#1143 = CARTESIAN_POINT('',(-11.26925578387,26.674652537113,
    46.063098630445));
#1144 = CARTESIAN_POINT('',(-11.05473195087,26.563462192554,
    45.567299066799));
#1145 = CARTESIAN_POINT('',(-10.86260756843,26.461457608805,
    45.064797837565));
#1146 = CARTESIAN_POINT('',(-10.69281220682,26.369531709611,
    44.556436574888));
#1147 = CARTESIAN_POINT('',(-10.54530910904,26.288446788874,
    44.042986715693));
#1148 = CARTESIAN_POINT('',(-10.28024054875,26.141046139053,
    42.9466727588));
#1149 = CARTESIAN_POINT('',(-10.16821201953,26.07757655019,
    42.362753621236));
#1150 = CARTESIAN_POINT('',(-10.08413048146,26.029334871511,
    41.774801386676));
#1151 = CARTESIAN_POINT('',(-10.02804895186,25.996956182771,
    41.184157357285));
#1152 = CARTESIAN_POINT('',(-10.,25.980762113533,40.592125071812));
#1153 = CARTESIAN_POINT('',(-10.,25.980762113533,38.870372041599));
#1154 = CARTESIAN_POINT('',(-10.10208504807,26.039700656776,
    37.74273788292));
#1155 = CARTESIAN_POINT('',(-10.30557722013,26.15718811477,
    36.624744115217));
#1156 = CARTESIAN_POINT('',(-10.61041562926,26.329173446085,
    35.524127273407));
#1157 = CARTESIAN_POINT('',(-11.0168239461,26.547944844712,
    34.449720423362));
#1158 = CARTESIAN_POINT('',(-11.81868006434,26.951092632398,
    32.809580719534));
#1159 = CARTESIAN_POINT('',(-12.14735879789,27.111480644141,
    32.219133089208));
#1160 = CARTESIAN_POINT('',(-12.51076849605,27.28246588432,
    31.641543692027));
#1161 = CARTESIAN_POINT('',(-12.90964471734,27.462087406433,
    31.078217506978));
#1162 = CARTESIAN_POINT('',(-13.34492251469,27.648123188181,
    30.530985447006));
#1163 = CARTESIAN_POINT('',(-13.98153683118,27.903846621117,
    29.818943207194));
#1164 = CARTESIAN_POINT('',(-14.14992979173,27.970144406579,
    29.637854098712));
#1165 = CARTESIAN_POINT('',(-14.32289925606,28.03681159925,
    29.459053508629));
#1166 = CARTESIAN_POINT('',(-14.50050336615,28.103740348231,
    29.282641669292));
#1167 = CARTESIAN_POINT('',(-14.68280356016,28.170817395859,
    29.108728671578));
#1168 = CARTESIAN_POINT('',(-15.10383981182,28.321860873329,
    28.723180288999));
#1169 = CARTESIAN_POINT('',(-15.34525979084,28.405842502233,
    28.513026380319));
#1170 = CARTESIAN_POINT('',(-15.59425524815,28.489637931838,
    28.307205271934));
#1171 = CARTESIAN_POINT('',(-15.85095273403,28.572996343727,
    28.105986255675));
#1172 = CARTESIAN_POINT('',(-16.11547461036,28.65564713365,
    27.90967538212));
#1173 = CARTESIAN_POINT('',(-16.75325678496,28.846779180744,
    27.462444132056));
#1174 = CARTESIAN_POINT('',(-17.1329438991,28.954491373451,
    27.215648201455));
#1175 = CARTESIAN_POINT('',(-17.52717677032,29.059697586368,
    26.979148980841));
#1176 = CARTESIAN_POINT('',(-17.93608123073,29.161593760826,
    26.753966714495));
#1177 = CARTESIAN_POINT('',(-18.35973155229,29.259316914835,
    26.541223015773));
#1178 = CARTESIAN_POINT('',(-19.14307511419,29.424831624652,
    26.185517151921));
#1179 = CARTESIAN_POINT('',(-19.49719553196,29.494573485959,
    26.037324415667));
#1180 = CARTESIAN_POINT('',(-19.86021787583,29.560663909113,
    25.898307728364));
#1181 = CARTESIAN_POINT('',(-20.23181332001,29.622595893866,
    25.769184474236));
#1182 = CARTESIAN_POINT('',(-20.6116168993,29.679876280585,
    25.650650112064));
#1183 = CARTESIAN_POINT('',(-21.21194869477,29.760657536373,
    25.484512297307));
#1184 = CARTESIAN_POINT('',(-21.426987706,29.787734112342,
    25.429045500732));
#1185 = CARTESIAN_POINT('',(-21.64420966616,29.813176903493,
    25.377109359025));
#1186 = CARTESIAN_POINT('',(-21.86347665251,29.836906070522,
    25.328822040544));
#1187 = CARTESIAN_POINT('',(-22.08464757319,29.858848300384,
    25.284291631965));
#1188 = CARTESIAN_POINT('',(-22.74455907009,29.918313606444,
    25.163885430921));
#1189 = CARTESIAN_POINT('',(-23.18847740308,29.950584371502,
    25.098934695861));
#1190 = CARTESIAN_POINT('',(-23.63767405764,29.975184502296,
    25.049629767475));
#1191 = CARTESIAN_POINT('',(-24.09046680167,29.991724620385,
    25.016551423922));
#1192 = CARTESIAN_POINT('',(-24.54515094422,30.,25.));
#1193 = CARTESIAN_POINT('',(-25.43784906972,30.,25.));
#1194 = CARTESIAN_POINT('',(-25.87555741501,29.992331634946,
    25.015337289747));
#1195 = CARTESIAN_POINT('',(-26.31157743637,29.977003639225,
    25.045991730394));
#1196 = CARTESIAN_POINT('',(-26.74437975091,29.954192219195,
    25.091704310203));
#1197 = CARTESIAN_POINT('',(-27.1724537418,29.924233435673,
    25.151973418939));
#1198 = CARTESIAN_POINT('',(-28.13569671376,29.840621912879,
    25.321119059859));
#1199 = CARTESIAN_POINT('',(-28.66648497325,29.782691631211,
    25.438866974842));
#1200 = CARTESIAN_POINT('',(-29.1850774576,29.714749557571,
    25.577921471108));
#1201 = CARTESIAN_POINT('',(-29.68999320496,29.637896194981,
    25.736714933415));
#1202 = CARTESIAN_POINT('',(-30.17986652573,29.55336732157,
    25.91346756596));
#1203 = CARTESIAN_POINT('',(-31.50712128786,29.298685364471,
    26.453532128312));
#1204 = CARTESIAN_POINT('',(-32.30818526066,29.114197012256,
    26.852850962481));
#1205 = CARTESIAN_POINT('',(-33.05677639324,28.915345344275,
    27.295485057872));
#1206 = CARTESIAN_POINT('',(-33.75391142615,28.707710365677,
    27.774421347902));
#1207 = CARTESIAN_POINT('',(-34.40109856347,28.496014880975,
    28.283986382948));
#1208 = CARTESIAN_POINT('',(-35.,28.284271247462,28.819660112501));
#1209 = PCURVE('',#78,#1210);
#1210 = DEFINITIONAL_REPRESENTATION('',(#1211),#1309);
#1211 = B_SPLINE_CURVE_WITH_KNOTS('',6,(#1212,#1213,#1214,#1215,#1216,
    #1217,#1218,#1219,#1220,#1221,#1222,#1223,#1224,#1225,#1226,#1227,
    #1228,#1229,#1230,#1231,#1232,#1233,#1234,#1235,#1236,#1237,#1238,
    #1239,#1240,#1241,#1242,#1243,#1244,#1245,#1246,#1247,#1248,#1249,
    #1250,#1251,#1252,#1253,#1254,#1255,#1256,#1257,#1258,#1259,#1260,
    #1261,#1262,#1263,#1264,#1265,#1266,#1267,#1268,#1269,#1270,#1271,
    #1272,#1273,#1274,#1275,#1276,#1277,#1278,#1279,#1280,#1281,#1282,
    #1283,#1284,#1285,#1286,#1287,#1288,#1289,#1290,#1291,#1292,#1293,
    #1294,#1295,#1296,#1297,#1298,#1299,#1300,#1301,#1302,#1303,#1304,
    #1305,#1306,#1307,#1308),.UNSPECIFIED.,.F.,.F.,(7,5,5,5,5,5,5,5,5,5,
    5,5,5,5,5,5,5,5,5,7),(0.,5.821619713433E-02,9.459675841245E-02,
    0.139195027836,0.173273069379,0.200449067723,0.279925390284,
    0.343399359786,0.414306456504,0.54957963225,0.628063632276,
    0.655269270303,0.68929798422,0.734923360716,0.770819168931,
    0.79051885085,0.829133491551,0.866304909836,0.914009008587,1.),
  .UNSPECIFIED.);
#1212 = CARTESIAN_POINT('',(-1.570796326795,-55.));
#1213 = CARTESIAN_POINT('',(-1.547874404369,-55.));
#1214 = CARTESIAN_POINT('',(-1.524995459321,-54.96217006153));
#1215 = CARTESIAN_POINT('',(-1.502313828445,-54.88677679467));
#1216 = CARTESIAN_POINT('',(-1.479982694432,-54.77530423281));
#1217 = CARTESIAN_POINT('',(-1.458155374918,-54.63044382768));
#1218 = CARTESIAN_POINT('',(-1.423753756475,-54.34726080547));
#1219 = CARTESIAN_POINT('',(-1.410766070779,-54.22675410229));
#1220 = CARTESIAN_POINT('',(-1.398032692253,-54.095356159));
#1221 = CARTESIAN_POINT('',(-1.385564856673,-53.95379237189));
#1222 = CARTESIAN_POINT('',(-1.373373380122,-53.80280976209));
#1223 = CARTESIAN_POINT('',(-1.346874803244,-53.44749394032));
#1224 = CARTESIAN_POINT('',(-1.332708635345,-53.2387703523));
#1225 = CARTESIAN_POINT('',(-1.318969857163,-53.01815614933));
#1226 = CARTESIAN_POINT('',(-1.305657923006,-52.78670321591));
#1227 = CARTESIAN_POINT('',(-1.292771704929,-52.54537113814));
#1228 = CARTESIAN_POINT('',(-1.27078644403,-52.10374046697));
#1229 = CARTESIAN_POINT('',(-1.261509332747,-51.9071560445));
#1230 = CARTESIAN_POINT('',(-1.252475246322,-51.70562092624));
#1231 = CARTESIAN_POINT('',(-1.243681641925,-51.49944425928));
#1232 = CARTESIAN_POINT('',(-1.235126045134,-51.28889955406));
#1233 = CARTESIAN_POINT('',(-1.220171156452,-50.90302928592));
#1234 = CARTESIAN_POINT('',(-1.213686107285,-50.7292080497));
#1235 = CARTESIAN_POINT('',(-1.207349689642,-50.55288143674));
#1236 = CARTESIAN_POINT('',(-1.201160832703,-50.37415999104));
#1237 = CARTESIAN_POINT('',(-1.195118607611,-50.19314433957));
#1238 = CARTESIAN_POINT('',(-1.171978238737,-49.47410001823));
#1239 = CARTESIAN_POINT('',(-1.155975294508,-48.91923512472));
#1240 = CARTESIAN_POINT('',(-1.141203067895,-48.34782331676));
#1241 = CARTESIAN_POINT('',(-1.127657382113,-47.76177330913));
#1242 = CARTESIAN_POINT('',(-1.115341115154,-47.16254484607));
#1243 = CARTESIAN_POINT('',(-1.095419220029,-46.06309863044));
#1244 = CARTESIAN_POINT('',(-1.087365520301,-45.56729906679));
#1245 = CARTESIAN_POINT('',(-1.080115164117,-45.06479783756));
#1246 = CARTESIAN_POINT('',(-1.073679287901,-44.55643657488));
#1247 = CARTESIAN_POINT('',(-1.068068660724,-44.04298671569));
#1248 = CARTESIAN_POINT('',(-1.057958803421,-42.9466727588));
#1249 = CARTESIAN_POINT('',(-1.053666985875,-42.36275362123));
#1250 = CARTESIAN_POINT('',(-1.050435735936,-41.77480138667));
#1251 = CARTESIAN_POINT('',(-1.048277155581,-41.18415735728));
#1252 = CARTESIAN_POINT('',(-1.047197551197,-40.59212507181));
#1253 = CARTESIAN_POINT('',(-1.047197551197,-38.87037204159));
#1254 = CARTESIAN_POINT('',(-1.051126770259,-37.74273788292));
#1255 = CARTESIAN_POINT('',(-1.05895935492,-36.62474411521));
#1256 = CARTESIAN_POINT('',(-1.070625342034,-35.5241272734));
#1257 = CARTESIAN_POINT('',(-1.0860043026,-34.44972042336));
#1258 = CARTESIAN_POINT('',(-1.115920878702,-32.80958071953));
#1259 = CARTESIAN_POINT('',(-1.128110798336,-32.2191330892));
#1260 = CARTESIAN_POINT('',(-1.141496178715,-31.64154369202));
#1261 = CARTESIAN_POINT('',(-1.156074395108,-31.07821750697));
#1262 = CARTESIAN_POINT('',(-1.171849510943,-30.530985447));
#1263 = CARTESIAN_POINT('',(-1.194718030356,-29.81894320719));
#1264 = CARTESIAN_POINT('',(-1.200750356895,-29.63785409871));
#1265 = CARTESIAN_POINT('',(-1.206929189995,-29.45905350862));
#1266 = CARTESIAN_POINT('',(-1.213255452576,-29.28264166929));
#1267 = CARTESIAN_POINT('',(-1.219730210104,-29.10872867157));
#1268 = CARTESIAN_POINT('',(-1.234640521871,-28.72318028899));
#1269 = CARTESIAN_POINT('',(-1.243160473467,-28.51302638031));
#1270 = CARTESIAN_POINT('',(-1.251917010881,-28.30720527193));
#1271 = CARTESIAN_POINT('',(-1.260912620056,-28.10598625567));
#1272 = CARTESIAN_POINT('',(-1.270149787368,-27.90967538212));
#1273 = CARTESIAN_POINT('',(-1.292343319,-27.46244413205));
#1274 = CARTESIAN_POINT('',(-1.305497548111,-27.21564820145));
#1275 = CARTESIAN_POINT('',(-1.319095947328,-26.97914898084));
#1276 = CARTESIAN_POINT('',(-1.333139821249,-26.75396671449));
#1277 = CARTESIAN_POINT('',(-1.347629852643,-26.54122301577));
#1278 = CARTESIAN_POINT('',(-1.374317807794,-26.18551715192));
#1279 = CARTESIAN_POINT('',(-1.386347424322,-26.03732441566));
#1280 = CARTESIAN_POINT('',(-1.398645116864,-25.89830772836));
#1281 = CARTESIAN_POINT('',(-1.411200290547,-25.76918447423));
#1282 = CARTESIAN_POINT('',(-1.424001954484,-25.65065011206));
#1283 = CARTESIAN_POINT('',(-1.444193368389,-25.4845122973));
#1284 = CARTESIAN_POINT('',(-1.451417671076,-25.42904550073));
#1285 = CARTESIAN_POINT('',(-1.458707489499,-25.37710935902));
#1286 = CARTESIAN_POINT('',(-1.466058631936,-25.32882204054));
#1287 = CARTESIAN_POINT('',(-1.473466885024,-25.28429163196));
#1288 = CARTESIAN_POINT('',(-1.495553062359,-25.16388543092));
#1289 = CARTESIAN_POINT('',(-1.510387169562,-25.09893469586));
#1290 = CARTESIAN_POINT('',(-1.525379184832,-25.04962976747));
#1291 = CARTESIAN_POINT('',(-1.540478555762,-25.01655142392));
#1292 = CARTESIAN_POINT('',(-1.555634691602,-25.));
#1293 = CARTESIAN_POINT('',(-1.585391295786,-25.));
#1294 = CARTESIAN_POINT('',(-1.599981572131,-25.01533728974));
#1295 = CARTESIAN_POINT('',(-1.614521173619,-25.04599173039));
#1296 = CARTESIAN_POINT('',(-1.628964684365,-25.0917043102));
#1297 = CARTESIAN_POINT('',(-1.643266723005,-25.15197341893));
#1298 = CARTESIAN_POINT('',(-1.67549555602,-25.32111905985));
#1299 = CARTESIAN_POINT('',(-1.693289196262,-25.43886697484));
#1300 = CARTESIAN_POINT('',(-1.710717426776,-25.5779214711));
#1301 = CARTESIAN_POINT('',(-1.727736613292,-25.73671493341));
#1302 = CARTESIAN_POINT('',(-1.744304144392,-25.91346756596));
#1303 = CARTESIAN_POINT('',(-1.789353106679,-26.45353212831));
#1304 = CARTESIAN_POINT('',(-1.816735699694,-26.85285096248));
#1305 = CARTESIAN_POINT('',(-1.842534572347,-27.29548505787));
#1306 = CARTESIAN_POINT('',(-1.866767575269,-27.7744213479));
#1307 = CARTESIAN_POINT('',(-1.889458872898,-28.28398638294));
#1308 = CARTESIAN_POINT('',(-1.910633236249,-28.8196601125));
#1309 = ( GEOMETRIC_REPRESENTATION_CONTEXT(2) 
PARAMETRIC_REPRESENTATION_CONTEXT() REPRESENTATION_CONTEXT('2D SPACE',''
  ) );
#1310 = PCURVE('',#1086,#1311);
#1311 = DEFINITIONAL_REPRESENTATION('',(#1312),#1410);
#1312 = B_SPLINE_CURVE_WITH_KNOTS('',6,(#1313,#1314,#1315,#1316,#1317,
    #1318,#1319,#1320,#1321,#1322,#1323,#1324,#1325,#1326,#1327,#1328,
    #1329,#1330,#1331,#1332,#1333,#1334,#1335,#1336,#1337,#1338,#1339,
    #1340,#1341,#1342,#1343,#1344,#1345,#1346,#1347,#1348,#1349,#1350,
    #1351,#1352,#1353,#1354,#1355,#1356,#1357,#1358,#1359,#1360,#1361,
    #1362,#1363,#1364,#1365,#1366,#1367,#1368,#1369,#1370,#1371,#1372,
    #1373,#1374,#1375,#1376,#1377,#1378,#1379,#1380,#1381,#1382,#1383,
    #1384,#1385,#1386,#1387,#1388,#1389,#1390,#1391,#1392,#1393,#1394,
    #1395,#1396,#1397,#1398,#1399,#1400,#1401,#1402,#1403,#1404,#1405,
    #1406,#1407,#1408,#1409),.UNSPECIFIED.,.F.,.F.,(7,5,5,5,5,5,5,5,5,5,
    5,5,5,5,5,5,5,5,5,7),(0.,5.821619713433E-02,9.459675841245E-02,
    0.139195027836,0.173273069379,0.200449067723,0.279925390284,
    0.343399359786,0.414306456504,0.54957963225,0.628063632276,
    0.655269270303,0.68929798422,0.734923360716,0.770819168931,
    0.79051885085,0.829133491551,0.866304909836,0.914009008587,1.),
  .UNSPECIFIED.);
#1313 = CARTESIAN_POINT('',(0.,5.));
#1314 = CARTESIAN_POINT('',(4.584384485224E-02,5.));
#1315 = CARTESIAN_POINT('',(9.160172305756E-02,4.981085046909));
#1316 = CARTESIAN_POINT('',(0.137095113103,4.943388341603));
#1317 = CARTESIAN_POINT('',(0.182144988808,4.887920562027));
#1318 = CARTESIAN_POINT('',(0.226555952585,4.81655068927));
#1319 = CARTESIAN_POINT('',(0.297309314517,4.678861765188));
#1320 = CARTESIAN_POINT('',(0.324208765717,4.620634688196));
#1321 = CARTESIAN_POINT('',(0.35079414379,4.557626518541));
#1322 = CARTESIAN_POINT('',(0.377060696169,4.490352150207));
#1323 = CARTESIAN_POINT('',(0.403001538361,4.419340300416));
#1324 = CARTESIAN_POINT('',(0.459997343373,4.254146324876));
#1325 = CARTESIAN_POINT('',(0.490890858417,4.158333559869));
#1326 = CARTESIAN_POINT('',(0.521313023546,4.058544262653));
#1327 = CARTESIAN_POINT('',(0.551285748917,3.955587621076));
#1328 = CARTESIAN_POINT('',(0.580829347325,3.850218945671));
#1329 = CARTESIAN_POINT('',(0.632226157975,3.661309061894));
#1330 = CARTESIAN_POINT('',(0.654253683812,3.578467297212));
#1331 = CARTESIAN_POINT('',(0.676059697634,3.494901310153));
#1332 = CARTESIAN_POINT('',(0.697657131235,3.410884373037));
#1333 = CARTESIAN_POINT('',(0.719058751154,3.326670357563));
#1334 = CARTESIAN_POINT('',(0.757198066721,3.175365940586));
#1335 = CARTESIAN_POINT('',(0.774002468853,3.108262373658));
#1336 = CARTESIAN_POINT('',(0.790696795454,3.041302021649));
#1337 = CARTESIAN_POINT('',(0.80728727395,2.974598436042));
#1338 = CARTESIAN_POINT('',(0.82377992881,2.908259732182));
#1339 = CARTESIAN_POINT('',(0.888144360101,2.649748152132));
#1340 = CARTESIAN_POINT('',(0.935338958703,2.46103768059));
#1341 = CARTESIAN_POINT('',(0.981888114062,2.278923420419));
#1342 = CARTESIAN_POINT('',(1.027908079844,2.105721732851));
#1343 = CARTESIAN_POINT('',(1.073511472022,1.943473160065));
#1344 = CARTESIAN_POINT('',(1.154989790025,1.674652537113));
#1345 = CARTESIAN_POINT('',(1.190970190878,1.563462192554));
#1346 = CARTESIAN_POINT('',(1.226785547257,1.461457608805));
#1347 = CARTESIAN_POINT('',(1.262468000762,1.369531709611));
#1348 = CARTESIAN_POINT('',(1.298050291318,1.288446788874));
#1349 = CARTESIAN_POINT('',(1.373243838138,1.141046139053));
#1350 = CARTESIAN_POINT('',(1.412836710918,1.07757655019));
#1351 = CARTESIAN_POINT('',(1.452365505769,1.029334871511));
#1352 = CARTESIAN_POINT('',(1.491852504366,0.996956182771));
#1353 = CARTESIAN_POINT('',(1.531321322007,0.980762113533));
#1354 = CARTESIAN_POINT('',(1.646104857355,0.980762113533));
#1355 = CARTESIAN_POINT('',(1.721280442443,1.039700656776));
#1356 = CARTESIAN_POINT('',(1.796582267457,1.15718811477));
#1357 = CARTESIAN_POINT('',(1.872249189525,1.329173446085));
#1358 = CARTESIAN_POINT('',(1.948497719608,1.547944844712));
#1359 = CARTESIAN_POINT('',(2.070208332355,1.951092632398));
#1360 = CARTESIAN_POINT('',(2.115195470069,2.111480644141));
#1361 = CARTESIAN_POINT('',(2.160590343519,2.28246588432));
#1362 = CARTESIAN_POINT('',(2.20650117962,2.462087406433));
#1363 = CARTESIAN_POINT('',(2.253039654298,2.648123188181));
#1364 = CARTESIAN_POINT('',(2.316715288544,2.903846621117));
#1365 = CARTESIAN_POINT('',(2.33319776784,2.970144406579));
#1366 = CARTESIAN_POINT('',(2.349777748251,3.03681159925));
#1367 = CARTESIAN_POINT('',(2.366461241575,3.103740348231));
#1368 = CARTESIAN_POINT('',(2.38325446344,3.170817395859));
#1369 = CARTESIAN_POINT('',(2.421314012134,3.321860873329));
#1370 = CARTESIAN_POINT('',(2.442645700789,3.405842502233));
#1371 = CARTESIAN_POINT('',(2.464171648925,3.489637931838));
#1372 = CARTESIAN_POINT('',(2.485904599414,3.572996343727));
#1373 = CARTESIAN_POINT('',(2.507857288347,3.65564713365));
#1374 = CARTESIAN_POINT('',(2.559788092447,3.846779180744));
#1375 = CARTESIAN_POINT('',(2.589959213915,3.954491373451));
#1376 = CARTESIAN_POINT('',(2.620577602955,4.059697586368));
#1377 = CARTESIAN_POINT('',(2.651665129993,4.161593760826));
#1378 = CARTESIAN_POINT('',(2.683245407926,4.259316914835));
#1379 = CARTESIAN_POINT('',(2.740600202264,4.424831624652));
#1380 = CARTESIAN_POINT('',(2.766180622348,4.494573485959));
#1381 = CARTESIAN_POINT('',(2.792077480596,4.560663909113));
#1382 = CARTESIAN_POINT('',(2.818283750549,4.622595893866));
#1383 = CARTESIAN_POINT('',(2.844794440027,4.679876280585));
#1384 = CARTESIAN_POINT('',(2.886320872742,4.760657536373));
#1385 = CARTESIAN_POINT('',(2.901123736251,4.787734112342));
#1386 = CARTESIAN_POINT('',(2.916009837449,4.813176903493));
#1387 = CARTESIAN_POINT('',(2.930974267865,4.836906070522));
#1388 = CARTESIAN_POINT('',(2.946012378178,4.858848300384));
#1389 = CARTESIAN_POINT('',(2.9907327855,4.918313606444));
#1390 = CARTESIAN_POINT('',(3.020623916315,4.950584371502));
#1391 = CARTESIAN_POINT('',(3.050720737217,4.975184502296));
#1392 = CARTESIAN_POINT('',(3.080957105336,4.991724620385));
#1393 = CARTESIAN_POINT('',(3.111269383205,5.));
#1394 = CARTESIAN_POINT('',(3.170782591572,5.));
#1395 = CARTESIAN_POINT('',(3.199963149293,4.992331634946));
#1396 = CARTESIAN_POINT('',(3.22907591692,4.977003639225));
#1397 = CARTESIAN_POINT('',(3.258063561919,4.954192219195));
#1398 = CARTESIAN_POINT('',(3.286866673651,4.924233435673));
#1399 = CARTESIAN_POINT('',(3.352065421794,4.840621912879));
#1400 = CARTESIAN_POINT('',(3.388275715122,4.782691631211));
#1401 = CARTESIAN_POINT('',(3.42401940518,4.714749557571));
#1402 = CARTESIAN_POINT('',(3.459259360455,4.637896194981));
#1403 = CARTESIAN_POINT('',(3.49395036637,4.55336732157));
#1404 = CARTESIAN_POINT('',(3.589478720162,4.298685364471));
#1405 = CARTESIAN_POINT('',(3.648978206603,4.114197012256));
#1406 = CARTESIAN_POINT('',(3.7067431089,3.915345344275));
#1407 = CARTESIAN_POINT('',(3.762946574625,3.707710365677));
#1408 = CARTESIAN_POINT('',(3.817752936861,3.496014880975));
#1409 = CARTESIAN_POINT('',(3.871320309817,3.284271247462));
#1410 = ( GEOMETRIC_REPRESENTATION_CONTEXT(2) 
PARAMETRIC_REPRESENTATION_CONTEXT() REPRESENTATION_CONTEXT('2D SPACE',''
  ) );
#1411 = ORIENTED_EDGE('',*,*,#1412,.T.);
#1412 = EDGE_CURVE('',#1108,#62,#1413,.T.);
#1413 = SURFACE_CURVE('',#1414,(#1418,#1424),.PCURVE_S1.);
#1414 = LINE('',#1415,#1416);
#1415 = CARTESIAN_POINT('',(-35.,28.284271247462,0.));
#1416 = VECTOR('',#1417,1.);
#1417 = DIRECTION('',(-0.,-0.,-1.));
#1418 = PCURVE('',#78,#1419);
#1419 = DEFINITIONAL_REPRESENTATION('',(#1420),#1423);
#1420 = B_SPLINE_CURVE_WITH_KNOTS('',1,(#1421,#1422),.UNSPECIFIED.,.F.,
  .F.,(2,2),(-80.0000006,6.E-07),.PIECEWISE_BEZIER_KNOTS.);
#1421 = CARTESIAN_POINT('',(-1.910633236249,-80.0000006));
#1422 = CARTESIAN_POINT('',(-1.910633236249,6.E-07));
#1423 = ( GEOMETRIC_REPRESENTATION_CONTEXT(2) 
PARAMETRIC_REPRESENTATION_CONTEXT() REPRESENTATION_CONTEXT('2D SPACE',''
  ) );
#1424 = PCURVE('',#106,#1425);
#1425 = DEFINITIONAL_REPRESENTATION('',(#1426),#1429);
#1426 = B_SPLINE_CURVE_WITH_KNOTS('',1,(#1427,#1428),.UNSPECIFIED.,.F.,
  .F.,(2,2),(-80.0000006,6.E-07),.PIECEWISE_BEZIER_KNOTS.);
#1427 = CARTESIAN_POINT('',(80.0000006,-12.28427124746));
#1428 = CARTESIAN_POINT('',(-6.E-07,-12.28427124746));
#1429 = ( GEOMETRIC_REPRESENTATION_CONTEXT(2) 
PARAMETRIC_REPRESENTATION_CONTEXT() REPRESENTATION_CONTEXT('2D SPACE',''
  ) );
#1430 = ADVANCED_FACE('',(#1431),#648,.F.);
#1431 = FACE_BOUND('',#1432,.F.);
#1432 = EDGE_LOOP('',(#1433,#1456,#1457,#1458));
#1433 = ORIENTED_EDGE('',*,*,#1434,.F.);
#1434 = EDGE_CURVE('',#926,#1435,#1437,.T.);
#1435 = VERTEX_POINT('',#1436);
#1436 = CARTESIAN_POINT('',(35.,32.,80.));
#1437 = SURFACE_CURVE('',#1438,(#1442,#1449),.PCURVE_S1.);
#1438 = LINE('',#1439,#1440);
#1439 = CARTESIAN_POINT('',(35.,16.,80.));
#1440 = VECTOR('',#1441,1.);
#1441 = DIRECTION('',(0.,1.,0.));
#1442 = PCURVE('',#648,#1443);
#1443 = DEFINITIONAL_REPRESENTATION('',(#1444),#1448);
#1444 = LINE('',#1445,#1446);
#1445 = CARTESIAN_POINT('',(80.,0.));
#1446 = VECTOR('',#1447,1.);
#1447 = DIRECTION('',(0.,-1.));
#1448 = ( GEOMETRIC_REPRESENTATION_CONTEXT(2) 
PARAMETRIC_REPRESENTATION_CONTEXT() REPRESENTATION_CONTEXT('2D SPACE',''
  ) );
#1449 = PCURVE('',#942,#1450);
#1450 = DEFINITIONAL_REPRESENTATION('',(#1451),#1455);
#1451 = LINE('',#1452,#1453);
#1452 = CARTESIAN_POINT('',(10.,16.));
#1453 = VECTOR('',#1454,1.);
#1454 = DIRECTION('',(0.,1.));
#1455 = ( GEOMETRIC_REPRESENTATION_CONTEXT(2) 
PARAMETRIC_REPRESENTATION_CONTEXT() REPRESENTATION_CONTEXT('2D SPACE',''
  ) );
#1456 = ORIENTED_EDGE('',*,*,#978,.T.);
#1457 = ORIENTED_EDGE('',*,*,#634,.T.);
#1458 = ORIENTED_EDGE('',*,*,#1459,.T.);
#1459 = EDGE_CURVE('',#607,#1435,#1460,.T.);
#1460 = SURFACE_CURVE('',#1461,(#1465,#1472),.PCURVE_S1.);
#1461 = LINE('',#1462,#1463);
#1462 = CARTESIAN_POINT('',(35.,32.,0.));
#1463 = VECTOR('',#1464,1.);
#1464 = DIRECTION('',(0.,0.,1.));
#1465 = PCURVE('',#648,#1466);
#1466 = DEFINITIONAL_REPRESENTATION('',(#1467),#1471);
#1467 = LINE('',#1468,#1469);
#1468 = CARTESIAN_POINT('',(0.,-16.));
#1469 = VECTOR('',#1470,1.);
#1470 = DIRECTION('',(1.,0.));
#1471 = ( GEOMETRIC_REPRESENTATION_CONTEXT(2) 
PARAMETRIC_REPRESENTATION_CONTEXT() REPRESENTATION_CONTEXT('2D SPACE',''
  ) );
#1472 = PCURVE('',#622,#1473);
#1473 = DEFINITIONAL_REPRESENTATION('',(#1474),#1478);
#1474 = LINE('',#1475,#1476);
#1475 = CARTESIAN_POINT('',(0.,0.));
#1476 = VECTOR('',#1477,1.);
#1477 = DIRECTION('',(1.,0.));
#1478 = ( GEOMETRIC_REPRESENTATION_CONTEXT(2) 
PARAMETRIC_REPRESENTATION_CONTEXT() REPRESENTATION_CONTEXT('2D SPACE',''
  ) );
#1479 = ADVANCED_FACE('',(#1480),#106,.T.);
#1480 = FACE_BOUND('',#1481,.T.);
#1481 = EDGE_LOOP('',(#1482,#1503,#1504,#1505));
#1482 = ORIENTED_EDGE('',*,*,#1483,.F.);
#1483 = EDGE_CURVE('',#1108,#1484,#1486,.T.);
#1484 = VERTEX_POINT('',#1485);
#1485 = CARTESIAN_POINT('',(-35.,32.,28.819660112501));
#1486 = SURFACE_CURVE('',#1487,(#1491,#1497),.PCURVE_S1.);
#1487 = LINE('',#1488,#1489);
#1488 = CARTESIAN_POINT('',(-35.,25.,28.819660112501));
#1489 = VECTOR('',#1490,1.);
#1490 = DIRECTION('',(0.,1.,0.));
#1491 = PCURVE('',#106,#1492);
#1492 = DEFINITIONAL_REPRESENTATION('',(#1493),#1496);
#1493 = B_SPLINE_CURVE_WITH_KNOTS('',1,(#1494,#1495),.UNSPECIFIED.,.F.,
  .F.,(2,2),(2.912698372208,7.371572875254),.PIECEWISE_BEZIER_KNOTS.);
#1494 = CARTESIAN_POINT('',(28.819660112501,-11.9126983722));
#1495 = CARTESIAN_POINT('',(28.819660112501,-16.37157287525));
#1496 = ( GEOMETRIC_REPRESENTATION_CONTEXT(2) 
PARAMETRIC_REPRESENTATION_CONTEXT() REPRESENTATION_CONTEXT('2D SPACE',''
  ) );
#1497 = PCURVE('',#1086,#1498);
#1498 = DEFINITIONAL_REPRESENTATION('',(#1499),#1502);
#1499 = B_SPLINE_CURVE_WITH_KNOTS('',1,(#1500,#1501),.UNSPECIFIED.,.F.,
  .F.,(2,2),(2.912698372208,7.371572875254),.PIECEWISE_BEZIER_KNOTS.);
#1500 = CARTESIAN_POINT('',(3.871320309817,2.912698372208));
#1501 = CARTESIAN_POINT('',(3.871320309817,7.371572875254));
#1502 = ( GEOMETRIC_REPRESENTATION_CONTEXT(2) 
PARAMETRIC_REPRESENTATION_CONTEXT() REPRESENTATION_CONTEXT('2D SPACE',''
  ) );
#1503 = ORIENTED_EDGE('',*,*,#1412,.T.);
#1504 = ORIENTED_EDGE('',*,*,#90,.T.);
#1505 = ORIENTED_EDGE('',*,*,#1506,.T.);
#1506 = EDGE_CURVE('',#91,#1484,#1507,.T.);
#1507 = SURFACE_CURVE('',#1508,(#1512,#1519),.PCURVE_S1.);
#1508 = LINE('',#1509,#1510);
#1509 = CARTESIAN_POINT('',(-35.,32.,0.));
#1510 = VECTOR('',#1511,1.);
#1511 = DIRECTION('',(0.,0.,1.));
#1512 = PCURVE('',#106,#1513);
#1513 = DEFINITIONAL_REPRESENTATION('',(#1514),#1518);
#1514 = LINE('',#1515,#1516);
#1515 = CARTESIAN_POINT('',(0.,-16.));
#1516 = VECTOR('',#1517,1.);
#1517 = DIRECTION('',(1.,0.));
#1518 = ( GEOMETRIC_REPRESENTATION_CONTEXT(2) 
PARAMETRIC_REPRESENTATION_CONTEXT() REPRESENTATION_CONTEXT('2D SPACE',''
  ) );
#1519 = PCURVE('',#134,#1520);
#1520 = DEFINITIONAL_REPRESENTATION('',(#1521),#1525);
#1521 = LINE('',#1522,#1523);
#1522 = CARTESIAN_POINT('',(0.,16.));
#1523 = VECTOR('',#1524,1.);
#1524 = DIRECTION('',(1.,0.));
#1525 = ( GEOMETRIC_REPRESENTATION_CONTEXT(2) 
PARAMETRIC_REPRESENTATION_CONTEXT() REPRESENTATION_CONTEXT('2D SPACE',''
  ) );
#1526 = ADVANCED_FACE('',(#1527),#622,.T.);
#1527 = FACE_BOUND('',#1528,.T.);
#1528 = EDGE_LOOP('',(#1529,#1530,#1531,#1554));
#1529 = ORIENTED_EDGE('',*,*,#606,.F.);
#1530 = ORIENTED_EDGE('',*,*,#1459,.T.);
#1531 = ORIENTED_EDGE('',*,*,#1532,.T.);
#1532 = EDGE_CURVE('',#1435,#1533,#1535,.T.);
#1533 = VERTEX_POINT('',#1534);
#1534 = CARTESIAN_POINT('',(51.,32.,80.));
#1535 = SURFACE_CURVE('',#1536,(#1540,#1547),.PCURVE_S1.);
#1536 = LINE('',#1537,#1538);
#1537 = CARTESIAN_POINT('',(35.,32.,80.));
#1538 = VECTOR('',#1539,1.);
#1539 = DIRECTION('',(1.,0.,0.));
#1540 = PCURVE('',#622,#1541);
#1541 = DEFINITIONAL_REPRESENTATION('',(#1542),#1546);
#1542 = LINE('',#1543,#1544);
#1543 = CARTESIAN_POINT('',(80.,0.));
#1544 = VECTOR('',#1545,1.);
#1545 = DIRECTION('',(0.,1.));
#1546 = ( GEOMETRIC_REPRESENTATION_CONTEXT(2) 
PARAMETRIC_REPRESENTATION_CONTEXT() REPRESENTATION_CONTEXT('2D SPACE',''
  ) );
#1547 = PCURVE('',#942,#1548);
#1548 = DEFINITIONAL_REPRESENTATION('',(#1549),#1553);
#1549 = LINE('',#1550,#1551);
#1550 = CARTESIAN_POINT('',(10.,32.));
#1551 = VECTOR('',#1552,1.);
#1552 = DIRECTION('',(1.,0.));
#1553 = ( GEOMETRIC_REPRESENTATION_CONTEXT(2) 
PARAMETRIC_REPRESENTATION_CONTEXT() REPRESENTATION_CONTEXT('2D SPACE',''
  ) );
#1554 = ORIENTED_EDGE('',*,*,#1555,.F.);
#1555 = EDGE_CURVE('',#579,#1533,#1556,.T.);
#1556 = SURFACE_CURVE('',#1557,(#1561,#1568),.PCURVE_S1.);
#1557 = LINE('',#1558,#1559);
#1558 = CARTESIAN_POINT('',(51.,32.,0.));
#1559 = VECTOR('',#1560,1.);
#1560 = DIRECTION('',(0.,0.,1.));
#1561 = PCURVE('',#622,#1562);
#1562 = DEFINITIONAL_REPRESENTATION('',(#1563),#1567);
#1563 = LINE('',#1564,#1565);
#1564 = CARTESIAN_POINT('',(0.,16.));
#1565 = VECTOR('',#1566,1.);
#1566 = DIRECTION('',(1.,0.));
#1567 = ( GEOMETRIC_REPRESENTATION_CONTEXT(2) 
PARAMETRIC_REPRESENTATION_CONTEXT() REPRESENTATION_CONTEXT('2D SPACE',''
  ) );
#1568 = PCURVE('',#594,#1569);
#1569 = DEFINITIONAL_REPRESENTATION('',(#1570),#1574);
#1570 = LINE('',#1571,#1572);
#1571 = CARTESIAN_POINT('',(0.,-16.));
#1572 = VECTOR('',#1573,1.);
#1573 = DIRECTION('',(1.,0.));
#1574 = ( GEOMETRIC_REPRESENTATION_CONTEXT(2) 
PARAMETRIC_REPRESENTATION_CONTEXT() REPRESENTATION_CONTEXT('2D SPACE',''
  ) );
#1575 = ADVANCED_FACE('',(#1576),#134,.T.);
#1576 = FACE_BOUND('',#1577,.T.);
#1577 = EDGE_LOOP('',(#1578,#1579,#1580,#1603,#1626,#1649));
#1578 = ORIENTED_EDGE('',*,*,#1506,.F.);
#1579 = ORIENTED_EDGE('',*,*,#118,.F.);
#1580 = ORIENTED_EDGE('',*,*,#1581,.T.);
#1581 = EDGE_CURVE('',#119,#1582,#1584,.T.);
#1582 = VERTEX_POINT('',#1583);
#1583 = CARTESIAN_POINT('',(-51.,32.,80.));
#1584 = SURFACE_CURVE('',#1585,(#1589,#1596),.PCURVE_S1.);
#1585 = LINE('',#1586,#1587);
#1586 = CARTESIAN_POINT('',(-51.,32.,0.));
#1587 = VECTOR('',#1588,1.);
#1588 = DIRECTION('',(0.,0.,1.));
#1589 = PCURVE('',#134,#1590);
#1590 = DEFINITIONAL_REPRESENTATION('',(#1591),#1595);
#1591 = LINE('',#1592,#1593);
#1592 = CARTESIAN_POINT('',(0.,0.));
#1593 = VECTOR('',#1594,1.);
#1594 = DIRECTION('',(1.,0.));
#1595 = ( GEOMETRIC_REPRESENTATION_CONTEXT(2) 
PARAMETRIC_REPRESENTATION_CONTEXT() REPRESENTATION_CONTEXT('2D SPACE',''
  ) );
#1596 = PCURVE('',#162,#1597);
#1597 = DEFINITIONAL_REPRESENTATION('',(#1598),#1602);
#1598 = LINE('',#1599,#1600);
#1599 = CARTESIAN_POINT('',(0.,-16.));
#1600 = VECTOR('',#1601,1.);
#1601 = DIRECTION('',(1.,0.));
#1602 = ( GEOMETRIC_REPRESENTATION_CONTEXT(2) 
PARAMETRIC_REPRESENTATION_CONTEXT() REPRESENTATION_CONTEXT('2D SPACE',''
  ) );
#1603 = ORIENTED_EDGE('',*,*,#1604,.T.);
#1604 = EDGE_CURVE('',#1582,#1605,#1607,.T.);
#1605 = VERTEX_POINT('',#1606);
#1606 = CARTESIAN_POINT('',(-35.,32.,80.));
#1607 = SURFACE_CURVE('',#1608,(#1612,#1619),.PCURVE_S1.);
#1608 = LINE('',#1609,#1610);
#1609 = CARTESIAN_POINT('',(-51.,32.,80.));
#1610 = VECTOR('',#1611,1.);
#1611 = DIRECTION('',(1.,0.,0.));
#1612 = PCURVE('',#134,#1613);
#1613 = DEFINITIONAL_REPRESENTATION('',(#1614),#1618);
#1614 = LINE('',#1615,#1616);
#1615 = CARTESIAN_POINT('',(80.,0.));
#1616 = VECTOR('',#1617,1.);
#1617 = DIRECTION('',(0.,1.));
#1618 = ( GEOMETRIC_REPRESENTATION_CONTEXT(2) 
PARAMETRIC_REPRESENTATION_CONTEXT() REPRESENTATION_CONTEXT('2D SPACE',''
  ) );
#1619 = PCURVE('',#942,#1620);
#1620 = DEFINITIONAL_REPRESENTATION('',(#1621),#1625);
#1621 = LINE('',#1622,#1623);
#1622 = CARTESIAN_POINT('',(-76.,32.));
#1623 = VECTOR('',#1624,1.);
#1624 = DIRECTION('',(1.,0.));
#1625 = ( GEOMETRIC_REPRESENTATION_CONTEXT(2) 
PARAMETRIC_REPRESENTATION_CONTEXT() REPRESENTATION_CONTEXT('2D SPACE',''
  ) );
#1626 = ORIENTED_EDGE('',*,*,#1627,.F.);
#1627 = EDGE_CURVE('',#1628,#1605,#1630,.T.);
#1628 = VERTEX_POINT('',#1629);
#1629 = CARTESIAN_POINT('',(-35.,32.,51.180339887499));
#1630 = SURFACE_CURVE('',#1631,(#1635,#1642),.PCURVE_S1.);
#1631 = LINE('',#1632,#1633);
#1632 = CARTESIAN_POINT('',(-35.,32.,0.));
#1633 = VECTOR('',#1634,1.);
#1634 = DIRECTION('',(0.,0.,1.));
#1635 = PCURVE('',#134,#1636);
#1636 = DEFINITIONAL_REPRESENTATION('',(#1637),#1641);
#1637 = LINE('',#1638,#1639);
#1638 = CARTESIAN_POINT('',(0.,16.));
#1639 = VECTOR('',#1640,1.);
#1640 = DIRECTION('',(1.,0.));
#1641 = ( GEOMETRIC_REPRESENTATION_CONTEXT(2) 
PARAMETRIC_REPRESENTATION_CONTEXT() REPRESENTATION_CONTEXT('2D SPACE',''
  ) );
#1642 = PCURVE('',#1041,#1643);
#1643 = DEFINITIONAL_REPRESENTATION('',(#1644),#1648);
#1644 = LINE('',#1645,#1646);
#1645 = CARTESIAN_POINT('',(0.,-16.));
#1646 = VECTOR('',#1647,1.);
#1647 = DIRECTION('',(1.,0.));
#1648 = ( GEOMETRIC_REPRESENTATION_CONTEXT(2) 
PARAMETRIC_REPRESENTATION_CONTEXT() REPRESENTATION_CONTEXT('2D SPACE',''
  ) );
#1649 = ORIENTED_EDGE('',*,*,#1650,.F.);
#1650 = EDGE_CURVE('',#1484,#1628,#1651,.T.);
#1651 = SURFACE_CURVE('',#1652,(#1657,#1664),.PCURVE_S1.);
#1652 = CIRCLE('',#1653,15.);
#1653 = AXIS2_PLACEMENT_3D('',#1654,#1655,#1656);
#1654 = CARTESIAN_POINT('',(-25.,32.,40.));
#1655 = DIRECTION('',(0.,1.,0.));
#1656 = DIRECTION('',(0.,-0.,1.));
#1657 = PCURVE('',#134,#1658);
#1658 = DEFINITIONAL_REPRESENTATION('',(#1659),#1663);
#1659 = CIRCLE('',#1660,15.);
#1660 = AXIS2_PLACEMENT_2D('',#1661,#1662);
#1661 = CARTESIAN_POINT('',(40.,26.));
#1662 = DIRECTION('',(1.,0.));
#1663 = ( GEOMETRIC_REPRESENTATION_CONTEXT(2) 
PARAMETRIC_REPRESENTATION_CONTEXT() REPRESENTATION_CONTEXT('2D SPACE',''
  ) );
#1664 = PCURVE('',#1086,#1665);
#1665 = DEFINITIONAL_REPRESENTATION('',(#1666),#1670);
#1666 = LINE('',#1667,#1668);
#1667 = CARTESIAN_POINT('',(0.,7.));
#1668 = VECTOR('',#1669,1.);
#1669 = DIRECTION('',(1.,0.));
#1670 = ( GEOMETRIC_REPRESENTATION_CONTEXT(2) 
PARAMETRIC_REPRESENTATION_CONTEXT() REPRESENTATION_CONTEXT('2D SPACE',''
  ) );
#1671 = ADVANCED_FACE('',(#1672),#594,.T.);
#1672 = FACE_BOUND('',#1673,.T.);
#1673 = EDGE_LOOP('',(#1674,#1697,#1698,#1699));
#1674 = ORIENTED_EDGE('',*,*,#1675,.F.);
#1675 = EDGE_CURVE('',#551,#1676,#1678,.T.);
#1676 = VERTEX_POINT('',#1677);
#1677 = CARTESIAN_POINT('',(51.,16.,80.));
#1678 = SURFACE_CURVE('',#1679,(#1683,#1690),.PCURVE_S1.);
#1679 = LINE('',#1680,#1681);
#1680 = CARTESIAN_POINT('',(51.,16.,0.));
#1681 = VECTOR('',#1682,1.);
#1682 = DIRECTION('',(0.,0.,1.));
#1683 = PCURVE('',#594,#1684);
#1684 = DEFINITIONAL_REPRESENTATION('',(#1685),#1689);
#1685 = LINE('',#1686,#1687);
#1686 = CARTESIAN_POINT('',(0.,0.));
#1687 = VECTOR('',#1688,1.);
#1688 = DIRECTION('',(1.,0.));
#1689 = ( GEOMETRIC_REPRESENTATION_CONTEXT(2) 
PARAMETRIC_REPRESENTATION_CONTEXT() REPRESENTATION_CONTEXT('2D SPACE',''
  ) );
#1690 = PCURVE('',#566,#1691);
#1691 = DEFINITIONAL_REPRESENTATION('',(#1692),#1696);
#1692 = LINE('',#1693,#1694);
#1693 = CARTESIAN_POINT('',(0.,16.));
#1694 = VECTOR('',#1695,1.);
#1695 = DIRECTION('',(1.,0.));
#1696 = ( GEOMETRIC_REPRESENTATION_CONTEXT(2) 
PARAMETRIC_REPRESENTATION_CONTEXT() REPRESENTATION_CONTEXT('2D SPACE',''
  ) );
#1697 = ORIENTED_EDGE('',*,*,#578,.T.);
#1698 = ORIENTED_EDGE('',*,*,#1555,.T.);
#1699 = ORIENTED_EDGE('',*,*,#1700,.F.);
#1700 = EDGE_CURVE('',#1676,#1533,#1701,.T.);
#1701 = SURFACE_CURVE('',#1702,(#1706,#1713),.PCURVE_S1.);
#1702 = LINE('',#1703,#1704);
#1703 = CARTESIAN_POINT('',(51.,16.,80.));
#1704 = VECTOR('',#1705,1.);
#1705 = DIRECTION('',(0.,1.,0.));
#1706 = PCURVE('',#594,#1707);
#1707 = DEFINITIONAL_REPRESENTATION('',(#1708),#1712);
#1708 = LINE('',#1709,#1710);
#1709 = CARTESIAN_POINT('',(80.,0.));
#1710 = VECTOR('',#1711,1.);
#1711 = DIRECTION('',(0.,-1.));
#1712 = ( GEOMETRIC_REPRESENTATION_CONTEXT(2) 
PARAMETRIC_REPRESENTATION_CONTEXT() REPRESENTATION_CONTEXT('2D SPACE',''
  ) );
#1713 = PCURVE('',#942,#1714);
#1714 = DEFINITIONAL_REPRESENTATION('',(#1715),#1719);
#1715 = LINE('',#1716,#1717);
#1716 = CARTESIAN_POINT('',(26.,16.));
#1717 = VECTOR('',#1718,1.);
#1718 = DIRECTION('',(0.,1.));
#1719 = ( GEOMETRIC_REPRESENTATION_CONTEXT(2) 
PARAMETRIC_REPRESENTATION_CONTEXT() REPRESENTATION_CONTEXT('2D SPACE',''
  ) );
#1720 = ADVANCED_FACE('',(#1721),#162,.F.);
#1721 = FACE_BOUND('',#1722,.F.);
#1722 = EDGE_LOOP('',(#1723,#1746,#1747,#1748));
#1723 = ORIENTED_EDGE('',*,*,#1724,.F.);
#1724 = EDGE_CURVE('',#147,#1725,#1727,.T.);
#1725 = VERTEX_POINT('',#1726);
#1726 = CARTESIAN_POINT('',(-51.,16.,80.));
#1727 = SURFACE_CURVE('',#1728,(#1732,#1739),.PCURVE_S1.);
#1728 = LINE('',#1729,#1730);
#1729 = CARTESIAN_POINT('',(-51.,16.,0.));
#1730 = VECTOR('',#1731,1.);
#1731 = DIRECTION('',(0.,0.,1.));
#1732 = PCURVE('',#162,#1733);
#1733 = DEFINITIONAL_REPRESENTATION('',(#1734),#1738);
#1734 = LINE('',#1735,#1736);
#1735 = CARTESIAN_POINT('',(0.,0.));
#1736 = VECTOR('',#1737,1.);
#1737 = DIRECTION('',(1.,0.));
#1738 = ( GEOMETRIC_REPRESENTATION_CONTEXT(2) 
PARAMETRIC_REPRESENTATION_CONTEXT() REPRESENTATION_CONTEXT('2D SPACE',''
  ) );
#1739 = PCURVE('',#190,#1740);
#1740 = DEFINITIONAL_REPRESENTATION('',(#1741),#1745);
#1741 = LINE('',#1742,#1743);
#1742 = CARTESIAN_POINT('',(0.,0.));
#1743 = VECTOR('',#1744,1.);
#1744 = DIRECTION('',(1.,0.));
#1745 = ( GEOMETRIC_REPRESENTATION_CONTEXT(2) 
PARAMETRIC_REPRESENTATION_CONTEXT() REPRESENTATION_CONTEXT('2D SPACE',''
  ) );
#1746 = ORIENTED_EDGE('',*,*,#146,.T.);
#1747 = ORIENTED_EDGE('',*,*,#1581,.T.);
#1748 = ORIENTED_EDGE('',*,*,#1749,.F.);
#1749 = EDGE_CURVE('',#1725,#1582,#1750,.T.);
#1750 = SURFACE_CURVE('',#1751,(#1755,#1762),.PCURVE_S1.);
#1751 = LINE('',#1752,#1753);
#1752 = CARTESIAN_POINT('',(-51.,16.,80.));
#1753 = VECTOR('',#1754,1.);
#1754 = DIRECTION('',(0.,1.,0.));
#1755 = PCURVE('',#162,#1756);
#1756 = DEFINITIONAL_REPRESENTATION('',(#1757),#1761);
#1757 = LINE('',#1758,#1759);
#1758 = CARTESIAN_POINT('',(80.,0.));
#1759 = VECTOR('',#1760,1.);
#1760 = DIRECTION('',(0.,-1.));
#1761 = ( GEOMETRIC_REPRESENTATION_CONTEXT(2) 
PARAMETRIC_REPRESENTATION_CONTEXT() REPRESENTATION_CONTEXT('2D SPACE',''
  ) );
#1762 = PCURVE('',#942,#1763);
#1763 = DEFINITIONAL_REPRESENTATION('',(#1764),#1768);
#1764 = LINE('',#1765,#1766);
#1765 = CARTESIAN_POINT('',(-76.,16.));
#1766 = VECTOR('',#1767,1.);
#1767 = DIRECTION('',(0.,1.));
#1768 = ( GEOMETRIC_REPRESENTATION_CONTEXT(2) 
PARAMETRIC_REPRESENTATION_CONTEXT() REPRESENTATION_CONTEXT('2D SPACE',''
  ) );
#1769 = ADVANCED_FACE('',(#1770),#566,.F.);
#1770 = FACE_BOUND('',#1771,.F.);
#1771 = EDGE_LOOP('',(#1772,#1773,#1794,#1815));
#1772 = ORIENTED_EDGE('',*,*,#550,.F.);
#1773 = ORIENTED_EDGE('',*,*,#1774,.F.);
#1774 = EDGE_CURVE('',#1775,#518,#1777,.T.);
#1775 = VERTEX_POINT('',#1776);
#1776 = CARTESIAN_POINT('',(50.3771550809,16.,80.));
#1777 = SURFACE_CURVE('',#1778,(#1782,#1788),.PCURVE_S1.);
#1778 = LINE('',#1779,#1780);
#1779 = CARTESIAN_POINT('',(50.377155080899,16.,0.));
#1780 = VECTOR('',#1781,1.);
#1781 = DIRECTION('',(-0.,-0.,-1.));
#1782 = PCURVE('',#566,#1783);
#1783 = DEFINITIONAL_REPRESENTATION('',(#1784),#1787);
#1784 = B_SPLINE_CURVE_WITH_KNOTS('',1,(#1785,#1786),.UNSPECIFIED.,.F.,
  .F.,(2,2),(-80.0000006,6.E-07),.PIECEWISE_BEZIER_KNOTS.);
#1785 = CARTESIAN_POINT('',(80.0000006,15.377155080899));
#1786 = CARTESIAN_POINT('',(-6.E-07,15.377155080899));
#1787 = ( GEOMETRIC_REPRESENTATION_CONTEXT(2) 
PARAMETRIC_REPRESENTATION_CONTEXT() REPRESENTATION_CONTEXT('2D SPACE',''
  ) );
#1788 = PCURVE('',#538,#1789);
#1789 = DEFINITIONAL_REPRESENTATION('',(#1790),#1793);
#1790 = B_SPLINE_CURVE_WITH_KNOTS('',1,(#1791,#1792),.UNSPECIFIED.,.F.,
  .F.,(2,2),(-80.0000006,6.E-07),.PIECEWISE_BEZIER_KNOTS.);
#1791 = CARTESIAN_POINT('',(-6.845721551723,-80.0000006));
#1792 = CARTESIAN_POINT('',(-6.845721551723,6.E-07));
#1793 = ( GEOMETRIC_REPRESENTATION_CONTEXT(2) 
PARAMETRIC_REPRESENTATION_CONTEXT() REPRESENTATION_CONTEXT('2D SPACE',''
  ) );
#1794 = ORIENTED_EDGE('',*,*,#1795,.T.);
#1795 = EDGE_CURVE('',#1775,#1676,#1796,.T.);
#1796 = SURFACE_CURVE('',#1797,(#1801,#1808),.PCURVE_S1.);
#1797 = LINE('',#1798,#1799);
#1798 = CARTESIAN_POINT('',(35.,16.,80.));
#1799 = VECTOR('',#1800,1.);
#1800 = DIRECTION('',(1.,0.,0.));
#1801 = PCURVE('',#566,#1802);
#1802 = DEFINITIONAL_REPRESENTATION('',(#1803),#1807);
#1803 = LINE('',#1804,#1805);
#1804 = CARTESIAN_POINT('',(80.,0.));
#1805 = VECTOR('',#1806,1.);
#1806 = DIRECTION('',(0.,1.));
#1807 = ( GEOMETRIC_REPRESENTATION_CONTEXT(2) 
PARAMETRIC_REPRESENTATION_CONTEXT() REPRESENTATION_CONTEXT('2D SPACE',''
  ) );
#1808 = PCURVE('',#942,#1809);
#1809 = DEFINITIONAL_REPRESENTATION('',(#1810),#1814);
#1810 = LINE('',#1811,#1812);
#1811 = CARTESIAN_POINT('',(10.,16.));
#1812 = VECTOR('',#1813,1.);
#1813 = DIRECTION('',(1.,0.));
#1814 = ( GEOMETRIC_REPRESENTATION_CONTEXT(2) 
PARAMETRIC_REPRESENTATION_CONTEXT() REPRESENTATION_CONTEXT('2D SPACE',''
  ) );
#1815 = ORIENTED_EDGE('',*,*,#1675,.F.);
#1816 = ADVANCED_FACE('',(#1817),#190,.F.);
#1817 = FACE_BOUND('',#1818,.F.);
#1818 = EDGE_LOOP('',(#1819,#1820,#1821,#1844));
#1819 = ORIENTED_EDGE('',*,*,#174,.F.);
#1820 = ORIENTED_EDGE('',*,*,#1724,.T.);
#1821 = ORIENTED_EDGE('',*,*,#1822,.T.);
#1822 = EDGE_CURVE('',#1725,#1823,#1825,.T.);
#1823 = VERTEX_POINT('',#1824);
#1824 = CARTESIAN_POINT('',(-50.3771550809,16.,80.));
#1825 = SURFACE_CURVE('',#1826,(#1830,#1837),.PCURVE_S1.);
#1826 = LINE('',#1827,#1828);
#1827 = CARTESIAN_POINT('',(-51.,16.,80.));
#1828 = VECTOR('',#1829,1.);
#1829 = DIRECTION('',(1.,0.,0.));
#1830 = PCURVE('',#190,#1831);
#1831 = DEFINITIONAL_REPRESENTATION('',(#1832),#1836);
#1832 = LINE('',#1833,#1834);
#1833 = CARTESIAN_POINT('',(80.,0.));
#1834 = VECTOR('',#1835,1.);
#1835 = DIRECTION('',(0.,1.));
#1836 = ( GEOMETRIC_REPRESENTATION_CONTEXT(2) 
PARAMETRIC_REPRESENTATION_CONTEXT() REPRESENTATION_CONTEXT('2D SPACE',''
  ) );
#1837 = PCURVE('',#942,#1838);
#1838 = DEFINITIONAL_REPRESENTATION('',(#1839),#1843);
#1839 = LINE('',#1840,#1841);
#1840 = CARTESIAN_POINT('',(-76.,16.));
#1841 = VECTOR('',#1842,1.);
#1842 = DIRECTION('',(1.,0.));
#1843 = ( GEOMETRIC_REPRESENTATION_CONTEXT(2) 
PARAMETRIC_REPRESENTATION_CONTEXT() REPRESENTATION_CONTEXT('2D SPACE',''
  ) );
#1844 = ORIENTED_EDGE('',*,*,#1845,.T.);
#1845 = EDGE_CURVE('',#1823,#175,#1846,.T.);
#1846 = SURFACE_CURVE('',#1847,(#1851,#1857),.PCURVE_S1.);
#1847 = LINE('',#1848,#1849);
#1848 = CARTESIAN_POINT('',(-50.37715508089,16.,0.));
#1849 = VECTOR('',#1850,1.);
#1850 = DIRECTION('',(-0.,-0.,-1.));
#1851 = PCURVE('',#190,#1852);
#1852 = DEFINITIONAL_REPRESENTATION('',(#1853),#1856);
#1853 = B_SPLINE_CURVE_WITH_KNOTS('',1,(#1854,#1855),.UNSPECIFIED.,.F.,
  .F.,(2,2),(-80.0000006,6.E-07),.PIECEWISE_BEZIER_KNOTS.);
#1854 = CARTESIAN_POINT('',(80.0000006,0.622844919101));
#1855 = CARTESIAN_POINT('',(-6.E-07,0.622844919101));
#1856 = ( GEOMETRIC_REPRESENTATION_CONTEXT(2) 
PARAMETRIC_REPRESENTATION_CONTEXT() REPRESENTATION_CONTEXT('2D SPACE',''
  ) );
#1857 = PCURVE('',#219,#1858);
#1858 = DEFINITIONAL_REPRESENTATION('',(#1859),#1862);
#1859 = B_SPLINE_CURVE_WITH_KNOTS('',1,(#1860,#1861),.UNSPECIFIED.,.F.,
  .F.,(2,2),(-80.0000006,6.E-07),.PIECEWISE_BEZIER_KNOTS.);
#1860 = CARTESIAN_POINT('',(-2.579056409046,-80.0000006));
#1861 = CARTESIAN_POINT('',(-2.579056409046,6.E-07));
#1862 = ( GEOMETRIC_REPRESENTATION_CONTEXT(2) 
PARAMETRIC_REPRESENTATION_CONTEXT() REPRESENTATION_CONTEXT('2D SPACE',''
  ) );
#1863 = ADVANCED_FACE('',(#1864),#538,.T.);
#1864 = FACE_BOUND('',#1865,.F.);
#1865 = EDGE_LOOP('',(#1866,#1894,#1895,#1896));
#1866 = ORIENTED_EDGE('',*,*,#1867,.F.);
#1867 = EDGE_CURVE('',#1775,#1868,#1870,.T.);
#1868 = VERTEX_POINT('',#1869);
#1869 = CARTESIAN_POINT('',(50.377155080899,-16.,80.));
#1870 = SURFACE_CURVE('',#1871,(#1876,#1883),.PCURVE_S1.);
#1871 = CIRCLE('',#1872,30.);
#1872 = AXIS2_PLACEMENT_3D('',#1873,#1874,#1875);
#1873 = CARTESIAN_POINT('',(25.,0.,80.));
#1874 = DIRECTION('',(0.,0.,-1.));
#1875 = DIRECTION('',(-0.833333333333,0.552770798393,0.));
#1876 = PCURVE('',#538,#1877);
#1877 = DEFINITIONAL_REPRESENTATION('',(#1878),#1882);
#1878 = LINE('',#1879,#1880);
#1879 = CARTESIAN_POINT('',(-8.839092417312,-80.));
#1880 = VECTOR('',#1881,1.);
#1881 = DIRECTION('',(1.,-0.));
#1882 = ( GEOMETRIC_REPRESENTATION_CONTEXT(2) 
PARAMETRIC_REPRESENTATION_CONTEXT() REPRESENTATION_CONTEXT('2D SPACE',''
  ) );
#1883 = PCURVE('',#942,#1884);
#1884 = DEFINITIONAL_REPRESENTATION('',(#1885),#1893);
#1885 = ( BOUNDED_CURVE() B_SPLINE_CURVE(2,(#1886,#1887,#1888,#1889,
#1890,#1891,#1892),.UNSPECIFIED.,.T.,.F.) B_SPLINE_CURVE_WITH_KNOTS((1,2
    ,2,2,2,1),(-2.094395102393,0.,2.094395102393,4.188790204786,
6.28318530718,8.377580409573),.UNSPECIFIED.) CURVE() 
GEOMETRIC_REPRESENTATION_ITEM() RATIONAL_B_SPLINE_CURVE((1.,0.5,1.,0.5,
1.,0.5,1.)) REPRESENTATION_ITEM('') );
#1886 = CARTESIAN_POINT('',(-25.,16.583123951777));
#1887 = CARTESIAN_POINT('',(3.722813232689,59.884394140999));
#1888 = CARTESIAN_POINT('',(26.861406616345,13.359073118723));
#1889 = CARTESIAN_POINT('',(50.,-33.16624790355));
#1890 = CARTESIAN_POINT('',(-1.861406616345,-29.94219707049));
#1891 = CARTESIAN_POINT('',(-53.72281323269,-26.71814623744));
#1892 = CARTESIAN_POINT('',(-25.,16.583123951777));
#1893 = ( GEOMETRIC_REPRESENTATION_CONTEXT(2) 
PARAMETRIC_REPRESENTATION_CONTEXT() REPRESENTATION_CONTEXT('2D SPACE',''
  ) );
#1894 = ORIENTED_EDGE('',*,*,#1774,.T.);
#1895 = ORIENTED_EDGE('',*,*,#517,.T.);
#1896 = ORIENTED_EDGE('',*,*,#1897,.F.);
#1897 = EDGE_CURVE('',#1868,#490,#1898,.T.);
#1898 = SURFACE_CURVE('',#1899,(#1903,#1909),.PCURVE_S1.);
#1899 = LINE('',#1900,#1901);
#1900 = CARTESIAN_POINT('',(50.377155080899,-16.,0.));
#1901 = VECTOR('',#1902,1.);
#1902 = DIRECTION('',(-0.,-0.,-1.));
#1903 = PCURVE('',#538,#1904);
#1904 = DEFINITIONAL_REPRESENTATION('',(#1905),#1908);
#1905 = B_SPLINE_CURVE_WITH_KNOTS('',1,(#1906,#1907),.UNSPECIFIED.,.F.,
  .F.,(2,2),(-80.0000006,6.E-07),.PIECEWISE_BEZIER_KNOTS.);
#1906 = CARTESIAN_POINT('',(-5.720649062636,-80.0000006));
#1907 = CARTESIAN_POINT('',(-5.720649062636,6.E-07));
#1908 = ( GEOMETRIC_REPRESENTATION_CONTEXT(2) 
PARAMETRIC_REPRESENTATION_CONTEXT() REPRESENTATION_CONTEXT('2D SPACE',''
  ) );
#1909 = PCURVE('',#505,#1910);
#1910 = DEFINITIONAL_REPRESENTATION('',(#1911),#1914);
#1911 = B_SPLINE_CURVE_WITH_KNOTS('',1,(#1912,#1913),.UNSPECIFIED.,.F.,
  .F.,(2,2),(-80.0000006,6.E-07),.PIECEWISE_BEZIER_KNOTS.);
#1912 = CARTESIAN_POINT('',(80.0000006,15.377155080899));
#1913 = CARTESIAN_POINT('',(-6.E-07,15.377155080899));
#1914 = ( GEOMETRIC_REPRESENTATION_CONTEXT(2) 
PARAMETRIC_REPRESENTATION_CONTEXT() REPRESENTATION_CONTEXT('2D SPACE',''
  ) );
#1915 = ADVANCED_FACE('',(#1916),#219,.T.);
#1916 = FACE_BOUND('',#1917,.F.);
#1917 = EDGE_LOOP('',(#1918,#1919,#1920,#1944));
#1918 = ORIENTED_EDGE('',*,*,#202,.F.);
#1919 = ORIENTED_EDGE('',*,*,#1845,.F.);
#1920 = ORIENTED_EDGE('',*,*,#1921,.T.);
#1921 = EDGE_CURVE('',#1823,#1922,#1924,.T.);
#1922 = VERTEX_POINT('',#1923);
#1923 = CARTESIAN_POINT('',(-50.37715508089,-16.,80.));
#1924 = SURFACE_CURVE('',#1925,(#1930,#1937),.PCURVE_S1.);
#1925 = CIRCLE('',#1926,30.);
#1926 = AXIS2_PLACEMENT_3D('',#1927,#1928,#1929);
#1927 = CARTESIAN_POINT('',(-25.,0.,80.));
#1928 = DIRECTION('',(0.,0.,1.));
#1929 = DIRECTION('',(1.,0.,0.));
#1930 = PCURVE('',#219,#1931);
#1931 = DEFINITIONAL_REPRESENTATION('',(#1932),#1936);
#1932 = LINE('',#1933,#1934);
#1933 = CARTESIAN_POINT('',(-0.,-80.));
#1934 = VECTOR('',#1935,1.);
#1935 = DIRECTION('',(-1.,0.));
#1936 = ( GEOMETRIC_REPRESENTATION_CONTEXT(2) 
PARAMETRIC_REPRESENTATION_CONTEXT() REPRESENTATION_CONTEXT('2D SPACE',''
  ) );
#1937 = PCURVE('',#942,#1938);
#1938 = DEFINITIONAL_REPRESENTATION('',(#1939),#1943);
#1939 = CIRCLE('',#1940,30.);
#1940 = AXIS2_PLACEMENT_2D('',#1941,#1942);
#1941 = CARTESIAN_POINT('',(-50.,-2.339560088947E-16));
#1942 = DIRECTION('',(1.,0.));
#1943 = ( GEOMETRIC_REPRESENTATION_CONTEXT(2) 
PARAMETRIC_REPRESENTATION_CONTEXT() REPRESENTATION_CONTEXT('2D SPACE',''
  ) );
#1944 = ORIENTED_EDGE('',*,*,#1945,.T.);
#1945 = EDGE_CURVE('',#1922,#203,#1946,.T.);
#1946 = SURFACE_CURVE('',#1947,(#1951,#1957),.PCURVE_S1.);
#1947 = LINE('',#1948,#1949);
#1948 = CARTESIAN_POINT('',(-50.37715508089,-16.,0.));
#1949 = VECTOR('',#1950,1.);
#1950 = DIRECTION('',(-0.,-0.,-1.));
#1951 = PCURVE('',#219,#1952);
#1952 = DEFINITIONAL_REPRESENTATION('',(#1953),#1956);
#1953 = B_SPLINE_CURVE_WITH_KNOTS('',1,(#1954,#1955),.UNSPECIFIED.,.F.,
  .F.,(2,2),(-80.0000006,6.E-07),.PIECEWISE_BEZIER_KNOTS.);
#1954 = CARTESIAN_POINT('',(-3.704128898134,-80.0000006));
#1955 = CARTESIAN_POINT('',(-3.704128898134,6.E-07));
#1956 = ( GEOMETRIC_REPRESENTATION_CONTEXT(2) 
PARAMETRIC_REPRESENTATION_CONTEXT() REPRESENTATION_CONTEXT('2D SPACE',''
  ) );
#1957 = PCURVE('',#247,#1958);
#1958 = DEFINITIONAL_REPRESENTATION('',(#1959),#1962);
#1959 = B_SPLINE_CURVE_WITH_KNOTS('',1,(#1960,#1961),.UNSPECIFIED.,.F.,
  .F.,(2,2),(-80.0000006,6.E-07),.PIECEWISE_BEZIER_KNOTS.);
#1960 = CARTESIAN_POINT('',(80.0000006,0.622844919101));
#1961 = CARTESIAN_POINT('',(-6.E-07,0.622844919101));
#1962 = ( GEOMETRIC_REPRESENTATION_CONTEXT(2) 
PARAMETRIC_REPRESENTATION_CONTEXT() REPRESENTATION_CONTEXT('2D SPACE',''
  ) );
#1963 = ADVANCED_FACE('',(#1964),#505,.T.);
#1964 = FACE_BOUND('',#1965,.T.);
#1965 = EDGE_LOOP('',(#1966,#1967,#1968,#1991));
#1966 = ORIENTED_EDGE('',*,*,#489,.F.);
#1967 = ORIENTED_EDGE('',*,*,#1897,.F.);
#1968 = ORIENTED_EDGE('',*,*,#1969,.T.);
#1969 = EDGE_CURVE('',#1868,#1970,#1972,.T.);
#1970 = VERTEX_POINT('',#1971);
#1971 = CARTESIAN_POINT('',(51.,-16.,80.));
#1972 = SURFACE_CURVE('',#1973,(#1977,#1984),.PCURVE_S1.);
#1973 = LINE('',#1974,#1975);
#1974 = CARTESIAN_POINT('',(35.,-16.,80.));
#1975 = VECTOR('',#1976,1.);
#1976 = DIRECTION('',(1.,0.,0.));
#1977 = PCURVE('',#505,#1978);
#1978 = DEFINITIONAL_REPRESENTATION('',(#1979),#1983);
#1979 = LINE('',#1980,#1981);
#1980 = CARTESIAN_POINT('',(80.,0.));
#1981 = VECTOR('',#1982,1.);
#1982 = DIRECTION('',(0.,1.));
#1983 = ( GEOMETRIC_REPRESENTATION_CONTEXT(2) 
PARAMETRIC_REPRESENTATION_CONTEXT() REPRESENTATION_CONTEXT('2D SPACE',''
  ) );
#1984 = PCURVE('',#942,#1985);
#1985 = DEFINITIONAL_REPRESENTATION('',(#1986),#1990);
#1986 = LINE('',#1987,#1988);
#1987 = CARTESIAN_POINT('',(10.,-16.));
#1988 = VECTOR('',#1989,1.);
#1989 = DIRECTION('',(1.,0.));
#1990 = ( GEOMETRIC_REPRESENTATION_CONTEXT(2) 
PARAMETRIC_REPRESENTATION_CONTEXT() REPRESENTATION_CONTEXT('2D SPACE',''
  ) );
#1991 = ORIENTED_EDGE('',*,*,#1992,.F.);
#1992 = EDGE_CURVE('',#462,#1970,#1993,.T.);
#1993 = SURFACE_CURVE('',#1994,(#1998,#2005),.PCURVE_S1.);
#1994 = LINE('',#1995,#1996);
#1995 = CARTESIAN_POINT('',(51.,-16.,0.));
#1996 = VECTOR('',#1997,1.);
#1997 = DIRECTION('',(0.,0.,1.));
#1998 = PCURVE('',#505,#1999);
#1999 = DEFINITIONAL_REPRESENTATION('',(#2000),#2004);
#2000 = LINE('',#2001,#2002);
#2001 = CARTESIAN_POINT('',(0.,16.));
#2002 = VECTOR('',#2003,1.);
#2003 = DIRECTION('',(1.,0.));
#2004 = ( GEOMETRIC_REPRESENTATION_CONTEXT(2) 
PARAMETRIC_REPRESENTATION_CONTEXT() REPRESENTATION_CONTEXT('2D SPACE',''
  ) );
#2005 = PCURVE('',#477,#2006);
#2006 = DEFINITIONAL_REPRESENTATION('',(#2007),#2011);
#2007 = LINE('',#2008,#2009);
#2008 = CARTESIAN_POINT('',(0.,-16.));
#2009 = VECTOR('',#2010,1.);
#2010 = DIRECTION('',(1.,0.));
#2011 = ( GEOMETRIC_REPRESENTATION_CONTEXT(2) 
PARAMETRIC_REPRESENTATION_CONTEXT() REPRESENTATION_CONTEXT('2D SPACE',''
  ) );
#2012 = ADVANCED_FACE('',(#2013),#247,.T.);
#2013 = FACE_BOUND('',#2014,.T.);
#2014 = EDGE_LOOP('',(#2015,#2016,#2039,#2060));
#2015 = ORIENTED_EDGE('',*,*,#231,.F.);
#2016 = ORIENTED_EDGE('',*,*,#2017,.T.);
#2017 = EDGE_CURVE('',#232,#2018,#2020,.T.);
#2018 = VERTEX_POINT('',#2019);
#2019 = CARTESIAN_POINT('',(-51.,-16.,80.));
#2020 = SURFACE_CURVE('',#2021,(#2025,#2032),.PCURVE_S1.);
#2021 = LINE('',#2022,#2023);
#2022 = CARTESIAN_POINT('',(-51.,-16.,0.));
#2023 = VECTOR('',#2024,1.);
#2024 = DIRECTION('',(0.,0.,1.));
#2025 = PCURVE('',#247,#2026);
#2026 = DEFINITIONAL_REPRESENTATION('',(#2027),#2031);
#2027 = LINE('',#2028,#2029);
#2028 = CARTESIAN_POINT('',(0.,0.));
#2029 = VECTOR('',#2030,1.);
#2030 = DIRECTION('',(1.,0.));
#2031 = ( GEOMETRIC_REPRESENTATION_CONTEXT(2) 
PARAMETRIC_REPRESENTATION_CONTEXT() REPRESENTATION_CONTEXT('2D SPACE',''
  ) );
#2032 = PCURVE('',#275,#2033);
#2033 = DEFINITIONAL_REPRESENTATION('',(#2034),#2038);
#2034 = LINE('',#2035,#2036);
#2035 = CARTESIAN_POINT('',(0.,-16.));
#2036 = VECTOR('',#2037,1.);
#2037 = DIRECTION('',(1.,0.));
#2038 = ( GEOMETRIC_REPRESENTATION_CONTEXT(2) 
PARAMETRIC_REPRESENTATION_CONTEXT() REPRESENTATION_CONTEXT('2D SPACE',''
  ) );
#2039 = ORIENTED_EDGE('',*,*,#2040,.T.);
#2040 = EDGE_CURVE('',#2018,#1922,#2041,.T.);
#2041 = SURFACE_CURVE('',#2042,(#2046,#2053),.PCURVE_S1.);
#2042 = LINE('',#2043,#2044);
#2043 = CARTESIAN_POINT('',(-51.,-16.,80.));
#2044 = VECTOR('',#2045,1.);
#2045 = DIRECTION('',(1.,0.,0.));
#2046 = PCURVE('',#247,#2047);
#2047 = DEFINITIONAL_REPRESENTATION('',(#2048),#2052);
#2048 = LINE('',#2049,#2050);
#2049 = CARTESIAN_POINT('',(80.,0.));
#2050 = VECTOR('',#2051,1.);
#2051 = DIRECTION('',(0.,1.));
#2052 = ( GEOMETRIC_REPRESENTATION_CONTEXT(2) 
PARAMETRIC_REPRESENTATION_CONTEXT() REPRESENTATION_CONTEXT('2D SPACE',''
  ) );
#2053 = PCURVE('',#942,#2054);
#2054 = DEFINITIONAL_REPRESENTATION('',(#2055),#2059);
#2055 = LINE('',#2056,#2057);
#2056 = CARTESIAN_POINT('',(-76.,-16.));
#2057 = VECTOR('',#2058,1.);
#2058 = DIRECTION('',(1.,0.));
#2059 = ( GEOMETRIC_REPRESENTATION_CONTEXT(2) 
PARAMETRIC_REPRESENTATION_CONTEXT() REPRESENTATION_CONTEXT('2D SPACE',''
  ) );
#2060 = ORIENTED_EDGE('',*,*,#1945,.T.);
#2061 = ADVANCED_FACE('',(#2062),#477,.T.);
#2062 = FACE_BOUND('',#2063,.T.);
#2063 = EDGE_LOOP('',(#2064,#2087,#2088,#2089));
#2064 = ORIENTED_EDGE('',*,*,#2065,.F.);
#2065 = EDGE_CURVE('',#434,#2066,#2068,.T.);
#2066 = VERTEX_POINT('',#2067);
#2067 = CARTESIAN_POINT('',(51.,-32.,80.));
#2068 = SURFACE_CURVE('',#2069,(#2073,#2080),.PCURVE_S1.);
#2069 = LINE('',#2070,#2071);
#2070 = CARTESIAN_POINT('',(51.,-32.,0.));
#2071 = VECTOR('',#2072,1.);
#2072 = DIRECTION('',(0.,0.,1.));
#2073 = PCURVE('',#477,#2074);
#2074 = DEFINITIONAL_REPRESENTATION('',(#2075),#2079);
#2075 = LINE('',#2076,#2077);
#2076 = CARTESIAN_POINT('',(0.,0.));
#2077 = VECTOR('',#2078,1.);
#2078 = DIRECTION('',(1.,0.));
#2079 = ( GEOMETRIC_REPRESENTATION_CONTEXT(2) 
PARAMETRIC_REPRESENTATION_CONTEXT() REPRESENTATION_CONTEXT('2D SPACE',''
  ) );
#2080 = PCURVE('',#449,#2081);
#2081 = DEFINITIONAL_REPRESENTATION('',(#2082),#2086);
#2082 = LINE('',#2083,#2084);
#2083 = CARTESIAN_POINT('',(0.,16.));
#2084 = VECTOR('',#2085,1.);
#2085 = DIRECTION('',(1.,0.));
#2086 = ( GEOMETRIC_REPRESENTATION_CONTEXT(2) 
PARAMETRIC_REPRESENTATION_CONTEXT() REPRESENTATION_CONTEXT('2D SPACE',''
  ) );
#2087 = ORIENTED_EDGE('',*,*,#461,.T.);
#2088 = ORIENTED_EDGE('',*,*,#1992,.T.);
#2089 = ORIENTED_EDGE('',*,*,#2090,.F.);
#2090 = EDGE_CURVE('',#2066,#1970,#2091,.T.);
#2091 = SURFACE_CURVE('',#2092,(#2096,#2103),.PCURVE_S1.);
#2092 = LINE('',#2093,#2094);
#2093 = CARTESIAN_POINT('',(51.,-32.,80.));
#2094 = VECTOR('',#2095,1.);
#2095 = DIRECTION('',(0.,1.,0.));
#2096 = PCURVE('',#477,#2097);
#2097 = DEFINITIONAL_REPRESENTATION('',(#2098),#2102);
#2098 = LINE('',#2099,#2100);
#2099 = CARTESIAN_POINT('',(80.,0.));
#2100 = VECTOR('',#2101,1.);
#2101 = DIRECTION('',(0.,-1.));
#2102 = ( GEOMETRIC_REPRESENTATION_CONTEXT(2) 
PARAMETRIC_REPRESENTATION_CONTEXT() REPRESENTATION_CONTEXT('2D SPACE',''
  ) );
#2103 = PCURVE('',#942,#2104);
#2104 = DEFINITIONAL_REPRESENTATION('',(#2105),#2109);
#2105 = LINE('',#2106,#2107);
#2106 = CARTESIAN_POINT('',(26.,-32.));
#2107 = VECTOR('',#2108,1.);
#2108 = DIRECTION('',(0.,1.));
#2109 = ( GEOMETRIC_REPRESENTATION_CONTEXT(2) 
PARAMETRIC_REPRESENTATION_CONTEXT() REPRESENTATION_CONTEXT('2D SPACE',''
  ) );
#2110 = ADVANCED_FACE('',(#2111),#275,.F.);
#2111 = FACE_BOUND('',#2112,.F.);
#2112 = EDGE_LOOP('',(#2113,#2136,#2137,#2138));
#2113 = ORIENTED_EDGE('',*,*,#2114,.F.);
#2114 = EDGE_CURVE('',#260,#2115,#2117,.T.);
#2115 = VERTEX_POINT('',#2116);
#2116 = CARTESIAN_POINT('',(-51.,-32.,80.));
#2117 = SURFACE_CURVE('',#2118,(#2122,#2129),.PCURVE_S1.);
#2118 = LINE('',#2119,#2120);
#2119 = CARTESIAN_POINT('',(-51.,-32.,0.));
#2120 = VECTOR('',#2121,1.);
#2121 = DIRECTION('',(0.,0.,1.));
#2122 = PCURVE('',#275,#2123);
#2123 = DEFINITIONAL_REPRESENTATION('',(#2124),#2128);
#2124 = LINE('',#2125,#2126);
#2125 = CARTESIAN_POINT('',(0.,0.));
#2126 = VECTOR('',#2127,1.);
#2127 = DIRECTION('',(1.,0.));
#2128 = ( GEOMETRIC_REPRESENTATION_CONTEXT(2) 
PARAMETRIC_REPRESENTATION_CONTEXT() REPRESENTATION_CONTEXT('2D SPACE',''
  ) );
#2129 = PCURVE('',#303,#2130);
#2130 = DEFINITIONAL_REPRESENTATION('',(#2131),#2135);
#2131 = LINE('',#2132,#2133);
#2132 = CARTESIAN_POINT('',(0.,0.));
#2133 = VECTOR('',#2134,1.);
#2134 = DIRECTION('',(1.,0.));
#2135 = ( GEOMETRIC_REPRESENTATION_CONTEXT(2) 
PARAMETRIC_REPRESENTATION_CONTEXT() REPRESENTATION_CONTEXT('2D SPACE',''
  ) );
#2136 = ORIENTED_EDGE('',*,*,#259,.T.);
#2137 = ORIENTED_EDGE('',*,*,#2017,.T.);
#2138 = ORIENTED_EDGE('',*,*,#2139,.F.);
#2139 = EDGE_CURVE('',#2115,#2018,#2140,.T.);
#2140 = SURFACE_CURVE('',#2141,(#2145,#2152),.PCURVE_S1.);
#2141 = LINE('',#2142,#2143);
#2142 = CARTESIAN_POINT('',(-51.,-32.,80.));
#2143 = VECTOR('',#2144,1.);
#2144 = DIRECTION('',(0.,1.,0.));
#2145 = PCURVE('',#275,#2146);
#2146 = DEFINITIONAL_REPRESENTATION('',(#2147),#2151);
#2147 = LINE('',#2148,#2149);
#2148 = CARTESIAN_POINT('',(80.,0.));
#2149 = VECTOR('',#2150,1.);
#2150 = DIRECTION('',(0.,-1.));
#2151 = ( GEOMETRIC_REPRESENTATION_CONTEXT(2) 
PARAMETRIC_REPRESENTATION_CONTEXT() REPRESENTATION_CONTEXT('2D SPACE',''
  ) );
#2152 = PCURVE('',#942,#2153);
#2153 = DEFINITIONAL_REPRESENTATION('',(#2154),#2158);
#2154 = LINE('',#2155,#2156);
#2155 = CARTESIAN_POINT('',(-76.,-32.));
#2156 = VECTOR('',#2157,1.);
#2157 = DIRECTION('',(0.,1.));
#2158 = ( GEOMETRIC_REPRESENTATION_CONTEXT(2) 
PARAMETRIC_REPRESENTATION_CONTEXT() REPRESENTATION_CONTEXT('2D SPACE',''
  ) );
#2159 = ADVANCED_FACE('',(#2160),#449,.F.);
#2160 = FACE_BOUND('',#2161,.F.);
#2161 = EDGE_LOOP('',(#2162,#2163,#2164,#2187,#2220,#2248));
#2162 = ORIENTED_EDGE('',*,*,#2065,.F.);
#2163 = ORIENTED_EDGE('',*,*,#433,.F.);
#2164 = ORIENTED_EDGE('',*,*,#2165,.T.);
#2165 = EDGE_CURVE('',#406,#2166,#2168,.T.);
#2166 = VERTEX_POINT('',#2167);
#2167 = CARTESIAN_POINT('',(35.,-32.,28.819660112501));
#2168 = SURFACE_CURVE('',#2169,(#2173,#2180),.PCURVE_S1.);
#2169 = LINE('',#2170,#2171);
#2170 = CARTESIAN_POINT('',(35.,-32.,0.));
#2171 = VECTOR('',#2172,1.);
#2172 = DIRECTION('',(0.,0.,1.));
#2173 = PCURVE('',#449,#2174);
#2174 = DEFINITIONAL_REPRESENTATION('',(#2175),#2179);
#2175 = LINE('',#2176,#2177);
#2176 = CARTESIAN_POINT('',(0.,0.));
#2177 = VECTOR('',#2178,1.);
#2178 = DIRECTION('',(1.,0.));
#2179 = ( GEOMETRIC_REPRESENTATION_CONTEXT(2) 
PARAMETRIC_REPRESENTATION_CONTEXT() REPRESENTATION_CONTEXT('2D SPACE',''
  ) );
#2180 = PCURVE('',#421,#2181);
#2181 = DEFINITIONAL_REPRESENTATION('',(#2182),#2186);
#2182 = LINE('',#2183,#2184);
#2183 = CARTESIAN_POINT('',(0.,0.));
#2184 = VECTOR('',#2185,1.);
#2185 = DIRECTION('',(1.,0.));
#2186 = ( GEOMETRIC_REPRESENTATION_CONTEXT(2) 
PARAMETRIC_REPRESENTATION_CONTEXT() REPRESENTATION_CONTEXT('2D SPACE',''
  ) );
#2187 = ORIENTED_EDGE('',*,*,#2188,.T.);
#2188 = EDGE_CURVE('',#2166,#2189,#2191,.T.);
#2189 = VERTEX_POINT('',#2190);
#2190 = CARTESIAN_POINT('',(35.,-32.,51.180339887499));
#2191 = SURFACE_CURVE('',#2192,(#2197,#2208),.PCURVE_S1.);
#2192 = CIRCLE('',#2193,15.);
#2193 = AXIS2_PLACEMENT_3D('',#2194,#2195,#2196);
#2194 = CARTESIAN_POINT('',(25.,-32.,40.));
#2195 = DIRECTION('',(0.,-1.,0.));
#2196 = DIRECTION('',(0.,-0.,-1.));
#2197 = PCURVE('',#449,#2198);
#2198 = DEFINITIONAL_REPRESENTATION('',(#2199),#2207);
#2199 = ( BOUNDED_CURVE() B_SPLINE_CURVE(2,(#2200,#2201,#2202,#2203,
#2204,#2205,#2206),.UNSPECIFIED.,.T.,.F.) B_SPLINE_CURVE_WITH_KNOTS((1,2
    ,2,2,2,1),(-2.094395102393,0.,2.094395102393,4.188790204786,
6.28318530718,8.377580409573),.UNSPECIFIED.) CURVE() 
GEOMETRIC_REPRESENTATION_ITEM() RATIONAL_B_SPLINE_CURVE((1.,0.5,1.,0.5,
1.,0.5,1.)) REPRESENTATION_ITEM('') );
#2200 = CARTESIAN_POINT('',(25.,-10.));
#2201 = CARTESIAN_POINT('',(25.,15.980762113533));
#2202 = CARTESIAN_POINT('',(47.5,2.990381056767));
#2203 = CARTESIAN_POINT('',(70.,-10.));
#2204 = CARTESIAN_POINT('',(47.5,-22.99038105676));
#2205 = CARTESIAN_POINT('',(25.,-35.98076211353));
#2206 = CARTESIAN_POINT('',(25.,-10.));
#2207 = ( GEOMETRIC_REPRESENTATION_CONTEXT(2) 
PARAMETRIC_REPRESENTATION_CONTEXT() REPRESENTATION_CONTEXT('2D SPACE',''
  ) );
#2208 = PCURVE('',#2209,#2214);
#2209 = CYLINDRICAL_SURFACE('',#2210,15.);
#2210 = AXIS2_PLACEMENT_3D('',#2211,#2212,#2213);
#2211 = CARTESIAN_POINT('',(25.,-25.,40.));
#2212 = DIRECTION('',(0.,-1.,0.));
#2213 = DIRECTION('',(0.,-0.,-1.));
#2214 = DEFINITIONAL_REPRESENTATION('',(#2215),#2219);
#2215 = LINE('',#2216,#2217);
#2216 = CARTESIAN_POINT('',(0.,7.));
#2217 = VECTOR('',#2218,1.);
#2218 = DIRECTION('',(1.,0.));
#2219 = ( GEOMETRIC_REPRESENTATION_CONTEXT(2) 
PARAMETRIC_REPRESENTATION_CONTEXT() REPRESENTATION_CONTEXT('2D SPACE',''
  ) );
#2220 = ORIENTED_EDGE('',*,*,#2221,.T.);
#2221 = EDGE_CURVE('',#2189,#2222,#2224,.T.);
#2222 = VERTEX_POINT('',#2223);
#2223 = CARTESIAN_POINT('',(35.,-32.,80.));
#2224 = SURFACE_CURVE('',#2225,(#2229,#2236),.PCURVE_S1.);
#2225 = LINE('',#2226,#2227);
#2226 = CARTESIAN_POINT('',(35.,-32.,0.));
#2227 = VECTOR('',#2228,1.);
#2228 = DIRECTION('',(0.,0.,1.));
#2229 = PCURVE('',#449,#2230);
#2230 = DEFINITIONAL_REPRESENTATION('',(#2231),#2235);
#2231 = LINE('',#2232,#2233);
#2232 = CARTESIAN_POINT('',(0.,0.));
#2233 = VECTOR('',#2234,1.);
#2234 = DIRECTION('',(1.,0.));
#2235 = ( GEOMETRIC_REPRESENTATION_CONTEXT(2) 
PARAMETRIC_REPRESENTATION_CONTEXT() REPRESENTATION_CONTEXT('2D SPACE',''
  ) );
#2236 = PCURVE('',#2237,#2242);
#2237 = PLANE('',#2238);
#2238 = AXIS2_PLACEMENT_3D('',#2239,#2240,#2241);
#2239 = CARTESIAN_POINT('',(35.,-32.,0.));
#2240 = DIRECTION('',(1.,0.,0.));
#2241 = DIRECTION('',(0.,0.,1.));
#2242 = DEFINITIONAL_REPRESENTATION('',(#2243),#2247);
#2243 = LINE('',#2244,#2245);
#2244 = CARTESIAN_POINT('',(0.,0.));
#2245 = VECTOR('',#2246,1.);
#2246 = DIRECTION('',(1.,0.));
#2247 = ( GEOMETRIC_REPRESENTATION_CONTEXT(2) 
PARAMETRIC_REPRESENTATION_CONTEXT() REPRESENTATION_CONTEXT('2D SPACE',''
  ) );
#2248 = ORIENTED_EDGE('',*,*,#2249,.T.);
#2249 = EDGE_CURVE('',#2222,#2066,#2250,.T.);
#2250 = SURFACE_CURVE('',#2251,(#2255,#2262),.PCURVE_S1.);
#2251 = LINE('',#2252,#2253);
#2252 = CARTESIAN_POINT('',(35.,-32.,80.));
#2253 = VECTOR('',#2254,1.);
#2254 = DIRECTION('',(1.,0.,0.));
#2255 = PCURVE('',#449,#2256);
#2256 = DEFINITIONAL_REPRESENTATION('',(#2257),#2261);
#2257 = LINE('',#2258,#2259);
#2258 = CARTESIAN_POINT('',(80.,0.));
#2259 = VECTOR('',#2260,1.);
#2260 = DIRECTION('',(0.,1.));
#2261 = ( GEOMETRIC_REPRESENTATION_CONTEXT(2) 
PARAMETRIC_REPRESENTATION_CONTEXT() REPRESENTATION_CONTEXT('2D SPACE',''
  ) );
#2262 = PCURVE('',#942,#2263);
#2263 = DEFINITIONAL_REPRESENTATION('',(#2264),#2268);
#2264 = LINE('',#2265,#2266);
#2265 = CARTESIAN_POINT('',(10.,-32.));
#2266 = VECTOR('',#2267,1.);
#2267 = DIRECTION('',(1.,0.));
#2268 = ( GEOMETRIC_REPRESENTATION_CONTEXT(2) 
PARAMETRIC_REPRESENTATION_CONTEXT() REPRESENTATION_CONTEXT('2D SPACE',''
  ) );
#2269 = ADVANCED_FACE('',(#2270),#303,.F.);
#2270 = FACE_BOUND('',#2271,.F.);
#2271 = EDGE_LOOP('',(#2272,#2273,#2274,#2297));
#2272 = ORIENTED_EDGE('',*,*,#287,.F.);
#2273 = ORIENTED_EDGE('',*,*,#2114,.T.);
#2274 = ORIENTED_EDGE('',*,*,#2275,.T.);
#2275 = EDGE_CURVE('',#2115,#2276,#2278,.T.);
#2276 = VERTEX_POINT('',#2277);
#2277 = CARTESIAN_POINT('',(-35.,-32.,80.));
#2278 = SURFACE_CURVE('',#2279,(#2283,#2290),.PCURVE_S1.);
#2279 = LINE('',#2280,#2281);
#2280 = CARTESIAN_POINT('',(-51.,-32.,80.));
#2281 = VECTOR('',#2282,1.);
#2282 = DIRECTION('',(1.,0.,0.));
#2283 = PCURVE('',#303,#2284);
#2284 = DEFINITIONAL_REPRESENTATION('',(#2285),#2289);
#2285 = LINE('',#2286,#2287);
#2286 = CARTESIAN_POINT('',(80.,0.));
#2287 = VECTOR('',#2288,1.);
#2288 = DIRECTION('',(0.,1.));
#2289 = ( GEOMETRIC_REPRESENTATION_CONTEXT(2) 
PARAMETRIC_REPRESENTATION_CONTEXT() REPRESENTATION_CONTEXT('2D SPACE',''
  ) );
#2290 = PCURVE('',#942,#2291);
#2291 = DEFINITIONAL_REPRESENTATION('',(#2292),#2296);
#2292 = LINE('',#2293,#2294);
#2293 = CARTESIAN_POINT('',(-76.,-32.));
#2294 = VECTOR('',#2295,1.);
#2295 = DIRECTION('',(1.,0.));
#2296 = ( GEOMETRIC_REPRESENTATION_CONTEXT(2) 
PARAMETRIC_REPRESENTATION_CONTEXT() REPRESENTATION_CONTEXT('2D SPACE',''
  ) );
#2297 = ORIENTED_EDGE('',*,*,#2298,.F.);
#2298 = EDGE_CURVE('',#288,#2276,#2299,.T.);
#2299 = SURFACE_CURVE('',#2300,(#2304,#2311),.PCURVE_S1.);
#2300 = LINE('',#2301,#2302);
#2301 = CARTESIAN_POINT('',(-35.,-32.,0.));
#2302 = VECTOR('',#2303,1.);
#2303 = DIRECTION('',(0.,0.,1.));
#2304 = PCURVE('',#303,#2305);
#2305 = DEFINITIONAL_REPRESENTATION('',(#2306),#2310);
#2306 = LINE('',#2307,#2308);
#2307 = CARTESIAN_POINT('',(0.,16.));
#2308 = VECTOR('',#2309,1.);
#2309 = DIRECTION('',(1.,0.));
#2310 = ( GEOMETRIC_REPRESENTATION_CONTEXT(2) 
PARAMETRIC_REPRESENTATION_CONTEXT() REPRESENTATION_CONTEXT('2D SPACE',''
  ) );
#2311 = PCURVE('',#331,#2312);
#2312 = DEFINITIONAL_REPRESENTATION('',(#2313),#2317);
#2313 = LINE('',#2314,#2315);
#2314 = CARTESIAN_POINT('',(0.,0.));
#2315 = VECTOR('',#2316,1.);
#2316 = DIRECTION('',(1.,0.));
#2317 = ( GEOMETRIC_REPRESENTATION_CONTEXT(2) 
PARAMETRIC_REPRESENTATION_CONTEXT() REPRESENTATION_CONTEXT('2D SPACE',''
  ) );
#2318 = ADVANCED_FACE('',(#2319),#421,.F.);
#2319 = FACE_BOUND('',#2320,.F.);
#2320 = EDGE_LOOP('',(#2321,#2342,#2343,#2344));
#2321 = ORIENTED_EDGE('',*,*,#2322,.T.);
#2322 = EDGE_CURVE('',#2323,#2166,#2325,.T.);
#2323 = VERTEX_POINT('',#2324);
#2324 = CARTESIAN_POINT('',(35.,-28.28427124746,28.819660112501));
#2325 = SURFACE_CURVE('',#2326,(#2330,#2336),.PCURVE_S1.);
#2326 = LINE('',#2327,#2328);
#2327 = CARTESIAN_POINT('',(35.,-25.,28.819660112501));
#2328 = VECTOR('',#2329,1.);
#2329 = DIRECTION('',(0.,-1.,0.));
#2330 = PCURVE('',#421,#2331);
#2331 = DEFINITIONAL_REPRESENTATION('',(#2332),#2335);
#2332 = B_SPLINE_CURVE_WITH_KNOTS('',1,(#2333,#2334),.UNSPECIFIED.,.F.,
  .F.,(2,2),(2.912698372208,7.371572875254),.PIECEWISE_BEZIER_KNOTS.);
#2333 = CARTESIAN_POINT('',(28.819660112501,-4.087301627792));
#2334 = CARTESIAN_POINT('',(28.819660112501,0.371572875254));
#2335 = ( GEOMETRIC_REPRESENTATION_CONTEXT(2) 
PARAMETRIC_REPRESENTATION_CONTEXT() REPRESENTATION_CONTEXT('2D SPACE',''
  ) );
#2336 = PCURVE('',#2209,#2337);
#2337 = DEFINITIONAL_REPRESENTATION('',(#2338),#2341);
#2338 = B_SPLINE_CURVE_WITH_KNOTS('',1,(#2339,#2340),.UNSPECIFIED.,.F.,
  .F.,(2,2),(2.912698372208,7.371572875254),.PIECEWISE_BEZIER_KNOTS.);
#2339 = CARTESIAN_POINT('',(0.729727656227,2.912698372208));
#2340 = CARTESIAN_POINT('',(0.729727656227,7.371572875254));
#2341 = ( GEOMETRIC_REPRESENTATION_CONTEXT(2) 
PARAMETRIC_REPRESENTATION_CONTEXT() REPRESENTATION_CONTEXT('2D SPACE',''
  ) );
#2342 = ORIENTED_EDGE('',*,*,#2165,.F.);
#2343 = ORIENTED_EDGE('',*,*,#405,.T.);
#2344 = ORIENTED_EDGE('',*,*,#2345,.F.);
#2345 = EDGE_CURVE('',#2323,#373,#2346,.T.);
#2346 = SURFACE_CURVE('',#2347,(#2351,#2357),.PCURVE_S1.);
#2347 = LINE('',#2348,#2349);
#2348 = CARTESIAN_POINT('',(35.,-28.28427124746,0.));
#2349 = VECTOR('',#2350,1.);
#2350 = DIRECTION('',(-0.,-0.,-1.));
#2351 = PCURVE('',#421,#2352);
#2352 = DEFINITIONAL_REPRESENTATION('',(#2353),#2356);
#2353 = B_SPLINE_CURVE_WITH_KNOTS('',1,(#2354,#2355),.UNSPECIFIED.,.F.,
  .F.,(2,2),(-80.0000006,6.E-07),.PIECEWISE_BEZIER_KNOTS.);
#2354 = CARTESIAN_POINT('',(80.0000006,-3.715728752538));
#2355 = CARTESIAN_POINT('',(-6.E-07,-3.715728752538));
#2356 = ( GEOMETRIC_REPRESENTATION_CONTEXT(2) 
PARAMETRIC_REPRESENTATION_CONTEXT() REPRESENTATION_CONTEXT('2D SPACE',''
  ) );
#2357 = PCURVE('',#393,#2358);
#2358 = DEFINITIONAL_REPRESENTATION('',(#2359),#2362);
#2359 = B_SPLINE_CURVE_WITH_KNOTS('',1,(#2360,#2361),.UNSPECIFIED.,.F.,
  .F.,(2,2),(-80.0000006,6.E-07),.PIECEWISE_BEZIER_KNOTS.);
#2360 = CARTESIAN_POINT('',(-5.052225889839,-80.0000006));
#2361 = CARTESIAN_POINT('',(-5.052225889839,6.E-07));
#2362 = ( GEOMETRIC_REPRESENTATION_CONTEXT(2) 
PARAMETRIC_REPRESENTATION_CONTEXT() REPRESENTATION_CONTEXT('2D SPACE',''
  ) );
#2363 = ADVANCED_FACE('',(#2364),#331,.T.);
#2364 = FACE_BOUND('',#2365,.T.);
#2365 = EDGE_LOOP('',(#2366,#2389,#2390,#2391));
#2366 = ORIENTED_EDGE('',*,*,#2367,.F.);
#2367 = EDGE_CURVE('',#2276,#2368,#2370,.T.);
#2368 = VERTEX_POINT('',#2369);
#2369 = CARTESIAN_POINT('',(-35.,-28.28427124746,80.));
#2370 = SURFACE_CURVE('',#2371,(#2375,#2382),.PCURVE_S1.);
#2371 = LINE('',#2372,#2373);
#2372 = CARTESIAN_POINT('',(-35.,-32.,80.));
#2373 = VECTOR('',#2374,1.);
#2374 = DIRECTION('',(0.,1.,0.));
#2375 = PCURVE('',#331,#2376);
#2376 = DEFINITIONAL_REPRESENTATION('',(#2377),#2381);
#2377 = LINE('',#2378,#2379);
#2378 = CARTESIAN_POINT('',(80.,0.));
#2379 = VECTOR('',#2380,1.);
#2380 = DIRECTION('',(0.,-1.));
#2381 = ( GEOMETRIC_REPRESENTATION_CONTEXT(2) 
PARAMETRIC_REPRESENTATION_CONTEXT() REPRESENTATION_CONTEXT('2D SPACE',''
  ) );
#2382 = PCURVE('',#942,#2383);
#2383 = DEFINITIONAL_REPRESENTATION('',(#2384),#2388);
#2384 = LINE('',#2385,#2386);
#2385 = CARTESIAN_POINT('',(-60.,-32.));
#2386 = VECTOR('',#2387,1.);
#2387 = DIRECTION('',(0.,1.));
#2388 = ( GEOMETRIC_REPRESENTATION_CONTEXT(2) 
PARAMETRIC_REPRESENTATION_CONTEXT() REPRESENTATION_CONTEXT('2D SPACE',''
  ) );
#2389 = ORIENTED_EDGE('',*,*,#2298,.F.);
#2390 = ORIENTED_EDGE('',*,*,#315,.T.);
#2391 = ORIENTED_EDGE('',*,*,#2392,.F.);
#2392 = EDGE_CURVE('',#2368,#316,#2393,.T.);
#2393 = SURFACE_CURVE('',#2394,(#2398,#2404),.PCURVE_S1.);
#2394 = LINE('',#2395,#2396);
#2395 = CARTESIAN_POINT('',(-35.,-28.28427124746,0.));
#2396 = VECTOR('',#2397,1.);
#2397 = DIRECTION('',(-0.,-0.,-1.));
#2398 = PCURVE('',#331,#2399);
#2399 = DEFINITIONAL_REPRESENTATION('',(#2400),#2403);
#2400 = B_SPLINE_CURVE_WITH_KNOTS('',1,(#2401,#2402),.UNSPECIFIED.,.F.,
  .F.,(2,2),(-80.0000006,6.E-07),.PIECEWISE_BEZIER_KNOTS.);
#2401 = CARTESIAN_POINT('',(80.0000006,-3.715728752538));
#2402 = CARTESIAN_POINT('',(-6.E-07,-3.715728752538));
#2403 = ( GEOMETRIC_REPRESENTATION_CONTEXT(2) 
PARAMETRIC_REPRESENTATION_CONTEXT() REPRESENTATION_CONTEXT('2D SPACE',''
  ) );
#2404 = PCURVE('',#360,#2405);
#2405 = DEFINITIONAL_REPRESENTATION('',(#2406),#2409);
#2406 = B_SPLINE_CURVE_WITH_KNOTS('',1,(#2407,#2408),.UNSPECIFIED.,.F.,
  .F.,(2,2),(-80.0000006,6.E-07),.PIECEWISE_BEZIER_KNOTS.);
#2407 = CARTESIAN_POINT('',(-4.372552070931,-80.0000006));
#2408 = CARTESIAN_POINT('',(-4.372552070931,6.E-07));
#2409 = ( GEOMETRIC_REPRESENTATION_CONTEXT(2) 
PARAMETRIC_REPRESENTATION_CONTEXT() REPRESENTATION_CONTEXT('2D SPACE',''
  ) );
#2410 = ADVANCED_FACE('',(#2411),#393,.T.);
#2411 = FACE_BOUND('',#2412,.F.);
#2412 = EDGE_LOOP('',(#2413,#2443,#2464,#2784,#2832,#2833,#2834));
#2413 = ORIENTED_EDGE('',*,*,#2414,.F.);
#2414 = EDGE_CURVE('',#2415,#2417,#2419,.T.);
#2415 = VERTEX_POINT('',#2416);
#2416 = CARTESIAN_POINT('',(35.,-28.28427124746,80.));
#2417 = VERTEX_POINT('',#2418);
#2418 = CARTESIAN_POINT('',(1.59872115546E-13,-16.58312395177,80.));
#2419 = SURFACE_CURVE('',#2420,(#2425,#2432),.PCURVE_S1.);
#2420 = CIRCLE('',#2421,30.);
#2421 = AXIS2_PLACEMENT_3D('',#2422,#2423,#2424);
#2422 = CARTESIAN_POINT('',(25.,0.,80.));
#2423 = DIRECTION('',(0.,0.,-1.));
#2424 = DIRECTION('',(-0.833333333333,0.552770798393,0.));
#2425 = PCURVE('',#393,#2426);
#2426 = DEFINITIONAL_REPRESENTATION('',(#2427),#2431);
#2427 = LINE('',#2428,#2429);
#2428 = CARTESIAN_POINT('',(-8.839092417312,-80.));
#2429 = VECTOR('',#2430,1.);
#2430 = DIRECTION('',(1.,-0.));
#2431 = ( GEOMETRIC_REPRESENTATION_CONTEXT(2) 
PARAMETRIC_REPRESENTATION_CONTEXT() REPRESENTATION_CONTEXT('2D SPACE',''
  ) );
#2432 = PCURVE('',#942,#2433);
#2433 = DEFINITIONAL_REPRESENTATION('',(#2434),#2442);
#2434 = ( BOUNDED_CURVE() B_SPLINE_CURVE(2,(#2435,#2436,#2437,#2438,
#2439,#2440,#2441),.UNSPECIFIED.,.T.,.F.) B_SPLINE_CURVE_WITH_KNOTS((1,2
    ,2,2,2,1),(-2.094395102393,0.,2.094395102393,4.188790204786,
6.28318530718,8.377580409573),.UNSPECIFIED.) CURVE() 
GEOMETRIC_REPRESENTATION_ITEM() RATIONAL_B_SPLINE_CURVE((1.,0.5,1.,0.5,
1.,0.5,1.)) REPRESENTATION_ITEM('') );
#2435 = CARTESIAN_POINT('',(-25.,16.583123951777));
#2436 = CARTESIAN_POINT('',(3.722813232689,59.884394140999));
#2437 = CARTESIAN_POINT('',(26.861406616345,13.359073118723));
#2438 = CARTESIAN_POINT('',(50.,-33.16624790355));
#2439 = CARTESIAN_POINT('',(-1.861406616345,-29.94219707049));
#2440 = CARTESIAN_POINT('',(-53.72281323269,-26.71814623744));
#2441 = CARTESIAN_POINT('',(-25.,16.583123951777));
#2442 = ( GEOMETRIC_REPRESENTATION_CONTEXT(2) 
PARAMETRIC_REPRESENTATION_CONTEXT() REPRESENTATION_CONTEXT('2D SPACE',''
  ) );
#2443 = ORIENTED_EDGE('',*,*,#2444,.T.);
#2444 = EDGE_CURVE('',#2415,#2445,#2447,.T.);
#2445 = VERTEX_POINT('',#2446);
#2446 = CARTESIAN_POINT('',(35.,-28.28427124746,51.180339887499));
#2447 = SURFACE_CURVE('',#2448,(#2452,#2458),.PCURVE_S1.);
#2448 = LINE('',#2449,#2450);
#2449 = CARTESIAN_POINT('',(35.,-28.28427124746,0.));
#2450 = VECTOR('',#2451,1.);
#2451 = DIRECTION('',(-0.,-0.,-1.));
#2452 = PCURVE('',#393,#2453);
#2453 = DEFINITIONAL_REPRESENTATION('',(#2454),#2457);
#2454 = B_SPLINE_CURVE_WITH_KNOTS('',1,(#2455,#2456),.UNSPECIFIED.,.F.,
  .F.,(2,2),(-80.0000006,6.E-07),.PIECEWISE_BEZIER_KNOTS.);
#2455 = CARTESIAN_POINT('',(-5.052225889839,-80.0000006));
#2456 = CARTESIAN_POINT('',(-5.052225889839,6.E-07));
#2457 = ( GEOMETRIC_REPRESENTATION_CONTEXT(2) 
PARAMETRIC_REPRESENTATION_CONTEXT() REPRESENTATION_CONTEXT('2D SPACE',''
  ) );
#2458 = PCURVE('',#2237,#2459);
#2459 = DEFINITIONAL_REPRESENTATION('',(#2460),#2463);
#2460 = B_SPLINE_CURVE_WITH_KNOTS('',1,(#2461,#2462),.UNSPECIFIED.,.F.,
  .F.,(2,2),(-80.0000006,6.E-07),.PIECEWISE_BEZIER_KNOTS.);
#2461 = CARTESIAN_POINT('',(80.0000006,-3.715728752538));
#2462 = CARTESIAN_POINT('',(-6.E-07,-3.715728752538));
#2463 = ( GEOMETRIC_REPRESENTATION_CONTEXT(2) 
PARAMETRIC_REPRESENTATION_CONTEXT() REPRESENTATION_CONTEXT('2D SPACE',''
  ) );
#2464 = ORIENTED_EDGE('',*,*,#2465,.T.);
#2465 = EDGE_CURVE('',#2445,#2466,#2468,.T.);
#2466 = VERTEX_POINT('',#2467);
#2467 = CARTESIAN_POINT('',(25.,-30.,25.));
#2468 = SURFACE_CURVE('',#2469,(#2572,#2678),.PCURVE_S1.);
#2469 = B_SPLINE_CURVE_WITH_KNOTS('',6,(#2470,#2471,#2472,#2473,#2474,
    #2475,#2476,#2477,#2478,#2479,#2480,#2481,#2482,#2483,#2484,#2485,
    #2486,#2487,#2488,#2489,#2490,#2491,#2492,#2493,#2494,#2495,#2496,
    #2497,#2498,#2499,#2500,#2501,#2502,#2503,#2504,#2505,#2506,#2507,
    #2508,#2509,#2510,#2511,#2512,#2513,#2514,#2515,#2516,#2517,#2518,
    #2519,#2520,#2521,#2522,#2523,#2524,#2525,#2526,#2527,#2528,#2529,
    #2530,#2531,#2532,#2533,#2534,#2535,#2536,#2537,#2538,#2539,#2540,
    #2541,#2542,#2543,#2544,#2545,#2546,#2547,#2548,#2549,#2550,#2551,
    #2552,#2553,#2554,#2555,#2556,#2557,#2558,#2559,#2560,#2561,#2562,
    #2563,#2564,#2565,#2566,#2567,#2568,#2569,#2570,#2571),
  .UNSPECIFIED.,.F.,.F.,(7,5,5,5,5,5,5,5,5,5,5,5,5,5,5,5,5,5,5,5,7),(0.,
    8.598461267578E-02,0.116774512552,0.134126370699,0.171289020924,
    0.209943945599,0.229144979989,0.26477482671,0.309462494481,
    0.344689386678,0.371887875579,0.450130175034,0.514446150471,
    0.584896294974,0.720392665815,0.798903779427,0.826118817061,
    0.860159287973,0.905122425795,0.940778884085,1.),.UNSPECIFIED.);
#2470 = CARTESIAN_POINT('',(35.000000000001,-28.28427124746,
    51.180339887498));
#2471 = CARTESIAN_POINT('',(34.399980837481,-28.49641005679,
    51.717013341577));
#2472 = CARTESIAN_POINT('',(33.751489966599,-28.70850252155,
    52.227485567979));
#2473 = CARTESIAN_POINT('',(33.05285839775,-28.91651227502,
    52.707206493724));
#2474 = CARTESIAN_POINT('',(32.302573267626,-29.11568723324,
    53.150465727076));
#2475 = CARTESIAN_POINT('',(31.499618061601,-29.30041208304,
    53.55020479376));
#2476 = CARTESIAN_POINT('',(30.337431255006,-29.52302786626,
    54.022168698369));
#2477 = CARTESIAN_POINT('',(30.024359510289,-29.57903180244,
    54.1398620111));
#2478 = CARTESIAN_POINT('',(29.704909634607,-29.63200625381,
    54.250313778533));
#2479 = CARTESIAN_POINT('',(29.379361964473,-29.68162496276,
    54.353056079964));
#2480 = CARTESIAN_POINT('',(29.048017068504,-29.72757591003,
    54.447643535736));
#2481 = CARTESIAN_POINT('',(28.521377904648,-29.79322890277,
    54.582121857591));
#2482 = CARTESIAN_POINT('',(28.329841659831,-29.81563168875,
    54.627862038025));
#2483 = CARTESIAN_POINT('',(28.136687512033,-29.83671630009,
    54.670786456793));
#2484 = CARTESIAN_POINT('',(27.942017727994,-29.85642965283,
    54.710816319061));
#2485 = CARTESIAN_POINT('',(27.745936412977,-29.87472306191,
    54.747879608493));
#2486 = CARTESIAN_POINT('',(27.125803984408,-29.92759546495,
    54.854796649741));
#2487 = CARTESIAN_POINT('',(26.696911361234,-29.95693626942,
    54.91380238524));
#2488 = CARTESIAN_POINT('',(26.263381374706,-29.97909052396,
    54.958186514862));
#2489 = CARTESIAN_POINT('',(25.826742454993,-29.99372890914,
    54.98745711109));
#2490 = CARTESIAN_POINT('',(25.388541000024,-30.00068425831,
    55.001368522428));
#2491 = CARTESIAN_POINT('',(24.494544260829,-29.99920441295,
    54.998408819538));
#2492 = CARTESIAN_POINT('',(24.039058627937,-29.9901405247,
    54.980280148425));
#2493 = CARTESIAN_POINT('',(23.585610619232,-29.97278977193,
    54.94557450053));
#2494 = CARTESIAN_POINT('',(23.135904392282,-29.94736910198,
    54.89461013638));
#2495 = CARTESIAN_POINT('',(22.691620542631,-29.91427998952,
    54.827985663538));
#2496 = CARTESIAN_POINT('',(22.037242571272,-29.85413925684,
    54.706150662764));
#2497 = CARTESIAN_POINT('',(21.821770008211,-29.8324256045,
    54.662062064424));
#2498 = CARTESIAN_POINT('',(21.608129758888,-29.8090203651,
    54.614411118445));
#2499 = CARTESIAN_POINT('',(21.396451145363,-29.78399211131,
    54.563298870604));
#2500 = CARTESIAN_POINT('',(21.186860619234,-29.75741522032,
    54.508835337895));
#2501 = CARTESIAN_POINT('',(20.594665154413,-29.67732833395,
    54.344077903675));
#2502 = CARTESIAN_POINT('',(20.217570782766,-29.62024453801,
    54.225916276349));
#2503 = CARTESIAN_POINT('',(19.848590987186,-29.5585816164,
    54.097319127339));
#2504 = CARTESIAN_POINT('',(19.488082731893,-29.49282360819,
    53.958969047066));
#2505 = CARTESIAN_POINT('',(19.136367756112,-29.42346792429,
    53.811569942994));
#2506 = CARTESIAN_POINT('',(18.363993003448,-29.26014942603,
    53.460543528858));
#2507 = CARTESIAN_POINT('',(17.948446299537,-29.16439419382,
    53.252107223709));
#2508 = CARTESIAN_POINT('',(17.547074583616,-29.06461528398,
    53.031696588972));
#2509 = CARTESIAN_POINT('',(17.159810852977,-28.96162740506,
    52.800371382194));
#2510 = CARTESIAN_POINT('',(16.786540040547,-28.85619103731,
    52.55909812455));
#2511 = CARTESIAN_POINT('',(16.143756466376,-28.66451417639,
    52.111406985902));
#2512 = CARTESIAN_POINT('',(15.86895755886,-28.57892077851,
    51.908389069254));
#2513 = CARTESIAN_POINT('',(15.602568726861,-28.49255018889,
    51.700080448545));
#2514 = CARTESIAN_POINT('',(15.344452881253,-28.4057040281,
    51.486822379445));
#2515 = CARTESIAN_POINT('',(15.094470317595,-28.31866182061,
    51.268915519109));
#2516 = CARTESIAN_POINT('',(14.665638337212,-28.16452357964,
    50.874986726662));
#2517 = CARTESIAN_POINT('',(14.483562376916,-28.09740324887,
    50.700738091723));
#2518 = CARTESIAN_POINT('',(14.306186042423,-28.03043864988,
    50.523993700249));
#2519 = CARTESIAN_POINT('',(14.133447886477,-27.96374303876,
    50.344863407904));
#2520 = CARTESIAN_POINT('',(13.965289807393,-27.89742428031,
    50.163447247131));
#2521 = CARTESIAN_POINT('',(13.330932247933,-27.64218356932,
    49.451636560852));
#2522 = CARTESIAN_POINT('',(12.897492464756,-27.45668415852,
    48.90508494561));
#2523 = CARTESIAN_POINT('',(12.500285345472,-27.27761866174,
    48.342540689885));
#2524 = CARTESIAN_POINT('',(12.138386552164,-27.10719257104,
    47.765819159634));
#2525 = CARTESIAN_POINT('',(11.811069503603,-26.94735294067,
    47.176315312111));
#2526 = CARTESIAN_POINT('',(11.276866311384,-26.67861291402,
    46.080945895949));
#2527 = CARTESIAN_POINT('',(11.058941202253,-26.56572290894,
    45.578925239187));
#2528 = CARTESIAN_POINT('',(10.864000273888,-26.46224064641,
    45.070014813413));
#2529 = CARTESIAN_POINT('',(10.691968776798,-26.36909514293,
    44.555088358656));
#2530 = CARTESIAN_POINT('',(10.542807952323,-26.28707818783,
    44.034945470383));
#2531 = CARTESIAN_POINT('',(10.278200383425,-26.13988658608,
    42.935642326585));
#2532 = CARTESIAN_POINT('',(10.167336240725,-26.07707007615,
    42.355625477901));
#2533 = CARTESIAN_POINT('',(10.084041925454,-26.02928148192,
    41.771642343477));
#2534 = CARTESIAN_POINT('',(10.028369614295,-25.99714130614,
    41.185008040628));
#2535 = CARTESIAN_POINT('',(10.00035120399,-25.9809648812,
    40.597000759178));
#2536 = CARTESIAN_POINT('',(9.999332233161,-25.98037657825,
    38.877781034062));
#2537 = CARTESIAN_POINT('',(10.10101601294,-26.03908340784,
    37.748617824504));
#2538 = CARTESIAN_POINT('',(10.304375299939,-26.15650990458,
    36.629081090134));
#2539 = CARTESIAN_POINT('',(10.609349781181,-26.32859988407,
    35.526941888364));
#2540 = CARTESIAN_POINT('',(11.016162238294,-26.54761215904,
    34.451073899658));
#2541 = CARTESIAN_POINT('',(11.818680053281,-26.95109262683,
    32.809580742173));
#2542 = CARTESIAN_POINT('',(12.147358819803,-27.11148065398,
    32.219133055609));
#2543 = CARTESIAN_POINT('',(12.510768493381,-27.28246588376,
    31.641543690267));
#2544 = CARTESIAN_POINT('',(12.909644694207,-27.46208739634,
    31.07821753972));
#2545 = CARTESIAN_POINT('',(13.344922531607,-27.64812319497,
    30.530985428093));
#2546 = CARTESIAN_POINT('',(13.981536831182,-27.90384662111,
    29.818943207194));
#2547 = CARTESIAN_POINT('',(14.149929791731,-27.97014440657,
    29.637854098712));
#2548 = CARTESIAN_POINT('',(14.322899256062,-28.03681159925,
    29.459053508629));
#2549 = CARTESIAN_POINT('',(14.500503366155,-28.10374034823,
    29.282641669292));
#2550 = CARTESIAN_POINT('',(14.682803560161,-28.17081739585,
    29.108728671578));
#2551 = CARTESIAN_POINT('',(15.10383981182,-28.32186087332,
    28.723180288999));
#2552 = CARTESIAN_POINT('',(15.345259790845,-28.40584250223,
    28.513026380319));
#2553 = CARTESIAN_POINT('',(15.594255248154,-28.48963793183,
    28.307205271935));
#2554 = CARTESIAN_POINT('',(15.85095273403,-28.57299634372,
    28.105986255675));
#2555 = CARTESIAN_POINT('',(16.115474610363,-28.65564713365,
    27.90967538212));
#2556 = CARTESIAN_POINT('',(16.747829964371,-28.84515285851,
    27.466249575128));
#2557 = CARTESIAN_POINT('',(17.121669966309,-28.95129187441,
    27.22298018665));
#2558 = CARTESIAN_POINT('',(17.509626335245,-29.05500987982,
    26.989689789293));
#2559 = CARTESIAN_POINT('',(17.911818599493,-29.1555385149,
    26.767353618499));
#2560 = CARTESIAN_POINT('',(18.328317625995,-29.25205398142,
    26.557041899443));
#2561 = CARTESIAN_POINT('',(19.100797197979,-29.41634601124,
    26.203603065925));
#2562 = CARTESIAN_POINT('',(19.4515124624,-29.48594721602,
    26.055556359313));
#2563 = CARTESIAN_POINT('',(19.811018174942,-29.55198784821,
    25.916501422442));
#2564 = CARTESIAN_POINT('',(20.179007279013,-29.61397377426,
    25.787135998162));
#2565 = CARTESIAN_POINT('',(20.555137832873,-29.67142272611,
    25.668139270001));
#2566 = CARTESIAN_POINT('',(21.576636603002,-29.81098304297,
    25.38085926849));
#2567 = CARTESIAN_POINT('',(22.236802631871,-29.88445803367,
    25.231655043031));
#2568 = CARTESIAN_POINT('',(22.914568050739,-29.94162026382,
    25.116759349621));
#2569 = CARTESIAN_POINT('',(23.604663553204,-29.98049167445,
    25.039016687156));
#2570 = CARTESIAN_POINT('',(24.301639559561,-30.,25.));
#2571 = CARTESIAN_POINT('',(25.,-30.,25.));
#2572 = PCURVE('',#393,#2573);
#2573 = DEFINITIONAL_REPRESENTATION('',(#2574),#2677);
#2574 = B_SPLINE_CURVE_WITH_KNOTS('',6,(#2575,#2576,#2577,#2578,#2579,
    #2580,#2581,#2582,#2583,#2584,#2585,#2586,#2587,#2588,#2589,#2590,
    #2591,#2592,#2593,#2594,#2595,#2596,#2597,#2598,#2599,#2600,#2601,
    #2602,#2603,#2604,#2605,#2606,#2607,#2608,#2609,#2610,#2611,#2612,
    #2613,#2614,#2615,#2616,#2617,#2618,#2619,#2620,#2621,#2622,#2623,
    #2624,#2625,#2626,#2627,#2628,#2629,#2630,#2631,#2632,#2633,#2634,
    #2635,#2636,#2637,#2638,#2639,#2640,#2641,#2642,#2643,#2644,#2645,
    #2646,#2647,#2648,#2649,#2650,#2651,#2652,#2653,#2654,#2655,#2656,
    #2657,#2658,#2659,#2660,#2661,#2662,#2663,#2664,#2665,#2666,#2667,
    #2668,#2669,#2670,#2671,#2672,#2673,#2674,#2675,#2676),
  .UNSPECIFIED.,.F.,.F.,(7,5,5,5,5,5,5,5,5,5,5,5,5,5,5,5,5,5,5,5,7),(0.,
    8.598461267578E-02,0.116774512552,0.134126370699,0.171289020924,
    0.209943945599,0.229144979989,0.26477482671,0.309462494481,
    0.344689386678,0.371887875579,0.450130175034,0.514446150471,
    0.584896294974,0.720392665815,0.798903779427,0.826118817061,
    0.860159287973,0.905122425795,0.940778884085,1.),.UNSPECIFIED.);
#2575 = CARTESIAN_POINT('',(-5.052225889839,-51.18033988749));
#2576 = CARTESIAN_POINT('',(-5.031012008906,-51.71701334157));
#2577 = CARTESIAN_POINT('',(-5.00827532806,-52.22748556797));
#2578 = CARTESIAN_POINT('',(-4.983991033226,-52.70720649372));
#2579 = CARTESIAN_POINT('',(-4.958134951194,-53.15046572707));
#2580 = CARTESIAN_POINT('',(-4.930689288834,-53.55020479376));
#2581 = CARTESIAN_POINT('',(-4.891245433372,-54.02216869836));
#2582 = CARTESIAN_POINT('',(-4.88064484601,-54.1398620111));
#2583 = CARTESIAN_POINT('',(-4.869852425588,-54.25031377853));
#2584 = CARTESIAN_POINT('',(-4.858876975396,-54.35305607996));
#2585 = CARTESIAN_POINT('',(-4.847727501999,-54.44764353573));
#2586 = CARTESIAN_POINT('',(-4.830036979604,-54.58212185759));
#2587 = CARTESIAN_POINT('',(-4.823609101003,-54.62786203802));
#2588 = CARTESIAN_POINT('',(-4.817132672936,-54.67078645679));
#2589 = CARTESIAN_POINT('',(-4.810610795004,-54.71081631906));
#2590 = CARTESIAN_POINT('',(-4.804046577941,-54.74787960849));
#2591 = CARTESIAN_POINT('',(-4.783300501473,-54.85479664974));
#2592 = CARTESIAN_POINT('',(-4.768972674339,-54.91380238524));
#2593 = CARTESIAN_POINT('',(-4.754506093027,-54.95818651486));
#2594 = CARTESIAN_POINT('',(-4.739946676045,-54.98745711109));
#2595 = CARTESIAN_POINT('',(-4.725340366308,-55.00136852242));
#2596 = CARTESIAN_POINT('',(-4.695540434175,-54.99840881953));
#2597 = CARTESIAN_POINT('',(-4.680357102838,-54.98028014842));
#2598 = CARTESIAN_POINT('',(-4.665234913428,-54.94557450053));
#2599 = CARTESIAN_POINT('',(-4.650224430998,-54.89461013638));
#2600 = CARTESIAN_POINT('',(-4.635376174718,-54.82798566353));
#2601 = CARTESIAN_POINT('',(-4.613471648623,-54.70615066276));
#2602 = CARTESIAN_POINT('',(-4.606253133516,-54.66206206442));
#2603 = CARTESIAN_POINT('',(-4.599089583518,-54.61441111844));
#2604 = CARTESIAN_POINT('',(-4.591984861509,-54.5632988706));
#2605 = CARTESIAN_POINT('',(-4.584942810944,-54.50883533789));
#2606 = CARTESIAN_POINT('',(-4.565023267834,-54.34407790367));
#2607 = CARTESIAN_POINT('',(-4.552311841646,-54.22591627634));
#2608 = CARTESIAN_POINT('',(-4.53984409746,-54.09731912733));
#2609 = CARTESIAN_POINT('',(-4.527630796964,-53.95896904706));
#2610 = CARTESIAN_POINT('',(-4.515682315388,-53.81156994299));
#2611 = CARTESIAN_POINT('',(-4.489367222752,-53.46054352885));
#2612 = CARTESIAN_POINT('',(-4.475154998923,-53.2521072237));
#2613 = CARTESIAN_POINT('',(-4.461371657653,-53.03169658897));
#2614 = CARTESIAN_POINT('',(-4.44801663651,-52.80037138219));
#2615 = CARTESIAN_POINT('',(-4.435088791704,-52.55909812455));
#2616 = CARTESIAN_POINT('',(-4.412730329666,-52.1114069859));
#2617 = CARTESIAN_POINT('',(-4.403137002837,-51.90838906925));
#2618 = CARTESIAN_POINT('',(-4.393803229217,-51.70008044854));
#2619 = CARTESIAN_POINT('',(-4.384726202902,-51.48682237944));
#2620 = CARTESIAN_POINT('',(-4.375903197154,-51.2689155191));
#2621 = CARTESIAN_POINT('',(-4.360713454097,-50.87498672666));
#2622 = CARTESIAN_POINT('',(-4.354245211236,-50.70073809172));
#2623 = CARTESIAN_POINT('',(-4.347925630029,-50.52399370024));
#2624 = CARTESIAN_POINT('',(-4.341753648725,-50.3448634079));
#2625 = CARTESIAN_POINT('',(-4.335728349611,-50.16344724713));
#2626 = CARTESIAN_POINT('',(-4.312935628215,-49.45163656085));
#2627 = CARTESIAN_POINT('',(-4.297223828875,-48.90508494561));
#2628 = CARTESIAN_POINT('',(-4.282703908915,-48.34254068988));
#2629 = CARTESIAN_POINT('',(-4.269372009043,-47.76581915963));
#2630 = CARTESIAN_POINT('',(-4.257230886503,-47.17631531211));
#2631 = CARTESIAN_POINT('',(-4.237297824841,-46.08094589594));
#2632 = CARTESIAN_POINT('',(-4.229117423289,-45.57892523918));
#2633 = CARTESIAN_POINT('',(-4.221761066992,-45.07001481341));
#2634 = CARTESIAN_POINT('',(-4.215240294349,-44.55508835865));
#2635 = CARTESIAN_POINT('',(-4.209566279421,-44.03494547038));
#2636 = CARTESIAN_POINT('',(-4.199473238191,-42.93564232658));
#2637 = CARTESIAN_POINT('',(-4.195225916769,-42.3556254779));
#2638 = CARTESIAN_POINT('',(-4.192024943263,-41.77164234347));
#2639 = CARTESIAN_POINT('',(-4.1898821513,-41.18500804062));
#2640 = CARTESIAN_POINT('',(-4.188803722633,-40.59700075917));
#2641 = CARTESIAN_POINT('',(-4.18876450243,-38.87778103406));
#2642 = CARTESIAN_POINT('',(-4.19267827571,-37.7486178245));
#2643 = CARTESIAN_POINT('',(-4.200506009572,-36.62908109013));
#2644 = CARTESIAN_POINT('',(-4.212177665851,-35.52694188836));
#2645 = CARTESIAN_POINT('',(-4.227572268429,-34.45107389965));
#2646 = CARTESIAN_POINT('',(-4.257513531879,-32.80958074217));
#2647 = CARTESIAN_POINT('',(-4.269703452727,-32.2191330556));
#2648 = CARTESIAN_POINT('',(-4.283088832216,-31.64154369026));
#2649 = CARTESIAN_POINT('',(-4.297667047856,-31.07821753972));
#2650 = CARTESIAN_POINT('',(-4.313442165141,-30.53098542809));
#2651 = CARTESIAN_POINT('',(-4.336310683946,-29.81894320719));
#2652 = CARTESIAN_POINT('',(-4.342343010485,-29.63785409871));
#2653 = CARTESIAN_POINT('',(-4.348521843584,-29.45905350862));
#2654 = CARTESIAN_POINT('',(-4.354848106165,-29.28264166929));
#2655 = CARTESIAN_POINT('',(-4.361322863694,-29.10872867157));
#2656 = CARTESIAN_POINT('',(-4.376233175461,-28.72318028899));
#2657 = CARTESIAN_POINT('',(-4.384753127057,-28.51302638031));
#2658 = CARTESIAN_POINT('',(-4.393509664471,-28.30720527193));
#2659 = CARTESIAN_POINT('',(-4.402505273646,-28.10598625567));
#2660 = CARTESIAN_POINT('',(-4.411742440958,-27.90967538212));
#2661 = CARTESIAN_POINT('',(-4.433747130193,-27.46624957512));
#2662 = CARTESIAN_POINT('',(-4.446699605417,-27.22298018665));
#2663 = CARTESIAN_POINT('',(-4.460083190804,-26.98968978929));
#2664 = CARTESIAN_POINT('',(-4.473899094818,-26.76735361849));
#2665 = CARTESIAN_POINT('',(-4.488147933246,-26.55704189944));
#2666 = CARTESIAN_POINT('',(-4.514473175889,-26.20360306592));
#2667 = CARTESIAN_POINT('',(-4.526390564161,-26.05555635931));
#2668 = CARTESIAN_POINT('',(-4.538572704261,-25.91650142244));
#2669 = CARTESIAN_POINT('',(-4.551009678105,-25.78713599816));
#2670 = CARTESIAN_POINT('',(-4.563691182162,-25.66813927));
#2671 = CARTESIAN_POINT('',(-4.598057457934,-25.38085926849));
#2672 = CARTESIAN_POINT('',(-4.620191983675,-25.23165504303));
#2673 = CARTESIAN_POINT('',(-4.642851893933,-25.11675934962));
#2674 = CARTESIAN_POINT('',(-4.665877760598,-25.03901668715));
#2675 = CARTESIAN_POINT('',(-4.689110299037,-25.));
#2676 = CARTESIAN_POINT('',(-4.712388980385,-25.));
#2677 = ( GEOMETRIC_REPRESENTATION_CONTEXT(2) 
PARAMETRIC_REPRESENTATION_CONTEXT() REPRESENTATION_CONTEXT('2D SPACE',''
  ) );
#2678 = PCURVE('',#2209,#2679);
#2679 = DEFINITIONAL_REPRESENTATION('',(#2680),#2783);
#2680 = B_SPLINE_CURVE_WITH_KNOTS('',6,(#2681,#2682,#2683,#2684,#2685,
    #2686,#2687,#2688,#2689,#2690,#2691,#2692,#2693,#2694,#2695,#2696,
    #2697,#2698,#2699,#2700,#2701,#2702,#2703,#2704,#2705,#2706,#2707,
    #2708,#2709,#2710,#2711,#2712,#2713,#2714,#2715,#2716,#2717,#2718,
    #2719,#2720,#2721,#2722,#2723,#2724,#2725,#2726,#2727,#2728,#2729,
    #2730,#2731,#2732,#2733,#2734,#2735,#2736,#2737,#2738,#2739,#2740,
    #2741,#2742,#2743,#2744,#2745,#2746,#2747,#2748,#2749,#2750,#2751,
    #2752,#2753,#2754,#2755,#2756,#2757,#2758,#2759,#2760,#2761,#2762,
    #2763,#2764,#2765,#2766,#2767,#2768,#2769,#2770,#2771,#2772,#2773,
    #2774,#2775,#2776,#2777,#2778,#2779,#2780,#2781,#2782),
  .UNSPECIFIED.,.F.,.F.,(7,5,5,5,5,5,5,5,5,5,5,5,5,5,5,5,5,5,5,5,7),(0.,
    8.598461267578E-02,0.116774512552,0.134126370699,0.171289020924,
    0.209943945599,0.229144979989,0.26477482671,0.309462494481,
    0.344689386678,0.371887875579,0.450130175034,0.514446150471,
    0.584896294974,0.720392665815,0.798903779427,0.826118817061,
    0.860159287973,0.905122425795,0.940778884085,1.),.UNSPECIFIED.);
#2681 = CARTESIAN_POINT('',(2.411864997363,3.284271247462));
#2682 = CARTESIAN_POINT('',(2.465532342771,3.496410056791));
#2683 = CARTESIAN_POINT('',(2.520443808238,3.708502521554));
#2684 = CARTESIAN_POINT('',(2.576758059515,3.916512275022));
#2685 = CARTESIAN_POINT('',(2.634640088172,4.115687233245));
#2686 = CARTESIAN_POINT('',(2.694263794867,4.300412083045));
#2687 = CARTESIAN_POINT('',(2.777888036452,4.523027866265));
#2688 = CARTESIAN_POINT('',(2.800177948747,4.57903180244));
#2689 = CARTESIAN_POINT('',(2.822699476612,4.632006253818));
#2690 = CARTESIAN_POINT('',(2.845444959543,4.681624962763));
#2691 = CARTESIAN_POINT('',(2.8684079997,4.727575910038));
#2692 = CARTESIAN_POINT('',(2.90464384616,4.793228902775));
#2693 = CARTESIAN_POINT('',(2.917770380184,4.815631688752));
#2694 = CARTESIAN_POINT('',(2.930959002212,4.836716300098));
#2695 = CARTESIAN_POINT('',(2.944206004466,4.856429652835));
#2696 = CARTESIAN_POINT('',(2.957507837711,4.874723061919));
#2697 = CARTESIAN_POINT('',(2.999459952353,4.927595464954));
#2698 = CARTESIAN_POINT('',(3.028305427617,4.956936269423));
#2699 = CARTESIAN_POINT('',(3.057332048687,4.979090523962));
#2700 = CARTESIAN_POINT('',(3.086479565093,4.993728909143));
#2701 = CARTESIAN_POINT('',(3.115689766209,5.000684258317));
#2702 = CARTESIAN_POINT('',(3.175289875438,4.999204412954));
#2703 = CARTESIAN_POINT('',(3.205659420797,4.990140524705));
#2704 = CARTESIAN_POINT('',(3.235947282381,4.972789771931));
#2705 = CARTESIAN_POINT('',(3.266090002478,4.947369101989));
#2706 = CARTESIAN_POINT('',(3.296021526613,4.914279989524));
#2707 = CARTESIAN_POINT('',(3.340396409239,4.854139256841));
#2708 = CARTESIAN_POINT('',(3.355056546875,4.832425604503));
#2709 = CARTESIAN_POINT('',(3.369645834581,4.809020365102));
#2710 = CARTESIAN_POINT('',(3.384160030837,4.783992111315));
#2711 = CARTESIAN_POINT('',(3.39859465852,4.757415220326));
#2712 = CARTESIAN_POINT('',(3.439573812065,4.677328333954));
#2713 = CARTESIAN_POINT('',(3.465904989593,4.620244538019));
#2714 = CARTESIAN_POINT('',(3.491935439698,4.558581616405));
#2715 = CARTESIAN_POINT('',(3.517660254101,4.492823608193));
#2716 = CARTESIAN_POINT('',(3.543072541554,4.42346792429));
#2717 = CARTESIAN_POINT('',(3.599632531416,4.26014942603));
#2718 = CARTESIAN_POINT('',(3.630602563598,4.164394193826));
#2719 = CARTESIAN_POINT('',(3.661098626745,4.064615283983));
#2720 = CARTESIAN_POINT('',(3.691142862181,3.96162740506));
#2721 = CARTESIAN_POINT('',(3.720755782613,3.856191037313));
#2722 = CARTESIAN_POINT('',(3.772977450268,3.66451417639));
#2723 = CARTESIAN_POINT('',(3.795745923871,3.578920778516));
#2724 = CARTESIAN_POINT('',(3.81827765807,3.492550188896));
#2725 = CARTESIAN_POINT('',(3.840586924694,3.405704028101));
#2726 = CARTESIAN_POINT('',(3.862687807171,3.318661820613));
#2727 = CARTESIAN_POINT('',(3.901508005861,3.164523579644));
#2728 = CARTESIAN_POINT('',(3.918305874843,3.097403248873));
#2729 = CARTESIAN_POINT('',(3.934994234986,3.030438649885));
#2730 = CARTESIAN_POINT('',(3.951579307762,2.963743038765));
#2731 = CARTESIAN_POINT('',(3.968067108617,2.89742428031));
#2732 = CARTESIAN_POINT('',(4.031631038513,2.642183569328));
#2733 = CARTESIAN_POINT('',(4.078058361091,2.456684158524));
#2734 = CARTESIAN_POINT('',(4.123863126383,2.277618661748));
#2735 = CARTESIAN_POINT('',(4.169156069254,2.107192571041));
#2736 = CARTESIAN_POINT('',(4.214044515492,1.947352940674));
#2737 = CARTESIAN_POINT('',(4.29529056725,1.678612914021));
#2738 = CARTESIAN_POINT('',(4.331740301265,1.565722908946));
#2739 = CARTESIAN_POINT('',(4.368019863914,1.462240646415));
#2740 = CARTESIAN_POINT('',(4.404162775629,1.369095142938));
#2741 = CARTESIAN_POINT('',(4.440203181834,1.287078187837));
#2742 = CARTESIAN_POINT('',(4.515583243079,1.139886586087));
#2743 = CARTESIAN_POINT('',(4.554906923055,1.077070076152));
#2744 = CARTESIAN_POINT('',(4.594167699318,1.029281481923));
#2745 = CARTESIAN_POINT('',(4.633387338546,0.997141306146));
#2746 = CARTESIAN_POINT('',(4.672588922852,0.980964881204));
#2747 = CARTESIAN_POINT('',(4.787203591324,0.980376578259));
#2748 = CARTESIAN_POINT('',(4.862477081746,1.039083407843));
#2749 = CARTESIAN_POINT('',(4.937876753379,1.156509904582));
#2750 = CARTESIAN_POINT('',(5.013642061162,1.328599884072));
#2751 = CARTESIAN_POINT('',(5.089989935151,1.547612159043));
#2752 = CARTESIAN_POINT('',(5.211800984265,1.951092626834));
#2753 = CARTESIAN_POINT('',(5.256788126354,2.111480653982));
#2754 = CARTESIAN_POINT('',(5.302182997107,2.282465883764));
#2755 = CARTESIAN_POINT('',(5.348093830516,2.462087396341));
#2756 = CARTESIAN_POINT('',(5.394632309579,2.648123194974));
#2757 = CARTESIAN_POINT('',(5.458307942133,2.903846621117));
#2758 = CARTESIAN_POINT('',(5.47479042143,2.970144406579));
#2759 = CARTESIAN_POINT('',(5.49137040184,3.03681159925));
#2760 = CARTESIAN_POINT('',(5.508053895165,3.103740348231));
#2761 = CARTESIAN_POINT('',(5.52484711703,3.170817395859));
#2762 = CARTESIAN_POINT('',(5.562906665724,3.321860873329));
#2763 = CARTESIAN_POINT('',(5.584238354379,3.405842502233));
#2764 = CARTESIAN_POINT('',(5.605764302514,3.489637931838));
#2765 = CARTESIAN_POINT('',(5.627497253004,3.572996343727));
#2766 = CARTESIAN_POINT('',(5.649449941936,3.65564713365));
#2767 = CARTESIAN_POINT('',(5.700938872356,3.845152858514));
#2768 = CARTESIAN_POINT('',(5.730655854362,3.95129187441));
#2769 = CARTESIAN_POINT('',(5.760806744992,4.055009879821));
#2770 = CARTESIAN_POINT('',(5.7914123309,4.155538514907));
#2771 = CARTESIAN_POINT('',(5.822495025294,4.252053981424));
#2772 = CARTESIAN_POINT('',(5.879128101541,4.416346011249));
#2773 = CARTESIAN_POINT('',(5.904495750525,4.485947216021));
#2774 = CARTESIAN_POINT('',(5.930175189211,4.551987848218));
#2775 = CARTESIAN_POINT('',(5.956160325129,4.613973774264));
#2776 = CARTESIAN_POINT('',(5.982446999898,4.67142272611));
#2777 = CARTESIAN_POINT('',(6.053188769318,4.810983042976));
#2778 = CARTESIAN_POINT('',(6.098249190273,4.88445803367));
#2779 = CARTESIAN_POINT('',(6.143974844688,4.941620263828));
#2780 = CARTESIAN_POINT('',(6.190162880853,4.980491674458));
#2781 = CARTESIAN_POINT('',(6.236627944484,5.));
#2782 = CARTESIAN_POINT('',(6.28318530718,5.));
#2783 = ( GEOMETRIC_REPRESENTATION_CONTEXT(2) 
PARAMETRIC_REPRESENTATION_CONTEXT() REPRESENTATION_CONTEXT('2D SPACE',''
  ) );
#2784 = ORIENTED_EDGE('',*,*,#2785,.T.);
#2785 = EDGE_CURVE('',#2466,#2323,#2786,.T.);
#2786 = SURFACE_CURVE('',#2787,(#2800,#2816),.PCURVE_S1.);
#2787 = B_SPLINE_CURVE_WITH_KNOTS('',6,(#2788,#2789,#2790,#2791,#2792,
    #2793,#2794,#2795,#2796,#2797,#2798,#2799),.UNSPECIFIED.,.F.,.F.,(7,
    5,7),(0.,0.494077995427,1.),.UNSPECIFIED.);
#2788 = CARTESIAN_POINT('',(25.,-30.,25.));
#2789 = CARTESIAN_POINT('',(25.998413956611,-30.,25.));
#2790 = CARTESIAN_POINT('',(26.989874167193,-29.9601264631,
    25.079747176658));
#2791 = CARTESIAN_POINT('',(27.961208813649,-29.88142287042,
    25.237154043755));
#2792 = CARTESIAN_POINT('',(28.899584481501,-29.76802142546,
    25.466342083975));
#2793 = CARTESIAN_POINT('',(29.793119573201,-29.62692069764,
    25.757666427752));
#2794 = CARTESIAN_POINT('',(31.489828689187,-29.3026601349,
    26.444931740239));
#2795 = CARTESIAN_POINT('',(32.295246642202,-29.11763181286,
    26.845207801943));
#2796 = CARTESIAN_POINT('',(33.047768408264,-28.91802986869,
    27.289292485072));
#2797 = CARTESIAN_POINT('',(33.74838004443,-28.70952127773,
    27.77005989236));
#2798 = CARTESIAN_POINT('',(34.398572158651,-28.49690809996,
    28.281726697774));
#2799 = CARTESIAN_POINT('',(35.000000000001,-28.28427124746,
    28.819660112502));
#2800 = PCURVE('',#393,#2801);
#2801 = DEFINITIONAL_REPRESENTATION('',(#2802),#2815);
#2802 = B_SPLINE_CURVE_WITH_KNOTS('',6,(#2803,#2804,#2805,#2806,#2807,
    #2808,#2809,#2810,#2811,#2812,#2813,#2814),.UNSPECIFIED.,.F.,.F.,(7,
    5,7),(0.,0.494077995427,1.),.UNSPECIFIED.);
#2803 = CARTESIAN_POINT('',(-4.712388980385,-25.));
#2804 = CARTESIAN_POINT('',(-4.745669445605,-25.));
#2805 = CARTESIAN_POINT('',(-4.778718154986,-25.07974717665));
#2806 = CARTESIAN_POINT('',(-4.811162160455,-25.23715404375));
#2807 = CARTESIAN_POINT('',(-4.842636212416,-25.46634208397));
#2808 = CARTESIAN_POINT('',(-4.87277416799,-25.75766642775));
#2809 = CARTESIAN_POINT('',(-4.930354708075,-26.44493174023));
#2810 = CARTESIAN_POINT('',(-4.957882472171,-26.84520780194));
#2811 = CARTESIAN_POINT('',(-4.983814085556,-27.28929248507));
#2812 = CARTESIAN_POINT('',(-5.008166273686,-27.77005989236));
#2813 = CARTESIAN_POINT('',(-5.030962204588,-28.28172669777));
#2814 = CARTESIAN_POINT('',(-5.052225889839,-28.8196601125));
#2815 = ( GEOMETRIC_REPRESENTATION_CONTEXT(2) 
PARAMETRIC_REPRESENTATION_CONTEXT() REPRESENTATION_CONTEXT('2D SPACE',''
  ) );
#2816 = PCURVE('',#2209,#2817);
#2817 = DEFINITIONAL_REPRESENTATION('',(#2818),#2831);
#2818 = B_SPLINE_CURVE_WITH_KNOTS('',6,(#2819,#2820,#2821,#2822,#2823,
    #2824,#2825,#2826,#2827,#2828,#2829,#2830),.UNSPECIFIED.,.F.,.F.,(7,
    5,7),(0.,0.494077995427,1.),.UNSPECIFIED.);
#2819 = CARTESIAN_POINT('',(0.,5.));
#2820 = CARTESIAN_POINT('',(6.656093044071E-02,5.));
#2821 = CARTESIAN_POINT('',(0.132658248719,4.960126463108));
#2822 = CARTESIAN_POINT('',(0.197944851315,4.881422870421));
#2823 = CARTESIAN_POINT('',(0.262058122021,4.768021425464));
#2824 = CARTESIAN_POINT('',(0.324561146493,4.626920697647));
#2825 = CARTESIAN_POINT('',(0.446602222165,4.302660134909));
#2826 = CARTESIAN_POINT('',(0.506387443532,4.117631812862));
#2827 = CARTESIAN_POINT('',(0.56442411606,3.918029868695));
#2828 = CARTESIAN_POINT('',(0.620885216066,3.70952127773));
#2829 = CARTESIAN_POINT('',(0.675934314754,3.496908099968));
#2830 = CARTESIAN_POINT('',(0.729727656227,3.284271247462));
#2831 = ( GEOMETRIC_REPRESENTATION_CONTEXT(2) 
PARAMETRIC_REPRESENTATION_CONTEXT() REPRESENTATION_CONTEXT('2D SPACE',''
  ) );
#2832 = ORIENTED_EDGE('',*,*,#2345,.T.);
#2833 = ORIENTED_EDGE('',*,*,#372,.T.);
#2834 = ORIENTED_EDGE('',*,*,#2835,.F.);
#2835 = EDGE_CURVE('',#2417,#344,#2836,.T.);
#2836 = SURFACE_CURVE('',#2837,(#2841,#2847),.PCURVE_S1.);
#2837 = LINE('',#2838,#2839);
#2838 = CARTESIAN_POINT('',(0.,-16.58312395177,0.));
#2839 = VECTOR('',#2840,1.);
#2840 = DIRECTION('',(-0.,-0.,-1.));
#2841 = PCURVE('',#393,#2842);
#2842 = DEFINITIONAL_REPRESENTATION('',(#2843),#2846);
#2843 = B_SPLINE_CURVE_WITH_KNOTS('',1,(#2844,#2845),.UNSPECIFIED.,.F.,
  .F.,(2,2),(-80.,-0.),.PIECEWISE_BEZIER_KNOTS.);
#2844 = CARTESIAN_POINT('',(-3.727278197047,-80.));
#2845 = CARTESIAN_POINT('',(-3.727278197047,0.));
#2846 = ( GEOMETRIC_REPRESENTATION_CONTEXT(2) 
PARAMETRIC_REPRESENTATION_CONTEXT() REPRESENTATION_CONTEXT('2D SPACE',''
  ) );
#2847 = PCURVE('',#360,#2848);
#2848 = DEFINITIONAL_REPRESENTATION('',(#2849),#2852);
#2849 = B_SPLINE_CURVE_WITH_KNOTS('',1,(#2850,#2851),.UNSPECIFIED.,.F.,
  .F.,(2,2),(-80.0000006,6.E-07),.PIECEWISE_BEZIER_KNOTS.);
#2850 = CARTESIAN_POINT('',(-5.697499763722,-80.0000006));
#2851 = CARTESIAN_POINT('',(-5.697499763722,6.E-07));
#2852 = ( GEOMETRIC_REPRESENTATION_CONTEXT(2) 
PARAMETRIC_REPRESENTATION_CONTEXT() REPRESENTATION_CONTEXT('2D SPACE',''
  ) );
#2853 = ADVANCED_FACE('',(#2854),#360,.T.);
#2854 = FACE_BOUND('',#2855,.F.);
#2855 = EDGE_LOOP('',(#2856,#2857,#2858,#2880));
#2856 = ORIENTED_EDGE('',*,*,#343,.F.);
#2857 = ORIENTED_EDGE('',*,*,#2392,.F.);
#2858 = ORIENTED_EDGE('',*,*,#2859,.T.);
#2859 = EDGE_CURVE('',#2368,#2417,#2860,.T.);
#2860 = SURFACE_CURVE('',#2861,(#2866,#2873),.PCURVE_S1.);
#2861 = CIRCLE('',#2862,30.);
#2862 = AXIS2_PLACEMENT_3D('',#2863,#2864,#2865);
#2863 = CARTESIAN_POINT('',(-25.,0.,80.));
#2864 = DIRECTION('',(0.,0.,1.));
#2865 = DIRECTION('',(1.,0.,0.));
#2866 = PCURVE('',#360,#2867);
#2867 = DEFINITIONAL_REPRESENTATION('',(#2868),#2872);
#2868 = LINE('',#2869,#2870);
#2869 = CARTESIAN_POINT('',(-0.,-80.));
#2870 = VECTOR('',#2871,1.);
#2871 = DIRECTION('',(-1.,0.));
#2872 = ( GEOMETRIC_REPRESENTATION_CONTEXT(2) 
PARAMETRIC_REPRESENTATION_CONTEXT() REPRESENTATION_CONTEXT('2D SPACE',''
  ) );
#2873 = PCURVE('',#942,#2874);
#2874 = DEFINITIONAL_REPRESENTATION('',(#2875),#2879);
#2875 = CIRCLE('',#2876,30.);
#2876 = AXIS2_PLACEMENT_2D('',#2877,#2878);
#2877 = CARTESIAN_POINT('',(-50.,-2.339560088947E-16));
#2878 = DIRECTION('',(1.,0.));
#2879 = ( GEOMETRIC_REPRESENTATION_CONTEXT(2) 
PARAMETRIC_REPRESENTATION_CONTEXT() REPRESENTATION_CONTEXT('2D SPACE',''
  ) );
#2880 = ORIENTED_EDGE('',*,*,#2835,.T.);
#2881 = ADVANCED_FACE('',(#2882),#679,.F.);
#2882 = FACE_BOUND('',#2883,.F.);
#2883 = EDGE_LOOP('',(#2884,#2908,#2929,#2930));
#2884 = ORIENTED_EDGE('',*,*,#2885,.F.);
#2885 = EDGE_CURVE('',#2886,#2886,#2888,.T.);
#2886 = VERTEX_POINT('',#2887);
#2887 = CARTESIAN_POINT('',(-38.,-24.,80.));
#2888 = SURFACE_CURVE('',#2889,(#2894,#2901),.PCURVE_S1.);
#2889 = CIRCLE('',#2890,5.);
#2890 = AXIS2_PLACEMENT_3D('',#2891,#2892,#2893);
#2891 = CARTESIAN_POINT('',(-43.,-24.,80.));
#2892 = DIRECTION('',(0.,0.,1.));
#2893 = DIRECTION('',(1.,0.,-0.));
#2894 = PCURVE('',#679,#2895);
#2895 = DEFINITIONAL_REPRESENTATION('',(#2896),#2900);
#2896 = LINE('',#2897,#2898);
#2897 = CARTESIAN_POINT('',(0.,81.));
#2898 = VECTOR('',#2899,1.);
#2899 = DIRECTION('',(1.,0.));
#2900 = ( GEOMETRIC_REPRESENTATION_CONTEXT(2) 
PARAMETRIC_REPRESENTATION_CONTEXT() REPRESENTATION_CONTEXT('2D SPACE',''
  ) );
#2901 = PCURVE('',#942,#2902);
#2902 = DEFINITIONAL_REPRESENTATION('',(#2903),#2907);
#2903 = CIRCLE('',#2904,5.);
#2904 = AXIS2_PLACEMENT_2D('',#2905,#2906);
#2905 = CARTESIAN_POINT('',(-68.,-24.));
#2906 = DIRECTION('',(1.,0.));
#2907 = ( GEOMETRIC_REPRESENTATION_CONTEXT(2) 
PARAMETRIC_REPRESENTATION_CONTEXT() REPRESENTATION_CONTEXT('2D SPACE',''
  ) );
#2908 = ORIENTED_EDGE('',*,*,#2909,.F.);
#2909 = EDGE_CURVE('',#663,#2886,#2910,.T.);
#2910 = SEAM_CURVE('',#2911,(#2915,#2922),.PCURVE_S1.);
#2911 = LINE('',#2912,#2913);
#2912 = CARTESIAN_POINT('',(-38.,-24.,-1.));
#2913 = VECTOR('',#2914,1.);
#2914 = DIRECTION('',(0.,0.,1.));
#2915 = PCURVE('',#679,#2916);
#2916 = DEFINITIONAL_REPRESENTATION('',(#2917),#2921);
#2917 = LINE('',#2918,#2919);
#2918 = CARTESIAN_POINT('',(6.28318530718,-0.));
#2919 = VECTOR('',#2920,1.);
#2920 = DIRECTION('',(0.,1.));
#2921 = ( GEOMETRIC_REPRESENTATION_CONTEXT(2) 
PARAMETRIC_REPRESENTATION_CONTEXT() REPRESENTATION_CONTEXT('2D SPACE',''
  ) );
#2922 = PCURVE('',#679,#2923);
#2923 = DEFINITIONAL_REPRESENTATION('',(#2924),#2928);
#2924 = LINE('',#2925,#2926);
#2925 = CARTESIAN_POINT('',(0.,-0.));
#2926 = VECTOR('',#2927,1.);
#2927 = DIRECTION('',(0.,1.));
#2928 = ( GEOMETRIC_REPRESENTATION_CONTEXT(2) 
PARAMETRIC_REPRESENTATION_CONTEXT() REPRESENTATION_CONTEXT('2D SPACE',''
  ) );
#2929 = ORIENTED_EDGE('',*,*,#662,.T.);
#2930 = ORIENTED_EDGE('',*,*,#2909,.T.);
#2931 = ADVANCED_FACE('',(#2932),#710,.F.);
#2932 = FACE_BOUND('',#2933,.F.);
#2933 = EDGE_LOOP('',(#2934,#2958,#2979,#2980));
#2934 = ORIENTED_EDGE('',*,*,#2935,.F.);
#2935 = EDGE_CURVE('',#2936,#2936,#2938,.T.);
#2936 = VERTEX_POINT('',#2937);
#2937 = CARTESIAN_POINT('',(48.,-24.,80.));
#2938 = SURFACE_CURVE('',#2939,(#2944,#2951),.PCURVE_S1.);
#2939 = CIRCLE('',#2940,5.);
#2940 = AXIS2_PLACEMENT_3D('',#2941,#2942,#2943);
#2941 = CARTESIAN_POINT('',(43.,-24.,80.));
#2942 = DIRECTION('',(0.,0.,1.));
#2943 = DIRECTION('',(1.,0.,-0.));
#2944 = PCURVE('',#710,#2945);
#2945 = DEFINITIONAL_REPRESENTATION('',(#2946),#2950);
#2946 = LINE('',#2947,#2948);
#2947 = CARTESIAN_POINT('',(0.,81.));
#2948 = VECTOR('',#2949,1.);
#2949 = DIRECTION('',(1.,0.));
#2950 = ( GEOMETRIC_REPRESENTATION_CONTEXT(2) 
PARAMETRIC_REPRESENTATION_CONTEXT() REPRESENTATION_CONTEXT('2D SPACE',''
  ) );
#2951 = PCURVE('',#942,#2952);
#2952 = DEFINITIONAL_REPRESENTATION('',(#2953),#2957);
#2953 = CIRCLE('',#2954,5.);
#2954 = AXIS2_PLACEMENT_2D('',#2955,#2956);
#2955 = CARTESIAN_POINT('',(18.,-24.));
#2956 = DIRECTION('',(1.,0.));
#2957 = ( GEOMETRIC_REPRESENTATION_CONTEXT(2) 
PARAMETRIC_REPRESENTATION_CONTEXT() REPRESENTATION_CONTEXT('2D SPACE',''
  ) );
#2958 = ORIENTED_EDGE('',*,*,#2959,.F.);
#2959 = EDGE_CURVE('',#694,#2936,#2960,.T.);
#2960 = SEAM_CURVE('',#2961,(#2965,#2972),.PCURVE_S1.);
#2961 = LINE('',#2962,#2963);
#2962 = CARTESIAN_POINT('',(48.,-24.,-1.));
#2963 = VECTOR('',#2964,1.);
#2964 = DIRECTION('',(0.,0.,1.));
#2965 = PCURVE('',#710,#2966);
#2966 = DEFINITIONAL_REPRESENTATION('',(#2967),#2971);
#2967 = LINE('',#2968,#2969);
#2968 = CARTESIAN_POINT('',(6.28318530718,-0.));
#2969 = VECTOR('',#2970,1.);
#2970 = DIRECTION('',(0.,1.));
#2971 = ( GEOMETRIC_REPRESENTATION_CONTEXT(2) 
PARAMETRIC_REPRESENTATION_CONTEXT() REPRESENTATION_CONTEXT('2D SPACE',''
  ) );
#2972 = PCURVE('',#710,#2973);
#2973 = DEFINITIONAL_REPRESENTATION('',(#2974),#2978);
#2974 = LINE('',#2975,#2976);
#2975 = CARTESIAN_POINT('',(0.,-0.));
#2976 = VECTOR('',#2977,1.);
#2977 = DIRECTION('',(0.,1.));
#2978 = ( GEOMETRIC_REPRESENTATION_CONTEXT(2) 
PARAMETRIC_REPRESENTATION_CONTEXT() REPRESENTATION_CONTEXT('2D SPACE',''
  ) );
#2979 = ORIENTED_EDGE('',*,*,#693,.T.);
#2980 = ORIENTED_EDGE('',*,*,#2959,.T.);
#2981 = ADVANCED_FACE('',(#2982),#741,.F.);
#2982 = FACE_BOUND('',#2983,.F.);
#2983 = EDGE_LOOP('',(#2984,#3008,#3029,#3030));
#2984 = ORIENTED_EDGE('',*,*,#2985,.F.);
#2985 = EDGE_CURVE('',#2986,#2986,#2988,.T.);
#2986 = VERTEX_POINT('',#2987);
#2987 = CARTESIAN_POINT('',(-38.,24.,80.));
#2988 = SURFACE_CURVE('',#2989,(#2994,#3001),.PCURVE_S1.);
#2989 = CIRCLE('',#2990,5.);
#2990 = AXIS2_PLACEMENT_3D('',#2991,#2992,#2993);
#2991 = CARTESIAN_POINT('',(-43.,24.,80.));
#2992 = DIRECTION('',(0.,0.,1.));
#2993 = DIRECTION('',(1.,0.,-0.));
#2994 = PCURVE('',#741,#2995);
#2995 = DEFINITIONAL_REPRESENTATION('',(#2996),#3000);
#2996 = LINE('',#2997,#2998);
#2997 = CARTESIAN_POINT('',(0.,81.));
#2998 = VECTOR('',#2999,1.);
#2999 = DIRECTION('',(1.,0.));
#3000 = ( GEOMETRIC_REPRESENTATION_CONTEXT(2) 
PARAMETRIC_REPRESENTATION_CONTEXT() REPRESENTATION_CONTEXT('2D SPACE',''
  ) );
#3001 = PCURVE('',#942,#3002);
#3002 = DEFINITIONAL_REPRESENTATION('',(#3003),#3007);
#3003 = CIRCLE('',#3004,5.);
#3004 = AXIS2_PLACEMENT_2D('',#3005,#3006);
#3005 = CARTESIAN_POINT('',(-68.,24.));
#3006 = DIRECTION('',(1.,0.));
#3007 = ( GEOMETRIC_REPRESENTATION_CONTEXT(2) 
PARAMETRIC_REPRESENTATION_CONTEXT() REPRESENTATION_CONTEXT('2D SPACE',''
  ) );
#3008 = ORIENTED_EDGE('',*,*,#3009,.F.);
#3009 = EDGE_CURVE('',#725,#2986,#3010,.T.);
#3010 = SEAM_CURVE('',#3011,(#3015,#3022),.PCURVE_S1.);
#3011 = LINE('',#3012,#3013);
#3012 = CARTESIAN_POINT('',(-38.,24.,-1.));
#3013 = VECTOR('',#3014,1.);
#3014 = DIRECTION('',(0.,0.,1.));
#3015 = PCURVE('',#741,#3016);
#3016 = DEFINITIONAL_REPRESENTATION('',(#3017),#3021);
#3017 = LINE('',#3018,#3019);
#3018 = CARTESIAN_POINT('',(6.28318530718,-0.));
#3019 = VECTOR('',#3020,1.);
#3020 = DIRECTION('',(0.,1.));
#3021 = ( GEOMETRIC_REPRESENTATION_CONTEXT(2) 
PARAMETRIC_REPRESENTATION_CONTEXT() REPRESENTATION_CONTEXT('2D SPACE',''
  ) );
#3022 = PCURVE('',#741,#3023);
#3023 = DEFINITIONAL_REPRESENTATION('',(#3024),#3028);
#3024 = LINE('',#3025,#3026);
#3025 = CARTESIAN_POINT('',(0.,-0.));
#3026 = VECTOR('',#3027,1.);
#3027 = DIRECTION('',(0.,1.));
#3028 = ( GEOMETRIC_REPRESENTATION_CONTEXT(2) 
PARAMETRIC_REPRESENTATION_CONTEXT() REPRESENTATION_CONTEXT('2D SPACE',''
  ) );
#3029 = ORIENTED_EDGE('',*,*,#724,.T.);
#3030 = ORIENTED_EDGE('',*,*,#3009,.T.);
#3031 = ADVANCED_FACE('',(#3032,#3279),#774,.F.);
#3032 = FACE_BOUND('',#3033,.F.);
#3033 = EDGE_LOOP('',(#3034,#3055,#3084,#3107,#3136,#3162,#3186,#3212,
    #3234,#3235,#3259,#3278));
#3034 = ORIENTED_EDGE('',*,*,#3035,.T.);
#3035 = EDGE_CURVE('',#758,#3036,#3038,.T.);
#3036 = VERTEX_POINT('',#3037);
#3037 = CARTESIAN_POINT('',(-2.700896879022,-3.,3.));
#3038 = SURFACE_CURVE('',#3039,(#3043,#3049),.PCURVE_S1.);
#3039 = LINE('',#3040,#3041);
#3040 = CARTESIAN_POINT('',(-2.700896879022,-3.,-1.));
#3041 = VECTOR('',#3042,1.);
#3042 = DIRECTION('',(0.,0.,1.));
#3043 = PCURVE('',#774,#3044);
#3044 = DEFINITIONAL_REPRESENTATION('',(#3045),#3048);
#3045 = B_SPLINE_CURVE_WITH_KNOTS('',1,(#3046,#3047),.UNSPECIFIED.,.F.,
  .F.,(2,2),(0.9999994,4.4),.PIECEWISE_BEZIER_KNOTS.);
#3046 = CARTESIAN_POINT('',(6.14945371777,0.9999994));
#3047 = CARTESIAN_POINT('',(6.14945371777,4.4));
#3048 = ( GEOMETRIC_REPRESENTATION_CONTEXT(2) 
PARAMETRIC_REPRESENTATION_CONTEXT() REPRESENTATION_CONTEXT('2D SPACE',''
  ) );
#3049 = PCURVE('',#878,#3050);
#3050 = DEFINITIONAL_REPRESENTATION('',(#3051),#3054);
#3051 = B_SPLINE_CURVE_WITH_KNOTS('',1,(#3052,#3053),.UNSPECIFIED.,.F.,
  .F.,(2,2),(0.9999994,4.4),.PIECEWISE_BEZIER_KNOTS.);
#3052 = CARTESIAN_POINT('',(0.9999994,2.299103120978));
#3053 = CARTESIAN_POINT('',(4.4,2.299103120978));
#3054 = ( GEOMETRIC_REPRESENTATION_CONTEXT(2) 
PARAMETRIC_REPRESENTATION_CONTEXT() REPRESENTATION_CONTEXT('2D SPACE',''
  ) );
#3055 = ORIENTED_EDGE('',*,*,#3056,.T.);
#3056 = EDGE_CURVE('',#3036,#3057,#3059,.T.);
#3057 = VERTEX_POINT('',#3058);
#3058 = CARTESIAN_POINT('',(-2.5,-5.510910596163E-15,3.));
#3059 = SURFACE_CURVE('',#3060,(#3065,#3072),.PCURVE_S1.);
#3060 = CIRCLE('',#3061,22.5);
#3061 = AXIS2_PLACEMENT_3D('',#3062,#3063,#3064);
#3062 = CARTESIAN_POINT('',(-25.,0.,3.));
#3063 = DIRECTION('',(0.,0.,1.));
#3064 = DIRECTION('',(1.,0.,-0.));
#3065 = PCURVE('',#774,#3066);
#3066 = DEFINITIONAL_REPRESENTATION('',(#3067),#3071);
#3067 = LINE('',#3068,#3069);
#3068 = CARTESIAN_POINT('',(0.,4.));
#3069 = VECTOR('',#3070,1.);
#3070 = DIRECTION('',(1.,0.));
#3071 = ( GEOMETRIC_REPRESENTATION_CONTEXT(2) 
PARAMETRIC_REPRESENTATION_CONTEXT() REPRESENTATION_CONTEXT('2D SPACE',''
  ) );
#3072 = PCURVE('',#3073,#3078);
#3073 = PLANE('',#3074);
#3074 = AXIS2_PLACEMENT_3D('',#3075,#3076,#3077);
#3075 = CARTESIAN_POINT('',(-5.,-3.,3.));
#3076 = DIRECTION('',(0.,0.,1.));
#3077 = DIRECTION('',(1.,0.,0.));
#3078 = DEFINITIONAL_REPRESENTATION('',(#3079),#3083);
#3079 = CIRCLE('',#3080,22.5);
#3080 = AXIS2_PLACEMENT_2D('',#3081,#3082);
#3081 = CARTESIAN_POINT('',(-20.,3.));
#3082 = DIRECTION('',(1.,0.));
#3083 = ( GEOMETRIC_REPRESENTATION_CONTEXT(2) 
PARAMETRIC_REPRESENTATION_CONTEXT() REPRESENTATION_CONTEXT('2D SPACE',''
  ) );
#3084 = ORIENTED_EDGE('',*,*,#3085,.T.);
#3085 = EDGE_CURVE('',#3057,#3086,#3088,.T.);
#3086 = VERTEX_POINT('',#3087);
#3087 = CARTESIAN_POINT('',(-2.5,-5.510910596163E-15,77.));
#3088 = SEAM_CURVE('',#3089,(#3093,#3100),.PCURVE_S1.);
#3089 = LINE('',#3090,#3091);
#3090 = CARTESIAN_POINT('',(-2.5,-5.510910596163E-15,-1.));
#3091 = VECTOR('',#3092,1.);
#3092 = DIRECTION('',(0.,0.,1.));
#3093 = PCURVE('',#774,#3094);
#3094 = DEFINITIONAL_REPRESENTATION('',(#3095),#3099);
#3095 = LINE('',#3096,#3097);
#3096 = CARTESIAN_POINT('',(0.,-0.));
#3097 = VECTOR('',#3098,1.);
#3098 = DIRECTION('',(0.,1.));
#3099 = ( GEOMETRIC_REPRESENTATION_CONTEXT(2) 
PARAMETRIC_REPRESENTATION_CONTEXT() REPRESENTATION_CONTEXT('2D SPACE',''
  ) );
#3100 = PCURVE('',#774,#3101);
#3101 = DEFINITIONAL_REPRESENTATION('',(#3102),#3106);
#3102 = LINE('',#3103,#3104);
#3103 = CARTESIAN_POINT('',(6.28318530718,-0.));
#3104 = VECTOR('',#3105,1.);
#3105 = DIRECTION('',(0.,1.));
#3106 = ( GEOMETRIC_REPRESENTATION_CONTEXT(2) 
PARAMETRIC_REPRESENTATION_CONTEXT() REPRESENTATION_CONTEXT('2D SPACE',''
  ) );
#3107 = ORIENTED_EDGE('',*,*,#3108,.F.);
#3108 = EDGE_CURVE('',#3109,#3086,#3111,.T.);
#3109 = VERTEX_POINT('',#3110);
#3110 = CARTESIAN_POINT('',(-2.700896879022,-3.,77.));
#3111 = SURFACE_CURVE('',#3112,(#3117,#3124),.PCURVE_S1.);
#3112 = CIRCLE('',#3113,22.5);
#3113 = AXIS2_PLACEMENT_3D('',#3114,#3115,#3116);
#3114 = CARTESIAN_POINT('',(-25.,0.,77.));
#3115 = DIRECTION('',(0.,0.,1.));
#3116 = DIRECTION('',(1.,0.,-0.));
#3117 = PCURVE('',#774,#3118);
#3118 = DEFINITIONAL_REPRESENTATION('',(#3119),#3123);
#3119 = LINE('',#3120,#3121);
#3120 = CARTESIAN_POINT('',(0.,78.));
#3121 = VECTOR('',#3122,1.);
#3122 = DIRECTION('',(1.,0.));
#3123 = ( GEOMETRIC_REPRESENTATION_CONTEXT(2) 
PARAMETRIC_REPRESENTATION_CONTEXT() REPRESENTATION_CONTEXT('2D SPACE',''
  ) );
#3124 = PCURVE('',#3125,#3130);
#3125 = PLANE('',#3126);
#3126 = AXIS2_PLACEMENT_3D('',#3127,#3128,#3129);
#3127 = CARTESIAN_POINT('',(-5.,-3.,77.));
#3128 = DIRECTION('',(0.,0.,1.));
#3129 = DIRECTION('',(1.,0.,0.));
#3130 = DEFINITIONAL_REPRESENTATION('',(#3131),#3135);
#3131 = CIRCLE('',#3132,22.5);
#3132 = AXIS2_PLACEMENT_2D('',#3133,#3134);
#3133 = CARTESIAN_POINT('',(-20.,3.));
#3134 = DIRECTION('',(1.,0.));
#3135 = ( GEOMETRIC_REPRESENTATION_CONTEXT(2) 
PARAMETRIC_REPRESENTATION_CONTEXT() REPRESENTATION_CONTEXT('2D SPACE',''
  ) );
#3136 = ORIENTED_EDGE('',*,*,#3137,.T.);
#3137 = EDGE_CURVE('',#3109,#3138,#3140,.T.);
#3138 = VERTEX_POINT('',#3139);
#3139 = CARTESIAN_POINT('',(-2.700896879022,-3.,80.));
#3140 = SURFACE_CURVE('',#3141,(#3145,#3151),.PCURVE_S1.);
#3141 = LINE('',#3142,#3143);
#3142 = CARTESIAN_POINT('',(-2.700896879022,-3.,-1.));
#3143 = VECTOR('',#3144,1.);
#3144 = DIRECTION('',(0.,0.,1.));
#3145 = PCURVE('',#774,#3146);
#3146 = DEFINITIONAL_REPRESENTATION('',(#3147),#3150);
#3147 = B_SPLINE_CURVE_WITH_KNOTS('',1,(#3148,#3149),.UNSPECIFIED.,.F.,
  .F.,(2,2),(77.6,81.0000006),.PIECEWISE_BEZIER_KNOTS.);
#3148 = CARTESIAN_POINT('',(6.14945371777,77.6));
#3149 = CARTESIAN_POINT('',(6.14945371777,81.0000006));
#3150 = ( GEOMETRIC_REPRESENTATION_CONTEXT(2) 
PARAMETRIC_REPRESENTATION_CONTEXT() REPRESENTATION_CONTEXT('2D SPACE',''
  ) );
#3151 = PCURVE('',#3152,#3157);
#3152 = PLANE('',#3153);
#3153 = AXIS2_PLACEMENT_3D('',#3154,#3155,#3156);
#3154 = CARTESIAN_POINT('',(-5.,-3.,77.));
#3155 = DIRECTION('',(0.,1.,0.));
#3156 = DIRECTION('',(0.,0.,1.));
#3157 = DEFINITIONAL_REPRESENTATION('',(#3158),#3161);
#3158 = B_SPLINE_CURVE_WITH_KNOTS('',1,(#3159,#3160),.UNSPECIFIED.,.F.,
  .F.,(2,2),(77.6,81.0000006),.PIECEWISE_BEZIER_KNOTS.);
#3159 = CARTESIAN_POINT('',(-0.4,2.299103120978));
#3160 = CARTESIAN_POINT('',(3.0000006,2.299103120978));
#3161 = ( GEOMETRIC_REPRESENTATION_CONTEXT(2) 
PARAMETRIC_REPRESENTATION_CONTEXT() REPRESENTATION_CONTEXT('2D SPACE',''
  ) );
#3162 = ORIENTED_EDGE('',*,*,#3163,.F.);
#3163 = EDGE_CURVE('',#3164,#3138,#3166,.T.);
#3164 = VERTEX_POINT('',#3165);
#3165 = CARTESIAN_POINT('',(-2.700896879022,3.,80.));
#3166 = SURFACE_CURVE('',#3167,(#3172,#3179),.PCURVE_S1.);
#3167 = CIRCLE('',#3168,22.5);
#3168 = AXIS2_PLACEMENT_3D('',#3169,#3170,#3171);
#3169 = CARTESIAN_POINT('',(-25.,0.,80.));
#3170 = DIRECTION('',(0.,0.,1.));
#3171 = DIRECTION('',(1.,0.,-0.));
#3172 = PCURVE('',#774,#3173);
#3173 = DEFINITIONAL_REPRESENTATION('',(#3174),#3178);
#3174 = LINE('',#3175,#3176);
#3175 = CARTESIAN_POINT('',(0.,81.));
#3176 = VECTOR('',#3177,1.);
#3177 = DIRECTION('',(1.,0.));
#3178 = ( GEOMETRIC_REPRESENTATION_CONTEXT(2) 
PARAMETRIC_REPRESENTATION_CONTEXT() REPRESENTATION_CONTEXT('2D SPACE',''
  ) );
#3179 = PCURVE('',#942,#3180);
#3180 = DEFINITIONAL_REPRESENTATION('',(#3181),#3185);
#3181 = CIRCLE('',#3182,22.5);
#3182 = AXIS2_PLACEMENT_2D('',#3183,#3184);
#3183 = CARTESIAN_POINT('',(-50.,-2.339560088947E-16));
#3184 = DIRECTION('',(1.,0.));
#3185 = ( GEOMETRIC_REPRESENTATION_CONTEXT(2) 
PARAMETRIC_REPRESENTATION_CONTEXT() REPRESENTATION_CONTEXT('2D SPACE',''
  ) );
#3186 = ORIENTED_EDGE('',*,*,#3187,.F.);
#3187 = EDGE_CURVE('',#3188,#3164,#3190,.T.);
#3188 = VERTEX_POINT('',#3189);
#3189 = CARTESIAN_POINT('',(-2.700896879022,3.,77.));
#3190 = SURFACE_CURVE('',#3191,(#3195,#3201),.PCURVE_S1.);
#3191 = LINE('',#3192,#3193);
#3192 = CARTESIAN_POINT('',(-2.700896879022,3.,-1.));
#3193 = VECTOR('',#3194,1.);
#3194 = DIRECTION('',(0.,0.,1.));
#3195 = PCURVE('',#774,#3196);
#3196 = DEFINITIONAL_REPRESENTATION('',(#3197),#3200);
#3197 = B_SPLINE_CURVE_WITH_KNOTS('',1,(#3198,#3199),.UNSPECIFIED.,.F.,
  .F.,(2,2),(77.6,81.0000006),.PIECEWISE_BEZIER_KNOTS.);
#3198 = CARTESIAN_POINT('',(0.13373158941,77.6));
#3199 = CARTESIAN_POINT('',(0.13373158941,81.0000006));
#3200 = ( GEOMETRIC_REPRESENTATION_CONTEXT(2) 
PARAMETRIC_REPRESENTATION_CONTEXT() REPRESENTATION_CONTEXT('2D SPACE',''
  ) );
#3201 = PCURVE('',#3202,#3207);
#3202 = PLANE('',#3203);
#3203 = AXIS2_PLACEMENT_3D('',#3204,#3205,#3206);
#3204 = CARTESIAN_POINT('',(-5.,3.,77.));
#3205 = DIRECTION('',(0.,1.,0.));
#3206 = DIRECTION('',(0.,0.,1.));
#3207 = DEFINITIONAL_REPRESENTATION('',(#3208),#3211);
#3208 = B_SPLINE_CURVE_WITH_KNOTS('',1,(#3209,#3210),.UNSPECIFIED.,.F.,
  .F.,(2,2),(77.6,81.0000006),.PIECEWISE_BEZIER_KNOTS.);
#3209 = CARTESIAN_POINT('',(-0.4,2.299103120978));
#3210 = CARTESIAN_POINT('',(3.0000006,2.299103120978));
#3211 = ( GEOMETRIC_REPRESENTATION_CONTEXT(2) 
PARAMETRIC_REPRESENTATION_CONTEXT() REPRESENTATION_CONTEXT('2D SPACE',''
  ) );
#3212 = ORIENTED_EDGE('',*,*,#3213,.F.);
#3213 = EDGE_CURVE('',#3086,#3188,#3214,.T.);
#3214 = SURFACE_CURVE('',#3215,(#3220,#3227),.PCURVE_S1.);
#3215 = CIRCLE('',#3216,22.5);
#3216 = AXIS2_PLACEMENT_3D('',#3217,#3218,#3219);
#3217 = CARTESIAN_POINT('',(-25.,0.,77.));
#3218 = DIRECTION('',(0.,0.,1.));
#3219 = DIRECTION('',(1.,0.,-0.));
#3220 = PCURVE('',#774,#3221);
#3221 = DEFINITIONAL_REPRESENTATION('',(#3222),#3226);
#3222 = LINE('',#3223,#3224);
#3223 = CARTESIAN_POINT('',(0.,78.));
#3224 = VECTOR('',#3225,1.);
#3225 = DIRECTION('',(1.,0.));
#3226 = ( GEOMETRIC_REPRESENTATION_CONTEXT(2) 
PARAMETRIC_REPRESENTATION_CONTEXT() REPRESENTATION_CONTEXT('2D SPACE',''
  ) );
#3227 = PCURVE('',#3125,#3228);
#3228 = DEFINITIONAL_REPRESENTATION('',(#3229),#3233);
#3229 = CIRCLE('',#3230,22.5);
#3230 = AXIS2_PLACEMENT_2D('',#3231,#3232);
#3231 = CARTESIAN_POINT('',(-20.,3.));
#3232 = DIRECTION('',(1.,0.));
#3233 = ( GEOMETRIC_REPRESENTATION_CONTEXT(2) 
PARAMETRIC_REPRESENTATION_CONTEXT() REPRESENTATION_CONTEXT('2D SPACE',''
  ) );
#3234 = ORIENTED_EDGE('',*,*,#3085,.F.);
#3235 = ORIENTED_EDGE('',*,*,#3236,.T.);
#3236 = EDGE_CURVE('',#3057,#3237,#3239,.T.);
#3237 = VERTEX_POINT('',#3238);
#3238 = CARTESIAN_POINT('',(-2.700896879022,3.,3.));
#3239 = SURFACE_CURVE('',#3240,(#3245,#3252),.PCURVE_S1.);
#3240 = CIRCLE('',#3241,22.5);
#3241 = AXIS2_PLACEMENT_3D('',#3242,#3243,#3244);
#3242 = CARTESIAN_POINT('',(-25.,0.,3.));
#3243 = DIRECTION('',(0.,0.,1.));
#3244 = DIRECTION('',(1.,0.,-0.));
#3245 = PCURVE('',#774,#3246);
#3246 = DEFINITIONAL_REPRESENTATION('',(#3247),#3251);
#3247 = LINE('',#3248,#3249);
#3248 = CARTESIAN_POINT('',(0.,4.));
#3249 = VECTOR('',#3250,1.);
#3250 = DIRECTION('',(1.,0.));
#3251 = ( GEOMETRIC_REPRESENTATION_CONTEXT(2) 
PARAMETRIC_REPRESENTATION_CONTEXT() REPRESENTATION_CONTEXT('2D SPACE',''
  ) );
#3252 = PCURVE('',#3073,#3253);
#3253 = DEFINITIONAL_REPRESENTATION('',(#3254),#3258);
#3254 = CIRCLE('',#3255,22.5);
#3255 = AXIS2_PLACEMENT_2D('',#3256,#3257);
#3256 = CARTESIAN_POINT('',(-20.,3.));
#3257 = DIRECTION('',(1.,0.));
#3258 = ( GEOMETRIC_REPRESENTATION_CONTEXT(2) 
PARAMETRIC_REPRESENTATION_CONTEXT() REPRESENTATION_CONTEXT('2D SPACE',''
  ) );
#3259 = ORIENTED_EDGE('',*,*,#3260,.F.);
#3260 = EDGE_CURVE('',#756,#3237,#3261,.T.);
#3261 = SURFACE_CURVE('',#3262,(#3266,#3272),.PCURVE_S1.);
#3262 = LINE('',#3263,#3264);
#3263 = CARTESIAN_POINT('',(-2.700896879022,3.,-1.));
#3264 = VECTOR('',#3265,1.);
#3265 = DIRECTION('',(0.,0.,1.));
#3266 = PCURVE('',#774,#3267);
#3267 = DEFINITIONAL_REPRESENTATION('',(#3268),#3271);
#3268 = B_SPLINE_CURVE_WITH_KNOTS('',1,(#3269,#3270),.UNSPECIFIED.,.F.,
  .F.,(2,2),(0.9999994,4.4),.PIECEWISE_BEZIER_KNOTS.);
#3269 = CARTESIAN_POINT('',(0.13373158941,0.9999994));
#3270 = CARTESIAN_POINT('',(0.13373158941,4.4));
#3271 = ( GEOMETRIC_REPRESENTATION_CONTEXT(2) 
PARAMETRIC_REPRESENTATION_CONTEXT() REPRESENTATION_CONTEXT('2D SPACE',''
  ) );
#3272 = PCURVE('',#801,#3273);
#3273 = DEFINITIONAL_REPRESENTATION('',(#3274),#3277);
#3274 = B_SPLINE_CURVE_WITH_KNOTS('',1,(#3275,#3276),.UNSPECIFIED.,.F.,
  .F.,(2,2),(0.9999994,4.4),.PIECEWISE_BEZIER_KNOTS.);
#3275 = CARTESIAN_POINT('',(0.9999994,2.299103120978));
#3276 = CARTESIAN_POINT('',(4.4,2.299103120978));
#3277 = ( GEOMETRIC_REPRESENTATION_CONTEXT(2) 
PARAMETRIC_REPRESENTATION_CONTEXT() REPRESENTATION_CONTEXT('2D SPACE',''
  ) );
#3278 = ORIENTED_EDGE('',*,*,#755,.T.);
#3279 = FACE_BOUND('',#3280,.F.);
#3280 = EDGE_LOOP('',(#3281));
#3281 = ORIENTED_EDGE('',*,*,#3282,.F.);
#3282 = EDGE_CURVE('',#3283,#3283,#3285,.T.);
#3283 = VERTEX_POINT('',#3284);
#3284 = CARTESIAN_POINT('',(-25.,22.5,50.));
#3285 = SURFACE_CURVE('',#3286,(#3394,#3505),.PCURVE_S1.);
#3286 = B_SPLINE_CURVE_WITH_KNOTS('',6,(#3287,#3288,#3289,#3290,#3291,
    #3292,#3293,#3294,#3295,#3296,#3297,#3298,#3299,#3300,#3301,#3302,
    #3303,#3304,#3305,#3306,#3307,#3308,#3309,#3310,#3311,#3312,#3313,
    #3314,#3315,#3316,#3317,#3318,#3319,#3320,#3321,#3322,#3323,#3324,
    #3325,#3326,#3327,#3328,#3329,#3330,#3331,#3332,#3333,#3334,#3335,
    #3336,#3337,#3338,#3339,#3340,#3341,#3342,#3343,#3344,#3345,#3346,
    #3347,#3348,#3349,#3350,#3351,#3352,#3353,#3354,#3355,#3356,#3357,
    #3358,#3359,#3360,#3361,#3362,#3363,#3364,#3365,#3366,#3367,#3368,
    #3369,#3370,#3371,#3372,#3373,#3374,#3375,#3376,#3377,#3378,#3379,
    #3380,#3381,#3382,#3383,#3384,#3385,#3386,#3387,#3388,#3389,#3390,
    #3391,#3392,#3393),.UNSPECIFIED.,.T.,.F.,(7,5,5,5,5,5,5,5,5,5,5,5,5,
    5,5,5,5,5,5,5,5,7),(0.,6.039294003481E-02,8.917845169817E-02,
    0.112269108655,0.130193360694,0.188534394275,0.250009384209,
    0.310757931311,0.370744572193,0.410219750663,0.439617403084,
    0.500023680964,0.560418063977,0.611149620776,0.689533627251,
    0.750045571785,0.810782081049,0.869683925488,0.887373977803,
    0.910220999521,0.939610491072,1.),.UNSPECIFIED.);
#3287 = CARTESIAN_POINT('',(-25.,22.5,50.));
#3288 = CARTESIAN_POINT('',(-24.21205271089,22.5,50.));
#3289 = CARTESIAN_POINT('',(-23.43167625769,22.466887778279,
    49.925496719085));
#3290 = CARTESIAN_POINT('',(-22.6720136103,22.40185394509,49.77917402366
    ));
#3291 = CARTESIAN_POINT('',(-21.94574797745,22.309397710555,
    49.567799201216));
#3292 = CARTESIAN_POINT('',(-21.26410777043,22.196908005693,
    49.302152472758));
#3293 = CARTESIAN_POINT('',(-20.33698632906,22.01361763058,
    48.852509585846));
#3294 = CARTESIAN_POINT('',(-20.04831979959,21.951489594046,
    48.697756496949));
#3295 = CARTESIAN_POINT('',(-19.77023310766,21.8870046901,
    48.534267760861));
#3296 = CARTESIAN_POINT('',(-19.50267364996,21.820733422743,
    48.362847149141));
#3297 = CARTESIAN_POINT('',(-19.2455520995,21.753204577044,
    48.184224510664));
#3298 = CARTESIAN_POINT('',(-18.80076252493,21.6301098736,47.8505231362)
  );
#3299 = CARTESIAN_POINT('',(-18.60938304696,21.574810899838,
    47.697751592591));
#3300 = CARTESIAN_POINT('',(-18.42450510294,21.51924121146,
    47.541049009979));
#3301 = CARTESIAN_POINT('',(-18.24602656275,21.463620620219,
    47.380688485695));
#3302 = CARTESIAN_POINT('',(-18.07384291804,21.408151305727,
    47.21690988587));
#3303 = CARTESIAN_POINT('',(-17.77899223831,21.310220134235,
    46.92029288945));
#3304 = CARTESIAN_POINT('',(-17.65386784989,21.267625604503,
    46.788732790893));
#3305 = CARTESIAN_POINT('',(-17.53242597108,21.225321111932,
    46.655337447804));
#3306 = CARTESIAN_POINT('',(-17.41462134065,21.183389120743,
    46.520197269531));
#3307 = CARTESIAN_POINT('',(-17.30041158196,21.141907673702,
    46.383395176725));
#3308 = CARTESIAN_POINT('',(-16.82959205745,20.967639940178,
    45.794570370798));
#3309 = CARTESIAN_POINT('',(-16.50688927368,20.83980854874,
    45.32707412723));
#3310 = CARTESIAN_POINT('',(-16.22061137414,20.72010272928,
    44.845401799164));
#3311 = CARTESIAN_POINT('',(-15.96986588995,20.610713155914,
    44.351784084857));
#3312 = CARTESIAN_POINT('',(-15.75399378706,20.513440807772,
    43.847978447971));
#3313 = CARTESIAN_POINT('',(-15.38158101888,20.341590426947,
    42.795387791765));
#3314 = CARTESIAN_POINT('',(-15.22887814063,20.268524293743,
    42.245718283073));
#3315 = CARTESIAN_POINT('',(-15.11444455887,20.212424787324,
    41.689037375961));
#3316 = CARTESIAN_POINT('',(-15.03816578622,20.17457989784,
    41.127706663816));
#3317 = CARTESIAN_POINT('',(-15.,20.155644370746,40.563957977861));
#3318 = CARTESIAN_POINT('',(-15.,20.155644370746,39.442706248196));
#3319 = CARTESIAN_POINT('',(-15.0372691167,20.174135025693,
    38.88561025591));
#3320 = CARTESIAN_POINT('',(-15.11175804597,20.211091902286,
    38.330847690256));
#3321 = CARTESIAN_POINT('',(-15.22350580907,20.265890235459,
    37.78057602335));
#3322 = CARTESIAN_POINT('',(-15.37261940943,20.337300515404,
    37.237074872295));
#3323 = CARTESIAN_POINT('',(-15.74343356118,20.508709708821,
    36.175315928512));
#3324 = CARTESIAN_POINT('',(-15.96416440117,20.608322262714,
    35.656930192055));
#3325 = CARTESIAN_POINT('',(-16.22174226377,20.720794183062,
    35.149265903679));
#3326 = CARTESIAN_POINT('',(-16.51688711853,20.844168256481,
    34.654224970405));
#3327 = CARTESIAN_POINT('',(-16.85057447324,20.976061986482,
    34.174239051925));
#3328 = CARTESIAN_POINT('',(-17.46964364371,21.204063070752,
    33.408608745856));
#3329 = CARTESIAN_POINT('',(-17.73260216966,21.297013106766,
    33.11254083394));
#3330 = CARTESIAN_POINT('',(-18.01327679754,21.391641,32.825044836037));
#3331 = CARTESIAN_POINT('',(-18.3121822211,21.487059602695,
    32.547096853603));
#3332 = CARTESIAN_POINT('',(-18.62984497855,21.582248030429,
    32.279922172775));
#3333 = CARTESIAN_POINT('',(-19.21766329741,21.745859656568,
    31.835224143904));
#3334 = CARTESIAN_POINT('',(-19.47930643247,21.814929519924,
    31.652178803695));
#3335 = CARTESIAN_POINT('',(-19.751825533,21.882723209844,31.47659601434
    ));
#3336 = CARTESIAN_POINT('',(-20.03531904022,21.948680131069,
    31.309248059475));
#3337 = CARTESIAN_POINT('',(-20.32984588169,22.012194117904,
    31.150988028811));
#3338 = CARTESIAN_POINT('',(-21.26332722344,22.196778010022,
    30.698155165266));
#3339 = CARTESIAN_POINT('',(-21.94508372951,22.309313598445,
    30.432392453383));
#3340 = CARTESIAN_POINT('',(-22.67150969547,22.401812464036,
    30.220919412443));
#3341 = CARTESIAN_POINT('',(-23.43134934821,22.466874725945,
    30.074532619457));
#3342 = CARTESIAN_POINT('',(-24.21189752513,22.5,30.));
#3343 = CARTESIAN_POINT('',(-25.78794728612,22.5,30.));
#3344 = CARTESIAN_POINT('',(-26.56832375155,22.466887777833,
    30.074503281989));
#3345 = CARTESIAN_POINT('',(-27.32798637719,22.40185394623,
    30.220825973584));
#3346 = CARTESIAN_POINT('',(-28.05425203098,22.309397709396,
    30.432200801607));
#3347 = CARTESIAN_POINT('',(-28.7358922271,22.19690800618,
    30.697847526047));
#3348 = CARTESIAN_POINT('',(-29.89115763423,21.96851394648,
    31.258137526509));
#3349 = CARTESIAN_POINT('',(-30.38535373948,21.855098939745,
    31.543639485425));
#3350 = CARTESIAN_POINT('',(-30.84668266501,21.735845251045,
    31.854067733384));
#3351 = CARTESIAN_POINT('',(-31.27590376929,21.6136338033,
    32.185551553099));
#3352 = CARTESIAN_POINT('',(-31.67398429663,21.490881991313,
    32.53498333396));
#3353 = CARTESIAN_POINT('',(-32.6104016193,21.182305224716,
    33.463727303727));
#3354 = CARTESIAN_POINT('',(-33.10807965503,20.998186914177,
    34.065676091915));
#3355 = CARTESIAN_POINT('',(-33.53798987709,20.824888307466,
    34.696874190338));
#3356 = CARTESIAN_POINT('',(-33.90297963409,20.668183648441,
    35.351386860229));
#3357 = CARTESIAN_POINT('',(-34.20503846709,20.532586930693,
    36.02502023699));
#3358 = CARTESIAN_POINT('',(-34.63012965802,20.33598379876,
    37.247115242669));
#3359 = CARTESIAN_POINT('',(-34.77814226928,20.265082032373,
    37.788707081726));
#3360 = CARTESIAN_POINT('',(-34.88906612166,20.210683000171,
    38.336996128747));
#3361 = CARTESIAN_POINT('',(-34.96300596575,20.173998546739,
    38.889727640966));
#3362 = CARTESIAN_POINT('',(-35.,20.155644370746,39.444766748649));
#3363 = CARTESIAN_POINT('',(-35.,20.155644370746,40.557293766935));
#3364 = CARTESIAN_POINT('',(-34.96273088127,20.174135026696,
    41.114389781272));
#3365 = CARTESIAN_POINT('',(-34.8882419462,20.211091906165,
    41.669152365903));
#3366 = CARTESIAN_POINT('',(-34.77649417624,20.265890242673,
    42.219424038641));
#3367 = CARTESIAN_POINT('',(-34.62738057459,20.337300522786,
    42.762925173428));
#3368 = CARTESIAN_POINT('',(-34.2598623361,20.507186177171,
    43.815246868485));
#3369 = CARTESIAN_POINT('',(-34.04371693027,20.604764934269,
    44.3245325348));
#3370 = CARTESIAN_POINT('',(-33.79203226501,20.714776563528,
    44.823507662804));
#3371 = CARTESIAN_POINT('',(-33.50413615334,20.835371137863,
    45.310367576696));
#3372 = CARTESIAN_POINT('',(-33.1791194856,20.964303492249,
    45.782820768126));
#3373 = CARTESIAN_POINT('',(-32.70683939215,21.13925632277,
    46.374574887833));
#3374 = CARTESIAN_POINT('',(-32.5942960184,21.180177551131,
    46.509706076213));
#3375 = CARTESIAN_POINT('',(-32.4782515913,21.22154128119,
    46.643221479134));
#3376 = CARTESIAN_POINT('',(-32.35866546696,21.263272599929,
    46.775041591014));
#3377 = CARTESIAN_POINT('',(-32.23549423906,21.305292416321,
    46.905079846548));
#3378 = CARTESIAN_POINT('',(-31.94492402217,21.402051868755,
    47.19876715577));
#3379 = CARTESIAN_POINT('',(-31.77510211828,21.456927405787,
    47.36116038717));
#3380 = CARTESIAN_POINT('',(-31.59912299357,21.511965794862,
    47.520223011791));
#3381 = CARTESIAN_POINT('',(-31.41688554025,21.566971987402,
    47.675724187058));
#3382 = CARTESIAN_POINT('',(-31.22829057637,21.621734163824,
    47.827401530942));
#3383 = CARTESIAN_POINT('',(-30.78233670258,21.745859656568,
    48.164775856097));
#3384 = CARTESIAN_POINT('',(-30.52069356752,21.814929519924,
    48.347821196304));
#3385 = CARTESIAN_POINT('',(-30.248174467,21.882723209843,
    48.523403985659));
#3386 = CARTESIAN_POINT('',(-29.96468095977,21.948680131069,
    48.690751940524));
#3387 = CARTESIAN_POINT('',(-29.6701541183,22.012194117904,
    48.84901197119));
#3388 = CARTESIAN_POINT('',(-28.73667277655,22.196778010023,
    49.301844834734));
#3389 = CARTESIAN_POINT('',(-28.05491627048,22.309313598445,
    49.567607546617));
#3390 = CARTESIAN_POINT('',(-27.32849030452,22.401812464036,
    49.779080587557));
#3391 = CARTESIAN_POINT('',(-26.56865065178,22.466874725945,
    49.925467380543));
#3392 = CARTESIAN_POINT('',(-25.78810247486,22.5,50.));
#3393 = CARTESIAN_POINT('',(-25.,22.5,50.));
#3394 = PCURVE('',#774,#3395);
#3395 = DEFINITIONAL_REPRESENTATION('',(#3396),#3504);
#3396 = B_SPLINE_CURVE_WITH_KNOTS('',6,(#3397,#3398,#3399,#3400,#3401,
    #3402,#3403,#3404,#3405,#3406,#3407,#3408,#3409,#3410,#3411,#3412,
    #3413,#3414,#3415,#3416,#3417,#3418,#3419,#3420,#3421,#3422,#3423,
    #3424,#3425,#3426,#3427,#3428,#3429,#3430,#3431,#3432,#3433,#3434,
    #3435,#3436,#3437,#3438,#3439,#3440,#3441,#3442,#3443,#3444,#3445,
    #3446,#3447,#3448,#3449,#3450,#3451,#3452,#3453,#3454,#3455,#3456,
    #3457,#3458,#3459,#3460,#3461,#3462,#3463,#3464,#3465,#3466,#3467,
    #3468,#3469,#3470,#3471,#3472,#3473,#3474,#3475,#3476,#3477,#3478,
    #3479,#3480,#3481,#3482,#3483,#3484,#3485,#3486,#3487,#3488,#3489,
    #3490,#3491,#3492,#3493,#3494,#3495,#3496,#3497,#3498,#3499,#3500,
    #3501,#3502,#3503),.UNSPECIFIED.,.T.,.F.,(7,5,5,5,5,5,5,5,5,5,5,5,5,
    5,5,5,5,5,5,5,5,7),(0.,6.039294003481E-02,8.917845169817E-02,
    0.112269108655,0.130193360694,0.188534394275,0.250009384209,
    0.310757931311,0.370744572193,0.410219750663,0.439617403084,
    0.500023680964,0.560418063977,0.611149620776,0.689533627251,
    0.750045571785,0.810782081049,0.869683925488,0.887373977803,
    0.910220999521,0.939610491072,1.),.UNSPECIFIED.);
#3397 = CARTESIAN_POINT('',(1.570796326795,51.));
#3398 = CARTESIAN_POINT('',(1.535776447279,51.));
#3399 = CARTESIAN_POINT('',(1.501092996736,50.925496719085));
#3400 = CARTESIAN_POINT('',(1.467253172592,50.77917402366));
#3401 = CARTESIAN_POINT('',(1.434749438623,50.567799201216));
#3402 = CARTESIAN_POINT('',(1.404059864402,50.302152472758));
#3403 = CARTESIAN_POINT('',(1.36205693614,49.852509585846));
#3404 = CARTESIAN_POINT('',(1.348935386344,49.697756496949));
#3405 = CARTESIAN_POINT('',(1.336250322507,49.534267760861));
#3406 = CARTESIAN_POINT('',(1.324001324982,49.362847149141));
#3407 = CARTESIAN_POINT('',(1.312187175607,49.184224510664));
#3408 = CARTESIAN_POINT('',(1.29167568787,48.8505231362));
#3409 = CARTESIAN_POINT('',(1.282822518786,48.697751592591));
#3410 = CARTESIAN_POINT('',(1.274243293551,48.541049009979));
#3411 = CARTESIAN_POINT('',(1.265935253358,48.380688485695));
#3412 = CARTESIAN_POINT('',(1.257895657934,48.21690988587));
#3413 = CARTESIAN_POINT('',(1.244087273458,47.92029288945));
#3414 = CARTESIAN_POINT('',(1.238212958386,47.788732790893));
#3415 = CARTESIAN_POINT('',(1.232497642025,47.655337447804));
#3416 = CARTESIAN_POINT('',(1.226940272363,47.520197269531));
#3417 = CARTESIAN_POINT('',(1.221539943673,47.383395176725));
#3418 = CARTESIAN_POINT('',(1.199227227147,46.794570370798));
#3419 = CARTESIAN_POINT('',(1.183804508457,46.32707412723));
#3420 = CARTESIAN_POINT('',(1.170016583734,45.845401799164));
#3421 = CARTESIAN_POINT('',(1.157859311338,45.351784084857));
#3422 = CARTESIAN_POINT('',(1.147336418278,44.847978447971));
#3423 = CARTESIAN_POINT('',(1.129107486002,43.795387791765));
#3424 = CARTESIAN_POINT('',(1.121584518606,43.245718283073));
#3425 = CARTESIAN_POINT('',(1.115920380532,42.689037375961));
#3426 = CARTESIAN_POINT('',(1.112135886927,42.127706663816));
#3427 = CARTESIAN_POINT('',(1.110242335114,41.563957977861));
#3428 = CARTESIAN_POINT('',(1.110242335114,40.442706248196));
#3429 = CARTESIAN_POINT('',(1.112091399782,39.88561025591));
#3430 = CARTESIAN_POINT('',(1.115787091727,39.330847690256));
#3431 = CARTESIAN_POINT('',(1.121318596738,38.78057602335));
#3432 = CARTESIAN_POINT('',(1.128665951088,38.237074872295));
#3433 = CARTESIAN_POINT('',(1.146822159248,37.175315928512));
#3434 = CARTESIAN_POINT('',(1.157584686988,36.656930192055));
#3435 = CARTESIAN_POINT('',(1.170074848674,36.149265903679));
#3436 = CARTESIAN_POINT('',(1.184289093182,35.654224970405));
#3437 = CARTESIAN_POINT('',(1.200231702719,35.174239051925));
#3438 = CARTESIAN_POINT('',(1.229552613632,34.408608745856));
#3439 = CARTESIAN_POINT('',(1.241947230182,34.11254083394));
#3440 = CARTESIAN_POINT('',(1.255109350109,33.825044836037));
#3441 = CARTESIAN_POINT('',(1.269051421854,33.547096853603));
#3442 = CARTESIAN_POINT('',(1.283787154417,33.279922172775));
#3443 = CARTESIAN_POINT('',(1.31090551921,32.835224143904));
#3444 = CARTESIAN_POINT('',(1.322931391388,32.652178803695));
#3445 = CARTESIAN_POINT('',(1.335410521865,32.47659601434));
#3446 = CARTESIAN_POINT('',(1.348344320484,32.309248059475));
#3447 = CARTESIAN_POINT('',(1.361733338326,32.150988028811));
#3448 = CARTESIAN_POINT('',(1.404024711608,31.698155165266));
#3449 = CARTESIAN_POINT('',(1.434719718021,31.432392453383));
#3450 = CARTESIAN_POINT('',(1.467230730331,31.220919412443));
#3451 = CARTESIAN_POINT('',(1.501078467821,31.074532619457));
#3452 = CARTESIAN_POINT('',(1.535769550134,31.));
#3453 = CARTESIAN_POINT('',(1.605816206178,31.));
#3454 = CARTESIAN_POINT('',(1.640499657266,31.074503281989));
#3455 = CARTESIAN_POINT('',(1.674339480438,31.220825973584));
#3456 = CARTESIAN_POINT('',(1.706843215346,31.432200801607));
#3457 = CARTESIAN_POINT('',(1.737532789077,31.697847526047));
#3458 = CARTESIAN_POINT('',(1.789871703758,32.258137526509));
#3459 = CARTESIAN_POINT('',(1.812396536259,32.543639485425));
#3460 = CARTESIAN_POINT('',(1.833563236337,32.854067733384));
#3461 = CARTESIAN_POINT('',(1.853390512006,33.185551553099));
#3462 = CARTESIAN_POINT('',(1.871901610304,33.53498333396));
#3463 = CARTESIAN_POINT('',(1.915721601752,34.463727303727));
#3464 = CARTESIAN_POINT('',(1.939290495765,35.065676091915));
#3465 = CARTESIAN_POINT('',(1.959882098109,35.696874190338));
#3466 = CARTESIAN_POINT('',(1.977531882239,36.351386860229));
#3467 = CARTESIAN_POINT('',(1.992246436704,37.02502023699));
#3468 = CARTESIAN_POINT('',(2.013062162578,38.247115242669));
#3469 = CARTESIAN_POINT('',(2.020355637063,38.788707081726));
#3470 = CARTESIAN_POINT('',(2.02584645216,39.336996128747));
#3471 = CARTESIAN_POINT('',(2.029514901683,39.889727640966));
#3472 = CARTESIAN_POINT('',(2.031350318476,40.444766748649));
#3473 = CARTESIAN_POINT('',(2.031350318476,41.557293766935));
#3474 = CARTESIAN_POINT('',(2.029501253707,42.114389781272));
#3475 = CARTESIAN_POINT('',(2.025805561475,42.669152365903));
#3476 = CARTESIAN_POINT('',(2.020274056124,43.219424038641));
#3477 = CARTESIAN_POINT('',(2.01292670172,43.762925173428));
#3478 = CARTESIAN_POINT('',(1.994931871671,44.815246868485));
#3479 = CARTESIAN_POINT('',(1.984392260664,45.3245325348));
#3480 = CARTESIAN_POINT('',(1.972185796597,45.823507662804));
#3481 = CARTESIAN_POINT('',(1.958316208874,46.310367576696));
#3482 = CARTESIAN_POINT('',(1.942780005451,46.782820768126));
#3483 = CARTESIAN_POINT('',(1.920395840873,47.374574887833));
#3484 = CARTESIAN_POINT('',(1.915073620111,47.509706076213));
#3485 = CARTESIAN_POINT('',(1.909598412855,47.643221479134));
#3486 = CARTESIAN_POINT('',(1.903969353701,47.775041591014));
#3487 = CARTESIAN_POINT('',(1.898185437572,47.905079846548));
#3488 = CARTESIAN_POINT('',(1.884574008636,48.19876715577));
#3489 = CARTESIAN_POINT('',(1.876642399826,48.36116038717));
#3490 = CARTESIAN_POINT('',(1.868448083996,48.520223011791));
#3491 = CARTESIAN_POINT('',(1.859988420203,48.675724187058));
#3492 = CARTESIAN_POINT('',(1.851260735852,48.827401530942));
#3493 = CARTESIAN_POINT('',(1.83068713438,49.164775856097));
#3494 = CARTESIAN_POINT('',(1.818661262202,49.347821196304));
#3495 = CARTESIAN_POINT('',(1.806182131725,49.523403985659));
#3496 = CARTESIAN_POINT('',(1.793248333106,49.690751940524));
#3497 = CARTESIAN_POINT('',(1.779859315264,49.84901197119));
#3498 = CARTESIAN_POINT('',(1.737567941981,50.301844834734));
#3499 = CARTESIAN_POINT('',(1.706872935569,50.567607546617));
#3500 = CARTESIAN_POINT('',(1.674361923259,50.779080587557));
#3501 = CARTESIAN_POINT('',(1.640514185769,50.925467380543));
#3502 = CARTESIAN_POINT('',(1.605823103455,51.));
#3503 = CARTESIAN_POINT('',(1.570796326795,51.));
#3504 = ( GEOMETRIC_REPRESENTATION_CONTEXT(2) 
PARAMETRIC_REPRESENTATION_CONTEXT() REPRESENTATION_CONTEXT('2D SPACE',''
  ) );
#3505 = PCURVE('',#3506,#3511);
#3506 = CYLINDRICAL_SURFACE('',#3507,10.);
#3507 = AXIS2_PLACEMENT_3D('',#3508,#3509,#3510);
#3508 = CARTESIAN_POINT('',(-25.,-1.,40.));
#3509 = DIRECTION('',(0.,1.,0.));
#3510 = DIRECTION('',(0.,-0.,1.));
#3511 = DEFINITIONAL_REPRESENTATION('',(#3512),#3620);
#3512 = B_SPLINE_CURVE_WITH_KNOTS('',6,(#3513,#3514,#3515,#3516,#3517,
    #3518,#3519,#3520,#3521,#3522,#3523,#3524,#3525,#3526,#3527,#3528,
    #3529,#3530,#3531,#3532,#3533,#3534,#3535,#3536,#3537,#3538,#3539,
    #3540,#3541,#3542,#3543,#3544,#3545,#3546,#3547,#3548,#3549,#3550,
    #3551,#3552,#3553,#3554,#3555,#3556,#3557,#3558,#3559,#3560,#3561,
    #3562,#3563,#3564,#3565,#3566,#3567,#3568,#3569,#3570,#3571,#3572,
    #3573,#3574,#3575,#3576,#3577,#3578,#3579,#3580,#3581,#3582,#3583,
    #3584,#3585,#3586,#3587,#3588,#3589,#3590,#3591,#3592,#3593,#3594,
    #3595,#3596,#3597,#3598,#3599,#3600,#3601,#3602,#3603,#3604,#3605,
    #3606,#3607,#3608,#3609,#3610,#3611,#3612,#3613,#3614,#3615,#3616,
    #3617,#3618,#3619),.UNSPECIFIED.,.F.,.F.,(7,5,5,5,5,5,5,5,5,5,5,5,5,
    5,5,5,5,5,5,5,5,7),(0.,6.039294003481E-02,8.917845169817E-02,
    0.112269108655,0.130193360694,0.188534394275,0.250009384209,
    0.310757931311,0.370744572193,0.410219750663,0.439617403084,
    0.500023680964,0.560418063977,0.611149620776,0.689533627251,
    0.750045571785,0.810782081049,0.869683925488,0.887373977803,
    0.910220999521,0.939610491072,1.),.UNSPECIFIED.);
#3513 = CARTESIAN_POINT('',(0.,23.5));
#3514 = CARTESIAN_POINT('',(7.879472891084E-02,23.5));
#3515 = CARTESIAN_POINT('',(0.156832305062,23.466887778279));
#3516 = CARTESIAN_POINT('',(0.233679518961,23.40185394509));
#3517 = CARTESIAN_POINT('',(0.308861965137,23.309397710555));
#3518 = CARTESIAN_POINT('',(0.381785676473,23.196908005693));
#3519 = CARTESIAN_POINT('',(0.48482610023,23.01361763058));
#3520 = CARTESIAN_POINT('',(0.517552352184,22.951489594046));
#3521 = CARTESIAN_POINT('',(0.54977404571,22.8870046901));
#3522 = CARTESIAN_POINT('',(0.581516579989,22.820733422743));
#3523 = CARTESIAN_POINT('',(0.612803469813,22.753204577044));
#3524 = CARTESIAN_POINT('',(0.668408718933,22.6301098736));
#3525 = CARTESIAN_POINT('',(0.692885618895,22.574810899838));
#3526 = CARTESIAN_POINT('',(0.717105394882,22.51924121146));
#3527 = CARTESIAN_POINT('',(0.741084376497,22.463620620219));
#3528 = CARTESIAN_POINT('',(0.764838734915,22.408151305727));
#3529 = CARTESIAN_POINT('',(0.806662001872,22.310220134235));
#3530 = CARTESIAN_POINT('',(0.824813642035,22.267625604503));
#3531 = CARTESIAN_POINT('',(0.84284676027,22.225321111932));
#3532 = CARTESIAN_POINT('',(0.860768429792,22.183389120743));
#3533 = CARTESIAN_POINT('',(0.878585440135,22.141907673702));
#3534 = CARTESIAN_POINT('',(0.953976797514,21.967639940178));
#3535 = CARTESIAN_POINT('',(1.010642397898,21.83980854874));
#3536 = CARTESIAN_POINT('',(1.066484937179,21.72010272928));
#3537 = CARTESIAN_POINT('',(1.121673112121,21.610713155914));
#3538 = CARTESIAN_POINT('',(1.176368735812,21.513440807772));
#3539 = CARTESIAN_POINT('',(1.288021696338,21.341590426947));
#3540 = CARTESIAN_POINT('',(1.344934249681,21.268524293743));
#3541 = CARTESIAN_POINT('',(1.401569733348,21.212424787324));
#3542 = CARTESIAN_POINT('',(1.458025659851,21.17457989784));
#3543 = CARTESIAN_POINT('',(1.514400529009,21.155644370746));
#3544 = CARTESIAN_POINT('',(1.626525701975,21.155644370746));
#3545 = CARTESIAN_POINT('',(1.68223530161,21.174135025693));
#3546 = CARTESIAN_POINT('',(1.738023103459,21.211091902286));
#3547 = CARTESIAN_POINT('',(1.793983820538,21.265890235459));
#3548 = CARTESIAN_POINT('',(1.850211203598,21.337300515404));
#3549 = CARTESIAN_POINT('',(1.962676095446,21.508709708821));
#3550 = CARTESIAN_POINT('',(2.01889373735,21.608322262714));
#3551 = CARTESIAN_POINT('',(2.075627984703,21.720794183062));
#3552 = CARTESIAN_POINT('',(2.133056742593,21.844168256481));
#3553 = CARTESIAN_POINT('',(2.191361412533,21.976061986482));
#3554 = CARTESIAN_POINT('',(2.289821374112,22.204063070752));
#3555 = CARTESIAN_POINT('',(2.329377312121,22.297013106766));
#3556 = CARTESIAN_POINT('',(2.369488184306,22.391641));
#3557 = CARTESIAN_POINT('',(2.410230607001,22.487059602695));
#3558 = CARTESIAN_POINT('',(2.451683434868,22.582248030429));
#3559 = CARTESIAN_POINT('',(2.525391420383,22.745859656568));
#3560 = CARTESIAN_POINT('',(2.557300909061,22.814929519924));
#3561 = CARTESIAN_POINT('',(2.589683628944,22.882723209844));
#3562 = CARTESIAN_POINT('',(2.622564749274,22.948680131069));
#3563 = CARTESIAN_POINT('',(2.655971453672,23.012194117904));
#3564 = CARTESIAN_POINT('',(2.759723321979,23.196778010022));
#3565 = CARTESIAN_POINT('',(2.832662023364,23.309313598445));
#3566 = CARTESIAN_POINT('',(2.907862227323,23.401812464036));
#3567 = CARTESIAN_POINT('',(2.984727656018,23.466874725945));
#3568 = CARTESIAN_POINT('',(3.062782406104,23.5));
#3569 = CARTESIAN_POINT('',(3.220387382202,23.5));
#3570 = CARTESIAN_POINT('',(3.298424959598,23.466887777833));
#3571 = CARTESIAN_POINT('',(3.375272171244,23.40185394623));
#3572 = CARTESIAN_POINT('',(3.450454619632,23.309397709396));
#3573 = CARTESIAN_POINT('',(3.523378329789,23.19690800618));
#3574 = CARTESIAN_POINT('',(3.651774710016,22.96851394648));
#3575 = CARTESIAN_POINT('',(3.708699359769,22.855098939745));
#3576 = CARTESIAN_POINT('',(3.764116802984,22.735845251045));
#3577 = CARTESIAN_POINT('',(3.8181850947,22.6136338033));
#3578 = CARTESIAN_POINT('',(3.87105593159,22.490881991313));
#3579 = CARTESIAN_POINT('',(4.00294386749,22.182305224716));
#3580 = CARTESIAN_POINT('',(4.080668443179,21.998186914177));
#3581 = CARTESIAN_POINT('',(4.156563822251,21.824888307466));
#3582 = CARTESIAN_POINT('',(4.2310731238,21.668183648441));
#3583 = CARTESIAN_POINT('',(4.304621076732,21.532586930693));
#3584 = CARTESIAN_POINT('',(4.434012680923,21.33598379876));
#3585 = CARTESIAN_POINT('',(4.490028336555,21.265082032373));
#3586 = CARTESIAN_POINT('',(4.545780490299,21.210683000171));
#3587 = CARTESIAN_POINT('',(4.601361744121,21.173998546739));
#3588 = CARTESIAN_POINT('',(4.65686565525,21.155644370746));
#3589 = CARTESIAN_POINT('',(4.768118357078,21.155644370746));
#3590 = CARTESIAN_POINT('',(4.823827958918,21.174135026696));
#3591 = CARTESIAN_POINT('',(4.879615762691,21.211091906165));
#3592 = CARTESIAN_POINT('',(4.935576480465,21.265890242673));
#3593 = CARTESIAN_POINT('',(4.991803862031,21.337300522786));
#3594 = CARTESIAN_POINT('',(5.103269130411,21.507186177171));
#3595 = CARTESIAN_POINT('',(5.158476460402,21.604764934269));
#3596 = CARTESIAN_POINT('',(5.214179534568,21.714776563528));
#3597 = CARTESIAN_POINT('',(5.270545978099,21.835371137863));
#3598 = CARTESIAN_POINT('',(5.327746776522,21.964303492249));
#3599 = CARTESIAN_POINT('',(5.403458164362,22.13925632277));
#3600 = CARTESIAN_POINT('',(5.421040278852,22.180177551131));
#3601 = CARTESIAN_POINT('',(5.438724070946,22.22154128119));
#3602 = CARTESIAN_POINT('',(5.456516060008,22.263272599929));
#3603 = CARTESIAN_POINT('',(5.474423036138,22.305292416321));
#3604 = CARTESIAN_POINT('',(5.515736869964,22.402051868755));
#3605 = CARTESIAN_POINT('',(5.539225007565,22.456927405787));
#3606 = CARTESIAN_POINT('',(5.562931927909,22.511965794862));
#3607 = CARTESIAN_POINT('',(5.586873262684,22.566971987402));
#3608 = CARTESIAN_POINT('',(5.611064820329,22.621734163824));
#3609 = CARTESIAN_POINT('',(5.666984073973,22.745859656568));
#3610 = CARTESIAN_POINT('',(5.69889356265,22.814929519924));
#3611 = CARTESIAN_POINT('',(5.731276282534,22.882723209843));
#3612 = CARTESIAN_POINT('',(5.764157402864,22.948680131069));
#3613 = CARTESIAN_POINT('',(5.797564107262,23.012194117904));
#3614 = CARTESIAN_POINT('',(5.901315975569,23.196778010023));
#3615 = CARTESIAN_POINT('',(5.974254676954,23.309313598445));
#3616 = CARTESIAN_POINT('',(6.049454880913,23.401812464036));
#3617 = CARTESIAN_POINT('',(6.126320309608,23.466874725945));
#3618 = CARTESIAN_POINT('',(6.204375059694,23.5));
#3619 = CARTESIAN_POINT('',(6.28318530718,23.5));
#3620 = ( GEOMETRIC_REPRESENTATION_CONTEXT(2) 
PARAMETRIC_REPRESENTATION_CONTEXT() REPRESENTATION_CONTEXT('2D SPACE',''
  ) );
#3621 = ADVANCED_FACE('',(#3622),#801,.F.);
#3622 = FACE_BOUND('',#3623,.F.);
#3623 = EDGE_LOOP('',(#3624,#3647,#3666,#3667));
#3624 = ORIENTED_EDGE('',*,*,#3625,.T.);
#3625 = EDGE_CURVE('',#3237,#3626,#3628,.T.);
#3626 = VERTEX_POINT('',#3627);
#3627 = CARTESIAN_POINT('',(2.700896879022,3.,3.));
#3628 = SURFACE_CURVE('',#3629,(#3633,#3640),.PCURVE_S1.);
#3629 = LINE('',#3630,#3631);
#3630 = CARTESIAN_POINT('',(-5.,3.,3.));
#3631 = VECTOR('',#3632,1.);
#3632 = DIRECTION('',(1.,0.,0.));
#3633 = PCURVE('',#801,#3634);
#3634 = DEFINITIONAL_REPRESENTATION('',(#3635),#3639);
#3635 = LINE('',#3636,#3637);
#3636 = CARTESIAN_POINT('',(4.,0.));
#3637 = VECTOR('',#3638,1.);
#3638 = DIRECTION('',(0.,1.));
#3639 = ( GEOMETRIC_REPRESENTATION_CONTEXT(2) 
PARAMETRIC_REPRESENTATION_CONTEXT() REPRESENTATION_CONTEXT('2D SPACE',''
  ) );
#3640 = PCURVE('',#3073,#3641);
#3641 = DEFINITIONAL_REPRESENTATION('',(#3642),#3646);
#3642 = LINE('',#3643,#3644);
#3643 = CARTESIAN_POINT('',(0.,6.));
#3644 = VECTOR('',#3645,1.);
#3645 = DIRECTION('',(1.,0.));
#3646 = ( GEOMETRIC_REPRESENTATION_CONTEXT(2) 
PARAMETRIC_REPRESENTATION_CONTEXT() REPRESENTATION_CONTEXT('2D SPACE',''
  ) );
#3647 = ORIENTED_EDGE('',*,*,#3648,.F.);
#3648 = EDGE_CURVE('',#787,#3626,#3649,.T.);
#3649 = SURFACE_CURVE('',#3650,(#3654,#3660),.PCURVE_S1.);
#3650 = LINE('',#3651,#3652);
#3651 = CARTESIAN_POINT('',(2.700896879022,3.,-1.));
#3652 = VECTOR('',#3653,1.);
#3653 = DIRECTION('',(0.,0.,1.));
#3654 = PCURVE('',#801,#3655);
#3655 = DEFINITIONAL_REPRESENTATION('',(#3656),#3659);
#3656 = B_SPLINE_CURVE_WITH_KNOTS('',1,(#3657,#3658),.UNSPECIFIED.,.F.,
  .F.,(2,2),(0.9999994,4.4),.PIECEWISE_BEZIER_KNOTS.);
#3657 = CARTESIAN_POINT('',(0.9999994,7.700896879022));
#3658 = CARTESIAN_POINT('',(4.4,7.700896879022));
#3659 = ( GEOMETRIC_REPRESENTATION_CONTEXT(2) 
PARAMETRIC_REPRESENTATION_CONTEXT() REPRESENTATION_CONTEXT('2D SPACE',''
  ) );
#3660 = PCURVE('',#829,#3661);
#3661 = DEFINITIONAL_REPRESENTATION('',(#3662),#3665);
#3662 = B_SPLINE_CURVE_WITH_KNOTS('',1,(#3663,#3664),.UNSPECIFIED.,.F.,
  .F.,(2,2),(0.9999994,4.4),.PIECEWISE_BEZIER_KNOTS.);
#3663 = CARTESIAN_POINT('',(3.00786106418,0.9999994));
#3664 = CARTESIAN_POINT('',(3.00786106418,4.4));
#3665 = ( GEOMETRIC_REPRESENTATION_CONTEXT(2) 
PARAMETRIC_REPRESENTATION_CONTEXT() REPRESENTATION_CONTEXT('2D SPACE',''
  ) );
#3666 = ORIENTED_EDGE('',*,*,#786,.T.);
#3667 = ORIENTED_EDGE('',*,*,#3260,.T.);
#3668 = ADVANCED_FACE('',(#3669),#878,.T.);
#3669 = FACE_BOUND('',#3670,.T.);
#3670 = EDGE_LOOP('',(#3671,#3694,#3713,#3714));
#3671 = ORIENTED_EDGE('',*,*,#3672,.T.);
#3672 = EDGE_CURVE('',#3036,#3673,#3675,.T.);
#3673 = VERTEX_POINT('',#3674);
#3674 = CARTESIAN_POINT('',(2.700896879022,-3.,3.));
#3675 = SURFACE_CURVE('',#3676,(#3680,#3687),.PCURVE_S1.);
#3676 = LINE('',#3677,#3678);
#3677 = CARTESIAN_POINT('',(-5.,-3.,3.));
#3678 = VECTOR('',#3679,1.);
#3679 = DIRECTION('',(1.,0.,0.));
#3680 = PCURVE('',#878,#3681);
#3681 = DEFINITIONAL_REPRESENTATION('',(#3682),#3686);
#3682 = LINE('',#3683,#3684);
#3683 = CARTESIAN_POINT('',(4.,0.));
#3684 = VECTOR('',#3685,1.);
#3685 = DIRECTION('',(0.,1.));
#3686 = ( GEOMETRIC_REPRESENTATION_CONTEXT(2) 
PARAMETRIC_REPRESENTATION_CONTEXT() REPRESENTATION_CONTEXT('2D SPACE',''
  ) );
#3687 = PCURVE('',#3073,#3688);
#3688 = DEFINITIONAL_REPRESENTATION('',(#3689),#3693);
#3689 = LINE('',#3690,#3691);
#3690 = CARTESIAN_POINT('',(0.,0.));
#3691 = VECTOR('',#3692,1.);
#3692 = DIRECTION('',(1.,0.));
#3693 = ( GEOMETRIC_REPRESENTATION_CONTEXT(2) 
PARAMETRIC_REPRESENTATION_CONTEXT() REPRESENTATION_CONTEXT('2D SPACE',''
  ) );
#3694 = ORIENTED_EDGE('',*,*,#3695,.F.);
#3695 = EDGE_CURVE('',#842,#3673,#3696,.T.);
#3696 = SURFACE_CURVE('',#3697,(#3701,#3707),.PCURVE_S1.);
#3697 = LINE('',#3698,#3699);
#3698 = CARTESIAN_POINT('',(2.700896879022,-3.,-1.));
#3699 = VECTOR('',#3700,1.);
#3700 = DIRECTION('',(0.,0.,1.));
#3701 = PCURVE('',#878,#3702);
#3702 = DEFINITIONAL_REPRESENTATION('',(#3703),#3706);
#3703 = B_SPLINE_CURVE_WITH_KNOTS('',1,(#3704,#3705),.UNSPECIFIED.,.F.,
  .F.,(2,2),(0.9999994,4.4),.PIECEWISE_BEZIER_KNOTS.);
#3704 = CARTESIAN_POINT('',(0.9999994,7.700896879022));
#3705 = CARTESIAN_POINT('',(4.4,7.700896879022));
#3706 = ( GEOMETRIC_REPRESENTATION_CONTEXT(2) 
PARAMETRIC_REPRESENTATION_CONTEXT() REPRESENTATION_CONTEXT('2D SPACE',''
  ) );
#3707 = PCURVE('',#829,#3708);
#3708 = DEFINITIONAL_REPRESENTATION('',(#3709),#3712);
#3709 = B_SPLINE_CURVE_WITH_KNOTS('',1,(#3710,#3711),.UNSPECIFIED.,.F.,
  .F.,(2,2),(0.9999994,4.4),.PIECEWISE_BEZIER_KNOTS.);
#3710 = CARTESIAN_POINT('',(3.275324243,0.9999994));
#3711 = CARTESIAN_POINT('',(3.275324243,4.4));
#3712 = ( GEOMETRIC_REPRESENTATION_CONTEXT(2) 
PARAMETRIC_REPRESENTATION_CONTEXT() REPRESENTATION_CONTEXT('2D SPACE',''
  ) );
#3713 = ORIENTED_EDGE('',*,*,#865,.T.);
#3714 = ORIENTED_EDGE('',*,*,#3035,.T.);
#3715 = ADVANCED_FACE('',(#3716,#3880),#829,.F.);
#3716 = FACE_BOUND('',#3717,.F.);
#3717 = EDGE_LOOP('',(#3718,#3719,#3720,#3743,#3767,#3788,#3812,#3833,
    #3855,#3856,#3857,#3858));
#3718 = ORIENTED_EDGE('',*,*,#3695,.F.);
#3719 = ORIENTED_EDGE('',*,*,#841,.T.);
#3720 = ORIENTED_EDGE('',*,*,#3721,.T.);
#3721 = EDGE_CURVE('',#813,#3722,#3724,.T.);
#3722 = VERTEX_POINT('',#3723);
#3723 = CARTESIAN_POINT('',(47.5,-5.510910596163E-15,80.));
#3724 = SEAM_CURVE('',#3725,(#3729,#3736),.PCURVE_S1.);
#3725 = LINE('',#3726,#3727);
#3726 = CARTESIAN_POINT('',(47.5,-5.510910596163E-15,-1.));
#3727 = VECTOR('',#3728,1.);
#3728 = DIRECTION('',(0.,0.,1.));
#3729 = PCURVE('',#829,#3730);
#3730 = DEFINITIONAL_REPRESENTATION('',(#3731),#3735);
#3731 = LINE('',#3732,#3733);
#3732 = CARTESIAN_POINT('',(0.,-0.));
#3733 = VECTOR('',#3734,1.);
#3734 = DIRECTION('',(0.,1.));
#3735 = ( GEOMETRIC_REPRESENTATION_CONTEXT(2) 
PARAMETRIC_REPRESENTATION_CONTEXT() REPRESENTATION_CONTEXT('2D SPACE',''
  ) );
#3736 = PCURVE('',#829,#3737);
#3737 = DEFINITIONAL_REPRESENTATION('',(#3738),#3742);
#3738 = LINE('',#3739,#3740);
#3739 = CARTESIAN_POINT('',(6.28318530718,-0.));
#3740 = VECTOR('',#3741,1.);
#3741 = DIRECTION('',(0.,1.));
#3742 = ( GEOMETRIC_REPRESENTATION_CONTEXT(2) 
PARAMETRIC_REPRESENTATION_CONTEXT() REPRESENTATION_CONTEXT('2D SPACE',''
  ) );
#3743 = ORIENTED_EDGE('',*,*,#3744,.F.);
#3744 = EDGE_CURVE('',#3745,#3722,#3747,.T.);
#3745 = VERTEX_POINT('',#3746);
#3746 = CARTESIAN_POINT('',(2.700896879022,-3.,80.));
#3747 = SURFACE_CURVE('',#3748,(#3753,#3760),.PCURVE_S1.);
#3748 = CIRCLE('',#3749,22.5);
#3749 = AXIS2_PLACEMENT_3D('',#3750,#3751,#3752);
#3750 = CARTESIAN_POINT('',(25.,0.,80.));
#3751 = DIRECTION('',(0.,0.,1.));
#3752 = DIRECTION('',(1.,0.,-0.));
#3753 = PCURVE('',#829,#3754);
#3754 = DEFINITIONAL_REPRESENTATION('',(#3755),#3759);
#3755 = LINE('',#3756,#3757);
#3756 = CARTESIAN_POINT('',(0.,81.));
#3757 = VECTOR('',#3758,1.);
#3758 = DIRECTION('',(1.,0.));
#3759 = ( GEOMETRIC_REPRESENTATION_CONTEXT(2) 
PARAMETRIC_REPRESENTATION_CONTEXT() REPRESENTATION_CONTEXT('2D SPACE',''
  ) );
#3760 = PCURVE('',#942,#3761);
#3761 = DEFINITIONAL_REPRESENTATION('',(#3762),#3766);
#3762 = CIRCLE('',#3763,22.5);
#3763 = AXIS2_PLACEMENT_2D('',#3764,#3765);
#3764 = CARTESIAN_POINT('',(0.,-2.339560088947E-16));
#3765 = DIRECTION('',(1.,0.));
#3766 = ( GEOMETRIC_REPRESENTATION_CONTEXT(2) 
PARAMETRIC_REPRESENTATION_CONTEXT() REPRESENTATION_CONTEXT('2D SPACE',''
  ) );
#3767 = ORIENTED_EDGE('',*,*,#3768,.F.);
#3768 = EDGE_CURVE('',#3769,#3745,#3771,.T.);
#3769 = VERTEX_POINT('',#3770);
#3770 = CARTESIAN_POINT('',(2.700896879022,-3.,77.));
#3771 = SURFACE_CURVE('',#3772,(#3776,#3782),.PCURVE_S1.);
#3772 = LINE('',#3773,#3774);
#3773 = CARTESIAN_POINT('',(2.700896879022,-3.,-1.));
#3774 = VECTOR('',#3775,1.);
#3775 = DIRECTION('',(0.,0.,1.));
#3776 = PCURVE('',#829,#3777);
#3777 = DEFINITIONAL_REPRESENTATION('',(#3778),#3781);
#3778 = B_SPLINE_CURVE_WITH_KNOTS('',1,(#3779,#3780),.UNSPECIFIED.,.F.,
  .F.,(2,2),(77.6,81.0000006),.PIECEWISE_BEZIER_KNOTS.);
#3779 = CARTESIAN_POINT('',(3.275324243,77.6));
#3780 = CARTESIAN_POINT('',(3.275324243,81.0000006));
#3781 = ( GEOMETRIC_REPRESENTATION_CONTEXT(2) 
PARAMETRIC_REPRESENTATION_CONTEXT() REPRESENTATION_CONTEXT('2D SPACE',''
  ) );
#3782 = PCURVE('',#3152,#3783);
#3783 = DEFINITIONAL_REPRESENTATION('',(#3784),#3787);
#3784 = B_SPLINE_CURVE_WITH_KNOTS('',1,(#3785,#3786),.UNSPECIFIED.,.F.,
  .F.,(2,2),(77.6,81.0000006),.PIECEWISE_BEZIER_KNOTS.);
#3785 = CARTESIAN_POINT('',(-0.4,7.700896879022));
#3786 = CARTESIAN_POINT('',(3.0000006,7.700896879022));
#3787 = ( GEOMETRIC_REPRESENTATION_CONTEXT(2) 
PARAMETRIC_REPRESENTATION_CONTEXT() REPRESENTATION_CONTEXT('2D SPACE',''
  ) );
#3788 = ORIENTED_EDGE('',*,*,#3789,.F.);
#3789 = EDGE_CURVE('',#3790,#3769,#3792,.T.);
#3790 = VERTEX_POINT('',#3791);
#3791 = CARTESIAN_POINT('',(2.700896879022,3.,77.));
#3792 = SURFACE_CURVE('',#3793,(#3798,#3805),.PCURVE_S1.);
#3793 = CIRCLE('',#3794,22.5);
#3794 = AXIS2_PLACEMENT_3D('',#3795,#3796,#3797);
#3795 = CARTESIAN_POINT('',(25.,0.,77.));
#3796 = DIRECTION('',(0.,0.,1.));
#3797 = DIRECTION('',(1.,0.,-0.));
#3798 = PCURVE('',#829,#3799);
#3799 = DEFINITIONAL_REPRESENTATION('',(#3800),#3804);
#3800 = LINE('',#3801,#3802);
#3801 = CARTESIAN_POINT('',(0.,78.));
#3802 = VECTOR('',#3803,1.);
#3803 = DIRECTION('',(1.,0.));
#3804 = ( GEOMETRIC_REPRESENTATION_CONTEXT(2) 
PARAMETRIC_REPRESENTATION_CONTEXT() REPRESENTATION_CONTEXT('2D SPACE',''
  ) );
#3805 = PCURVE('',#3125,#3806);
#3806 = DEFINITIONAL_REPRESENTATION('',(#3807),#3811);
#3807 = CIRCLE('',#3808,22.5);
#3808 = AXIS2_PLACEMENT_2D('',#3809,#3810);
#3809 = CARTESIAN_POINT('',(30.,3.));
#3810 = DIRECTION('',(1.,0.));
#3811 = ( GEOMETRIC_REPRESENTATION_CONTEXT(2) 
PARAMETRIC_REPRESENTATION_CONTEXT() REPRESENTATION_CONTEXT('2D SPACE',''
  ) );
#3812 = ORIENTED_EDGE('',*,*,#3813,.T.);
#3813 = EDGE_CURVE('',#3790,#3814,#3816,.T.);
#3814 = VERTEX_POINT('',#3815);
#3815 = CARTESIAN_POINT('',(2.700896879022,3.,80.));
#3816 = SURFACE_CURVE('',#3817,(#3821,#3827),.PCURVE_S1.);
#3817 = LINE('',#3818,#3819);
#3818 = CARTESIAN_POINT('',(2.700896879022,3.,-1.));
#3819 = VECTOR('',#3820,1.);
#3820 = DIRECTION('',(0.,0.,1.));
#3821 = PCURVE('',#829,#3822);
#3822 = DEFINITIONAL_REPRESENTATION('',(#3823),#3826);
#3823 = B_SPLINE_CURVE_WITH_KNOTS('',1,(#3824,#3825),.UNSPECIFIED.,.F.,
  .F.,(2,2),(77.6,81.0000006),.PIECEWISE_BEZIER_KNOTS.);
#3824 = CARTESIAN_POINT('',(3.00786106418,77.6));
#3825 = CARTESIAN_POINT('',(3.00786106418,81.0000006));
#3826 = ( GEOMETRIC_REPRESENTATION_CONTEXT(2) 
PARAMETRIC_REPRESENTATION_CONTEXT() REPRESENTATION_CONTEXT('2D SPACE',''
  ) );
#3827 = PCURVE('',#3202,#3828);
#3828 = DEFINITIONAL_REPRESENTATION('',(#3829),#3832);
#3829 = B_SPLINE_CURVE_WITH_KNOTS('',1,(#3830,#3831),.UNSPECIFIED.,.F.,
  .F.,(2,2),(77.6,81.0000006),.PIECEWISE_BEZIER_KNOTS.);
#3830 = CARTESIAN_POINT('',(-0.4,7.700896879022));
#3831 = CARTESIAN_POINT('',(3.0000006,7.700896879022));
#3832 = ( GEOMETRIC_REPRESENTATION_CONTEXT(2) 
PARAMETRIC_REPRESENTATION_CONTEXT() REPRESENTATION_CONTEXT('2D SPACE',''
  ) );
#3833 = ORIENTED_EDGE('',*,*,#3834,.F.);
#3834 = EDGE_CURVE('',#3722,#3814,#3835,.T.);
#3835 = SURFACE_CURVE('',#3836,(#3841,#3848),.PCURVE_S1.);
#3836 = CIRCLE('',#3837,22.5);
#3837 = AXIS2_PLACEMENT_3D('',#3838,#3839,#3840);
#3838 = CARTESIAN_POINT('',(25.,0.,80.));
#3839 = DIRECTION('',(0.,0.,1.));
#3840 = DIRECTION('',(1.,0.,-0.));
#3841 = PCURVE('',#829,#3842);
#3842 = DEFINITIONAL_REPRESENTATION('',(#3843),#3847);
#3843 = LINE('',#3844,#3845);
#3844 = CARTESIAN_POINT('',(0.,81.));
#3845 = VECTOR('',#3846,1.);
#3846 = DIRECTION('',(1.,0.));
#3847 = ( GEOMETRIC_REPRESENTATION_CONTEXT(2) 
PARAMETRIC_REPRESENTATION_CONTEXT() REPRESENTATION_CONTEXT('2D SPACE',''
  ) );
#3848 = PCURVE('',#942,#3849);
#3849 = DEFINITIONAL_REPRESENTATION('',(#3850),#3854);
#3850 = CIRCLE('',#3851,22.5);
#3851 = AXIS2_PLACEMENT_2D('',#3852,#3853);
#3852 = CARTESIAN_POINT('',(0.,-2.339560088947E-16));
#3853 = DIRECTION('',(1.,0.));
#3854 = ( GEOMETRIC_REPRESENTATION_CONTEXT(2) 
PARAMETRIC_REPRESENTATION_CONTEXT() REPRESENTATION_CONTEXT('2D SPACE',''
  ) );
#3855 = ORIENTED_EDGE('',*,*,#3721,.F.);
#3856 = ORIENTED_EDGE('',*,*,#812,.T.);
#3857 = ORIENTED_EDGE('',*,*,#3648,.T.);
#3858 = ORIENTED_EDGE('',*,*,#3859,.T.);
#3859 = EDGE_CURVE('',#3626,#3673,#3860,.T.);
#3860 = SURFACE_CURVE('',#3861,(#3866,#3873),.PCURVE_S1.);
#3861 = CIRCLE('',#3862,22.5);
#3862 = AXIS2_PLACEMENT_3D('',#3863,#3864,#3865);
#3863 = CARTESIAN_POINT('',(25.,0.,3.));
#3864 = DIRECTION('',(0.,0.,1.));
#3865 = DIRECTION('',(1.,0.,-0.));
#3866 = PCURVE('',#829,#3867);
#3867 = DEFINITIONAL_REPRESENTATION('',(#3868),#3872);
#3868 = LINE('',#3869,#3870);
#3869 = CARTESIAN_POINT('',(0.,4.));
#3870 = VECTOR('',#3871,1.);
#3871 = DIRECTION('',(1.,0.));
#3872 = ( GEOMETRIC_REPRESENTATION_CONTEXT(2) 
PARAMETRIC_REPRESENTATION_CONTEXT() REPRESENTATION_CONTEXT('2D SPACE',''
  ) );
#3873 = PCURVE('',#3073,#3874);
#3874 = DEFINITIONAL_REPRESENTATION('',(#3875),#3879);
#3875 = CIRCLE('',#3876,22.5);
#3876 = AXIS2_PLACEMENT_2D('',#3877,#3878);
#3877 = CARTESIAN_POINT('',(30.,3.));
#3878 = DIRECTION('',(1.,0.));
#3879 = ( GEOMETRIC_REPRESENTATION_CONTEXT(2) 
PARAMETRIC_REPRESENTATION_CONTEXT() REPRESENTATION_CONTEXT('2D SPACE',''
  ) );
#3880 = FACE_BOUND('',#3881,.F.);
#3881 = EDGE_LOOP('',(#3882));
#3882 = ORIENTED_EDGE('',*,*,#3883,.T.);
#3883 = EDGE_CURVE('',#3884,#3884,#3886,.T.);
#3884 = VERTEX_POINT('',#3885);
#3885 = CARTESIAN_POINT('',(25.,-22.5,50.));
#3886 = SURFACE_CURVE('',#3887,(#3995,#4106),.PCURVE_S1.);
#3887 = B_SPLINE_CURVE_WITH_KNOTS('',6,(#3888,#3889,#3890,#3891,#3892,
    #3893,#3894,#3895,#3896,#3897,#3898,#3899,#3900,#3901,#3902,#3903,
    #3904,#3905,#3906,#3907,#3908,#3909,#3910,#3911,#3912,#3913,#3914,
    #3915,#3916,#3917,#3918,#3919,#3920,#3921,#3922,#3923,#3924,#3925,
    #3926,#3927,#3928,#3929,#3930,#3931,#3932,#3933,#3934,#3935,#3936,
    #3937,#3938,#3939,#3940,#3941,#3942,#3943,#3944,#3945,#3946,#3947,
    #3948,#3949,#3950,#3951,#3952,#3953,#3954,#3955,#3956,#3957,#3958,
    #3959,#3960,#3961,#3962,#3963,#3964,#3965,#3966,#3967,#3968,#3969,
    #3970,#3971,#3972,#3973,#3974,#3975,#3976,#3977,#3978,#3979,#3980,
    #3981,#3982,#3983,#3984,#3985,#3986,#3987,#3988,#3989,#3990,#3991,
    #3992,#3993,#3994),.UNSPECIFIED.,.T.,.F.,(7,5,5,5,5,5,5,5,5,5,5,5,5,
    5,5,5,5,5,5,5,5,7),(0.,6.039293948185E-02,8.917845087869E-02,
    0.11226910762,0.130193359491,0.188534396043,0.250009385592,
    0.310757932315,0.370744572835,0.410219752147,0.439617404495,
    0.500023682222,0.560418065082,0.611149621753,0.68953362803,
    0.750045572412,0.810782081522,0.869683925813,0.887373978084,
    0.910220999744,0.939610491221,1.),.UNSPECIFIED.);
#3888 = CARTESIAN_POINT('',(25.,-22.5,50.));
#3889 = CARTESIAN_POINT('',(25.787947289108,-22.5,50.));
#3890 = CARTESIAN_POINT('',(26.568323742307,-22.46688777827,
    49.925496719085));
#3891 = CARTESIAN_POINT('',(27.327986389695,-22.40185394509,
    49.779174023661));
#3892 = CARTESIAN_POINT('',(28.05425202255,-22.30939771055,
    49.567799201215));
#3893 = CARTESIAN_POINT('',(28.735892229569,-22.19690800569,
    49.302152472758));
#3894 = CARTESIAN_POINT('',(29.663013670908,-22.01361763058,
    48.852509585861));
#3895 = CARTESIAN_POINT('',(29.951680200413,-21.95148959404,
    48.697756496947));
#3896 = CARTESIAN_POINT('',(30.229766892358,-21.88700469009,
    48.534267760845));
#3897 = CARTESIAN_POINT('',(30.497326350044,-21.82073342274,
    48.362847149135));
#3898 = CARTESIAN_POINT('',(30.754447900471,-21.75320457705,
    48.184224510681));
#3899 = CARTESIAN_POINT('',(31.199237475066,-21.6301098736,47.8505231362
    ));
#3900 = CARTESIAN_POINT('',(31.390616953036,-21.57481089983,
    47.697751592591));
#3901 = CARTESIAN_POINT('',(31.575494897059,-21.51924121146,
    47.541049009979));
#3902 = CARTESIAN_POINT('',(31.753973437245,-21.46362062021,
    47.380688485695));
#3903 = CARTESIAN_POINT('',(31.926157081959,-21.40815130572,
    47.21690988587));
#3904 = CARTESIAN_POINT('',(32.221007761682,-21.31022013423,
    46.92029288945));
#3905 = CARTESIAN_POINT('',(32.346132150106,-21.2676256045,
    46.788732790893));
#3906 = CARTESIAN_POINT('',(32.467574028916,-21.22532111193,
    46.655337447804));
#3907 = CARTESIAN_POINT('',(32.585378659342,-21.18338912074,
    46.520197269531));
#3908 = CARTESIAN_POINT('',(32.699588418036,-21.1419076737,
    46.383395176725));
#3909 = CARTESIAN_POINT('',(33.170407964258,-20.96763993214,
    45.794570343648));
#3910 = CARTESIAN_POINT('',(33.49311069954,-20.83980855941,
    45.327074172462));
#3911 = CARTESIAN_POINT('',(33.779388620571,-20.7201027308,
    44.845401798219));
#3912 = CARTESIAN_POINT('',(34.030134134308,-20.61071314597,
    44.351784039227));
#3913 = CARTESIAN_POINT('',(34.246006202563,-20.51344081255,
    43.847978477279));
#3914 = CARTESIAN_POINT('',(34.618418981112,-20.34159042694,
    42.795387791765));
#3915 = CARTESIAN_POINT('',(34.771121859364,-20.26852429374,
    42.245718283072));
#3916 = CARTESIAN_POINT('',(34.885555441126,-20.21242478732,
    41.689037375962));
#3917 = CARTESIAN_POINT('',(34.961834213772,-20.17457989784,
    41.127706663815));
#3918 = CARTESIAN_POINT('',(35.,-20.15564437074,40.563957977862));
#3919 = CARTESIAN_POINT('',(35.,-20.15564437074,39.442706248196));
#3920 = CARTESIAN_POINT('',(34.962730883296,-20.17413502569,
    38.88561025591));
#3921 = CARTESIAN_POINT('',(34.888241954021,-20.21109190228,
    38.330847690254));
#3922 = CARTESIAN_POINT('',(34.77649419093,-20.26589023545,
    37.780576023351));
#3923 = CARTESIAN_POINT('',(34.627380590562,-20.3373005154,
    37.237074872295));
#3924 = CARTESIAN_POINT('',(34.256566438775,-20.50870970884,
    36.175315928391));
#3925 = CARTESIAN_POINT('',(34.035835598831,-20.6083222627,
    35.656930192136));
#3926 = CARTESIAN_POINT('',(33.778257736285,-20.72079418303,
    35.14926590376));
#3927 = CARTESIAN_POINT('',(33.483112881458,-20.84416825648,
    34.654224970378));
#3928 = CARTESIAN_POINT('',(33.149425526714,-20.97606198649,
    34.174239051871));
#3929 = CARTESIAN_POINT('',(32.530356349591,-21.20406307321,
    33.408608737577));
#3930 = CARTESIAN_POINT('',(32.267397842575,-21.29701310278,
    33.112540846212));
#3931 = CARTESIAN_POINT('',(31.986723201728,-21.39164099992,
    32.82504483698));
#3932 = CARTESIAN_POINT('',(31.687817766223,-21.48705960667,
    32.54709684171));
#3933 = CARTESIAN_POINT('',(31.370155029487,-21.58224802819,
    32.279922178856));
#3934 = CARTESIAN_POINT('',(30.782336702587,-21.74585965656,
    31.835224143904));
#3935 = CARTESIAN_POINT('',(30.520693567523,-21.81492951992,
    31.652178803695));
#3936 = CARTESIAN_POINT('',(30.248174467,-21.88272320984,31.47659601434)
  );
#3937 = CARTESIAN_POINT('',(29.964680959771,-21.94868013106,
    31.309248059475));
#3938 = CARTESIAN_POINT('',(29.670154118306,-22.0121941179,
    31.150988028811));
#3939 = CARTESIAN_POINT('',(28.736672776553,-22.19677801002,
    30.698155165267));
#3940 = CARTESIAN_POINT('',(28.054916270485,-22.30931359844,
    30.432392453382));
#3941 = CARTESIAN_POINT('',(27.328490304524,-22.40181246403,
    30.220919412443));
#3942 = CARTESIAN_POINT('',(26.568650651781,-22.46687472594,
    30.074532619457));
#3943 = CARTESIAN_POINT('',(25.788102474862,-22.5,30.));
#3944 = CARTESIAN_POINT('',(24.212052713873,-22.5,30.));
#3945 = CARTESIAN_POINT('',(23.431676248445,-22.46688777783,
    30.074503281989));
#3946 = CARTESIAN_POINT('',(22.672013622803,-22.40185394623,
    30.220825973584));
#3947 = CARTESIAN_POINT('',(21.945747969011,-22.30939770939,
    30.432200801607));
#3948 = CARTESIAN_POINT('',(21.264107772895,-22.19690800618,
    30.697847526047));
#3949 = CARTESIAN_POINT('',(20.108842365761,-21.96851394648,
    31.258137526509));
#3950 = CARTESIAN_POINT('',(19.614646260514,-21.85509893974,
    31.543639485426));
#3951 = CARTESIAN_POINT('',(19.153317334984,-21.73584525104,
    31.854067733383));
#3952 = CARTESIAN_POINT('',(18.724096230703,-21.6136338033,
    32.185551553099));
#3953 = CARTESIAN_POINT('',(18.326015703367,-21.49088199131,
    32.53498333396));
#3954 = CARTESIAN_POINT('',(17.389598380692,-21.18230522471,
    33.463727303727));
#3955 = CARTESIAN_POINT('',(16.891920344968,-20.99818691417,
    34.065676091914));
#3956 = CARTESIAN_POINT('',(16.462010122903,-20.82488830746,
    34.696874190338));
#3957 = CARTESIAN_POINT('',(16.097020365905,-20.66818364844,
    35.351386860229));
#3958 = CARTESIAN_POINT('',(15.794961532908,-20.53258693069,
    36.02502023699));
#3959 = CARTESIAN_POINT('',(15.369870341974,-20.33598379876,
    37.247115242669));
#3960 = CARTESIAN_POINT('',(15.221857730712,-20.26508203237,
    37.788707081726));
#3961 = CARTESIAN_POINT('',(15.11093387834,-20.21068300017,
    38.336996128747));
#3962 = CARTESIAN_POINT('',(15.036994034241,-20.17399854673,
    38.889727640966));
#3963 = CARTESIAN_POINT('',(15.,-20.15564437074,39.444766748649));
#3964 = CARTESIAN_POINT('',(15.,-20.15564437074,40.557293766936));
#3965 = CARTESIAN_POINT('',(15.037269118725,-20.17413502669,
    41.114389781272));
#3966 = CARTESIAN_POINT('',(15.111758053794,-20.21109190616,
    41.669152365901));
#3967 = CARTESIAN_POINT('',(15.223505823756,-20.26589024267,
    42.219424038641));
#3968 = CARTESIAN_POINT('',(15.372619425408,-20.33730052278,
    42.76292517343));
#3969 = CARTESIAN_POINT('',(15.740137663893,-20.50718617717,
    43.815246868488));
#3970 = CARTESIAN_POINT('',(15.956283069722,-20.60476493426,
    44.324532534798));
#3971 = CARTESIAN_POINT('',(16.207967734991,-20.71477656352,
    44.823507662805));
#3972 = CARTESIAN_POINT('',(16.495863846655,-20.83537113786,
    45.310367576693));
#3973 = CARTESIAN_POINT('',(16.820880514399,-20.96430349225,
    45.782820768129));
#3974 = CARTESIAN_POINT('',(17.293160607847,-21.13925632277,
    46.374574887833));
#3975 = CARTESIAN_POINT('',(17.405703981598,-21.18017755113,
    46.509706076213));
#3976 = CARTESIAN_POINT('',(17.521748408694,-21.22154128119,
    46.643221479134));
#3977 = CARTESIAN_POINT('',(17.641334533034,-21.26327259992,
    46.775041591014));
#3978 = CARTESIAN_POINT('',(17.764505760936,-21.30529241632,
    46.905079846548));
#3979 = CARTESIAN_POINT('',(18.055075977828,-21.40205186875,
    47.19876715577));
#3980 = CARTESIAN_POINT('',(18.224897881717,-21.45692740578,
    47.36116038717));
#3981 = CARTESIAN_POINT('',(18.400877006426,-21.51196579486,
    47.520223011791));
#3982 = CARTESIAN_POINT('',(18.583114459744,-21.5669719874,
    47.675724187058));
#3983 = CARTESIAN_POINT('',(18.771709423629,-21.62173416382,
    47.827401530942));
#3984 = CARTESIAN_POINT('',(19.217663297415,-21.74585965656,
    48.164775856097));
#3985 = CARTESIAN_POINT('',(19.479306432477,-21.81492951992,
    48.347821196304));
#3986 = CARTESIAN_POINT('',(19.751825532997,-21.88272320984,
    48.523403985659));
#3987 = CARTESIAN_POINT('',(20.035319040229,-21.94868013106,
    48.690751940524));
#3988 = CARTESIAN_POINT('',(20.329845881697,-22.0121941179,
    48.84901197119));
#3989 = CARTESIAN_POINT('',(21.263327223474,-22.19677801002,
    49.301844834746));
#3990 = CARTESIAN_POINT('',(21.945083729508,-22.30931359844,
    49.567607546609));
#3991 = CARTESIAN_POINT('',(22.671509695447,-22.40181246403,
    49.779080587551));
#3992 = CARTESIAN_POINT('',(23.431349348212,-22.46687472594,
    49.925467380548));
#3993 = CARTESIAN_POINT('',(24.211897525166,-22.5,50.));
#3994 = CARTESIAN_POINT('',(25.,-22.5,50.));
#3995 = PCURVE('',#829,#3996);
#3996 = DEFINITIONAL_REPRESENTATION('',(#3997),#4105);
#3997 = B_SPLINE_CURVE_WITH_KNOTS('',6,(#3998,#3999,#4000,#4001,#4002,
    #4003,#4004,#4005,#4006,#4007,#4008,#4009,#4010,#4011,#4012,#4013,
    #4014,#4015,#4016,#4017,#4018,#4019,#4020,#4021,#4022,#4023,#4024,
    #4025,#4026,#4027,#4028,#4029,#4030,#4031,#4032,#4033,#4034,#4035,
    #4036,#4037,#4038,#4039,#4040,#4041,#4042,#4043,#4044,#4045,#4046,
    #4047,#4048,#4049,#4050,#4051,#4052,#4053,#4054,#4055,#4056,#4057,
    #4058,#4059,#4060,#4061,#4062,#4063,#4064,#4065,#4066,#4067,#4068,
    #4069,#4070,#4071,#4072,#4073,#4074,#4075,#4076,#4077,#4078,#4079,
    #4080,#4081,#4082,#4083,#4084,#4085,#4086,#4087,#4088,#4089,#4090,
    #4091,#4092,#4093,#4094,#4095,#4096,#4097,#4098,#4099,#4100,#4101,
    #4102,#4103,#4104),.UNSPECIFIED.,.T.,.F.,(7,5,5,5,5,5,5,5,5,5,5,5,5,
    5,5,5,5,5,5,5,5,7),(0.,6.039293948185E-02,8.917845087869E-02,
    0.11226910762,0.130193359491,0.188534396043,0.250009385592,
    0.310757932315,0.370744572835,0.410219752147,0.439617404495,
    0.500023682222,0.560418065082,0.611149621753,0.68953362803,
    0.750045572412,0.810782081522,0.869683925813,0.887373978084,
    0.910220999744,0.939610491221,1.),.UNSPECIFIED.);
#3998 = CARTESIAN_POINT('',(4.712388980385,51.));
#3999 = CARTESIAN_POINT('',(4.747408859901,51.));
#4000 = CARTESIAN_POINT('',(4.782092310443,50.925496719085));
#4001 = CARTESIAN_POINT('',(4.815932134587,50.779174023661));
#4002 = CARTESIAN_POINT('',(4.848435868556,50.567799201215));
#4003 = CARTESIAN_POINT('',(4.879125442778,50.302152472758));
#4004 = CARTESIAN_POINT('',(4.921128371038,49.852509585861));
#4005 = CARTESIAN_POINT('',(4.934249920836,49.697756496947));
#4006 = CARTESIAN_POINT('',(4.946934984674,49.534267760845));
#4007 = CARTESIAN_POINT('',(4.959183982198,49.362847149135));
#4008 = CARTESIAN_POINT('',(4.970998131571,49.184224510681));
#4009 = CARTESIAN_POINT('',(4.99150961931,48.8505231362));
#4010 = CARTESIAN_POINT('',(5.000362788394,48.697751592591));
#4011 = CARTESIAN_POINT('',(5.008942013629,48.541049009979));
#4012 = CARTESIAN_POINT('',(5.017250053821,48.380688485695));
#4013 = CARTESIAN_POINT('',(5.025289649245,48.21690988587));
#4014 = CARTESIAN_POINT('',(5.039098033722,47.92029288945));
#4015 = CARTESIAN_POINT('',(5.044972348793,47.788732790893));
#4016 = CARTESIAN_POINT('',(5.050687665155,47.655337447804));
#4017 = CARTESIAN_POINT('',(5.056245034817,47.520197269531));
#4018 = CARTESIAN_POINT('',(5.061645363507,47.383395176725));
#4019 = CARTESIAN_POINT('',(5.083958081061,46.794570343648));
#4020 = CARTESIAN_POINT('',(5.099380797441,46.327074172462));
#4021 = CARTESIAN_POINT('',(5.113168723203,45.845401798219));
#4022 = CARTESIAN_POINT('',(5.125325997008,45.351784039227));
#4023 = CARTESIAN_POINT('',(5.135848888394,44.847978477279));
#4024 = CARTESIAN_POINT('',(5.154077821178,43.795387791765));
#4025 = CARTESIAN_POINT('',(5.161600788574,43.245718283072));
#4026 = CARTESIAN_POINT('',(5.167264926648,42.689037375962));
#4027 = CARTESIAN_POINT('',(5.171049420252,42.127706663815));
#4028 = CARTESIAN_POINT('',(5.172942972066,41.563957977862));
#4029 = CARTESIAN_POINT('',(5.172942972066,40.442706248196));
#4030 = CARTESIAN_POINT('',(5.171093907397,39.88561025591));
#4031 = CARTESIAN_POINT('',(5.167398215453,39.330847690254));
#4032 = CARTESIAN_POINT('',(5.161866710441,38.780576023351));
#4033 = CARTESIAN_POINT('',(5.154519356092,38.237074872295));
#4034 = CARTESIAN_POINT('',(5.13636314793,37.175315928391));
#4035 = CARTESIAN_POINT('',(5.125600620193,36.656930192136));
#4036 = CARTESIAN_POINT('',(5.113110458508,36.14926590376));
#4037 = CARTESIAN_POINT('',(5.098896213997,35.654224970378));
#4038 = CARTESIAN_POINT('',(5.082953604459,35.174239051871));
#4039 = CARTESIAN_POINT('',(5.05363269323,34.408608737577));
#4040 = CARTESIAN_POINT('',(5.04123807757,34.112540846212));
#4041 = CARTESIAN_POINT('',(5.02807595704,33.82504483698));
#4042 = CARTESIAN_POINT('',(5.014133884735,33.54709684171));
#4043 = CARTESIAN_POINT('',(4.999398153133,33.279922178856));
#4044 = CARTESIAN_POINT('',(4.97227978797,32.835224143904));
#4045 = CARTESIAN_POINT('',(4.960253915792,32.652178803695));
#4046 = CARTESIAN_POINT('',(4.947774785315,32.47659601434));
#4047 = CARTESIAN_POINT('',(4.934840986695,32.309248059475));
#4048 = CARTESIAN_POINT('',(4.921451968853,32.150988028811));
#4049 = CARTESIAN_POINT('',(4.879160595571,31.698155165267));
#4050 = CARTESIAN_POINT('',(4.848465589158,31.432392453382));
#4051 = CARTESIAN_POINT('',(4.815954576849,31.220919412443));
#4052 = CARTESIAN_POINT('',(4.782106839359,31.074532619457));
#4053 = CARTESIAN_POINT('',(4.747415757045,31.));
#4054 = CARTESIAN_POINT('',(4.677369101001,31.));
#4055 = CARTESIAN_POINT('',(4.642685649913,31.074503281989));
#4056 = CARTESIAN_POINT('',(4.608845826742,31.220825973584));
#4057 = CARTESIAN_POINT('',(4.576342091833,31.432200801607));
#4058 = CARTESIAN_POINT('',(4.545652518103,31.697847526047));
#4059 = CARTESIAN_POINT('',(4.493313603422,32.258137526509));
#4060 = CARTESIAN_POINT('',(4.470788770921,32.543639485426));
#4061 = CARTESIAN_POINT('',(4.449622070842,32.854067733383));
#4062 = CARTESIAN_POINT('',(4.429794795174,33.185551553099));
#4063 = CARTESIAN_POINT('',(4.411283696876,33.53498333396));
#4064 = CARTESIAN_POINT('',(4.367463705427,34.463727303727));
#4065 = CARTESIAN_POINT('',(4.343894811414,35.065676091914));
#4066 = CARTESIAN_POINT('',(4.32330320907,35.696874190338));
#4067 = CARTESIAN_POINT('',(4.305653424941,36.351386860229));
#4068 = CARTESIAN_POINT('',(4.290938870475,37.02502023699));
#4069 = CARTESIAN_POINT('',(4.270123144602,38.247115242669));
#4070 = CARTESIAN_POINT('',(4.262829670117,38.788707081726));
#4071 = CARTESIAN_POINT('',(4.25733885502,39.336996128747));
#4072 = CARTESIAN_POINT('',(4.253670405497,39.889727640966));
#4073 = CARTESIAN_POINT('',(4.251834988703,40.444766748649));
#4074 = CARTESIAN_POINT('',(4.251834988703,41.557293766936));
#4075 = CARTESIAN_POINT('',(4.253684053472,42.114389781272));
#4076 = CARTESIAN_POINT('',(4.257379745705,42.669152365901));
#4077 = CARTESIAN_POINT('',(4.262911251055,43.219424038641));
#4078 = CARTESIAN_POINT('',(4.270258605459,43.76292517343));
#4079 = CARTESIAN_POINT('',(4.288253435509,44.815246868488));
#4080 = CARTESIAN_POINT('',(4.298793046516,45.324532534798));
#4081 = CARTESIAN_POINT('',(4.310999510582,45.823507662805));
#4082 = CARTESIAN_POINT('',(4.324869098306,46.310367576693));
#4083 = CARTESIAN_POINT('',(4.340405301728,46.782820768129));
#4084 = CARTESIAN_POINT('',(4.362789466306,47.374574887833));
#4085 = CARTESIAN_POINT('',(4.368111687069,47.509706076213));
#4086 = CARTESIAN_POINT('',(4.373586894325,47.643221479134));
#4087 = CARTESIAN_POINT('',(4.379215953478,47.775041591014));
#4088 = CARTESIAN_POINT('',(4.384999869608,47.905079846548));
#4089 = CARTESIAN_POINT('',(4.398611298544,48.19876715577));
#4090 = CARTESIAN_POINT('',(4.406542907354,48.36116038717));
#4091 = CARTESIAN_POINT('',(4.414737223184,48.520223011791));
#4092 = CARTESIAN_POINT('',(4.423196886976,48.675724187058));
#4093 = CARTESIAN_POINT('',(4.431924571328,48.827401530942));
#4094 = CARTESIAN_POINT('',(4.4524981728,49.164775856097));
#4095 = CARTESIAN_POINT('',(4.464524044978,49.347821196304));
#4096 = CARTESIAN_POINT('',(4.477003175454,49.523403985659));
#4097 = CARTESIAN_POINT('',(4.489936974074,49.690751940524));
#4098 = CARTESIAN_POINT('',(4.503325991916,49.84901197119));
#4099 = CARTESIAN_POINT('',(4.545617365199,50.301844834746));
#4100 = CARTESIAN_POINT('',(4.576312371611,50.567607546609));
#4101 = CARTESIAN_POINT('',(4.608823383919,50.779080587551));
#4102 = CARTESIAN_POINT('',(4.642671121411,50.925467380548));
#4103 = CARTESIAN_POINT('',(4.677362203725,51.));
#4104 = CARTESIAN_POINT('',(4.712388980385,51.));
#4105 = ( GEOMETRIC_REPRESENTATION_CONTEXT(2) 
PARAMETRIC_REPRESENTATION_CONTEXT() REPRESENTATION_CONTEXT('2D SPACE',''
  ) );
#4106 = PCURVE('',#4107,#4112);
#4107 = CYLINDRICAL_SURFACE('',#4108,10.);
#4108 = AXIS2_PLACEMENT_3D('',#4109,#4110,#4111);
#4109 = CARTESIAN_POINT('',(25.,-51.,40.));
#4110 = DIRECTION('',(0.,1.,0.));
#4111 = DIRECTION('',(0.,-0.,1.));
#4112 = DEFINITIONAL_REPRESENTATION('',(#4113),#4221);
#4113 = B_SPLINE_CURVE_WITH_KNOTS('',6,(#4114,#4115,#4116,#4117,#4118,
    #4119,#4120,#4121,#4122,#4123,#4124,#4125,#4126,#4127,#4128,#4129,
    #4130,#4131,#4132,#4133,#4134,#4135,#4136,#4137,#4138,#4139,#4140,
    #4141,#4142,#4143,#4144,#4145,#4146,#4147,#4148,#4149,#4150,#4151,
    #4152,#4153,#4154,#4155,#4156,#4157,#4158,#4159,#4160,#4161,#4162,
    #4163,#4164,#4165,#4166,#4167,#4168,#4169,#4170,#4171,#4172,#4173,
    #4174,#4175,#4176,#4177,#4178,#4179,#4180,#4181,#4182,#4183,#4184,
    #4185,#4186,#4187,#4188,#4189,#4190,#4191,#4192,#4193,#4194,#4195,
    #4196,#4197,#4198,#4199,#4200,#4201,#4202,#4203,#4204,#4205,#4206,
    #4207,#4208,#4209,#4210,#4211,#4212,#4213,#4214,#4215,#4216,#4217,
    #4218,#4219,#4220),.UNSPECIFIED.,.F.,.F.,(7,5,5,5,5,5,5,5,5,5,5,5,5,
    5,5,5,5,5,5,5,5,7),(0.,6.039293948185E-02,8.917845087869E-02,
    0.11226910762,0.130193359491,0.188534396043,0.250009385592,
    0.310757932315,0.370744572835,0.410219752147,0.439617404495,
    0.500023682222,0.560418065082,0.611149621753,0.68953362803,
    0.750045572412,0.810782081522,0.869683925813,0.887373978084,
    0.910220999744,0.939610491221,1.),.UNSPECIFIED.);
#4114 = CARTESIAN_POINT('',(0.,28.5));
#4115 = CARTESIAN_POINT('',(7.879472891084E-02,28.5));
#4116 = CARTESIAN_POINT('',(0.156832305062,28.533112221721));
#4117 = CARTESIAN_POINT('',(0.233679518961,28.59814605491));
#4118 = CARTESIAN_POINT('',(0.308861965137,28.690602289445));
#4119 = CARTESIAN_POINT('',(0.381785676473,28.803091994307));
#4120 = CARTESIAN_POINT('',(0.484826100227,28.986382369414));
#4121 = CARTESIAN_POINT('',(0.517552352185,29.048510405955));
#4122 = CARTESIAN_POINT('',(0.549774045713,29.112995309906));
#4123 = CARTESIAN_POINT('',(0.58151657999,29.179266577259));
#4124 = CARTESIAN_POINT('',(0.61280346981,29.24679542295));
#4125 = CARTESIAN_POINT('',(0.668408718933,29.3698901264));
#4126 = CARTESIAN_POINT('',(0.692885618895,29.425189100162));
#4127 = CARTESIAN_POINT('',(0.717105394882,29.48075878854));
#4128 = CARTESIAN_POINT('',(0.741084376497,29.536379379781));
#4129 = CARTESIAN_POINT('',(0.764838734915,29.591848694273));
#4130 = CARTESIAN_POINT('',(0.806662001872,29.689779865765));
#4131 = CARTESIAN_POINT('',(0.824813642035,29.732374395497));
#4132 = CARTESIAN_POINT('',(0.84284676027,29.774678888068));
#4133 = CARTESIAN_POINT('',(0.860768429792,29.816610879257));
#4134 = CARTESIAN_POINT('',(0.878585440135,29.858092326298));
#4135 = CARTESIAN_POINT('',(0.95397680099,30.032360067857));
#4136 = CARTESIAN_POINT('',(1.010642392581,30.160191440589));
#4137 = CARTESIAN_POINT('',(1.066484937002,30.279897269199));
#4138 = CARTESIAN_POINT('',(1.12167311735,30.389286854029));
#4139 = CARTESIAN_POINT('',(1.176368732703,30.486559187443));
#4140 = CARTESIAN_POINT('',(1.288021696338,30.658409573053));
#4141 = CARTESIAN_POINT('',(1.344934249681,30.731475706257));
#4142 = CARTESIAN_POINT('',(1.401569733348,30.787575212676));
#4143 = CARTESIAN_POINT('',(1.458025659852,30.82542010216));
#4144 = CARTESIAN_POINT('',(1.514400529009,30.844355629254));
#4145 = CARTESIAN_POINT('',(1.626525701975,30.844355629254));
#4146 = CARTESIAN_POINT('',(1.68223530161,30.825864974307));
#4147 = CARTESIAN_POINT('',(1.738023103459,30.788908097714));
#4148 = CARTESIAN_POINT('',(1.793983820538,30.734109764541));
#4149 = CARTESIAN_POINT('',(1.850211203598,30.662699484596));
#4150 = CARTESIAN_POINT('',(1.962676095459,30.49129029116));
#4151 = CARTESIAN_POINT('',(2.018893737342,30.391677737292));
#4152 = CARTESIAN_POINT('',(2.075627984693,30.279205816965));
#4153 = CARTESIAN_POINT('',(2.133056742596,30.155831743513));
#4154 = CARTESIAN_POINT('',(2.19136141254,30.023938013502));
#4155 = CARTESIAN_POINT('',(2.289821375176,29.795936926783));
#4156 = CARTESIAN_POINT('',(2.329377310378,29.70298689722));
#4157 = CARTESIAN_POINT('',(2.369488184292,29.608359000076));
#4158 = CARTESIAN_POINT('',(2.410230608749,29.51294039333));
#4159 = CARTESIAN_POINT('',(2.45168343386,29.417751971808));
#4160 = CARTESIAN_POINT('',(2.525391420383,29.254140343432));
#4161 = CARTESIAN_POINT('',(2.557300909061,29.185070480076));
#4162 = CARTESIAN_POINT('',(2.589683628944,29.117276790156));
#4163 = CARTESIAN_POINT('',(2.622564749274,29.051319868931));
#4164 = CARTESIAN_POINT('',(2.655971453672,28.987805882096));
#4165 = CARTESIAN_POINT('',(2.759723321979,28.803221989978));
#4166 = CARTESIAN_POINT('',(2.832662023365,28.690686401555));
#4167 = CARTESIAN_POINT('',(2.907862227323,28.598187535964));
#4168 = CARTESIAN_POINT('',(2.984727656018,28.533125274055));
#4169 = CARTESIAN_POINT('',(3.062782406104,28.5));
#4170 = CARTESIAN_POINT('',(3.220387382202,28.5));
#4171 = CARTESIAN_POINT('',(3.298424959597,28.533112222167));
#4172 = CARTESIAN_POINT('',(3.375272171245,28.59814605377));
#4173 = CARTESIAN_POINT('',(3.450454619632,28.690602290604));
#4174 = CARTESIAN_POINT('',(3.523378329789,28.80309199382));
#4175 = CARTESIAN_POINT('',(3.651774710016,29.03148605352));
#4176 = CARTESIAN_POINT('',(3.708699359769,29.144901060255));
#4177 = CARTESIAN_POINT('',(3.764116802984,29.264154748955));
#4178 = CARTESIAN_POINT('',(3.8181850947,29.3863661967));
#4179 = CARTESIAN_POINT('',(3.87105593159,29.509118008687));
#4180 = CARTESIAN_POINT('',(4.00294386749,29.817694775284));
#4181 = CARTESIAN_POINT('',(4.080668443179,30.001813085823));
#4182 = CARTESIAN_POINT('',(4.156563822251,30.175111692534));
#4183 = CARTESIAN_POINT('',(4.2310731238,30.331816351559));
#4184 = CARTESIAN_POINT('',(4.304621076732,30.467413069307));
#4185 = CARTESIAN_POINT('',(4.434012680923,30.66401620124));
#4186 = CARTESIAN_POINT('',(4.490028336555,30.734917967627));
#4187 = CARTESIAN_POINT('',(4.545780490299,30.789316999829));
#4188 = CARTESIAN_POINT('',(4.601361744121,30.826001453261));
#4189 = CARTESIAN_POINT('',(4.65686565525,30.844355629254));
#4190 = CARTESIAN_POINT('',(4.768118357078,30.844355629254));
#4191 = CARTESIAN_POINT('',(4.823827958918,30.825864973304));
#4192 = CARTESIAN_POINT('',(4.879615762691,30.788908093835));
#4193 = CARTESIAN_POINT('',(4.935576480465,30.734109757327));
#4194 = CARTESIAN_POINT('',(4.991803862031,30.662699477214));
#4195 = CARTESIAN_POINT('',(5.103269130412,30.492813822828));
#4196 = CARTESIAN_POINT('',(5.158476460402,30.395235065732));
#4197 = CARTESIAN_POINT('',(5.214179534568,30.285223436472));
#4198 = CARTESIAN_POINT('',(5.270545978099,30.164628862138));
#4199 = CARTESIAN_POINT('',(5.327746776523,30.03569650775));
#4200 = CARTESIAN_POINT('',(5.403458164362,29.86074367723));
#4201 = CARTESIAN_POINT('',(5.421040278852,29.819822448869));
#4202 = CARTESIAN_POINT('',(5.438724070946,29.77845871881));
#4203 = CARTESIAN_POINT('',(5.456516060008,29.736727400071));
#4204 = CARTESIAN_POINT('',(5.474423036138,29.694707583679));
#4205 = CARTESIAN_POINT('',(5.515736869964,29.597948131245));
#4206 = CARTESIAN_POINT('',(5.539225007565,29.543072594213));
#4207 = CARTESIAN_POINT('',(5.562931927909,29.488034205138));
#4208 = CARTESIAN_POINT('',(5.586873262684,29.433028012598));
#4209 = CARTESIAN_POINT('',(5.611064820329,29.378265836176));
#4210 = CARTESIAN_POINT('',(5.666984073973,29.254140343432));
#4211 = CARTESIAN_POINT('',(5.69889356265,29.185070480076));
#4212 = CARTESIAN_POINT('',(5.731276282534,29.117276790157));
#4213 = CARTESIAN_POINT('',(5.764157402864,29.051319868931));
#4214 = CARTESIAN_POINT('',(5.797564107262,28.987805882096));
#4215 = CARTESIAN_POINT('',(5.901315975571,28.803221989973));
#4216 = CARTESIAN_POINT('',(5.974254676953,28.690686401558));
#4217 = CARTESIAN_POINT('',(6.04945488091,28.598187535967));
#4218 = CARTESIAN_POINT('',(6.126320309607,28.533125274053));
#4219 = CARTESIAN_POINT('',(6.204375059696,28.5));
#4220 = CARTESIAN_POINT('',(6.28318530718,28.5));
#4221 = ( GEOMETRIC_REPRESENTATION_CONTEXT(2) 
PARAMETRIC_REPRESENTATION_CONTEXT() REPRESENTATION_CONTEXT('2D SPACE',''
  ) );
#4222 = ADVANCED_FACE('',(#4223),#908,.F.);
#4223 = FACE_BOUND('',#4224,.F.);
#4224 = EDGE_LOOP('',(#4225,#4249,#4270,#4271));
#4225 = ORIENTED_EDGE('',*,*,#4226,.F.);
#4226 = EDGE_CURVE('',#4227,#4227,#4229,.T.);
#4227 = VERTEX_POINT('',#4228);
#4228 = CARTESIAN_POINT('',(48.,24.,80.));
#4229 = SURFACE_CURVE('',#4230,(#4235,#4242),.PCURVE_S1.);
#4230 = CIRCLE('',#4231,5.);
#4231 = AXIS2_PLACEMENT_3D('',#4232,#4233,#4234);
#4232 = CARTESIAN_POINT('',(43.,24.,80.));
#4233 = DIRECTION('',(0.,0.,1.));
#4234 = DIRECTION('',(1.,0.,-0.));
#4235 = PCURVE('',#908,#4236);
#4236 = DEFINITIONAL_REPRESENTATION('',(#4237),#4241);
#4237 = LINE('',#4238,#4239);
#4238 = CARTESIAN_POINT('',(0.,81.));
#4239 = VECTOR('',#4240,1.);
#4240 = DIRECTION('',(1.,0.));
#4241 = ( GEOMETRIC_REPRESENTATION_CONTEXT(2) 
PARAMETRIC_REPRESENTATION_CONTEXT() REPRESENTATION_CONTEXT('2D SPACE',''
  ) );
#4242 = PCURVE('',#942,#4243);
#4243 = DEFINITIONAL_REPRESENTATION('',(#4244),#4248);
#4244 = CIRCLE('',#4245,5.);
#4245 = AXIS2_PLACEMENT_2D('',#4246,#4247);
#4246 = CARTESIAN_POINT('',(18.,24.));
#4247 = DIRECTION('',(1.,0.));
#4248 = ( GEOMETRIC_REPRESENTATION_CONTEXT(2) 
PARAMETRIC_REPRESENTATION_CONTEXT() REPRESENTATION_CONTEXT('2D SPACE',''
  ) );
#4249 = ORIENTED_EDGE('',*,*,#4250,.F.);
#4250 = EDGE_CURVE('',#892,#4227,#4251,.T.);
#4251 = SEAM_CURVE('',#4252,(#4256,#4263),.PCURVE_S1.);
#4252 = LINE('',#4253,#4254);
#4253 = CARTESIAN_POINT('',(48.,24.,-1.));
#4254 = VECTOR('',#4255,1.);
#4255 = DIRECTION('',(0.,0.,1.));
#4256 = PCURVE('',#908,#4257);
#4257 = DEFINITIONAL_REPRESENTATION('',(#4258),#4262);
#4258 = LINE('',#4259,#4260);
#4259 = CARTESIAN_POINT('',(6.28318530718,-0.));
#4260 = VECTOR('',#4261,1.);
#4261 = DIRECTION('',(0.,1.));
#4262 = ( GEOMETRIC_REPRESENTATION_CONTEXT(2) 
PARAMETRIC_REPRESENTATION_CONTEXT() REPRESENTATION_CONTEXT('2D SPACE',''
  ) );
#4263 = PCURVE('',#908,#4264);
#4264 = DEFINITIONAL_REPRESENTATION('',(#4265),#4269);
#4265 = LINE('',#4266,#4267);
#4266 = CARTESIAN_POINT('',(0.,-0.));
#4267 = VECTOR('',#4268,1.);
#4268 = DIRECTION('',(0.,1.));
#4269 = ( GEOMETRIC_REPRESENTATION_CONTEXT(2) 
PARAMETRIC_REPRESENTATION_CONTEXT() REPRESENTATION_CONTEXT('2D SPACE',''
  ) );
#4270 = ORIENTED_EDGE('',*,*,#891,.T.);
#4271 = ORIENTED_EDGE('',*,*,#4250,.T.);
#4272 = ADVANCED_FACE('',(#4273,#4337,#4340,#4343,#4346,#4389),#942,.T.
  );
#4273 = FACE_BOUND('',#4274,.T.);
#4274 = EDGE_LOOP('',(#4275,#4276,#4277,#4298,#4299,#4300,#4301,#4302,
    #4303,#4304,#4305,#4306,#4307,#4308,#4329,#4330,#4331,#4332,#4333,
    #4334,#4335,#4336));
#4275 = ORIENTED_EDGE('',*,*,#923,.F.);
#4276 = ORIENTED_EDGE('',*,*,#1002,.T.);
#4277 = ORIENTED_EDGE('',*,*,#4278,.T.);
#4278 = EDGE_CURVE('',#1003,#1605,#4279,.T.);
#4279 = SURFACE_CURVE('',#4280,(#4284,#4291),.PCURVE_S1.);
#4280 = LINE('',#4281,#4282);
#4281 = CARTESIAN_POINT('',(-35.,16.,80.));
#4282 = VECTOR('',#4283,1.);
#4283 = DIRECTION('',(0.,1.,0.));
#4284 = PCURVE('',#942,#4285);
#4285 = DEFINITIONAL_REPRESENTATION('',(#4286),#4290);
#4286 = LINE('',#4287,#4288);
#4287 = CARTESIAN_POINT('',(-60.,16.));
#4288 = VECTOR('',#4289,1.);
#4289 = DIRECTION('',(0.,1.));
#4290 = ( GEOMETRIC_REPRESENTATION_CONTEXT(2) 
PARAMETRIC_REPRESENTATION_CONTEXT() REPRESENTATION_CONTEXT('2D SPACE',''
  ) );
#4291 = PCURVE('',#1041,#4292);
#4292 = DEFINITIONAL_REPRESENTATION('',(#4293),#4297);
#4293 = LINE('',#4294,#4295);
#4294 = CARTESIAN_POINT('',(80.,0.));
#4295 = VECTOR('',#4296,1.);
#4296 = DIRECTION('',(0.,-1.));
#4297 = ( GEOMETRIC_REPRESENTATION_CONTEXT(2) 
PARAMETRIC_REPRESENTATION_CONTEXT() REPRESENTATION_CONTEXT('2D SPACE',''
  ) );
#4298 = ORIENTED_EDGE('',*,*,#1604,.F.);
#4299 = ORIENTED_EDGE('',*,*,#1749,.F.);
#4300 = ORIENTED_EDGE('',*,*,#1822,.T.);
#4301 = ORIENTED_EDGE('',*,*,#1921,.T.);
#4302 = ORIENTED_EDGE('',*,*,#2040,.F.);
#4303 = ORIENTED_EDGE('',*,*,#2139,.F.);
#4304 = ORIENTED_EDGE('',*,*,#2275,.T.);
#4305 = ORIENTED_EDGE('',*,*,#2367,.T.);
#4306 = ORIENTED_EDGE('',*,*,#2859,.T.);
#4307 = ORIENTED_EDGE('',*,*,#2414,.F.);
#4308 = ORIENTED_EDGE('',*,*,#4309,.F.);
#4309 = EDGE_CURVE('',#2222,#2415,#4310,.T.);
#4310 = SURFACE_CURVE('',#4311,(#4315,#4322),.PCURVE_S1.);
#4311 = LINE('',#4312,#4313);
#4312 = CARTESIAN_POINT('',(35.,-32.,80.));
#4313 = VECTOR('',#4314,1.);
#4314 = DIRECTION('',(0.,1.,0.));
#4315 = PCURVE('',#942,#4316);
#4316 = DEFINITIONAL_REPRESENTATION('',(#4317),#4321);
#4317 = LINE('',#4318,#4319);
#4318 = CARTESIAN_POINT('',(10.,-32.));
#4319 = VECTOR('',#4320,1.);
#4320 = DIRECTION('',(0.,1.));
#4321 = ( GEOMETRIC_REPRESENTATION_CONTEXT(2) 
PARAMETRIC_REPRESENTATION_CONTEXT() REPRESENTATION_CONTEXT('2D SPACE',''
  ) );
#4322 = PCURVE('',#2237,#4323);
#4323 = DEFINITIONAL_REPRESENTATION('',(#4324),#4328);
#4324 = LINE('',#4325,#4326);
#4325 = CARTESIAN_POINT('',(80.,0.));
#4326 = VECTOR('',#4327,1.);
#4327 = DIRECTION('',(0.,-1.));
#4328 = ( GEOMETRIC_REPRESENTATION_CONTEXT(2) 
PARAMETRIC_REPRESENTATION_CONTEXT() REPRESENTATION_CONTEXT('2D SPACE',''
  ) );
#4329 = ORIENTED_EDGE('',*,*,#2249,.T.);
#4330 = ORIENTED_EDGE('',*,*,#2090,.T.);
#4331 = ORIENTED_EDGE('',*,*,#1969,.F.);
#4332 = ORIENTED_EDGE('',*,*,#1867,.F.);
#4333 = ORIENTED_EDGE('',*,*,#1795,.T.);
#4334 = ORIENTED_EDGE('',*,*,#1700,.T.);
#4335 = ORIENTED_EDGE('',*,*,#1532,.F.);
#4336 = ORIENTED_EDGE('',*,*,#1434,.F.);
#4337 = FACE_BOUND('',#4338,.T.);
#4338 = EDGE_LOOP('',(#4339));
#4339 = ORIENTED_EDGE('',*,*,#2885,.F.);
#4340 = FACE_BOUND('',#4341,.T.);
#4341 = EDGE_LOOP('',(#4342));
#4342 = ORIENTED_EDGE('',*,*,#2935,.F.);
#4343 = FACE_BOUND('',#4344,.T.);
#4344 = EDGE_LOOP('',(#4345));
#4345 = ORIENTED_EDGE('',*,*,#2985,.F.);
#4346 = FACE_BOUND('',#4347,.T.);
#4347 = EDGE_LOOP('',(#4348,#4349,#4368,#4369,#4370));
#4348 = ORIENTED_EDGE('',*,*,#3163,.F.);
#4349 = ORIENTED_EDGE('',*,*,#4350,.F.);
#4350 = EDGE_CURVE('',#3814,#3164,#4351,.T.);
#4351 = SURFACE_CURVE('',#4352,(#4356,#4362),.PCURVE_S1.);
#4352 = LINE('',#4353,#4354);
#4353 = CARTESIAN_POINT('',(10.,3.,80.));
#4354 = VECTOR('',#4355,1.);
#4355 = DIRECTION('',(-1.,0.,0.));
#4356 = PCURVE('',#942,#4357);
#4357 = DEFINITIONAL_REPRESENTATION('',(#4358),#4361);
#4358 = B_SPLINE_CURVE_WITH_KNOTS('',1,(#4359,#4360),.UNSPECIFIED.,.F.,
  .F.,(2,2),(5.,15.),.PIECEWISE_BEZIER_KNOTS.);
#4359 = CARTESIAN_POINT('',(-20.,3.));
#4360 = CARTESIAN_POINT('',(-30.,3.));
#4361 = ( GEOMETRIC_REPRESENTATION_CONTEXT(2) 
PARAMETRIC_REPRESENTATION_CONTEXT() REPRESENTATION_CONTEXT('2D SPACE',''
  ) );
#4362 = PCURVE('',#3202,#4363);
#4363 = DEFINITIONAL_REPRESENTATION('',(#4364),#4367);
#4364 = B_SPLINE_CURVE_WITH_KNOTS('',1,(#4365,#4366),.UNSPECIFIED.,.F.,
  .F.,(2,2),(5.,15.),.PIECEWISE_BEZIER_KNOTS.);
#4365 = CARTESIAN_POINT('',(3.,10.));
#4366 = CARTESIAN_POINT('',(3.,0.));
#4367 = ( GEOMETRIC_REPRESENTATION_CONTEXT(2) 
PARAMETRIC_REPRESENTATION_CONTEXT() REPRESENTATION_CONTEXT('2D SPACE',''
  ) );
#4368 = ORIENTED_EDGE('',*,*,#3834,.F.);
#4369 = ORIENTED_EDGE('',*,*,#3744,.F.);
#4370 = ORIENTED_EDGE('',*,*,#4371,.T.);
#4371 = EDGE_CURVE('',#3745,#3138,#4372,.T.);
#4372 = SURFACE_CURVE('',#4373,(#4377,#4383),.PCURVE_S1.);
#4373 = LINE('',#4374,#4375);
#4374 = CARTESIAN_POINT('',(10.,-3.,80.));
#4375 = VECTOR('',#4376,1.);
#4376 = DIRECTION('',(-1.,0.,0.));
#4377 = PCURVE('',#942,#4378);
#4378 = DEFINITIONAL_REPRESENTATION('',(#4379),#4382);
#4379 = B_SPLINE_CURVE_WITH_KNOTS('',1,(#4380,#4381),.UNSPECIFIED.,.F.,
  .F.,(2,2),(5.,15.),.PIECEWISE_BEZIER_KNOTS.);
#4380 = CARTESIAN_POINT('',(-20.,-3.));
#4381 = CARTESIAN_POINT('',(-30.,-3.));
#4382 = ( GEOMETRIC_REPRESENTATION_CONTEXT(2) 
PARAMETRIC_REPRESENTATION_CONTEXT() REPRESENTATION_CONTEXT('2D SPACE',''
  ) );
#4383 = PCURVE('',#3152,#4384);
#4384 = DEFINITIONAL_REPRESENTATION('',(#4385),#4388);
#4385 = B_SPLINE_CURVE_WITH_KNOTS('',1,(#4386,#4387),.UNSPECIFIED.,.F.,
  .F.,(2,2),(5.,15.),.PIECEWISE_BEZIER_KNOTS.);
#4386 = CARTESIAN_POINT('',(3.,10.));
#4387 = CARTESIAN_POINT('',(3.,0.));
#4388 = ( GEOMETRIC_REPRESENTATION_CONTEXT(2) 
PARAMETRIC_REPRESENTATION_CONTEXT() REPRESENTATION_CONTEXT('2D SPACE',''
  ) );
#4389 = FACE_BOUND('',#4390,.T.);
#4390 = EDGE_LOOP('',(#4391));
#4391 = ORIENTED_EDGE('',*,*,#4226,.F.);
#4392 = ADVANCED_FACE('',(#4393),#1086,.T.);
#4393 = FACE_BOUND('',#4394,.T.);
#4394 = EDGE_LOOP('',(#4395,#4418,#4445,#4446,#4447,#4448,#4449,#4468));
#4395 = ORIENTED_EDGE('',*,*,#4396,.T.);
#4396 = EDGE_CURVE('',#1053,#4397,#4399,.T.);
#4397 = VERTEX_POINT('',#4398);
#4398 = CARTESIAN_POINT('',(-25.,50.,55.));
#4399 = SEAM_CURVE('',#4400,(#4404,#4411),.PCURVE_S1.);
#4400 = LINE('',#4401,#4402);
#4401 = CARTESIAN_POINT('',(-25.,25.,55.));
#4402 = VECTOR('',#4403,1.);
#4403 = DIRECTION('',(0.,1.,0.));
#4404 = PCURVE('',#1086,#4405);
#4405 = DEFINITIONAL_REPRESENTATION('',(#4406),#4410);
#4406 = LINE('',#4407,#4408);
#4407 = CARTESIAN_POINT('',(6.28318530718,-0.));
#4408 = VECTOR('',#4409,1.);
#4409 = DIRECTION('',(0.,1.));
#4410 = ( GEOMETRIC_REPRESENTATION_CONTEXT(2) 
PARAMETRIC_REPRESENTATION_CONTEXT() REPRESENTATION_CONTEXT('2D SPACE',''
  ) );
#4411 = PCURVE('',#1086,#4412);
#4412 = DEFINITIONAL_REPRESENTATION('',(#4413),#4417);
#4413 = LINE('',#4414,#4415);
#4414 = CARTESIAN_POINT('',(0.,-0.));
#4415 = VECTOR('',#4416,1.);
#4416 = DIRECTION('',(0.,1.));
#4417 = ( GEOMETRIC_REPRESENTATION_CONTEXT(2) 
PARAMETRIC_REPRESENTATION_CONTEXT() REPRESENTATION_CONTEXT('2D SPACE',''
  ) );
#4418 = ORIENTED_EDGE('',*,*,#4419,.F.);
#4419 = EDGE_CURVE('',#4397,#4397,#4420,.T.);
#4420 = SURFACE_CURVE('',#4421,(#4426,#4433),.PCURVE_S1.);
#4421 = CIRCLE('',#4422,15.);
#4422 = AXIS2_PLACEMENT_3D('',#4423,#4424,#4425);
#4423 = CARTESIAN_POINT('',(-25.,50.,40.));
#4424 = DIRECTION('',(0.,1.,0.));
#4425 = DIRECTION('',(0.,-0.,1.));
#4426 = PCURVE('',#1086,#4427);
#4427 = DEFINITIONAL_REPRESENTATION('',(#4428),#4432);
#4428 = LINE('',#4429,#4430);
#4429 = CARTESIAN_POINT('',(0.,25.));
#4430 = VECTOR('',#4431,1.);
#4431 = DIRECTION('',(1.,0.));
#4432 = ( GEOMETRIC_REPRESENTATION_CONTEXT(2) 
PARAMETRIC_REPRESENTATION_CONTEXT() REPRESENTATION_CONTEXT('2D SPACE',''
  ) );
#4433 = PCURVE('',#4434,#4439);
#4434 = PLANE('',#4435);
#4435 = AXIS2_PLACEMENT_3D('',#4436,#4437,#4438);
#4436 = CARTESIAN_POINT('',(-25.,50.,40.));
#4437 = DIRECTION('',(0.,1.,0.));
#4438 = DIRECTION('',(0.,-0.,1.));
#4439 = DEFINITIONAL_REPRESENTATION('',(#4440),#4444);
#4440 = CIRCLE('',#4441,15.);
#4441 = AXIS2_PLACEMENT_2D('',#4442,#4443);
#4442 = CARTESIAN_POINT('',(0.,0.));
#4443 = DIRECTION('',(1.,0.));
#4444 = ( GEOMETRIC_REPRESENTATION_CONTEXT(2) 
PARAMETRIC_REPRESENTATION_CONTEXT() REPRESENTATION_CONTEXT('2D SPACE',''
  ) );
#4445 = ORIENTED_EDGE('',*,*,#4396,.F.);
#4446 = ORIENTED_EDGE('',*,*,#1107,.T.);
#4447 = ORIENTED_EDGE('',*,*,#1483,.T.);
#4448 = ORIENTED_EDGE('',*,*,#1650,.T.);
#4449 = ORIENTED_EDGE('',*,*,#4450,.F.);
#4450 = EDGE_CURVE('',#1027,#1628,#4451,.T.);
#4451 = SURFACE_CURVE('',#4452,(#4456,#4462),.PCURVE_S1.);
#4452 = LINE('',#4453,#4454);
#4453 = CARTESIAN_POINT('',(-35.,25.,51.180339887499));
#4454 = VECTOR('',#4455,1.);
#4455 = DIRECTION('',(0.,1.,0.));
#4456 = PCURVE('',#1086,#4457);
#4457 = DEFINITIONAL_REPRESENTATION('',(#4458),#4461);
#4458 = B_SPLINE_CURVE_WITH_KNOTS('',1,(#4459,#4460),.UNSPECIFIED.,.F.,
  .F.,(2,2),(2.912698372208,7.371572875254),.PIECEWISE_BEZIER_KNOTS.);
#4459 = CARTESIAN_POINT('',(5.553457650953,2.912698372208));
#4460 = CARTESIAN_POINT('',(5.553457650953,7.371572875254));
#4461 = ( GEOMETRIC_REPRESENTATION_CONTEXT(2) 
PARAMETRIC_REPRESENTATION_CONTEXT() REPRESENTATION_CONTEXT('2D SPACE',''
  ) );
#4462 = PCURVE('',#1041,#4463);
#4463 = DEFINITIONAL_REPRESENTATION('',(#4464),#4467);
#4464 = B_SPLINE_CURVE_WITH_KNOTS('',1,(#4465,#4466),.UNSPECIFIED.,.F.,
  .F.,(2,2),(2.912698372208,7.371572875254),.PIECEWISE_BEZIER_KNOTS.);
#4465 = CARTESIAN_POINT('',(51.180339887499,-11.9126983722));
#4466 = CARTESIAN_POINT('',(51.180339887499,-16.37157287525));
#4467 = ( GEOMETRIC_REPRESENTATION_CONTEXT(2) 
PARAMETRIC_REPRESENTATION_CONTEXT() REPRESENTATION_CONTEXT('2D SPACE',''
  ) );
#4468 = ORIENTED_EDGE('',*,*,#1052,.T.);
#4469 = ADVANCED_FACE('',(#4470),#1041,.T.);
#4470 = FACE_BOUND('',#4471,.T.);
#4471 = EDGE_LOOP('',(#4472,#4473,#4474,#4475));
#4472 = ORIENTED_EDGE('',*,*,#4278,.F.);
#4473 = ORIENTED_EDGE('',*,*,#1026,.T.);
#4474 = ORIENTED_EDGE('',*,*,#4450,.T.);
#4475 = ORIENTED_EDGE('',*,*,#1627,.T.);
#4476 = ADVANCED_FACE('',(#4477),#2237,.F.);
#4477 = FACE_BOUND('',#4478,.F.);
#4478 = EDGE_LOOP('',(#4479,#4480,#4481,#4500));
#4479 = ORIENTED_EDGE('',*,*,#4309,.F.);
#4480 = ORIENTED_EDGE('',*,*,#2221,.F.);
#4481 = ORIENTED_EDGE('',*,*,#4482,.F.);
#4482 = EDGE_CURVE('',#2445,#2189,#4483,.T.);
#4483 = SURFACE_CURVE('',#4484,(#4488,#4494),.PCURVE_S1.);
#4484 = LINE('',#4485,#4486);
#4485 = CARTESIAN_POINT('',(35.,-25.,51.180339887499));
#4486 = VECTOR('',#4487,1.);
#4487 = DIRECTION('',(0.,-1.,0.));
#4488 = PCURVE('',#2237,#4489);
#4489 = DEFINITIONAL_REPRESENTATION('',(#4490),#4493);
#4490 = B_SPLINE_CURVE_WITH_KNOTS('',1,(#4491,#4492),.UNSPECIFIED.,.F.,
  .F.,(2,2),(2.912698372208,7.371572875254),.PIECEWISE_BEZIER_KNOTS.);
#4491 = CARTESIAN_POINT('',(51.180339887499,-4.087301627792));
#4492 = CARTESIAN_POINT('',(51.180339887499,0.371572875254));
#4493 = ( GEOMETRIC_REPRESENTATION_CONTEXT(2) 
PARAMETRIC_REPRESENTATION_CONTEXT() REPRESENTATION_CONTEXT('2D SPACE',''
  ) );
#4494 = PCURVE('',#2209,#4495);
#4495 = DEFINITIONAL_REPRESENTATION('',(#4496),#4499);
#4496 = B_SPLINE_CURVE_WITH_KNOTS('',1,(#4497,#4498),.UNSPECIFIED.,.F.,
  .F.,(2,2),(2.912698372208,7.371572875254),.PIECEWISE_BEZIER_KNOTS.);
#4497 = CARTESIAN_POINT('',(2.411864997363,2.912698372208));
#4498 = CARTESIAN_POINT('',(2.411864997363,7.371572875254));
#4499 = ( GEOMETRIC_REPRESENTATION_CONTEXT(2) 
PARAMETRIC_REPRESENTATION_CONTEXT() REPRESENTATION_CONTEXT('2D SPACE',''
  ) );
#4500 = ORIENTED_EDGE('',*,*,#2444,.F.);
#4501 = ADVANCED_FACE('',(#4502),#2209,.T.);
#4502 = FACE_BOUND('',#4503,.T.);
#4503 = EDGE_LOOP('',(#4504,#4527,#4554,#4555,#4556,#4557,#4558,#4559));
#4504 = ORIENTED_EDGE('',*,*,#4505,.T.);
#4505 = EDGE_CURVE('',#2466,#4506,#4508,.T.);
#4506 = VERTEX_POINT('',#4507);
#4507 = CARTESIAN_POINT('',(25.,-50.,25.));
#4508 = SEAM_CURVE('',#4509,(#4513,#4520),.PCURVE_S1.);
#4509 = LINE('',#4510,#4511);
#4510 = CARTESIAN_POINT('',(25.,-25.,25.));
#4511 = VECTOR('',#4512,1.);
#4512 = DIRECTION('',(0.,-1.,0.));
#4513 = PCURVE('',#2209,#4514);
#4514 = DEFINITIONAL_REPRESENTATION('',(#4515),#4519);
#4515 = LINE('',#4516,#4517);
#4516 = CARTESIAN_POINT('',(6.28318530718,-0.));
#4517 = VECTOR('',#4518,1.);
#4518 = DIRECTION('',(0.,1.));
#4519 = ( GEOMETRIC_REPRESENTATION_CONTEXT(2) 
PARAMETRIC_REPRESENTATION_CONTEXT() REPRESENTATION_CONTEXT('2D SPACE',''
  ) );
#4520 = PCURVE('',#2209,#4521);
#4521 = DEFINITIONAL_REPRESENTATION('',(#4522),#4526);
#4522 = LINE('',#4523,#4524);
#4523 = CARTESIAN_POINT('',(0.,-0.));
#4524 = VECTOR('',#4525,1.);
#4525 = DIRECTION('',(0.,1.));
#4526 = ( GEOMETRIC_REPRESENTATION_CONTEXT(2) 
PARAMETRIC_REPRESENTATION_CONTEXT() REPRESENTATION_CONTEXT('2D SPACE',''
  ) );
#4527 = ORIENTED_EDGE('',*,*,#4528,.F.);
#4528 = EDGE_CURVE('',#4506,#4506,#4529,.T.);
#4529 = SURFACE_CURVE('',#4530,(#4535,#4542),.PCURVE_S1.);
#4530 = CIRCLE('',#4531,15.);
#4531 = AXIS2_PLACEMENT_3D('',#4532,#4533,#4534);
#4532 = CARTESIAN_POINT('',(25.,-50.,40.));
#4533 = DIRECTION('',(0.,-1.,0.));
#4534 = DIRECTION('',(0.,-0.,-1.));
#4535 = PCURVE('',#2209,#4536);
#4536 = DEFINITIONAL_REPRESENTATION('',(#4537),#4541);
#4537 = LINE('',#4538,#4539);
#4538 = CARTESIAN_POINT('',(0.,25.));
#4539 = VECTOR('',#4540,1.);
#4540 = DIRECTION('',(1.,0.));
#4541 = ( GEOMETRIC_REPRESENTATION_CONTEXT(2) 
PARAMETRIC_REPRESENTATION_CONTEXT() REPRESENTATION_CONTEXT('2D SPACE',''
  ) );
#4542 = PCURVE('',#4543,#4548);
#4543 = PLANE('',#4544);
#4544 = AXIS2_PLACEMENT_3D('',#4545,#4546,#4547);
#4545 = CARTESIAN_POINT('',(25.,-50.,40.));
#4546 = DIRECTION('',(0.,-1.,0.));
#4547 = DIRECTION('',(0.,-0.,-1.));
#4548 = DEFINITIONAL_REPRESENTATION('',(#4549),#4553);
#4549 = CIRCLE('',#4550,15.);
#4550 = AXIS2_PLACEMENT_2D('',#4551,#4552);
#4551 = CARTESIAN_POINT('',(0.,0.));
#4552 = DIRECTION('',(1.,0.));
#4553 = ( GEOMETRIC_REPRESENTATION_CONTEXT(2) 
PARAMETRIC_REPRESENTATION_CONTEXT() REPRESENTATION_CONTEXT('2D SPACE',''
  ) );
#4554 = ORIENTED_EDGE('',*,*,#4505,.F.);
#4555 = ORIENTED_EDGE('',*,*,#2785,.T.);
#4556 = ORIENTED_EDGE('',*,*,#2322,.T.);
#4557 = ORIENTED_EDGE('',*,*,#2188,.T.);
#4558 = ORIENTED_EDGE('',*,*,#4482,.F.);
#4559 = ORIENTED_EDGE('',*,*,#2465,.T.);
#4560 = ADVANCED_FACE('',(#4561),#3073,.F.);
#4561 = FACE_BOUND('',#4562,.F.);
#4562 = EDGE_LOOP('',(#4563,#4564,#4565,#4566,#4567));
#4563 = ORIENTED_EDGE('',*,*,#3625,.F.);
#4564 = ORIENTED_EDGE('',*,*,#3236,.F.);
#4565 = ORIENTED_EDGE('',*,*,#3056,.F.);
#4566 = ORIENTED_EDGE('',*,*,#3672,.T.);
#4567 = ORIENTED_EDGE('',*,*,#3859,.F.);
#4568 = ADVANCED_FACE('',(#4569),#3125,.T.);
#4569 = FACE_BOUND('',#4570,.T.);
#4570 = EDGE_LOOP('',(#4571,#4592,#4593,#4594,#4615));
#4571 = ORIENTED_EDGE('',*,*,#4572,.F.);
#4572 = EDGE_CURVE('',#3188,#3790,#4573,.T.);
#4573 = SURFACE_CURVE('',#4574,(#4578,#4585),.PCURVE_S1.);
#4574 = LINE('',#4575,#4576);
#4575 = CARTESIAN_POINT('',(-5.,3.,77.));
#4576 = VECTOR('',#4577,1.);
#4577 = DIRECTION('',(1.,0.,0.));
#4578 = PCURVE('',#3125,#4579);
#4579 = DEFINITIONAL_REPRESENTATION('',(#4580),#4584);
#4580 = LINE('',#4581,#4582);
#4581 = CARTESIAN_POINT('',(0.,6.));
#4582 = VECTOR('',#4583,1.);
#4583 = DIRECTION('',(1.,0.));
#4584 = ( GEOMETRIC_REPRESENTATION_CONTEXT(2) 
PARAMETRIC_REPRESENTATION_CONTEXT() REPRESENTATION_CONTEXT('2D SPACE',''
  ) );
#4585 = PCURVE('',#3202,#4586);
#4586 = DEFINITIONAL_REPRESENTATION('',(#4587),#4591);
#4587 = LINE('',#4588,#4589);
#4588 = CARTESIAN_POINT('',(0.,0.));
#4589 = VECTOR('',#4590,1.);
#4590 = DIRECTION('',(0.,1.));
#4591 = ( GEOMETRIC_REPRESENTATION_CONTEXT(2) 
PARAMETRIC_REPRESENTATION_CONTEXT() REPRESENTATION_CONTEXT('2D SPACE',''
  ) );
#4592 = ORIENTED_EDGE('',*,*,#3213,.F.);
#4593 = ORIENTED_EDGE('',*,*,#3108,.F.);
#4594 = ORIENTED_EDGE('',*,*,#4595,.T.);
#4595 = EDGE_CURVE('',#3109,#3769,#4596,.T.);
#4596 = SURFACE_CURVE('',#4597,(#4601,#4608),.PCURVE_S1.);
#4597 = LINE('',#4598,#4599);
#4598 = CARTESIAN_POINT('',(-5.,-3.,77.));
#4599 = VECTOR('',#4600,1.);
#4600 = DIRECTION('',(1.,0.,0.));
#4601 = PCURVE('',#3125,#4602);
#4602 = DEFINITIONAL_REPRESENTATION('',(#4603),#4607);
#4603 = LINE('',#4604,#4605);
#4604 = CARTESIAN_POINT('',(0.,0.));
#4605 = VECTOR('',#4606,1.);
#4606 = DIRECTION('',(1.,0.));
#4607 = ( GEOMETRIC_REPRESENTATION_CONTEXT(2) 
PARAMETRIC_REPRESENTATION_CONTEXT() REPRESENTATION_CONTEXT('2D SPACE',''
  ) );
#4608 = PCURVE('',#3152,#4609);
#4609 = DEFINITIONAL_REPRESENTATION('',(#4610),#4614);
#4610 = LINE('',#4611,#4612);
#4611 = CARTESIAN_POINT('',(0.,0.));
#4612 = VECTOR('',#4613,1.);
#4613 = DIRECTION('',(0.,1.));
#4614 = ( GEOMETRIC_REPRESENTATION_CONTEXT(2) 
PARAMETRIC_REPRESENTATION_CONTEXT() REPRESENTATION_CONTEXT('2D SPACE',''
  ) );
#4615 = ORIENTED_EDGE('',*,*,#3789,.F.);
#4616 = ADVANCED_FACE('',(#4617),#3202,.F.);
#4617 = FACE_BOUND('',#4618,.F.);
#4618 = EDGE_LOOP('',(#4619,#4620,#4621,#4622));
#4619 = ORIENTED_EDGE('',*,*,#4572,.F.);
#4620 = ORIENTED_EDGE('',*,*,#3187,.T.);
#4621 = ORIENTED_EDGE('',*,*,#4350,.F.);
#4622 = ORIENTED_EDGE('',*,*,#3813,.F.);
#4623 = ADVANCED_FACE('',(#4624),#3152,.T.);
#4624 = FACE_BOUND('',#4625,.T.);
#4625 = EDGE_LOOP('',(#4626,#4627,#4628,#4629));
#4626 = ORIENTED_EDGE('',*,*,#4595,.F.);
#4627 = ORIENTED_EDGE('',*,*,#3137,.T.);
#4628 = ORIENTED_EDGE('',*,*,#4371,.F.);
#4629 = ORIENTED_EDGE('',*,*,#3768,.F.);
#4630 = ADVANCED_FACE('',(#4631),#3506,.F.);
#4631 = FACE_BOUND('',#4632,.F.);
#4632 = EDGE_LOOP('',(#4633,#4657,#4678,#4679));
#4633 = ORIENTED_EDGE('',*,*,#4634,.F.);
#4634 = EDGE_CURVE('',#4635,#4635,#4637,.T.);
#4635 = VERTEX_POINT('',#4636);
#4636 = CARTESIAN_POINT('',(-25.,50.,50.));
#4637 = SURFACE_CURVE('',#4638,(#4643,#4650),.PCURVE_S1.);
#4638 = CIRCLE('',#4639,10.);
#4639 = AXIS2_PLACEMENT_3D('',#4640,#4641,#4642);
#4640 = CARTESIAN_POINT('',(-25.,50.,40.));
#4641 = DIRECTION('',(0.,1.,0.));
#4642 = DIRECTION('',(0.,-0.,1.));
#4643 = PCURVE('',#3506,#4644);
#4644 = DEFINITIONAL_REPRESENTATION('',(#4645),#4649);
#4645 = LINE('',#4646,#4647);
#4646 = CARTESIAN_POINT('',(0.,51.));
#4647 = VECTOR('',#4648,1.);
#4648 = DIRECTION('',(1.,0.));
#4649 = ( GEOMETRIC_REPRESENTATION_CONTEXT(2) 
PARAMETRIC_REPRESENTATION_CONTEXT() REPRESENTATION_CONTEXT('2D SPACE',''
  ) );
#4650 = PCURVE('',#4434,#4651);
#4651 = DEFINITIONAL_REPRESENTATION('',(#4652),#4656);
#4652 = CIRCLE('',#4653,10.);
#4653 = AXIS2_PLACEMENT_2D('',#4654,#4655);
#4654 = CARTESIAN_POINT('',(0.,0.));
#4655 = DIRECTION('',(1.,0.));
#4656 = ( GEOMETRIC_REPRESENTATION_CONTEXT(2) 
PARAMETRIC_REPRESENTATION_CONTEXT() REPRESENTATION_CONTEXT('2D SPACE',''
  ) );
#4657 = ORIENTED_EDGE('',*,*,#4658,.F.);
#4658 = EDGE_CURVE('',#3283,#4635,#4659,.T.);
#4659 = SEAM_CURVE('',#4660,(#4664,#4671),.PCURVE_S1.);
#4660 = LINE('',#4661,#4662);
#4661 = CARTESIAN_POINT('',(-25.,-1.,50.));
#4662 = VECTOR('',#4663,1.);
#4663 = DIRECTION('',(0.,1.,0.));
#4664 = PCURVE('',#3506,#4665);
#4665 = DEFINITIONAL_REPRESENTATION('',(#4666),#4670);
#4666 = LINE('',#4667,#4668);
#4667 = CARTESIAN_POINT('',(6.28318530718,-0.));
#4668 = VECTOR('',#4669,1.);
#4669 = DIRECTION('',(0.,1.));
#4670 = ( GEOMETRIC_REPRESENTATION_CONTEXT(2) 
PARAMETRIC_REPRESENTATION_CONTEXT() REPRESENTATION_CONTEXT('2D SPACE',''
  ) );
#4671 = PCURVE('',#3506,#4672);
#4672 = DEFINITIONAL_REPRESENTATION('',(#4673),#4677);
#4673 = LINE('',#4674,#4675);
#4674 = CARTESIAN_POINT('',(0.,-0.));
#4675 = VECTOR('',#4676,1.);
#4676 = DIRECTION('',(0.,1.));
#4677 = ( GEOMETRIC_REPRESENTATION_CONTEXT(2) 
PARAMETRIC_REPRESENTATION_CONTEXT() REPRESENTATION_CONTEXT('2D SPACE',''
  ) );
#4678 = ORIENTED_EDGE('',*,*,#3282,.T.);
#4679 = ORIENTED_EDGE('',*,*,#4658,.T.);
#4680 = ADVANCED_FACE('',(#4681),#4107,.F.);
#4681 = FACE_BOUND('',#4682,.F.);
#4682 = EDGE_LOOP('',(#4683,#4684,#4707,#4733));
#4683 = ORIENTED_EDGE('',*,*,#3883,.F.);
#4684 = ORIENTED_EDGE('',*,*,#4685,.F.);
#4685 = EDGE_CURVE('',#4686,#3884,#4688,.T.);
#4686 = VERTEX_POINT('',#4687);
#4687 = CARTESIAN_POINT('',(25.,-50.,50.));
#4688 = SEAM_CURVE('',#4689,(#4693,#4700),.PCURVE_S1.);
#4689 = LINE('',#4690,#4691);
#4690 = CARTESIAN_POINT('',(25.,-51.,50.));
#4691 = VECTOR('',#4692,1.);
#4692 = DIRECTION('',(0.,1.,0.));
#4693 = PCURVE('',#4107,#4694);
#4694 = DEFINITIONAL_REPRESENTATION('',(#4695),#4699);
#4695 = LINE('',#4696,#4697);
#4696 = CARTESIAN_POINT('',(6.28318530718,-0.));
#4697 = VECTOR('',#4698,1.);
#4698 = DIRECTION('',(0.,1.));
#4699 = ( GEOMETRIC_REPRESENTATION_CONTEXT(2) 
PARAMETRIC_REPRESENTATION_CONTEXT() REPRESENTATION_CONTEXT('2D SPACE',''
  ) );
#4700 = PCURVE('',#4107,#4701);
#4701 = DEFINITIONAL_REPRESENTATION('',(#4702),#4706);
#4702 = LINE('',#4703,#4704);
#4703 = CARTESIAN_POINT('',(0.,-0.));
#4704 = VECTOR('',#4705,1.);
#4705 = DIRECTION('',(0.,1.));
#4706 = ( GEOMETRIC_REPRESENTATION_CONTEXT(2) 
PARAMETRIC_REPRESENTATION_CONTEXT() REPRESENTATION_CONTEXT('2D SPACE',''
  ) );
#4707 = ORIENTED_EDGE('',*,*,#4708,.T.);
#4708 = EDGE_CURVE('',#4686,#4686,#4709,.T.);
#4709 = SURFACE_CURVE('',#4710,(#4715,#4722),.PCURVE_S1.);
#4710 = CIRCLE('',#4711,10.);
#4711 = AXIS2_PLACEMENT_3D('',#4712,#4713,#4714);
#4712 = CARTESIAN_POINT('',(25.,-50.,40.));
#4713 = DIRECTION('',(0.,1.,0.));
#4714 = DIRECTION('',(0.,-0.,1.));
#4715 = PCURVE('',#4107,#4716);
#4716 = DEFINITIONAL_REPRESENTATION('',(#4717),#4721);
#4717 = LINE('',#4718,#4719);
#4718 = CARTESIAN_POINT('',(0.,1.));
#4719 = VECTOR('',#4720,1.);
#4720 = DIRECTION('',(1.,0.));
#4721 = ( GEOMETRIC_REPRESENTATION_CONTEXT(2) 
PARAMETRIC_REPRESENTATION_CONTEXT() REPRESENTATION_CONTEXT('2D SPACE',''
  ) );
#4722 = PCURVE('',#4543,#4723);
#4723 = DEFINITIONAL_REPRESENTATION('',(#4724),#4732);
#4724 = ( BOUNDED_CURVE() B_SPLINE_CURVE(2,(#4725,#4726,#4727,#4728,
#4729,#4730,#4731),.UNSPECIFIED.,.T.,.F.) B_SPLINE_CURVE_WITH_KNOTS((1,2
    ,2,2,2,1),(-2.094395102393,0.,2.094395102393,4.188790204786,
6.28318530718,8.377580409573),.UNSPECIFIED.) CURVE() 
GEOMETRIC_REPRESENTATION_ITEM() RATIONAL_B_SPLINE_CURVE((1.,0.5,1.,0.5,
1.,0.5,1.)) REPRESENTATION_ITEM('') );
#4725 = CARTESIAN_POINT('',(-10.,0.));
#4726 = CARTESIAN_POINT('',(-10.,17.320508075689));
#4727 = CARTESIAN_POINT('',(5.,8.660254037844));
#4728 = CARTESIAN_POINT('',(20.,2.449293598295E-15));
#4729 = CARTESIAN_POINT('',(5.,-8.660254037844));
#4730 = CARTESIAN_POINT('',(-10.,-17.32050807568));
#4731 = CARTESIAN_POINT('',(-10.,0.));
#4732 = ( GEOMETRIC_REPRESENTATION_CONTEXT(2) 
PARAMETRIC_REPRESENTATION_CONTEXT() REPRESENTATION_CONTEXT('2D SPACE',''
  ) );
#4733 = ORIENTED_EDGE('',*,*,#4685,.T.);
#4734 = ADVANCED_FACE('',(#4735,#4738),#4434,.T.);
#4735 = FACE_BOUND('',#4736,.T.);
#4736 = EDGE_LOOP('',(#4737));
#4737 = ORIENTED_EDGE('',*,*,#4419,.T.);
#4738 = FACE_BOUND('',#4739,.T.);
#4739 = EDGE_LOOP('',(#4740));
#4740 = ORIENTED_EDGE('',*,*,#4634,.F.);
#4741 = ADVANCED_FACE('',(#4742,#4745),#4543,.T.);
#4742 = FACE_BOUND('',#4743,.T.);
#4743 = EDGE_LOOP('',(#4744));
#4744 = ORIENTED_EDGE('',*,*,#4528,.T.);
#4745 = FACE_BOUND('',#4746,.T.);
#4746 = EDGE_LOOP('',(#4747));
#4747 = ORIENTED_EDGE('',*,*,#4708,.T.);
#4748 = ( GEOMETRIC_REPRESENTATION_CONTEXT(3) 
GLOBAL_UNCERTAINTY_ASSIGNED_CONTEXT((#4752)) 
GLOBAL_UNIT_ASSIGNED_CONTEXT((#4749,#4750,#4751)) REPRESENTATION_CONTEXT
('Context #1','3D Context with UNIT and UNCERTAINTY') );
#4749 = ( LENGTH_UNIT() NAMED_UNIT(*) SI_UNIT(.MILLI.,.METRE.) );
#4750 = ( NAMED_UNIT(*) PLANE_ANGLE_UNIT() SI_UNIT($,.RADIAN.) );
#4751 = ( NAMED_UNIT(*) SI_UNIT($,.STERADIAN.) SOLID_ANGLE_UNIT() );
#4752 = UNCERTAINTY_MEASURE_WITH_UNIT(LENGTH_MEASURE(1.E-07),#4749,
  'distance_accuracy_value','confusion accuracy');
#4753 = PRODUCT_RELATED_PRODUCT_CATEGORY('part',$,(#7));
ENDSEC;
END-ISO-10303-21;
