ISO-10303-21;
HEADER;
FILE_DESCRIPTION(('Open CASCADE Model'),'2;1');
FILE_NAME('Open CASCADE Shape Model','2026-08-07T02:34:19',('Author'),(
    'Open CASCADE'),'Open CASCADE STEP processor 7.7','Open CASCADE 7.7'
  ,'Unknown');
FILE_SCHEMA(('AUTOMOTIVE_DESIGN { 1 0 10303 214 1 1 1 1 }'));
ENDSEC;
DATA;
#1 = APPLICATION_PROTOCOL_DEFINITION('international standard',
  'automotive_design',2000,#2);
#2 = APPLICATION_CONTEXT(
  'core data for automotive mechanical design processes');
#3 = SHAPE_DEFINITION_REPRESENTATION(#4,#10);
#4 = PRODUCT_DEFINITION_SHAPE('','',#5);
#5 = PRODUCT_DEFINITION('design','',#6,#9);
#6 = PRODUCT_DEFINITION_FORMATION('','',#7);
#7 = PRODUCT('Open CASCADE STEP translator 7.7 52',
  'Open CASCADE STEP translator 7.7 52','',(#8));
#8 = PRODUCT_CONTEXT('',#2,'mechanical');
#9 = PRODUCT_DEFINITION_CONTEXT('part definition',#2,'design');
#10 = ADVANCED_BREP_SHAPE_REPRESENTATION('',(#11,#15),#8461);
#11 = AXIS2_PLACEMENT_3D('',#12,#13,#14);
#12 = CARTESIAN_POINT('',(0.,0.,0.));
#13 = DIRECTION('',(0.,0.,1.));
#14 = DIRECTION('',(1.,0.,-0.));
#15 = MANIFOLD_SOLID_BREP('',#16);
#16 = CLOSED_SHELL('',(#17,#178,#2428,#2483,#2538,#4472,#4527,#4576,
    #4647,#4718,#4745,#4772,#4843,#4914,#4941,#4968,#5039,#5110,#5137,
    #5164,#5235,#5306,#5333,#5360,#5431,#5502,#5529,#5556,#5627,#5698,
    #5725,#5752,#5823,#5894,#5921,#5948,#6019,#6090,#6117,#6144,#6215,
    #6286,#6313,#6340,#6411,#6482,#6509,#6536,#6607,#6678,#6705,#6732,
    #6803,#6874,#6901,#6928,#6999,#7070,#7097,#7124,#7195,#7266,#7293,
    #7320,#7391,#7462,#7489,#7516,#7587,#7658,#7685,#7712,#7783,#7854,
    #7881,#7908,#7979,#8050,#8077,#8104,#8175,#8246,#8273,#8300,#8371,
    #8442,#8449,#8453,#8457));
#17 = ADVANCED_FACE('',(#18,#54,#85,#116,#147),#31,.F.);
#18 = FACE_BOUND('',#19,.T.);
#19 = EDGE_LOOP('',(#20));
#20 = ORIENTED_EDGE('',*,*,#21,.F.);
#21 = EDGE_CURVE('',#22,#22,#24,.T.);
#22 = VERTEX_POINT('',#23);
#23 = CARTESIAN_POINT('',(30.,0.,0.));
#24 = SURFACE_CURVE('',#25,(#30,#42),.PCURVE_S1.);
#25 = CIRCLE('',#26,30.);
#26 = AXIS2_PLACEMENT_3D('',#27,#28,#29);
#27 = CARTESIAN_POINT('',(0.,0.,0.));
#28 = DIRECTION('',(0.,0.,1.));
#29 = DIRECTION('',(1.,0.,-0.));
#30 = PCURVE('',#31,#36);
#31 = PLANE('',#32);
#32 = AXIS2_PLACEMENT_3D('',#33,#34,#35);
#33 = CARTESIAN_POINT('',(0.,0.,0.));
#34 = DIRECTION('',(0.,0.,1.));
#35 = DIRECTION('',(1.,0.,-0.));
#36 = DEFINITIONAL_REPRESENTATION('',(#37),#41);
#37 = CIRCLE('',#38,30.);
#38 = AXIS2_PLACEMENT_2D('',#39,#40);
#39 = CARTESIAN_POINT('',(0.,0.));
#40 = DIRECTION('',(1.,-0.));
#41 = ( GEOMETRIC_REPRESENTATION_CONTEXT(2) 
PARAMETRIC_REPRESENTATION_CONTEXT() REPRESENTATION_CONTEXT('2D SPACE',''
  ) );
#42 = PCURVE('',#43,#48);
#43 = CYLINDRICAL_SURFACE('',#44,30.);
#44 = AXIS2_PLACEMENT_3D('',#45,#46,#47);
#45 = CARTESIAN_POINT('',(0.,0.,0.));
#46 = DIRECTION('',(0.,0.,1.));
#47 = DIRECTION('',(1.,0.,-0.));
#48 = DEFINITIONAL_REPRESENTATION('',(#49),#53);
#49 = LINE('',#50,#51);
#50 = CARTESIAN_POINT('',(0.,0.));
#51 = VECTOR('',#52,1.);
#52 = DIRECTION('',(1.,0.));
#53 = ( GEOMETRIC_REPRESENTATION_CONTEXT(2) 
PARAMETRIC_REPRESENTATION_CONTEXT() REPRESENTATION_CONTEXT('2D SPACE',''
  ) );
#54 = FACE_BOUND('',#55,.T.);
#55 = EDGE_LOOP('',(#56));
#56 = ORIENTED_EDGE('',*,*,#57,.T.);
#57 = EDGE_CURVE('',#58,#58,#60,.T.);
#58 = VERTEX_POINT('',#59);
#59 = CARTESIAN_POINT('',(26.5,0.,0.));
#60 = SURFACE_CURVE('',#61,(#66,#73),.PCURVE_S1.);
#61 = CIRCLE('',#62,1.5);
#62 = AXIS2_PLACEMENT_3D('',#63,#64,#65);
#63 = CARTESIAN_POINT('',(25.,0.,0.));
#64 = DIRECTION('',(0.,0.,1.));
#65 = DIRECTION('',(1.,0.,-0.));
#66 = PCURVE('',#31,#67);
#67 = DEFINITIONAL_REPRESENTATION('',(#68),#72);
#68 = CIRCLE('',#69,1.5);
#69 = AXIS2_PLACEMENT_2D('',#70,#71);
#70 = CARTESIAN_POINT('',(25.,0.));
#71 = DIRECTION('',(1.,-0.));
#72 = ( GEOMETRIC_REPRESENTATION_CONTEXT(2) 
PARAMETRIC_REPRESENTATION_CONTEXT() REPRESENTATION_CONTEXT('2D SPACE',''
  ) );
#73 = PCURVE('',#74,#79);
#74 = CYLINDRICAL_SURFACE('',#75,1.5);
#75 = AXIS2_PLACEMENT_3D('',#76,#77,#78);
#76 = CARTESIAN_POINT('',(25.,0.,0.5));
#77 = DIRECTION('',(0.,0.,1.));
#78 = DIRECTION('',(1.,0.,0.));
#79 = DEFINITIONAL_REPRESENTATION('',(#80),#84);
#80 = LINE('',#81,#82);
#81 = CARTESIAN_POINT('',(0.,-0.5));
#82 = VECTOR('',#83,1.);
#83 = DIRECTION('',(1.,0.));
#84 = ( GEOMETRIC_REPRESENTATION_CONTEXT(2) 
PARAMETRIC_REPRESENTATION_CONTEXT() REPRESENTATION_CONTEXT('2D SPACE',''
  ) );
#85 = FACE_BOUND('',#86,.T.);
#86 = EDGE_LOOP('',(#87));
#87 = ORIENTED_EDGE('',*,*,#88,.T.);
#88 = EDGE_CURVE('',#89,#89,#91,.T.);
#89 = VERTEX_POINT('',#90);
#90 = CARTESIAN_POINT('',(-13.25,-22.94967320028,0.));
#91 = SURFACE_CURVE('',#92,(#97,#104),.PCURVE_S1.);
#92 = CIRCLE('',#93,1.5);
#93 = AXIS2_PLACEMENT_3D('',#94,#95,#96);
#94 = CARTESIAN_POINT('',(-12.5,-21.65063509461,0.));
#95 = DIRECTION('',(0.,0.,1.));
#96 = DIRECTION('',(-0.5,-0.866025403784,0.));
#97 = PCURVE('',#31,#98);
#98 = DEFINITIONAL_REPRESENTATION('',(#99),#103);
#99 = CIRCLE('',#100,1.5);
#100 = AXIS2_PLACEMENT_2D('',#101,#102);
#101 = CARTESIAN_POINT('',(-12.5,-21.65063509461));
#102 = DIRECTION('',(-0.5,-0.866025403784));
#103 = ( GEOMETRIC_REPRESENTATION_CONTEXT(2) 
PARAMETRIC_REPRESENTATION_CONTEXT() REPRESENTATION_CONTEXT('2D SPACE',''
  ) );
#104 = PCURVE('',#105,#110);
#105 = CYLINDRICAL_SURFACE('',#106,1.5);
#106 = AXIS2_PLACEMENT_3D('',#107,#108,#109);
#107 = CARTESIAN_POINT('',(-12.5,-21.65063509461,0.5));
#108 = DIRECTION('',(0.,0.,1.));
#109 = DIRECTION('',(-0.5,-0.866025403784,0.));
#110 = DEFINITIONAL_REPRESENTATION('',(#111),#115);
#111 = LINE('',#112,#113);
#112 = CARTESIAN_POINT('',(0.,-0.5));
#113 = VECTOR('',#114,1.);
#114 = DIRECTION('',(1.,0.));
#115 = ( GEOMETRIC_REPRESENTATION_CONTEXT(2) 
PARAMETRIC_REPRESENTATION_CONTEXT() REPRESENTATION_CONTEXT('2D SPACE',''
  ) );
#116 = FACE_BOUND('',#117,.T.);
#117 = EDGE_LOOP('',(#118));
#118 = ORIENTED_EDGE('',*,*,#119,.T.);
#119 = EDGE_CURVE('',#120,#120,#122,.T.);
#120 = VERTEX_POINT('',#121);
#121 = CARTESIAN_POINT('',(20.,0.,0.));
#122 = SURFACE_CURVE('',#123,(#128,#135),.PCURVE_S1.);
#123 = CIRCLE('',#124,20.);
#124 = AXIS2_PLACEMENT_3D('',#125,#126,#127);
#125 = CARTESIAN_POINT('',(0.,0.,0.));
#126 = DIRECTION('',(0.,0.,1.));
#127 = DIRECTION('',(1.,0.,-0.));
#128 = PCURVE('',#31,#129);
#129 = DEFINITIONAL_REPRESENTATION('',(#130),#134);
#130 = CIRCLE('',#131,20.);
#131 = AXIS2_PLACEMENT_2D('',#132,#133);
#132 = CARTESIAN_POINT('',(0.,0.));
#133 = DIRECTION('',(1.,-0.));
#134 = ( GEOMETRIC_REPRESENTATION_CONTEXT(2) 
PARAMETRIC_REPRESENTATION_CONTEXT() REPRESENTATION_CONTEXT('2D SPACE',''
  ) );
#135 = PCURVE('',#136,#141);
#136 = CYLINDRICAL_SURFACE('',#137,20.);
#137 = AXIS2_PLACEMENT_3D('',#138,#139,#140);
#138 = CARTESIAN_POINT('',(0.,0.,4.));
#139 = DIRECTION('',(-0.,-0.,-1.));
#140 = DIRECTION('',(1.,0.,0.));
#141 = DEFINITIONAL_REPRESENTATION('',(#142),#146);
#142 = LINE('',#143,#144);
#143 = CARTESIAN_POINT('',(-0.,4.));
#144 = VECTOR('',#145,1.);
#145 = DIRECTION('',(-1.,0.));
#146 = ( GEOMETRIC_REPRESENTATION_CONTEXT(2) 
PARAMETRIC_REPRESENTATION_CONTEXT() REPRESENTATION_CONTEXT('2D SPACE',''
  ) );
#147 = FACE_BOUND('',#148,.T.);
#148 = EDGE_LOOP('',(#149));
#149 = ORIENTED_EDGE('',*,*,#150,.T.);
#150 = EDGE_CURVE('',#151,#151,#153,.T.);
#151 = VERTEX_POINT('',#152);
#152 = CARTESIAN_POINT('',(-13.25,22.949673200288,0.));
#153 = SURFACE_CURVE('',#154,(#159,#166),.PCURVE_S1.);
#154 = CIRCLE('',#155,1.5);
#155 = AXIS2_PLACEMENT_3D('',#156,#157,#158);
#156 = CARTESIAN_POINT('',(-12.5,21.650635094611,0.));
#157 = DIRECTION('',(0.,0.,1.));
#158 = DIRECTION('',(-0.5,0.866025403784,0.));
#159 = PCURVE('',#31,#160);
#160 = DEFINITIONAL_REPRESENTATION('',(#161),#165);
#161 = CIRCLE('',#162,1.5);
#162 = AXIS2_PLACEMENT_2D('',#163,#164);
#163 = CARTESIAN_POINT('',(-12.5,21.650635094611));
#164 = DIRECTION('',(-0.5,0.866025403784));
#165 = ( GEOMETRIC_REPRESENTATION_CONTEXT(2) 
PARAMETRIC_REPRESENTATION_CONTEXT() REPRESENTATION_CONTEXT('2D SPACE',''
  ) );
#166 = PCURVE('',#167,#172);
#167 = CYLINDRICAL_SURFACE('',#168,1.5);
#168 = AXIS2_PLACEMENT_3D('',#169,#170,#171);
#169 = CARTESIAN_POINT('',(-12.5,21.650635094611,0.5));
#170 = DIRECTION('',(0.,0.,1.));
#171 = DIRECTION('',(-0.5,0.866025403784,0.));
#172 = DEFINITIONAL_REPRESENTATION('',(#173),#177);
#173 = LINE('',#174,#175);
#174 = CARTESIAN_POINT('',(0.,-0.5));
#175 = VECTOR('',#176,1.);
#176 = DIRECTION('',(1.,0.));
#177 = ( GEOMETRIC_REPRESENTATION_CONTEXT(2) 
PARAMETRIC_REPRESENTATION_CONTEXT() REPRESENTATION_CONTEXT('2D SPACE',''
  ) );
#178 = ADVANCED_FACE('',(#179),#43,.T.);
#179 = FACE_BOUND('',#180,.T.);
#180 = EDGE_LOOP('',(#181,#182,#205,#234,#260,#289,#315,#344,#370,#399,
    #425,#454,#480,#509,#535,#564,#590,#619,#645,#674,#700,#729,#755,
    #784,#810,#839,#865,#894,#920,#949,#975,#1004,#1030,#1059,#1085,
    #1114,#1140,#1169,#1195,#1224,#1250,#1279,#1305,#1334,#1360,#1389,
    #1415,#1444,#1470,#1499,#1525,#1554,#1580,#1609,#1635,#1664,#1690,
    #1719,#1745,#1774,#1800,#1829,#1855,#1884,#1910,#1939,#1965,#1994,
    #2020,#2049,#2075,#2104,#2130,#2159,#2185,#2214,#2240,#2269,#2295,
    #2324,#2350,#2379,#2405,#2427));
#181 = ORIENTED_EDGE('',*,*,#21,.T.);
#182 = ORIENTED_EDGE('',*,*,#183,.T.);
#183 = EDGE_CURVE('',#22,#184,#186,.T.);
#184 = VERTEX_POINT('',#185);
#185 = CARTESIAN_POINT('',(30.,0.,3.5));
#186 = SEAM_CURVE('',#187,(#191,#198),.PCURVE_S1.);
#187 = LINE('',#188,#189);
#188 = CARTESIAN_POINT('',(30.,0.,0.));
#189 = VECTOR('',#190,1.);
#190 = DIRECTION('',(0.,0.,1.));
#191 = PCURVE('',#43,#192);
#192 = DEFINITIONAL_REPRESENTATION('',(#193),#197);
#193 = LINE('',#194,#195);
#194 = CARTESIAN_POINT('',(0.,0.));
#195 = VECTOR('',#196,1.);
#196 = DIRECTION('',(0.,1.));
#197 = ( GEOMETRIC_REPRESENTATION_CONTEXT(2) 
PARAMETRIC_REPRESENTATION_CONTEXT() REPRESENTATION_CONTEXT('2D SPACE',''
  ) );
#198 = PCURVE('',#43,#199);
#199 = DEFINITIONAL_REPRESENTATION('',(#200),#204);
#200 = LINE('',#201,#202);
#201 = CARTESIAN_POINT('',(6.28318530718,0.));
#202 = VECTOR('',#203,1.);
#203 = DIRECTION('',(0.,1.));
#204 = ( GEOMETRIC_REPRESENTATION_CONTEXT(2) 
PARAMETRIC_REPRESENTATION_CONTEXT() REPRESENTATION_CONTEXT('2D SPACE',''
  ) );
#205 = ORIENTED_EDGE('',*,*,#206,.F.);
#206 = EDGE_CURVE('',#207,#184,#209,.T.);
#207 = VERTEX_POINT('',#208);
#208 = CARTESIAN_POINT('',(29.98332870113,-1.,3.5));
#209 = SURFACE_CURVE('',#210,(#215,#222),.PCURVE_S1.);
#210 = CIRCLE('',#211,30.);
#211 = AXIS2_PLACEMENT_3D('',#212,#213,#214);
#212 = CARTESIAN_POINT('',(0.,0.,3.5));
#213 = DIRECTION('',(0.,0.,1.));
#214 = DIRECTION('',(1.,0.,-0.));
#215 = PCURVE('',#43,#216);
#216 = DEFINITIONAL_REPRESENTATION('',(#217),#221);
#217 = LINE('',#218,#219);
#218 = CARTESIAN_POINT('',(0.,3.5));
#219 = VECTOR('',#220,1.);
#220 = DIRECTION('',(1.,0.));
#221 = ( GEOMETRIC_REPRESENTATION_CONTEXT(2) 
PARAMETRIC_REPRESENTATION_CONTEXT() REPRESENTATION_CONTEXT('2D SPACE',''
  ) );
#222 = PCURVE('',#223,#228);
#223 = PLANE('',#224);
#224 = AXIS2_PLACEMENT_3D('',#225,#226,#227);
#225 = CARTESIAN_POINT('',(25.,0.,3.5));
#226 = DIRECTION('',(0.,0.,1.));
#227 = DIRECTION('',(1.,0.,0.));
#228 = DEFINITIONAL_REPRESENTATION('',(#229),#233);
#229 = CIRCLE('',#230,30.);
#230 = AXIS2_PLACEMENT_2D('',#231,#232);
#231 = CARTESIAN_POINT('',(-25.,0.));
#232 = DIRECTION('',(1.,0.));
#233 = ( GEOMETRIC_REPRESENTATION_CONTEXT(2) 
PARAMETRIC_REPRESENTATION_CONTEXT() REPRESENTATION_CONTEXT('2D SPACE',''
  ) );
#234 = ORIENTED_EDGE('',*,*,#235,.T.);
#235 = EDGE_CURVE('',#207,#236,#238,.T.);
#236 = VERTEX_POINT('',#237);
#237 = CARTESIAN_POINT('',(29.98332870113,-1.,4.));
#238 = SURFACE_CURVE('',#239,(#243,#249),.PCURVE_S1.);
#239 = LINE('',#240,#241);
#240 = CARTESIAN_POINT('',(29.98332870113,-1.,0.));
#241 = VECTOR('',#242,1.);
#242 = DIRECTION('',(0.,0.,1.));
#243 = PCURVE('',#43,#244);
#244 = DEFINITIONAL_REPRESENTATION('',(#245),#248);
#245 = B_SPLINE_CURVE_WITH_KNOTS('',1,(#246,#247),.UNSPECIFIED.,.F.,.F.,
  (2,2),(3.35,4.0000006),.PIECEWISE_BEZIER_KNOTS.);
#246 = CARTESIAN_POINT('',(6.249845797918,3.35));
#247 = CARTESIAN_POINT('',(6.249845797918,4.0000006));
#248 = ( GEOMETRIC_REPRESENTATION_CONTEXT(2) 
PARAMETRIC_REPRESENTATION_CONTEXT() REPRESENTATION_CONTEXT('2D SPACE',''
  ) );
#249 = PCURVE('',#250,#255);
#250 = PLANE('',#251);
#251 = AXIS2_PLACEMENT_3D('',#252,#253,#254);
#252 = CARTESIAN_POINT('',(19.,-1.,5.));
#253 = DIRECTION('',(0.,-1.,0.));
#254 = DIRECTION('',(1.,0.,0.));
#255 = DEFINITIONAL_REPRESENTATION('',(#256),#259);
#256 = B_SPLINE_CURVE_WITH_KNOTS('',1,(#257,#258),.UNSPECIFIED.,.F.,.F.,
  (2,2),(3.35,4.0000006),.PIECEWISE_BEZIER_KNOTS.);
#257 = CARTESIAN_POINT('',(10.98332870113,-1.65));
#258 = CARTESIAN_POINT('',(10.98332870113,-0.9999994));
#259 = ( GEOMETRIC_REPRESENTATION_CONTEXT(2) 
PARAMETRIC_REPRESENTATION_CONTEXT() REPRESENTATION_CONTEXT('2D SPACE',''
  ) );
#260 = ORIENTED_EDGE('',*,*,#261,.F.);
#261 = EDGE_CURVE('',#262,#236,#264,.T.);
#262 = VERTEX_POINT('',#263);
#263 = CARTESIAN_POINT('',(28.824857135804,-8.314301600284,4.));
#264 = SURFACE_CURVE('',#265,(#270,#277),.PCURVE_S1.);
#265 = CIRCLE('',#266,30.);
#266 = AXIS2_PLACEMENT_3D('',#267,#268,#269);
#267 = CARTESIAN_POINT('',(0.,0.,4.));
#268 = DIRECTION('',(0.,0.,1.));
#269 = DIRECTION('',(1.,0.,-0.));
#270 = PCURVE('',#43,#271);
#271 = DEFINITIONAL_REPRESENTATION('',(#272),#276);
#272 = LINE('',#273,#274);
#273 = CARTESIAN_POINT('',(0.,4.));
#274 = VECTOR('',#275,1.);
#275 = DIRECTION('',(1.,0.));
#276 = ( GEOMETRIC_REPRESENTATION_CONTEXT(2) 
PARAMETRIC_REPRESENTATION_CONTEXT() REPRESENTATION_CONTEXT('2D SPACE',''
  ) );
#277 = PCURVE('',#278,#283);
#278 = TOROIDAL_SURFACE('',#279,25.,13.);
#279 = AXIS2_PLACEMENT_3D('',#280,#281,#282);
#280 = CARTESIAN_POINT('',(0.,0.,-8.));
#281 = DIRECTION('',(0.,0.,1.));
#282 = DIRECTION('',(1.,0.,-0.));
#283 = DEFINITIONAL_REPRESENTATION('',(#284),#288);
#284 = LINE('',#285,#286);
#285 = CARTESIAN_POINT('',(0.,1.176005207095));
#286 = VECTOR('',#287,1.);
#287 = DIRECTION('',(1.,0.));
#288 = ( GEOMETRIC_REPRESENTATION_CONTEXT(2) 
PARAMETRIC_REPRESENTATION_CONTEXT() REPRESENTATION_CONTEXT('2D SPACE',''
  ) );
#289 = ORIENTED_EDGE('',*,*,#290,.F.);
#290 = EDGE_CURVE('',#291,#262,#293,.T.);
#291 = VERTEX_POINT('',#292);
#292 = CARTESIAN_POINT('',(28.824857135804,-8.314301600284,3.5));
#293 = SURFACE_CURVE('',#294,(#298,#304),.PCURVE_S1.);
#294 = LINE('',#295,#296);
#295 = CARTESIAN_POINT('',(28.824857135804,-8.314301600284,0.));
#296 = VECTOR('',#297,1.);
#297 = DIRECTION('',(0.,0.,1.));
#298 = PCURVE('',#43,#299);
#299 = DEFINITIONAL_REPRESENTATION('',(#300),#303);
#300 = B_SPLINE_CURVE_WITH_KNOTS('',1,(#301,#302),.UNSPECIFIED.,.F.,.F.,
  (2,2),(3.35,4.0000006),.PIECEWISE_BEZIER_KNOTS.);
#301 = CARTESIAN_POINT('',(6.002365551082,3.35));
#302 = CARTESIAN_POINT('',(6.002365551082,4.0000006));
#303 = ( GEOMETRIC_REPRESENTATION_CONTEXT(2) 
PARAMETRIC_REPRESENTATION_CONTEXT() REPRESENTATION_CONTEXT('2D SPACE',''
  ) );
#304 = PCURVE('',#305,#310);
#305 = PLANE('',#306);
#306 = AXIS2_PLACEMENT_3D('',#307,#308,#309);
#307 = CARTESIAN_POINT('',(29.791768999525,-8.628470309328,5.));
#308 = DIRECTION('',(0.309016994375,0.951056516295,0.));
#309 = DIRECTION('',(-0.951056516295,0.309016994375,0.));
#310 = DEFINITIONAL_REPRESENTATION('',(#311),#314);
#311 = B_SPLINE_CURVE_WITH_KNOTS('',1,(#312,#313),.UNSPECIFIED.,.F.,.F.,
  (2,2),(3.35,4.0000006),.PIECEWISE_BEZIER_KNOTS.);
#312 = CARTESIAN_POINT('',(1.01667129887,-1.65));
#313 = CARTESIAN_POINT('',(1.01667129887,-0.9999994));
#314 = ( GEOMETRIC_REPRESENTATION_CONTEXT(2) 
PARAMETRIC_REPRESENTATION_CONTEXT() REPRESENTATION_CONTEXT('2D SPACE',''
  ) );
#315 = ORIENTED_EDGE('',*,*,#316,.F.);
#316 = EDGE_CURVE('',#317,#291,#319,.T.);
#317 = VERTEX_POINT('',#318);
#318 = CARTESIAN_POINT('',(28.206823147054,-10.21641463287,3.5));
#319 = SURFACE_CURVE('',#320,(#325,#332),.PCURVE_S1.);
#320 = CIRCLE('',#321,30.);
#321 = AXIS2_PLACEMENT_3D('',#322,#323,#324);
#322 = CARTESIAN_POINT('',(0.,0.,3.5));
#323 = DIRECTION('',(0.,0.,1.));
#324 = DIRECTION('',(1.,0.,-0.));
#325 = PCURVE('',#43,#326);
#326 = DEFINITIONAL_REPRESENTATION('',(#327),#331);
#327 = LINE('',#328,#329);
#328 = CARTESIAN_POINT('',(0.,3.5));
#329 = VECTOR('',#330,1.);
#330 = DIRECTION('',(1.,0.));
#331 = ( GEOMETRIC_REPRESENTATION_CONTEXT(2) 
PARAMETRIC_REPRESENTATION_CONTEXT() REPRESENTATION_CONTEXT('2D SPACE',''
  ) );
#332 = PCURVE('',#333,#338);
#333 = PLANE('',#334);
#334 = AXIS2_PLACEMENT_3D('',#335,#336,#337);
#335 = CARTESIAN_POINT('',(23.776412907379,-7.725424859374,3.5));
#336 = DIRECTION('',(0.,0.,1.));
#337 = DIRECTION('',(0.951056516295,-0.309016994375,0.));
#338 = DEFINITIONAL_REPRESENTATION('',(#339),#343);
#339 = CIRCLE('',#340,30.);
#340 = AXIS2_PLACEMENT_2D('',#341,#342);
#341 = CARTESIAN_POINT('',(-25.,0.));
#342 = DIRECTION('',(0.951056516295,0.309016994375));
#343 = ( GEOMETRIC_REPRESENTATION_CONTEXT(2) 
PARAMETRIC_REPRESENTATION_CONTEXT() REPRESENTATION_CONTEXT('2D SPACE',''
  ) );
#344 = ORIENTED_EDGE('',*,*,#345,.T.);
#345 = EDGE_CURVE('',#317,#346,#348,.T.);
#346 = VERTEX_POINT('',#347);
#347 = CARTESIAN_POINT('',(28.206823147054,-10.21641463287,4.));
#348 = SURFACE_CURVE('',#349,(#353,#359),.PCURVE_S1.);
#349 = LINE('',#350,#351);
#350 = CARTESIAN_POINT('',(28.206823147054,-10.21641463287,0.));
#351 = VECTOR('',#352,1.);
#352 = DIRECTION('',(0.,0.,1.));
#353 = PCURVE('',#43,#354);
#354 = DEFINITIONAL_REPRESENTATION('',(#355),#358);
#355 = B_SPLINE_CURVE_WITH_KNOTS('',1,(#356,#357),.UNSPECIFIED.,.F.,.F.,
  (2,2),(3.35,4.0000006),.PIECEWISE_BEZIER_KNOTS.);
#356 = CARTESIAN_POINT('',(5.935686532559,3.35));
#357 = CARTESIAN_POINT('',(5.935686532559,4.0000006));
#358 = ( GEOMETRIC_REPRESENTATION_CONTEXT(2) 
PARAMETRIC_REPRESENTATION_CONTEXT() REPRESENTATION_CONTEXT('2D SPACE',''
  ) );
#359 = PCURVE('',#360,#365);
#360 = PLANE('',#361);
#361 = AXIS2_PLACEMENT_3D('',#362,#363,#364);
#362 = CARTESIAN_POINT('',(17.761056815233,-6.822379409419,5.));
#363 = DIRECTION('',(-0.309016994375,-0.951056516295,0.));
#364 = DIRECTION('',(0.951056516295,-0.309016994375,0.));
#365 = DEFINITIONAL_REPRESENTATION('',(#366),#369);
#366 = B_SPLINE_CURVE_WITH_KNOTS('',1,(#367,#368),.UNSPECIFIED.,.F.,.F.,
  (2,2),(3.35,4.0000006),.PIECEWISE_BEZIER_KNOTS.);
#367 = CARTESIAN_POINT('',(10.98332870113,-1.65));
#368 = CARTESIAN_POINT('',(10.98332870113,-0.9999994));
#369 = ( GEOMETRIC_REPRESENTATION_CONTEXT(2) 
PARAMETRIC_REPRESENTATION_CONTEXT() REPRESENTATION_CONTEXT('2D SPACE',''
  ) );
#370 = ORIENTED_EDGE('',*,*,#371,.F.);
#371 = EDGE_CURVE('',#372,#346,#374,.T.);
#372 = VERTEX_POINT('',#373);
#373 = CARTESIAN_POINT('',(24.844807719437,-16.81474143078,4.));
#374 = SURFACE_CURVE('',#375,(#380,#387),.PCURVE_S1.);
#375 = CIRCLE('',#376,30.);
#376 = AXIS2_PLACEMENT_3D('',#377,#378,#379);
#377 = CARTESIAN_POINT('',(0.,0.,4.));
#378 = DIRECTION('',(0.,0.,1.));
#379 = DIRECTION('',(1.,0.,-0.));
#380 = PCURVE('',#43,#381);
#381 = DEFINITIONAL_REPRESENTATION('',(#382),#386);
#382 = LINE('',#383,#384);
#383 = CARTESIAN_POINT('',(0.,4.));
#384 = VECTOR('',#385,1.);
#385 = DIRECTION('',(1.,0.));
#386 = ( GEOMETRIC_REPRESENTATION_CONTEXT(2) 
PARAMETRIC_REPRESENTATION_CONTEXT() REPRESENTATION_CONTEXT('2D SPACE',''
  ) );
#387 = PCURVE('',#388,#393);
#388 = TOROIDAL_SURFACE('',#389,25.,13.);
#389 = AXIS2_PLACEMENT_3D('',#390,#391,#392);
#390 = CARTESIAN_POINT('',(0.,0.,-8.));
#391 = DIRECTION('',(0.,0.,1.));
#392 = DIRECTION('',(1.,0.,-0.));
#393 = DEFINITIONAL_REPRESENTATION('',(#394),#398);
#394 = LINE('',#395,#396);
#395 = CARTESIAN_POINT('',(0.,1.176005207095));
#396 = VECTOR('',#397,1.);
#397 = DIRECTION('',(1.,0.));
#398 = ( GEOMETRIC_REPRESENTATION_CONTEXT(2) 
PARAMETRIC_REPRESENTATION_CONTEXT() REPRESENTATION_CONTEXT('2D SPACE',''
  ) );
#399 = ORIENTED_EDGE('',*,*,#400,.F.);
#400 = EDGE_CURVE('',#401,#372,#403,.T.);
#401 = VERTEX_POINT('',#402);
#402 = CARTESIAN_POINT('',(24.844807719437,-16.81474143078,3.5));
#403 = SURFACE_CURVE('',#404,(#408,#414),.PCURVE_S1.);
#404 = LINE('',#405,#406);
#405 = CARTESIAN_POINT('',(24.844807719437,-16.81474143078,0.));
#406 = VECTOR('',#407,1.);
#407 = DIRECTION('',(0.,0.,1.));
#408 = PCURVE('',#43,#409);
#409 = DEFINITIONAL_REPRESENTATION('',(#410),#413);
#410 = B_SPLINE_CURVE_WITH_KNOTS('',1,(#411,#412),.UNSPECIFIED.,.F.,.F.,
  (2,2),(3.35,4.0000006),.PIECEWISE_BEZIER_KNOTS.);
#411 = CARTESIAN_POINT('',(5.688206285723,3.35));
#412 = CARTESIAN_POINT('',(5.688206285723,4.0000006));
#413 = ( GEOMETRIC_REPRESENTATION_CONTEXT(2) 
PARAMETRIC_REPRESENTATION_CONTEXT() REPRESENTATION_CONTEXT('2D SPACE',''
  ) );
#414 = PCURVE('',#415,#420);
#415 = PLANE('',#416);
#416 = AXIS2_PLACEMENT_3D('',#417,#418,#419);
#417 = CARTESIAN_POINT('',(25.667312077916,-17.41232582669,5.));
#418 = DIRECTION('',(0.587785252292,0.809016994375,0.));
#419 = DIRECTION('',(-0.809016994375,0.587785252292,0.));
#420 = DEFINITIONAL_REPRESENTATION('',(#421),#424);
#421 = B_SPLINE_CURVE_WITH_KNOTS('',1,(#422,#423),.UNSPECIFIED.,.F.,.F.,
  (2,2),(3.35,4.0000006),.PIECEWISE_BEZIER_KNOTS.);
#422 = CARTESIAN_POINT('',(1.01667129887,-1.65));
#423 = CARTESIAN_POINT('',(1.01667129887,-0.9999994));
#424 = ( GEOMETRIC_REPRESENTATION_CONTEXT(2) 
PARAMETRIC_REPRESENTATION_CONTEXT() REPRESENTATION_CONTEXT('2D SPACE',''
  ) );
#425 = ORIENTED_EDGE('',*,*,#426,.F.);
#426 = EDGE_CURVE('',#427,#401,#429,.T.);
#427 = VERTEX_POINT('',#428);
#428 = CARTESIAN_POINT('',(23.669237214852,-18.43277541953,3.5));
#429 = SURFACE_CURVE('',#430,(#435,#442),.PCURVE_S1.);
#430 = CIRCLE('',#431,30.);
#431 = AXIS2_PLACEMENT_3D('',#432,#433,#434);
#432 = CARTESIAN_POINT('',(0.,0.,3.5));
#433 = DIRECTION('',(0.,0.,1.));
#434 = DIRECTION('',(1.,0.,-0.));
#435 = PCURVE('',#43,#436);
#436 = DEFINITIONAL_REPRESENTATION('',(#437),#441);
#437 = LINE('',#438,#439);
#438 = CARTESIAN_POINT('',(0.,3.5));
#439 = VECTOR('',#440,1.);
#440 = DIRECTION('',(1.,0.));
#441 = ( GEOMETRIC_REPRESENTATION_CONTEXT(2) 
PARAMETRIC_REPRESENTATION_CONTEXT() REPRESENTATION_CONTEXT('2D SPACE',''
  ) );
#442 = PCURVE('',#443,#448);
#443 = PLANE('',#444);
#444 = AXIS2_PLACEMENT_3D('',#445,#446,#447);
#445 = CARTESIAN_POINT('',(20.225424859374,-14.69463130731,3.5));
#446 = DIRECTION('',(0.,0.,1.));
#447 = DIRECTION('',(0.809016994375,-0.587785252292,0.));
#448 = DEFINITIONAL_REPRESENTATION('',(#449),#453);
#449 = CIRCLE('',#450,30.);
#450 = AXIS2_PLACEMENT_2D('',#451,#452);
#451 = CARTESIAN_POINT('',(-25.,0.));
#452 = DIRECTION('',(0.809016994375,0.587785252292));
#453 = ( GEOMETRIC_REPRESENTATION_CONTEXT(2) 
PARAMETRIC_REPRESENTATION_CONTEXT() REPRESENTATION_CONTEXT('2D SPACE',''
  ) );
#454 = ORIENTED_EDGE('',*,*,#455,.T.);
#455 = EDGE_CURVE('',#427,#456,#458,.T.);
#456 = VERTEX_POINT('',#457);
#457 = CARTESIAN_POINT('',(23.669237214852,-18.43277541953,4.));
#458 = SURFACE_CURVE('',#459,(#463,#469),.PCURVE_S1.);
#459 = LINE('',#460,#461);
#460 = CARTESIAN_POINT('',(23.669237214852,-18.43277541953,0.));
#461 = VECTOR('',#462,1.);
#462 = DIRECTION('',(0.,0.,1.));
#463 = PCURVE('',#43,#464);
#464 = DEFINITIONAL_REPRESENTATION('',(#465),#468);
#465 = B_SPLINE_CURVE_WITH_KNOTS('',1,(#466,#467),.UNSPECIFIED.,.F.,.F.,
  (2,2),(3.35,4.0000006),.PIECEWISE_BEZIER_KNOTS.);
#466 = CARTESIAN_POINT('',(5.6215272672,3.35));
#467 = CARTESIAN_POINT('',(5.6215272672,4.0000006));
#468 = ( GEOMETRIC_REPRESENTATION_CONTEXT(2) 
PARAMETRIC_REPRESENTATION_CONTEXT() REPRESENTATION_CONTEXT('2D SPACE',''
  ) );
#469 = PCURVE('',#470,#475);
#470 = PLANE('',#471);
#471 = AXIS2_PLACEMENT_3D('',#472,#473,#474);
#472 = CARTESIAN_POINT('',(14.783537640832,-11.97693678793,5.));
#473 = DIRECTION('',(-0.587785252292,-0.809016994375,0.));
#474 = DIRECTION('',(0.809016994375,-0.587785252292,0.));
#475 = DEFINITIONAL_REPRESENTATION('',(#476),#479);
#476 = B_SPLINE_CURVE_WITH_KNOTS('',1,(#477,#478),.UNSPECIFIED.,.F.,.F.,
  (2,2),(3.35,4.0000006),.PIECEWISE_BEZIER_KNOTS.);
#477 = CARTESIAN_POINT('',(10.98332870113,-1.65));
#478 = CARTESIAN_POINT('',(10.98332870113,-0.9999994));
#479 = ( GEOMETRIC_REPRESENTATION_CONTEXT(2) 
PARAMETRIC_REPRESENTATION_CONTEXT() REPRESENTATION_CONTEXT('2D SPACE',''
  ) );
#480 = ORIENTED_EDGE('',*,*,#481,.F.);
#481 = EDGE_CURVE('',#482,#456,#484,.T.);
#482 = VERTEX_POINT('',#483);
#483 = CARTESIAN_POINT('',(18.432775419537,-23.66923721485,4.));
#484 = SURFACE_CURVE('',#485,(#490,#497),.PCURVE_S1.);
#485 = CIRCLE('',#486,30.);
#486 = AXIS2_PLACEMENT_3D('',#487,#488,#489);
#487 = CARTESIAN_POINT('',(0.,0.,4.));
#488 = DIRECTION('',(0.,0.,1.));
#489 = DIRECTION('',(1.,0.,-0.));
#490 = PCURVE('',#43,#491);
#491 = DEFINITIONAL_REPRESENTATION('',(#492),#496);
#492 = LINE('',#493,#494);
#493 = CARTESIAN_POINT('',(0.,4.));
#494 = VECTOR('',#495,1.);
#495 = DIRECTION('',(1.,0.));
#496 = ( GEOMETRIC_REPRESENTATION_CONTEXT(2) 
PARAMETRIC_REPRESENTATION_CONTEXT() REPRESENTATION_CONTEXT('2D SPACE',''
  ) );
#497 = PCURVE('',#498,#503);
#498 = TOROIDAL_SURFACE('',#499,25.,13.);
#499 = AXIS2_PLACEMENT_3D('',#500,#501,#502);
#500 = CARTESIAN_POINT('',(0.,0.,-8.));
#501 = DIRECTION('',(0.,0.,1.));
#502 = DIRECTION('',(1.,0.,-0.));
#503 = DEFINITIONAL_REPRESENTATION('',(#504),#508);
#504 = LINE('',#505,#506);
#505 = CARTESIAN_POINT('',(0.,1.176005207095));
#506 = VECTOR('',#507,1.);
#507 = DIRECTION('',(1.,0.));
#508 = ( GEOMETRIC_REPRESENTATION_CONTEXT(2) 
PARAMETRIC_REPRESENTATION_CONTEXT() REPRESENTATION_CONTEXT('2D SPACE',''
  ) );
#509 = ORIENTED_EDGE('',*,*,#510,.F.);
#510 = EDGE_CURVE('',#511,#482,#513,.T.);
#511 = VERTEX_POINT('',#512);
#512 = CARTESIAN_POINT('',(18.432775419537,-23.66923721485,3.5));
#513 = SURFACE_CURVE('',#514,(#518,#524),.PCURVE_S1.);
#514 = LINE('',#515,#516);
#515 = CARTESIAN_POINT('',(18.432775419537,-23.66923721485,0.));
#516 = VECTOR('',#517,1.);
#517 = DIRECTION('',(0.,0.,1.));
#518 = PCURVE('',#43,#519);
#519 = DEFINITIONAL_REPRESENTATION('',(#520),#523);
#520 = B_SPLINE_CURVE_WITH_KNOTS('',1,(#521,#522),.UNSPECIFIED.,.F.,.F.,
  (2,2),(3.35,4.0000006),.PIECEWISE_BEZIER_KNOTS.);
#521 = CARTESIAN_POINT('',(5.374047020364,3.35));
#522 = CARTESIAN_POINT('',(5.374047020364,4.0000006));
#523 = ( GEOMETRIC_REPRESENTATION_CONTEXT(2) 
PARAMETRIC_REPRESENTATION_CONTEXT() REPRESENTATION_CONTEXT('2D SPACE',''
  ) );
#524 = PCURVE('',#525,#530);
#525 = PLANE('',#526);
#526 = AXIS2_PLACEMENT_3D('',#527,#528,#529);
#527 = CARTESIAN_POINT('',(19.030359815442,-24.49174157333,5.));
#528 = DIRECTION('',(0.809016994375,0.587785252292,0.));
#529 = DIRECTION('',(-0.587785252292,0.809016994375,0.));
#530 = DEFINITIONAL_REPRESENTATION('',(#531),#534);
#531 = B_SPLINE_CURVE_WITH_KNOTS('',1,(#532,#533),.UNSPECIFIED.,.F.,.F.,
  (2,2),(3.35,4.0000006),.PIECEWISE_BEZIER_KNOTS.);
#532 = CARTESIAN_POINT('',(1.01667129887,-1.65));
#533 = CARTESIAN_POINT('',(1.01667129887,-0.9999994));
#534 = ( GEOMETRIC_REPRESENTATION_CONTEXT(2) 
PARAMETRIC_REPRESENTATION_CONTEXT() REPRESENTATION_CONTEXT('2D SPACE',''
  ) );
#535 = ORIENTED_EDGE('',*,*,#536,.F.);
#536 = EDGE_CURVE('',#537,#511,#539,.T.);
#537 = VERTEX_POINT('',#538);
#538 = CARTESIAN_POINT('',(16.814741430787,-24.84480771943,3.5));
#539 = SURFACE_CURVE('',#540,(#545,#552),.PCURVE_S1.);
#540 = CIRCLE('',#541,30.);
#541 = AXIS2_PLACEMENT_3D('',#542,#543,#544);
#542 = CARTESIAN_POINT('',(0.,0.,3.5));
#543 = DIRECTION('',(0.,0.,1.));
#544 = DIRECTION('',(1.,0.,-0.));
#545 = PCURVE('',#43,#546);
#546 = DEFINITIONAL_REPRESENTATION('',(#547),#551);
#547 = LINE('',#548,#549);
#548 = CARTESIAN_POINT('',(0.,3.5));
#549 = VECTOR('',#550,1.);
#550 = DIRECTION('',(1.,0.));
#551 = ( GEOMETRIC_REPRESENTATION_CONTEXT(2) 
PARAMETRIC_REPRESENTATION_CONTEXT() REPRESENTATION_CONTEXT('2D SPACE',''
  ) );
#552 = PCURVE('',#553,#558);
#553 = PLANE('',#554);
#554 = AXIS2_PLACEMENT_3D('',#555,#556,#557);
#555 = CARTESIAN_POINT('',(14.694631307312,-20.22542485937,3.5));
#556 = DIRECTION('',(0.,0.,1.));
#557 = DIRECTION('',(0.587785252292,-0.809016994375,0.));
#558 = DEFINITIONAL_REPRESENTATION('',(#559),#563);
#559 = CIRCLE('',#560,30.);
#560 = AXIS2_PLACEMENT_2D('',#561,#562);
#561 = CARTESIAN_POINT('',(-25.,0.));
#562 = DIRECTION('',(0.587785252292,0.809016994375));
#563 = ( GEOMETRIC_REPRESENTATION_CONTEXT(2) 
PARAMETRIC_REPRESENTATION_CONTEXT() REPRESENTATION_CONTEXT('2D SPACE',''
  ) );
#564 = ORIENTED_EDGE('',*,*,#565,.T.);
#565 = EDGE_CURVE('',#537,#566,#568,.T.);
#566 = VERTEX_POINT('',#567);
#567 = CARTESIAN_POINT('',(16.814741430787,-24.84480771943,4.));
#568 = SURFACE_CURVE('',#569,(#573,#579),.PCURVE_S1.);
#569 = LINE('',#570,#571);
#570 = CARTESIAN_POINT('',(16.814741430787,-24.84480771943,0.));
#571 = VECTOR('',#572,1.);
#572 = DIRECTION('',(0.,0.,1.));
#573 = PCURVE('',#43,#574);
#574 = DEFINITIONAL_REPRESENTATION('',(#575),#578);
#575 = B_SPLINE_CURVE_WITH_KNOTS('',1,(#576,#577),.UNSPECIFIED.,.F.,.F.,
  (2,2),(3.35,4.0000006),.PIECEWISE_BEZIER_KNOTS.);
#576 = CARTESIAN_POINT('',(5.307368001841,3.35));
#577 = CARTESIAN_POINT('',(5.307368001841,4.0000006));
#578 = ( GEOMETRIC_REPRESENTATION_CONTEXT(2) 
PARAMETRIC_REPRESENTATION_CONTEXT() REPRESENTATION_CONTEXT('2D SPACE',''
  ) );
#579 = PCURVE('',#580,#585);
#580 = PLANE('',#581);
#581 = AXIS2_PLACEMENT_3D('',#582,#583,#584);
#582 = CARTESIAN_POINT('',(10.358902799182,-15.95910814541,5.));
#583 = DIRECTION('',(-0.809016994375,-0.587785252292,0.));
#584 = DIRECTION('',(0.587785252292,-0.809016994375,0.));
#585 = DEFINITIONAL_REPRESENTATION('',(#586),#589);
#586 = B_SPLINE_CURVE_WITH_KNOTS('',1,(#587,#588),.UNSPECIFIED.,.F.,.F.,
  (2,2),(3.35,4.0000006),.PIECEWISE_BEZIER_KNOTS.);
#587 = CARTESIAN_POINT('',(10.98332870113,-1.65));
#588 = CARTESIAN_POINT('',(10.98332870113,-0.9999994));
#589 = ( GEOMETRIC_REPRESENTATION_CONTEXT(2) 
PARAMETRIC_REPRESENTATION_CONTEXT() REPRESENTATION_CONTEXT('2D SPACE',''
  ) );
#590 = ORIENTED_EDGE('',*,*,#591,.F.);
#591 = EDGE_CURVE('',#592,#566,#594,.T.);
#592 = VERTEX_POINT('',#593);
#593 = CARTESIAN_POINT('',(10.216414632874,-28.20682314705,4.));
#594 = SURFACE_CURVE('',#595,(#600,#607),.PCURVE_S1.);
#595 = CIRCLE('',#596,30.);
#596 = AXIS2_PLACEMENT_3D('',#597,#598,#599);
#597 = CARTESIAN_POINT('',(0.,0.,4.));
#598 = DIRECTION('',(0.,0.,1.));
#599 = DIRECTION('',(1.,0.,-0.));
#600 = PCURVE('',#43,#601);
#601 = DEFINITIONAL_REPRESENTATION('',(#602),#606);
#602 = LINE('',#603,#604);
#603 = CARTESIAN_POINT('',(0.,4.));
#604 = VECTOR('',#605,1.);
#605 = DIRECTION('',(1.,0.));
#606 = ( GEOMETRIC_REPRESENTATION_CONTEXT(2) 
PARAMETRIC_REPRESENTATION_CONTEXT() REPRESENTATION_CONTEXT('2D SPACE',''
  ) );
#607 = PCURVE('',#608,#613);
#608 = TOROIDAL_SURFACE('',#609,25.,13.);
#609 = AXIS2_PLACEMENT_3D('',#610,#611,#612);
#610 = CARTESIAN_POINT('',(0.,0.,-8.));
#611 = DIRECTION('',(0.,0.,1.));
#612 = DIRECTION('',(1.,0.,-0.));
#613 = DEFINITIONAL_REPRESENTATION('',(#614),#618);
#614 = LINE('',#615,#616);
#615 = CARTESIAN_POINT('',(0.,1.176005207095));
#616 = VECTOR('',#617,1.);
#617 = DIRECTION('',(1.,0.));
#618 = ( GEOMETRIC_REPRESENTATION_CONTEXT(2) 
PARAMETRIC_REPRESENTATION_CONTEXT() REPRESENTATION_CONTEXT('2D SPACE',''
  ) );
#619 = ORIENTED_EDGE('',*,*,#620,.F.);
#620 = EDGE_CURVE('',#621,#592,#623,.T.);
#621 = VERTEX_POINT('',#622);
#622 = CARTESIAN_POINT('',(10.216414632874,-28.20682314705,3.5));
#623 = SURFACE_CURVE('',#624,(#628,#634),.PCURVE_S1.);
#624 = LINE('',#625,#626);
#625 = CARTESIAN_POINT('',(10.216414632874,-28.20682314705,0.));
#626 = VECTOR('',#627,1.);
#627 = DIRECTION('',(0.,0.,1.));
#628 = PCURVE('',#43,#629);
#629 = DEFINITIONAL_REPRESENTATION('',(#630),#633);
#630 = B_SPLINE_CURVE_WITH_KNOTS('',1,(#631,#632),.UNSPECIFIED.,.F.,.F.,
  (2,2),(3.35,4.0000006),.PIECEWISE_BEZIER_KNOTS.);
#631 = CARTESIAN_POINT('',(5.059887755005,3.35));
#632 = CARTESIAN_POINT('',(5.059887755005,4.0000006));
#633 = ( GEOMETRIC_REPRESENTATION_CONTEXT(2) 
PARAMETRIC_REPRESENTATION_CONTEXT() REPRESENTATION_CONTEXT('2D SPACE',''
  ) );
#634 = PCURVE('',#635,#640);
#635 = PLANE('',#636);
#636 = AXIS2_PLACEMENT_3D('',#637,#638,#639);
#637 = CARTESIAN_POINT('',(10.530583341919,-29.17373501077,5.));
#638 = DIRECTION('',(0.951056516295,0.309016994375,0.));
#639 = DIRECTION('',(-0.309016994375,0.951056516295,0.));
#640 = DEFINITIONAL_REPRESENTATION('',(#641),#644);
#641 = B_SPLINE_CURVE_WITH_KNOTS('',1,(#642,#643),.UNSPECIFIED.,.F.,.F.,
  (2,2),(3.35,4.0000006),.PIECEWISE_BEZIER_KNOTS.);
#642 = CARTESIAN_POINT('',(1.01667129887,-1.65));
#643 = CARTESIAN_POINT('',(1.01667129887,-0.9999994));
#644 = ( GEOMETRIC_REPRESENTATION_CONTEXT(2) 
PARAMETRIC_REPRESENTATION_CONTEXT() REPRESENTATION_CONTEXT('2D SPACE',''
  ) );
#645 = ORIENTED_EDGE('',*,*,#646,.F.);
#646 = EDGE_CURVE('',#647,#621,#649,.T.);
#647 = VERTEX_POINT('',#648);
#648 = CARTESIAN_POINT('',(8.314301600284,-28.8248571358,3.5));
#649 = SURFACE_CURVE('',#650,(#655,#662),.PCURVE_S1.);
#650 = CIRCLE('',#651,30.);
#651 = AXIS2_PLACEMENT_3D('',#652,#653,#654);
#652 = CARTESIAN_POINT('',(0.,0.,3.5));
#653 = DIRECTION('',(0.,0.,1.));
#654 = DIRECTION('',(1.,0.,-0.));
#655 = PCURVE('',#43,#656);
#656 = DEFINITIONAL_REPRESENTATION('',(#657),#661);
#657 = LINE('',#658,#659);
#658 = CARTESIAN_POINT('',(0.,3.5));
#659 = VECTOR('',#660,1.);
#660 = DIRECTION('',(1.,0.));
#661 = ( GEOMETRIC_REPRESENTATION_CONTEXT(2) 
PARAMETRIC_REPRESENTATION_CONTEXT() REPRESENTATION_CONTEXT('2D SPACE',''
  ) );
#662 = PCURVE('',#663,#668);
#663 = PLANE('',#664);
#664 = AXIS2_PLACEMENT_3D('',#665,#666,#667);
#665 = CARTESIAN_POINT('',(7.725424859374,-23.77641290737,3.5));
#666 = DIRECTION('',(0.,0.,1.));
#667 = DIRECTION('',(0.309016994375,-0.951056516295,0.));
#668 = DEFINITIONAL_REPRESENTATION('',(#669),#673);
#669 = CIRCLE('',#670,30.);
#670 = AXIS2_PLACEMENT_2D('',#671,#672);
#671 = CARTESIAN_POINT('',(-25.,0.));
#672 = DIRECTION('',(0.309016994375,0.951056516295));
#673 = ( GEOMETRIC_REPRESENTATION_CONTEXT(2) 
PARAMETRIC_REPRESENTATION_CONTEXT() REPRESENTATION_CONTEXT('2D SPACE',''
  ) );
#674 = ORIENTED_EDGE('',*,*,#675,.T.);
#675 = EDGE_CURVE('',#647,#676,#678,.T.);
#676 = VERTEX_POINT('',#677);
#677 = CARTESIAN_POINT('',(8.314301600284,-28.8248571358,4.));
#678 = SURFACE_CURVE('',#679,(#683,#689),.PCURVE_S1.);
#679 = LINE('',#680,#681);
#680 = CARTESIAN_POINT('',(8.314301600284,-28.8248571358,0.));
#681 = VECTOR('',#682,1.);
#682 = DIRECTION('',(0.,0.,1.));
#683 = PCURVE('',#43,#684);
#684 = DEFINITIONAL_REPRESENTATION('',(#685),#688);
#685 = B_SPLINE_CURVE_WITH_KNOTS('',1,(#686,#687),.UNSPECIFIED.,.F.,.F.,
  (2,2),(3.35,4.0000006),.PIECEWISE_BEZIER_KNOTS.);
#686 = CARTESIAN_POINT('',(4.993208736482,3.35));
#687 = CARTESIAN_POINT('',(4.993208736482,4.0000006));
#688 = ( GEOMETRIC_REPRESENTATION_CONTEXT(2) 
PARAMETRIC_REPRESENTATION_CONTEXT() REPRESENTATION_CONTEXT('2D SPACE',''
  ) );
#689 = PCURVE('',#690,#695);
#690 = PLANE('',#691);
#691 = AXIS2_PLACEMENT_3D('',#692,#693,#694);
#692 = CARTESIAN_POINT('',(4.920266376829,-18.37909080398,5.));
#693 = DIRECTION('',(-0.951056516295,-0.309016994375,0.));
#694 = DIRECTION('',(0.309016994375,-0.951056516295,0.));
#695 = DEFINITIONAL_REPRESENTATION('',(#696),#699);
#696 = B_SPLINE_CURVE_WITH_KNOTS('',1,(#697,#698),.UNSPECIFIED.,.F.,.F.,
  (2,2),(3.35,4.0000006),.PIECEWISE_BEZIER_KNOTS.);
#697 = CARTESIAN_POINT('',(10.98332870113,-1.65));
#698 = CARTESIAN_POINT('',(10.98332870113,-0.9999994));
#699 = ( GEOMETRIC_REPRESENTATION_CONTEXT(2) 
PARAMETRIC_REPRESENTATION_CONTEXT() REPRESENTATION_CONTEXT('2D SPACE',''
  ) );
#700 = ORIENTED_EDGE('',*,*,#701,.F.);
#701 = EDGE_CURVE('',#702,#676,#704,.T.);
#702 = VERTEX_POINT('',#703);
#703 = CARTESIAN_POINT('',(1.,-29.98332870113,4.));
#704 = SURFACE_CURVE('',#705,(#710,#717),.PCURVE_S1.);
#705 = CIRCLE('',#706,30.);
#706 = AXIS2_PLACEMENT_3D('',#707,#708,#709);
#707 = CARTESIAN_POINT('',(0.,0.,4.));
#708 = DIRECTION('',(0.,0.,1.));
#709 = DIRECTION('',(1.,0.,-0.));
#710 = PCURVE('',#43,#711);
#711 = DEFINITIONAL_REPRESENTATION('',(#712),#716);
#712 = LINE('',#713,#714);
#713 = CARTESIAN_POINT('',(0.,4.));
#714 = VECTOR('',#715,1.);
#715 = DIRECTION('',(1.,0.));
#716 = ( GEOMETRIC_REPRESENTATION_CONTEXT(2) 
PARAMETRIC_REPRESENTATION_CONTEXT() REPRESENTATION_CONTEXT('2D SPACE',''
  ) );
#717 = PCURVE('',#718,#723);
#718 = TOROIDAL_SURFACE('',#719,25.,13.);
#719 = AXIS2_PLACEMENT_3D('',#720,#721,#722);
#720 = CARTESIAN_POINT('',(0.,0.,-8.));
#721 = DIRECTION('',(0.,0.,1.));
#722 = DIRECTION('',(1.,0.,-0.));
#723 = DEFINITIONAL_REPRESENTATION('',(#724),#728);
#724 = LINE('',#725,#726);
#725 = CARTESIAN_POINT('',(0.,1.176005207095));
#726 = VECTOR('',#727,1.);
#727 = DIRECTION('',(1.,0.));
#728 = ( GEOMETRIC_REPRESENTATION_CONTEXT(2) 
PARAMETRIC_REPRESENTATION_CONTEXT() REPRESENTATION_CONTEXT('2D SPACE',''
  ) );
#729 = ORIENTED_EDGE('',*,*,#730,.F.);
#730 = EDGE_CURVE('',#731,#702,#733,.T.);
#731 = VERTEX_POINT('',#732);
#732 = CARTESIAN_POINT('',(1.,-29.98332870113,3.5));
#733 = SURFACE_CURVE('',#734,(#738,#744),.PCURVE_S1.);
#734 = LINE('',#735,#736);
#735 = CARTESIAN_POINT('',(1.,-29.98332870113,0.));
#736 = VECTOR('',#737,1.);
#737 = DIRECTION('',(0.,0.,1.));
#738 = PCURVE('',#43,#739);
#739 = DEFINITIONAL_REPRESENTATION('',(#740),#743);
#740 = B_SPLINE_CURVE_WITH_KNOTS('',1,(#741,#742),.UNSPECIFIED.,.F.,.F.,
  (2,2),(3.35,4.0000006),.PIECEWISE_BEZIER_KNOTS.);
#741 = CARTESIAN_POINT('',(4.745728489646,3.35));
#742 = CARTESIAN_POINT('',(4.745728489646,4.0000006));
#743 = ( GEOMETRIC_REPRESENTATION_CONTEXT(2) 
PARAMETRIC_REPRESENTATION_CONTEXT() REPRESENTATION_CONTEXT('2D SPACE',''
  ) );
#744 = PCURVE('',#745,#750);
#745 = PLANE('',#746);
#746 = AXIS2_PLACEMENT_3D('',#747,#748,#749);
#747 = CARTESIAN_POINT('',(1.,-31.,5.));
#748 = DIRECTION('',(1.,-2.22044604925E-16,0.));
#749 = DIRECTION('',(2.22044604925E-16,1.,0.));
#750 = DEFINITIONAL_REPRESENTATION('',(#751),#754);
#751 = B_SPLINE_CURVE_WITH_KNOTS('',1,(#752,#753),.UNSPECIFIED.,.F.,.F.,
  (2,2),(3.35,4.0000006),.PIECEWISE_BEZIER_KNOTS.);
#752 = CARTESIAN_POINT('',(1.01667129887,-1.65));
#753 = CARTESIAN_POINT('',(1.01667129887,-0.9999994));
#754 = ( GEOMETRIC_REPRESENTATION_CONTEXT(2) 
PARAMETRIC_REPRESENTATION_CONTEXT() REPRESENTATION_CONTEXT('2D SPACE',''
  ) );
#755 = ORIENTED_EDGE('',*,*,#756,.F.);
#756 = EDGE_CURVE('',#757,#731,#759,.T.);
#757 = VERTEX_POINT('',#758);
#758 = CARTESIAN_POINT('',(-1.,-29.98332870113,3.5));
#759 = SURFACE_CURVE('',#760,(#765,#772),.PCURVE_S1.);
#760 = CIRCLE('',#761,30.);
#761 = AXIS2_PLACEMENT_3D('',#762,#763,#764);
#762 = CARTESIAN_POINT('',(0.,0.,3.5));
#763 = DIRECTION('',(0.,0.,1.));
#764 = DIRECTION('',(1.,0.,-0.));
#765 = PCURVE('',#43,#766);
#766 = DEFINITIONAL_REPRESENTATION('',(#767),#771);
#767 = LINE('',#768,#769);
#768 = CARTESIAN_POINT('',(0.,3.5));
#769 = VECTOR('',#770,1.);
#770 = DIRECTION('',(1.,0.));
#771 = ( GEOMETRIC_REPRESENTATION_CONTEXT(2) 
PARAMETRIC_REPRESENTATION_CONTEXT() REPRESENTATION_CONTEXT('2D SPACE',''
  ) );
#772 = PCURVE('',#773,#778);
#773 = PLANE('',#774);
#774 = AXIS2_PLACEMENT_3D('',#775,#776,#777);
#775 = CARTESIAN_POINT('',(-5.551115123126E-15,-25.,3.5));
#776 = DIRECTION('',(0.,0.,1.));
#777 = DIRECTION('',(-2.22044604925E-16,-1.,0.));
#778 = DEFINITIONAL_REPRESENTATION('',(#779),#783);
#779 = CIRCLE('',#780,30.);
#780 = AXIS2_PLACEMENT_2D('',#781,#782);
#781 = CARTESIAN_POINT('',(-25.,0.));
#782 = DIRECTION('',(-2.22044604925E-16,1.));
#783 = ( GEOMETRIC_REPRESENTATION_CONTEXT(2) 
PARAMETRIC_REPRESENTATION_CONTEXT() REPRESENTATION_CONTEXT('2D SPACE',''
  ) );
#784 = ORIENTED_EDGE('',*,*,#785,.T.);
#785 = EDGE_CURVE('',#757,#786,#788,.T.);
#786 = VERTEX_POINT('',#787);
#787 = CARTESIAN_POINT('',(-1.,-29.98332870113,4.));
#788 = SURFACE_CURVE('',#789,(#793,#799),.PCURVE_S1.);
#789 = LINE('',#790,#791);
#790 = CARTESIAN_POINT('',(-1.,-29.98332870113,0.));
#791 = VECTOR('',#792,1.);
#792 = DIRECTION('',(0.,0.,1.));
#793 = PCURVE('',#43,#794);
#794 = DEFINITIONAL_REPRESENTATION('',(#795),#798);
#795 = B_SPLINE_CURVE_WITH_KNOTS('',1,(#796,#797),.UNSPECIFIED.,.F.,.F.,
  (2,2),(3.35,4.0000006),.PIECEWISE_BEZIER_KNOTS.);
#796 = CARTESIAN_POINT('',(4.679049471123,3.35));
#797 = CARTESIAN_POINT('',(4.679049471123,4.0000006));
#798 = ( GEOMETRIC_REPRESENTATION_CONTEXT(2) 
PARAMETRIC_REPRESENTATION_CONTEXT() REPRESENTATION_CONTEXT('2D SPACE',''
  ) );
#799 = PCURVE('',#800,#805);
#800 = PLANE('',#801);
#801 = AXIS2_PLACEMENT_3D('',#802,#803,#804);
#802 = CARTESIAN_POINT('',(-1.,-19.,5.));
#803 = DIRECTION('',(-1.,2.22044604925E-16,0.));
#804 = DIRECTION('',(-2.22044604925E-16,-1.,0.));
#805 = DEFINITIONAL_REPRESENTATION('',(#806),#809);
#806 = B_SPLINE_CURVE_WITH_KNOTS('',1,(#807,#808),.UNSPECIFIED.,.F.,.F.,
  (2,2),(3.35,4.0000006),.PIECEWISE_BEZIER_KNOTS.);
#807 = CARTESIAN_POINT('',(10.98332870113,-1.65));
#808 = CARTESIAN_POINT('',(10.98332870113,-0.9999994));
#809 = ( GEOMETRIC_REPRESENTATION_CONTEXT(2) 
PARAMETRIC_REPRESENTATION_CONTEXT() REPRESENTATION_CONTEXT('2D SPACE',''
  ) );
#810 = ORIENTED_EDGE('',*,*,#811,.F.);
#811 = EDGE_CURVE('',#812,#786,#814,.T.);
#812 = VERTEX_POINT('',#813);
#813 = CARTESIAN_POINT('',(-8.314301600284,-28.8248571358,4.));
#814 = SURFACE_CURVE('',#815,(#820,#827),.PCURVE_S1.);
#815 = CIRCLE('',#816,30.);
#816 = AXIS2_PLACEMENT_3D('',#817,#818,#819);
#817 = CARTESIAN_POINT('',(0.,0.,4.));
#818 = DIRECTION('',(0.,0.,1.));
#819 = DIRECTION('',(1.,0.,-0.));
#820 = PCURVE('',#43,#821);
#821 = DEFINITIONAL_REPRESENTATION('',(#822),#826);
#822 = LINE('',#823,#824);
#823 = CARTESIAN_POINT('',(0.,4.));
#824 = VECTOR('',#825,1.);
#825 = DIRECTION('',(1.,0.));
#826 = ( GEOMETRIC_REPRESENTATION_CONTEXT(2) 
PARAMETRIC_REPRESENTATION_CONTEXT() REPRESENTATION_CONTEXT('2D SPACE',''
  ) );
#827 = PCURVE('',#828,#833);
#828 = TOROIDAL_SURFACE('',#829,25.,13.);
#829 = AXIS2_PLACEMENT_3D('',#830,#831,#832);
#830 = CARTESIAN_POINT('',(0.,0.,-8.));
#831 = DIRECTION('',(0.,0.,1.));
#832 = DIRECTION('',(1.,0.,-0.));
#833 = DEFINITIONAL_REPRESENTATION('',(#834),#838);
#834 = LINE('',#835,#836);
#835 = CARTESIAN_POINT('',(0.,1.176005207095));
#836 = VECTOR('',#837,1.);
#837 = DIRECTION('',(1.,0.));
#838 = ( GEOMETRIC_REPRESENTATION_CONTEXT(2) 
PARAMETRIC_REPRESENTATION_CONTEXT() REPRESENTATION_CONTEXT('2D SPACE',''
  ) );
#839 = ORIENTED_EDGE('',*,*,#840,.F.);
#840 = EDGE_CURVE('',#841,#812,#843,.T.);
#841 = VERTEX_POINT('',#842);
#842 = CARTESIAN_POINT('',(-8.314301600284,-28.8248571358,3.5));
#843 = SURFACE_CURVE('',#844,(#848,#854),.PCURVE_S1.);
#844 = LINE('',#845,#846);
#845 = CARTESIAN_POINT('',(-8.314301600284,-28.8248571358,0.));
#846 = VECTOR('',#847,1.);
#847 = DIRECTION('',(0.,0.,1.));
#848 = PCURVE('',#43,#849);
#849 = DEFINITIONAL_REPRESENTATION('',(#850),#853);
#850 = B_SPLINE_CURVE_WITH_KNOTS('',1,(#851,#852),.UNSPECIFIED.,.F.,.F.,
  (2,2),(3.35,4.0000006),.PIECEWISE_BEZIER_KNOTS.);
#851 = CARTESIAN_POINT('',(4.431569224287,3.35));
#852 = CARTESIAN_POINT('',(4.431569224287,4.0000006));
#853 = ( GEOMETRIC_REPRESENTATION_CONTEXT(2) 
PARAMETRIC_REPRESENTATION_CONTEXT() REPRESENTATION_CONTEXT('2D SPACE',''
  ) );
#854 = PCURVE('',#855,#860);
#855 = PLANE('',#856);
#856 = AXIS2_PLACEMENT_3D('',#857,#858,#859);
#857 = CARTESIAN_POINT('',(-8.628470309328,-29.79176899952,5.));
#858 = DIRECTION('',(0.951056516295,-0.309016994375,0.));
#859 = DIRECTION('',(0.309016994375,0.951056516295,0.));
#860 = DEFINITIONAL_REPRESENTATION('',(#861),#864);
#861 = B_SPLINE_CURVE_WITH_KNOTS('',1,(#862,#863),.UNSPECIFIED.,.F.,.F.,
  (2,2),(3.35,4.0000006),.PIECEWISE_BEZIER_KNOTS.);
#862 = CARTESIAN_POINT('',(1.01667129887,-1.65));
#863 = CARTESIAN_POINT('',(1.01667129887,-0.9999994));
#864 = ( GEOMETRIC_REPRESENTATION_CONTEXT(2) 
PARAMETRIC_REPRESENTATION_CONTEXT() REPRESENTATION_CONTEXT('2D SPACE',''
  ) );
#865 = ORIENTED_EDGE('',*,*,#866,.F.);
#866 = EDGE_CURVE('',#867,#841,#869,.T.);
#867 = VERTEX_POINT('',#868);
#868 = CARTESIAN_POINT('',(-10.21641463287,-28.20682314705,3.5));
#869 = SURFACE_CURVE('',#870,(#875,#882),.PCURVE_S1.);
#870 = CIRCLE('',#871,30.);
#871 = AXIS2_PLACEMENT_3D('',#872,#873,#874);
#872 = CARTESIAN_POINT('',(0.,0.,3.5));
#873 = DIRECTION('',(0.,0.,1.));
#874 = DIRECTION('',(1.,0.,-0.));
#875 = PCURVE('',#43,#876);
#876 = DEFINITIONAL_REPRESENTATION('',(#877),#881);
#877 = LINE('',#878,#879);
#878 = CARTESIAN_POINT('',(0.,3.5));
#879 = VECTOR('',#880,1.);
#880 = DIRECTION('',(1.,0.));
#881 = ( GEOMETRIC_REPRESENTATION_CONTEXT(2) 
PARAMETRIC_REPRESENTATION_CONTEXT() REPRESENTATION_CONTEXT('2D SPACE',''
  ) );
#882 = PCURVE('',#883,#888);
#883 = PLANE('',#884);
#884 = AXIS2_PLACEMENT_3D('',#885,#886,#887);
#885 = CARTESIAN_POINT('',(-7.725424859374,-23.77641290737,3.5));
#886 = DIRECTION('',(0.,0.,1.));
#887 = DIRECTION('',(-0.309016994375,-0.951056516295,0.));
#888 = DEFINITIONAL_REPRESENTATION('',(#889),#893);
#889 = CIRCLE('',#890,30.);
#890 = AXIS2_PLACEMENT_2D('',#891,#892);
#891 = CARTESIAN_POINT('',(-25.,0.));
#892 = DIRECTION('',(-0.309016994375,0.951056516295));
#893 = ( GEOMETRIC_REPRESENTATION_CONTEXT(2) 
PARAMETRIC_REPRESENTATION_CONTEXT() REPRESENTATION_CONTEXT('2D SPACE',''
  ) );
#894 = ORIENTED_EDGE('',*,*,#895,.T.);
#895 = EDGE_CURVE('',#867,#896,#898,.T.);
#896 = VERTEX_POINT('',#897);
#897 = CARTESIAN_POINT('',(-10.21641463287,-28.20682314705,4.));
#898 = SURFACE_CURVE('',#899,(#903,#909),.PCURVE_S1.);
#899 = LINE('',#900,#901);
#900 = CARTESIAN_POINT('',(-10.21641463287,-28.20682314705,0.));
#901 = VECTOR('',#902,1.);
#902 = DIRECTION('',(0.,0.,1.));
#903 = PCURVE('',#43,#904);
#904 = DEFINITIONAL_REPRESENTATION('',(#905),#908);
#905 = B_SPLINE_CURVE_WITH_KNOTS('',1,(#906,#907),.UNSPECIFIED.,.F.,.F.,
  (2,2),(3.35,4.0000006),.PIECEWISE_BEZIER_KNOTS.);
#906 = CARTESIAN_POINT('',(4.364890205764,3.35));
#907 = CARTESIAN_POINT('',(4.364890205764,4.0000006));
#908 = ( GEOMETRIC_REPRESENTATION_CONTEXT(2) 
PARAMETRIC_REPRESENTATION_CONTEXT() REPRESENTATION_CONTEXT('2D SPACE',''
  ) );
#909 = PCURVE('',#910,#915);
#910 = PLANE('',#911);
#911 = AXIS2_PLACEMENT_3D('',#912,#913,#914);
#912 = CARTESIAN_POINT('',(-6.822379409419,-17.76105681523,5.));
#913 = DIRECTION('',(-0.951056516295,0.309016994375,0.));
#914 = DIRECTION('',(-0.309016994375,-0.951056516295,0.));
#915 = DEFINITIONAL_REPRESENTATION('',(#916),#919);
#916 = B_SPLINE_CURVE_WITH_KNOTS('',1,(#917,#918),.UNSPECIFIED.,.F.,.F.,
  (2,2),(3.35,4.0000006),.PIECEWISE_BEZIER_KNOTS.);
#917 = CARTESIAN_POINT('',(10.98332870113,-1.65));
#918 = CARTESIAN_POINT('',(10.98332870113,-0.9999994));
#919 = ( GEOMETRIC_REPRESENTATION_CONTEXT(2) 
PARAMETRIC_REPRESENTATION_CONTEXT() REPRESENTATION_CONTEXT('2D SPACE',''
  ) );
#920 = ORIENTED_EDGE('',*,*,#921,.F.);
#921 = EDGE_CURVE('',#922,#896,#924,.T.);
#922 = VERTEX_POINT('',#923);
#923 = CARTESIAN_POINT('',(-16.81474143078,-24.84480771943,4.));
#924 = SURFACE_CURVE('',#925,(#930,#937),.PCURVE_S1.);
#925 = CIRCLE('',#926,30.);
#926 = AXIS2_PLACEMENT_3D('',#927,#928,#929);
#927 = CARTESIAN_POINT('',(0.,0.,4.));
#928 = DIRECTION('',(0.,0.,1.));
#929 = DIRECTION('',(1.,0.,-0.));
#930 = PCURVE('',#43,#931);
#931 = DEFINITIONAL_REPRESENTATION('',(#932),#936);
#932 = LINE('',#933,#934);
#933 = CARTESIAN_POINT('',(0.,4.));
#934 = VECTOR('',#935,1.);
#935 = DIRECTION('',(1.,0.));
#936 = ( GEOMETRIC_REPRESENTATION_CONTEXT(2) 
PARAMETRIC_REPRESENTATION_CONTEXT() REPRESENTATION_CONTEXT('2D SPACE',''
  ) );
#937 = PCURVE('',#938,#943);
#938 = TOROIDAL_SURFACE('',#939,25.,13.);
#939 = AXIS2_PLACEMENT_3D('',#940,#941,#942);
#940 = CARTESIAN_POINT('',(0.,0.,-8.));
#941 = DIRECTION('',(0.,0.,1.));
#942 = DIRECTION('',(1.,0.,-0.));
#943 = DEFINITIONAL_REPRESENTATION('',(#944),#948);
#944 = LINE('',#945,#946);
#945 = CARTESIAN_POINT('',(0.,1.176005207095));
#946 = VECTOR('',#947,1.);
#947 = DIRECTION('',(1.,0.));
#948 = ( GEOMETRIC_REPRESENTATION_CONTEXT(2) 
PARAMETRIC_REPRESENTATION_CONTEXT() REPRESENTATION_CONTEXT('2D SPACE',''
  ) );
#949 = ORIENTED_EDGE('',*,*,#950,.F.);
#950 = EDGE_CURVE('',#951,#922,#953,.T.);
#951 = VERTEX_POINT('',#952);
#952 = CARTESIAN_POINT('',(-16.81474143078,-24.84480771943,3.5));
#953 = SURFACE_CURVE('',#954,(#958,#964),.PCURVE_S1.);
#954 = LINE('',#955,#956);
#955 = CARTESIAN_POINT('',(-16.81474143078,-24.84480771943,0.));
#956 = VECTOR('',#957,1.);
#957 = DIRECTION('',(0.,0.,1.));
#958 = PCURVE('',#43,#959);
#959 = DEFINITIONAL_REPRESENTATION('',(#960),#963);
#960 = B_SPLINE_CURVE_WITH_KNOTS('',1,(#961,#962),.UNSPECIFIED.,.F.,.F.,
  (2,2),(3.35,4.0000006),.PIECEWISE_BEZIER_KNOTS.);
#961 = CARTESIAN_POINT('',(4.117409958928,3.35));
#962 = CARTESIAN_POINT('',(4.117409958928,4.0000006));
#963 = ( GEOMETRIC_REPRESENTATION_CONTEXT(2) 
PARAMETRIC_REPRESENTATION_CONTEXT() REPRESENTATION_CONTEXT('2D SPACE',''
  ) );
#964 = PCURVE('',#965,#970);
#965 = PLANE('',#966);
#966 = AXIS2_PLACEMENT_3D('',#967,#968,#969);
#967 = CARTESIAN_POINT('',(-17.41232582669,-25.66731207791,5.));
#968 = DIRECTION('',(0.809016994375,-0.587785252292,0.));
#969 = DIRECTION('',(0.587785252292,0.809016994375,0.));
#970 = DEFINITIONAL_REPRESENTATION('',(#971),#974);
#971 = B_SPLINE_CURVE_WITH_KNOTS('',1,(#972,#973),.UNSPECIFIED.,.F.,.F.,
  (2,2),(3.35,4.0000006),.PIECEWISE_BEZIER_KNOTS.);
#972 = CARTESIAN_POINT('',(1.01667129887,-1.65));
#973 = CARTESIAN_POINT('',(1.01667129887,-0.9999994));
#974 = ( GEOMETRIC_REPRESENTATION_CONTEXT(2) 
PARAMETRIC_REPRESENTATION_CONTEXT() REPRESENTATION_CONTEXT('2D SPACE',''
  ) );
#975 = ORIENTED_EDGE('',*,*,#976,.F.);
#976 = EDGE_CURVE('',#977,#951,#979,.T.);
#977 = VERTEX_POINT('',#978);
#978 = CARTESIAN_POINT('',(-18.43277541953,-23.66923721485,3.5));
#979 = SURFACE_CURVE('',#980,(#985,#992),.PCURVE_S1.);
#980 = CIRCLE('',#981,30.);
#981 = AXIS2_PLACEMENT_3D('',#982,#983,#984);
#982 = CARTESIAN_POINT('',(0.,0.,3.5));
#983 = DIRECTION('',(0.,0.,1.));
#984 = DIRECTION('',(1.,0.,-0.));
#985 = PCURVE('',#43,#986);
#986 = DEFINITIONAL_REPRESENTATION('',(#987),#991);
#987 = LINE('',#988,#989);
#988 = CARTESIAN_POINT('',(0.,3.5));
#989 = VECTOR('',#990,1.);
#990 = DIRECTION('',(1.,0.));
#991 = ( GEOMETRIC_REPRESENTATION_CONTEXT(2) 
PARAMETRIC_REPRESENTATION_CONTEXT() REPRESENTATION_CONTEXT('2D SPACE',''
  ) );
#992 = PCURVE('',#993,#998);
#993 = PLANE('',#994);
#994 = AXIS2_PLACEMENT_3D('',#995,#996,#997);
#995 = CARTESIAN_POINT('',(-14.69463130731,-20.22542485937,3.5));
#996 = DIRECTION('',(0.,0.,1.));
#997 = DIRECTION('',(-0.587785252292,-0.809016994375,0.));
#998 = DEFINITIONAL_REPRESENTATION('',(#999),#1003);
#999 = CIRCLE('',#1000,30.);
#1000 = AXIS2_PLACEMENT_2D('',#1001,#1002);
#1001 = CARTESIAN_POINT('',(-25.,0.));
#1002 = DIRECTION('',(-0.587785252292,0.809016994375));
#1003 = ( GEOMETRIC_REPRESENTATION_CONTEXT(2) 
PARAMETRIC_REPRESENTATION_CONTEXT() REPRESENTATION_CONTEXT('2D SPACE',''
  ) );
#1004 = ORIENTED_EDGE('',*,*,#1005,.T.);
#1005 = EDGE_CURVE('',#977,#1006,#1008,.T.);
#1006 = VERTEX_POINT('',#1007);
#1007 = CARTESIAN_POINT('',(-18.43277541953,-23.66923721485,4.));
#1008 = SURFACE_CURVE('',#1009,(#1013,#1019),.PCURVE_S1.);
#1009 = LINE('',#1010,#1011);
#1010 = CARTESIAN_POINT('',(-18.43277541953,-23.66923721485,0.));
#1011 = VECTOR('',#1012,1.);
#1012 = DIRECTION('',(0.,0.,1.));
#1013 = PCURVE('',#43,#1014);
#1014 = DEFINITIONAL_REPRESENTATION('',(#1015),#1018);
#1015 = B_SPLINE_CURVE_WITH_KNOTS('',1,(#1016,#1017),.UNSPECIFIED.,.F.,
  .F.,(2,2),(3.35,4.0000006),.PIECEWISE_BEZIER_KNOTS.);
#1016 = CARTESIAN_POINT('',(4.050730940405,3.35));
#1017 = CARTESIAN_POINT('',(4.050730940405,4.0000006));
#1018 = ( GEOMETRIC_REPRESENTATION_CONTEXT(2) 
PARAMETRIC_REPRESENTATION_CONTEXT() REPRESENTATION_CONTEXT('2D SPACE',''
  ) );
#1019 = PCURVE('',#1020,#1025);
#1020 = PLANE('',#1021);
#1021 = AXIS2_PLACEMENT_3D('',#1022,#1023,#1024);
#1022 = CARTESIAN_POINT('',(-11.97693678793,-14.78353764083,5.));
#1023 = DIRECTION('',(-0.809016994375,0.587785252292,0.));
#1024 = DIRECTION('',(-0.587785252292,-0.809016994375,0.));
#1025 = DEFINITIONAL_REPRESENTATION('',(#1026),#1029);
#1026 = B_SPLINE_CURVE_WITH_KNOTS('',1,(#1027,#1028),.UNSPECIFIED.,.F.,
  .F.,(2,2),(3.35,4.0000006),.PIECEWISE_BEZIER_KNOTS.);
#1027 = CARTESIAN_POINT('',(10.98332870113,-1.65));
#1028 = CARTESIAN_POINT('',(10.98332870113,-0.9999994));
#1029 = ( GEOMETRIC_REPRESENTATION_CONTEXT(2) 
PARAMETRIC_REPRESENTATION_CONTEXT() REPRESENTATION_CONTEXT('2D SPACE',''
  ) );
#1030 = ORIENTED_EDGE('',*,*,#1031,.F.);
#1031 = EDGE_CURVE('',#1032,#1006,#1034,.T.);
#1032 = VERTEX_POINT('',#1033);
#1033 = CARTESIAN_POINT('',(-23.66923721485,-18.43277541953,4.));
#1034 = SURFACE_CURVE('',#1035,(#1040,#1047),.PCURVE_S1.);
#1035 = CIRCLE('',#1036,30.);
#1036 = AXIS2_PLACEMENT_3D('',#1037,#1038,#1039);
#1037 = CARTESIAN_POINT('',(0.,0.,4.));
#1038 = DIRECTION('',(0.,0.,1.));
#1039 = DIRECTION('',(1.,0.,-0.));
#1040 = PCURVE('',#43,#1041);
#1041 = DEFINITIONAL_REPRESENTATION('',(#1042),#1046);
#1042 = LINE('',#1043,#1044);
#1043 = CARTESIAN_POINT('',(0.,4.));
#1044 = VECTOR('',#1045,1.);
#1045 = DIRECTION('',(1.,0.));
#1046 = ( GEOMETRIC_REPRESENTATION_CONTEXT(2) 
PARAMETRIC_REPRESENTATION_CONTEXT() REPRESENTATION_CONTEXT('2D SPACE',''
  ) );
#1047 = PCURVE('',#1048,#1053);
#1048 = TOROIDAL_SURFACE('',#1049,25.,13.);
#1049 = AXIS2_PLACEMENT_3D('',#1050,#1051,#1052);
#1050 = CARTESIAN_POINT('',(0.,0.,-8.));
#1051 = DIRECTION('',(0.,0.,1.));
#1052 = DIRECTION('',(1.,0.,-0.));
#1053 = DEFINITIONAL_REPRESENTATION('',(#1054),#1058);
#1054 = LINE('',#1055,#1056);
#1055 = CARTESIAN_POINT('',(0.,1.176005207095));
#1056 = VECTOR('',#1057,1.);
#1057 = DIRECTION('',(1.,0.));
#1058 = ( GEOMETRIC_REPRESENTATION_CONTEXT(2) 
PARAMETRIC_REPRESENTATION_CONTEXT() REPRESENTATION_CONTEXT('2D SPACE',''
  ) );
#1059 = ORIENTED_EDGE('',*,*,#1060,.F.);
#1060 = EDGE_CURVE('',#1061,#1032,#1063,.T.);
#1061 = VERTEX_POINT('',#1062);
#1062 = CARTESIAN_POINT('',(-23.66923721485,-18.43277541953,3.5));
#1063 = SURFACE_CURVE('',#1064,(#1068,#1074),.PCURVE_S1.);
#1064 = LINE('',#1065,#1066);
#1065 = CARTESIAN_POINT('',(-23.66923721485,-18.43277541953,0.));
#1066 = VECTOR('',#1067,1.);
#1067 = DIRECTION('',(0.,0.,1.));
#1068 = PCURVE('',#43,#1069);
#1069 = DEFINITIONAL_REPRESENTATION('',(#1070),#1073);
#1070 = B_SPLINE_CURVE_WITH_KNOTS('',1,(#1071,#1072),.UNSPECIFIED.,.F.,
  .F.,(2,2),(3.35,4.0000006),.PIECEWISE_BEZIER_KNOTS.);
#1071 = CARTESIAN_POINT('',(3.803250693569,3.35));
#1072 = CARTESIAN_POINT('',(3.803250693569,4.0000006));
#1073 = ( GEOMETRIC_REPRESENTATION_CONTEXT(2) 
PARAMETRIC_REPRESENTATION_CONTEXT() REPRESENTATION_CONTEXT('2D SPACE',''
  ) );
#1074 = PCURVE('',#1075,#1080);
#1075 = PLANE('',#1076);
#1076 = AXIS2_PLACEMENT_3D('',#1077,#1078,#1079);
#1077 = CARTESIAN_POINT('',(-24.49174157333,-19.03035981544,5.));
#1078 = DIRECTION('',(0.587785252292,-0.809016994375,0.));
#1079 = DIRECTION('',(0.809016994375,0.587785252292,0.));
#1080 = DEFINITIONAL_REPRESENTATION('',(#1081),#1084);
#1081 = B_SPLINE_CURVE_WITH_KNOTS('',1,(#1082,#1083),.UNSPECIFIED.,.F.,
  .F.,(2,2),(3.35,4.0000006),.PIECEWISE_BEZIER_KNOTS.);
#1082 = CARTESIAN_POINT('',(1.01667129887,-1.65));
#1083 = CARTESIAN_POINT('',(1.01667129887,-0.9999994));
#1084 = ( GEOMETRIC_REPRESENTATION_CONTEXT(2) 
PARAMETRIC_REPRESENTATION_CONTEXT() REPRESENTATION_CONTEXT('2D SPACE',''
  ) );
#1085 = ORIENTED_EDGE('',*,*,#1086,.F.);
#1086 = EDGE_CURVE('',#1087,#1061,#1089,.T.);
#1087 = VERTEX_POINT('',#1088);
#1088 = CARTESIAN_POINT('',(-24.84480771943,-16.81474143078,3.5));
#1089 = SURFACE_CURVE('',#1090,(#1095,#1102),.PCURVE_S1.);
#1090 = CIRCLE('',#1091,30.);
#1091 = AXIS2_PLACEMENT_3D('',#1092,#1093,#1094);
#1092 = CARTESIAN_POINT('',(0.,0.,3.5));
#1093 = DIRECTION('',(0.,0.,1.));
#1094 = DIRECTION('',(1.,0.,-0.));
#1095 = PCURVE('',#43,#1096);
#1096 = DEFINITIONAL_REPRESENTATION('',(#1097),#1101);
#1097 = LINE('',#1098,#1099);
#1098 = CARTESIAN_POINT('',(0.,3.5));
#1099 = VECTOR('',#1100,1.);
#1100 = DIRECTION('',(1.,0.));
#1101 = ( GEOMETRIC_REPRESENTATION_CONTEXT(2) 
PARAMETRIC_REPRESENTATION_CONTEXT() REPRESENTATION_CONTEXT('2D SPACE',''
  ) );
#1102 = PCURVE('',#1103,#1108);
#1103 = PLANE('',#1104);
#1104 = AXIS2_PLACEMENT_3D('',#1105,#1106,#1107);
#1105 = CARTESIAN_POINT('',(-20.22542485937,-14.69463130731,3.5));
#1106 = DIRECTION('',(0.,0.,1.));
#1107 = DIRECTION('',(-0.809016994375,-0.587785252292,0.));
#1108 = DEFINITIONAL_REPRESENTATION('',(#1109),#1113);
#1109 = CIRCLE('',#1110,30.);
#1110 = AXIS2_PLACEMENT_2D('',#1111,#1112);
#1111 = CARTESIAN_POINT('',(-25.,1.7763568394E-15));
#1112 = DIRECTION('',(-0.809016994375,0.587785252292));
#1113 = ( GEOMETRIC_REPRESENTATION_CONTEXT(2) 
PARAMETRIC_REPRESENTATION_CONTEXT() REPRESENTATION_CONTEXT('2D SPACE',''
  ) );
#1114 = ORIENTED_EDGE('',*,*,#1115,.T.);
#1115 = EDGE_CURVE('',#1087,#1116,#1118,.T.);
#1116 = VERTEX_POINT('',#1117);
#1117 = CARTESIAN_POINT('',(-24.84480771943,-16.81474143078,4.));
#1118 = SURFACE_CURVE('',#1119,(#1123,#1129),.PCURVE_S1.);
#1119 = LINE('',#1120,#1121);
#1120 = CARTESIAN_POINT('',(-24.84480771943,-16.81474143078,0.));
#1121 = VECTOR('',#1122,1.);
#1122 = DIRECTION('',(0.,0.,1.));
#1123 = PCURVE('',#43,#1124);
#1124 = DEFINITIONAL_REPRESENTATION('',(#1125),#1128);
#1125 = B_SPLINE_CURVE_WITH_KNOTS('',1,(#1126,#1127),.UNSPECIFIED.,.F.,
  .F.,(2,2),(3.35,4.0000006),.PIECEWISE_BEZIER_KNOTS.);
#1126 = CARTESIAN_POINT('',(3.736571675046,3.35));
#1127 = CARTESIAN_POINT('',(3.736571675046,4.0000006));
#1128 = ( GEOMETRIC_REPRESENTATION_CONTEXT(2) 
PARAMETRIC_REPRESENTATION_CONTEXT() REPRESENTATION_CONTEXT('2D SPACE',''
  ) );
#1129 = PCURVE('',#1130,#1135);
#1130 = PLANE('',#1131);
#1131 = AXIS2_PLACEMENT_3D('',#1132,#1133,#1134);
#1132 = CARTESIAN_POINT('',(-15.95910814541,-10.35890279918,5.));
#1133 = DIRECTION('',(-0.587785252292,0.809016994375,0.));
#1134 = DIRECTION('',(-0.809016994375,-0.587785252292,0.));
#1135 = DEFINITIONAL_REPRESENTATION('',(#1136),#1139);
#1136 = B_SPLINE_CURVE_WITH_KNOTS('',1,(#1137,#1138),.UNSPECIFIED.,.F.,
  .F.,(2,2),(3.35,4.0000006),.PIECEWISE_BEZIER_KNOTS.);
#1137 = CARTESIAN_POINT('',(10.98332870113,-1.65));
#1138 = CARTESIAN_POINT('',(10.98332870113,-0.9999994));
#1139 = ( GEOMETRIC_REPRESENTATION_CONTEXT(2) 
PARAMETRIC_REPRESENTATION_CONTEXT() REPRESENTATION_CONTEXT('2D SPACE',''
  ) );
#1140 = ORIENTED_EDGE('',*,*,#1141,.F.);
#1141 = EDGE_CURVE('',#1142,#1116,#1144,.T.);
#1142 = VERTEX_POINT('',#1143);
#1143 = CARTESIAN_POINT('',(-28.20682314705,-10.21641463287,4.));
#1144 = SURFACE_CURVE('',#1145,(#1150,#1157),.PCURVE_S1.);
#1145 = CIRCLE('',#1146,30.);
#1146 = AXIS2_PLACEMENT_3D('',#1147,#1148,#1149);
#1147 = CARTESIAN_POINT('',(0.,0.,4.));
#1148 = DIRECTION('',(0.,0.,1.));
#1149 = DIRECTION('',(1.,0.,-0.));
#1150 = PCURVE('',#43,#1151);
#1151 = DEFINITIONAL_REPRESENTATION('',(#1152),#1156);
#1152 = LINE('',#1153,#1154);
#1153 = CARTESIAN_POINT('',(0.,4.));
#1154 = VECTOR('',#1155,1.);
#1155 = DIRECTION('',(1.,0.));
#1156 = ( GEOMETRIC_REPRESENTATION_CONTEXT(2) 
PARAMETRIC_REPRESENTATION_CONTEXT() REPRESENTATION_CONTEXT('2D SPACE',''
  ) );
#1157 = PCURVE('',#1158,#1163);
#1158 = TOROIDAL_SURFACE('',#1159,25.,13.);
#1159 = AXIS2_PLACEMENT_3D('',#1160,#1161,#1162);
#1160 = CARTESIAN_POINT('',(0.,0.,-8.));
#1161 = DIRECTION('',(0.,0.,1.));
#1162 = DIRECTION('',(1.,0.,-0.));
#1163 = DEFINITIONAL_REPRESENTATION('',(#1164),#1168);
#1164 = LINE('',#1165,#1166);
#1165 = CARTESIAN_POINT('',(0.,1.176005207095));
#1166 = VECTOR('',#1167,1.);
#1167 = DIRECTION('',(1.,0.));
#1168 = ( GEOMETRIC_REPRESENTATION_CONTEXT(2) 
PARAMETRIC_REPRESENTATION_CONTEXT() REPRESENTATION_CONTEXT('2D SPACE',''
  ) );
#1169 = ORIENTED_EDGE('',*,*,#1170,.F.);
#1170 = EDGE_CURVE('',#1171,#1142,#1173,.T.);
#1171 = VERTEX_POINT('',#1172);
#1172 = CARTESIAN_POINT('',(-28.20682314705,-10.21641463287,3.5));
#1173 = SURFACE_CURVE('',#1174,(#1178,#1184),.PCURVE_S1.);
#1174 = LINE('',#1175,#1176);
#1175 = CARTESIAN_POINT('',(-28.20682314705,-10.21641463287,0.));
#1176 = VECTOR('',#1177,1.);
#1177 = DIRECTION('',(0.,0.,1.));
#1178 = PCURVE('',#43,#1179);
#1179 = DEFINITIONAL_REPRESENTATION('',(#1180),#1183);
#1180 = B_SPLINE_CURVE_WITH_KNOTS('',1,(#1181,#1182),.UNSPECIFIED.,.F.,
  .F.,(2,2),(3.35,4.0000006),.PIECEWISE_BEZIER_KNOTS.);
#1181 = CARTESIAN_POINT('',(3.48909142821,3.35));
#1182 = CARTESIAN_POINT('',(3.48909142821,4.0000006));
#1183 = ( GEOMETRIC_REPRESENTATION_CONTEXT(2) 
PARAMETRIC_REPRESENTATION_CONTEXT() REPRESENTATION_CONTEXT('2D SPACE',''
  ) );
#1184 = PCURVE('',#1185,#1190);
#1185 = PLANE('',#1186);
#1186 = AXIS2_PLACEMENT_3D('',#1187,#1188,#1189);
#1187 = CARTESIAN_POINT('',(-29.17373501077,-10.53058334191,5.));
#1188 = DIRECTION('',(0.309016994375,-0.951056516295,0.));
#1189 = DIRECTION('',(0.951056516295,0.309016994375,0.));
#1190 = DEFINITIONAL_REPRESENTATION('',(#1191),#1194);
#1191 = B_SPLINE_CURVE_WITH_KNOTS('',1,(#1192,#1193),.UNSPECIFIED.,.F.,
  .F.,(2,2),(3.35,4.0000006),.PIECEWISE_BEZIER_KNOTS.);
#1192 = CARTESIAN_POINT('',(1.01667129887,-1.65));
#1193 = CARTESIAN_POINT('',(1.01667129887,-0.9999994));
#1194 = ( GEOMETRIC_REPRESENTATION_CONTEXT(2) 
PARAMETRIC_REPRESENTATION_CONTEXT() REPRESENTATION_CONTEXT('2D SPACE',''
  ) );
#1195 = ORIENTED_EDGE('',*,*,#1196,.F.);
#1196 = EDGE_CURVE('',#1197,#1171,#1199,.T.);
#1197 = VERTEX_POINT('',#1198);
#1198 = CARTESIAN_POINT('',(-28.8248571358,-8.314301600284,3.5));
#1199 = SURFACE_CURVE('',#1200,(#1205,#1212),.PCURVE_S1.);
#1200 = CIRCLE('',#1201,30.);
#1201 = AXIS2_PLACEMENT_3D('',#1202,#1203,#1204);
#1202 = CARTESIAN_POINT('',(0.,0.,3.5));
#1203 = DIRECTION('',(0.,0.,1.));
#1204 = DIRECTION('',(1.,0.,-0.));
#1205 = PCURVE('',#43,#1206);
#1206 = DEFINITIONAL_REPRESENTATION('',(#1207),#1211);
#1207 = LINE('',#1208,#1209);
#1208 = CARTESIAN_POINT('',(0.,3.5));
#1209 = VECTOR('',#1210,1.);
#1210 = DIRECTION('',(1.,0.));
#1211 = ( GEOMETRIC_REPRESENTATION_CONTEXT(2) 
PARAMETRIC_REPRESENTATION_CONTEXT() REPRESENTATION_CONTEXT('2D SPACE',''
  ) );
#1212 = PCURVE('',#1213,#1218);
#1213 = PLANE('',#1214);
#1214 = AXIS2_PLACEMENT_3D('',#1215,#1216,#1217);
#1215 = CARTESIAN_POINT('',(-23.77641290737,-7.725424859374,3.5));
#1216 = DIRECTION('',(0.,0.,1.));
#1217 = DIRECTION('',(-0.951056516295,-0.309016994375,0.));
#1218 = DEFINITIONAL_REPRESENTATION('',(#1219),#1223);
#1219 = CIRCLE('',#1220,30.);
#1220 = AXIS2_PLACEMENT_2D('',#1221,#1222);
#1221 = CARTESIAN_POINT('',(-25.,8.881784197001E-16));
#1222 = DIRECTION('',(-0.951056516295,0.309016994375));
#1223 = ( GEOMETRIC_REPRESENTATION_CONTEXT(2) 
PARAMETRIC_REPRESENTATION_CONTEXT() REPRESENTATION_CONTEXT('2D SPACE',''
  ) );
#1224 = ORIENTED_EDGE('',*,*,#1225,.T.);
#1225 = EDGE_CURVE('',#1197,#1226,#1228,.T.);
#1226 = VERTEX_POINT('',#1227);
#1227 = CARTESIAN_POINT('',(-28.8248571358,-8.314301600284,4.));
#1228 = SURFACE_CURVE('',#1229,(#1233,#1239),.PCURVE_S1.);
#1229 = LINE('',#1230,#1231);
#1230 = CARTESIAN_POINT('',(-28.8248571358,-8.314301600284,0.));
#1231 = VECTOR('',#1232,1.);
#1232 = DIRECTION('',(0.,0.,1.));
#1233 = PCURVE('',#43,#1234);
#1234 = DEFINITIONAL_REPRESENTATION('',(#1235),#1238);
#1235 = B_SPLINE_CURVE_WITH_KNOTS('',1,(#1236,#1237),.UNSPECIFIED.,.F.,
  .F.,(2,2),(3.35,4.0000006),.PIECEWISE_BEZIER_KNOTS.);
#1236 = CARTESIAN_POINT('',(3.422412409687,3.35));
#1237 = CARTESIAN_POINT('',(3.422412409687,4.0000006));
#1238 = ( GEOMETRIC_REPRESENTATION_CONTEXT(2) 
PARAMETRIC_REPRESENTATION_CONTEXT() REPRESENTATION_CONTEXT('2D SPACE',''
  ) );
#1239 = PCURVE('',#1240,#1245);
#1240 = PLANE('',#1241);
#1241 = AXIS2_PLACEMENT_3D('',#1242,#1243,#1244);
#1242 = CARTESIAN_POINT('',(-18.37909080398,-4.920266376829,5.));
#1243 = DIRECTION('',(-0.309016994375,0.951056516295,0.));
#1244 = DIRECTION('',(-0.951056516295,-0.309016994375,0.));
#1245 = DEFINITIONAL_REPRESENTATION('',(#1246),#1249);
#1246 = B_SPLINE_CURVE_WITH_KNOTS('',1,(#1247,#1248),.UNSPECIFIED.,.F.,
  .F.,(2,2),(3.35,4.0000006),.PIECEWISE_BEZIER_KNOTS.);
#1247 = CARTESIAN_POINT('',(10.98332870113,-1.65));
#1248 = CARTESIAN_POINT('',(10.98332870113,-0.9999994));
#1249 = ( GEOMETRIC_REPRESENTATION_CONTEXT(2) 
PARAMETRIC_REPRESENTATION_CONTEXT() REPRESENTATION_CONTEXT('2D SPACE',''
  ) );
#1250 = ORIENTED_EDGE('',*,*,#1251,.F.);
#1251 = EDGE_CURVE('',#1252,#1226,#1254,.T.);
#1252 = VERTEX_POINT('',#1253);
#1253 = CARTESIAN_POINT('',(-29.98332870113,-1.,4.));
#1254 = SURFACE_CURVE('',#1255,(#1260,#1267),.PCURVE_S1.);
#1255 = CIRCLE('',#1256,30.);
#1256 = AXIS2_PLACEMENT_3D('',#1257,#1258,#1259);
#1257 = CARTESIAN_POINT('',(0.,0.,4.));
#1258 = DIRECTION('',(0.,0.,1.));
#1259 = DIRECTION('',(1.,0.,-0.));
#1260 = PCURVE('',#43,#1261);
#1261 = DEFINITIONAL_REPRESENTATION('',(#1262),#1266);
#1262 = LINE('',#1263,#1264);
#1263 = CARTESIAN_POINT('',(0.,4.));
#1264 = VECTOR('',#1265,1.);
#1265 = DIRECTION('',(1.,0.));
#1266 = ( GEOMETRIC_REPRESENTATION_CONTEXT(2) 
PARAMETRIC_REPRESENTATION_CONTEXT() REPRESENTATION_CONTEXT('2D SPACE',''
  ) );
#1267 = PCURVE('',#1268,#1273);
#1268 = TOROIDAL_SURFACE('',#1269,25.,13.);
#1269 = AXIS2_PLACEMENT_3D('',#1270,#1271,#1272);
#1270 = CARTESIAN_POINT('',(0.,0.,-8.));
#1271 = DIRECTION('',(0.,0.,1.));
#1272 = DIRECTION('',(1.,0.,-0.));
#1273 = DEFINITIONAL_REPRESENTATION('',(#1274),#1278);
#1274 = LINE('',#1275,#1276);
#1275 = CARTESIAN_POINT('',(0.,1.176005207095));
#1276 = VECTOR('',#1277,1.);
#1277 = DIRECTION('',(1.,0.));
#1278 = ( GEOMETRIC_REPRESENTATION_CONTEXT(2) 
PARAMETRIC_REPRESENTATION_CONTEXT() REPRESENTATION_CONTEXT('2D SPACE',''
  ) );
#1279 = ORIENTED_EDGE('',*,*,#1280,.F.);
#1280 = EDGE_CURVE('',#1281,#1252,#1283,.T.);
#1281 = VERTEX_POINT('',#1282);
#1282 = CARTESIAN_POINT('',(-29.98332870113,-1.,3.5));
#1283 = SURFACE_CURVE('',#1284,(#1288,#1294),.PCURVE_S1.);
#1284 = LINE('',#1285,#1286);
#1285 = CARTESIAN_POINT('',(-29.98332870113,-1.,0.));
#1286 = VECTOR('',#1287,1.);
#1287 = DIRECTION('',(0.,0.,1.));
#1288 = PCURVE('',#43,#1289);
#1289 = DEFINITIONAL_REPRESENTATION('',(#1290),#1293);
#1290 = B_SPLINE_CURVE_WITH_KNOTS('',1,(#1291,#1292),.UNSPECIFIED.,.F.,
  .F.,(2,2),(3.35,4.0000006),.PIECEWISE_BEZIER_KNOTS.);
#1291 = CARTESIAN_POINT('',(3.174932162851,3.35));
#1292 = CARTESIAN_POINT('',(3.174932162851,4.0000006));
#1293 = ( GEOMETRIC_REPRESENTATION_CONTEXT(2) 
PARAMETRIC_REPRESENTATION_CONTEXT() REPRESENTATION_CONTEXT('2D SPACE',''
  ) );
#1294 = PCURVE('',#1295,#1300);
#1295 = PLANE('',#1296);
#1296 = AXIS2_PLACEMENT_3D('',#1297,#1298,#1299);
#1297 = CARTESIAN_POINT('',(-31.,-1.,5.));
#1298 = DIRECTION('',(-1.224646799147E-16,-1.,0.));
#1299 = DIRECTION('',(1.,-1.224646799147E-16,0.));
#1300 = DEFINITIONAL_REPRESENTATION('',(#1301),#1304);
#1301 = B_SPLINE_CURVE_WITH_KNOTS('',1,(#1302,#1303),.UNSPECIFIED.,.F.,
  .F.,(2,2),(3.35,4.0000006),.PIECEWISE_BEZIER_KNOTS.);
#1302 = CARTESIAN_POINT('',(1.01667129887,-1.65));
#1303 = CARTESIAN_POINT('',(1.01667129887,-0.9999994));
#1304 = ( GEOMETRIC_REPRESENTATION_CONTEXT(2) 
PARAMETRIC_REPRESENTATION_CONTEXT() REPRESENTATION_CONTEXT('2D SPACE',''
  ) );
#1305 = ORIENTED_EDGE('',*,*,#1306,.F.);
#1306 = EDGE_CURVE('',#1307,#1281,#1309,.T.);
#1307 = VERTEX_POINT('',#1308);
#1308 = CARTESIAN_POINT('',(-29.98332870113,1.,3.5));
#1309 = SURFACE_CURVE('',#1310,(#1315,#1322),.PCURVE_S1.);
#1310 = CIRCLE('',#1311,30.);
#1311 = AXIS2_PLACEMENT_3D('',#1312,#1313,#1314);
#1312 = CARTESIAN_POINT('',(0.,0.,3.5));
#1313 = DIRECTION('',(0.,0.,1.));
#1314 = DIRECTION('',(1.,0.,-0.));
#1315 = PCURVE('',#43,#1316);
#1316 = DEFINITIONAL_REPRESENTATION('',(#1317),#1321);
#1317 = LINE('',#1318,#1319);
#1318 = CARTESIAN_POINT('',(0.,3.5));
#1319 = VECTOR('',#1320,1.);
#1320 = DIRECTION('',(1.,0.));
#1321 = ( GEOMETRIC_REPRESENTATION_CONTEXT(2) 
PARAMETRIC_REPRESENTATION_CONTEXT() REPRESENTATION_CONTEXT('2D SPACE',''
  ) );
#1322 = PCURVE('',#1323,#1328);
#1323 = PLANE('',#1324);
#1324 = AXIS2_PLACEMENT_3D('',#1325,#1326,#1327);
#1325 = CARTESIAN_POINT('',(-25.,3.061616997868E-15,3.5));
#1326 = DIRECTION('',(0.,0.,1.));
#1327 = DIRECTION('',(-1.,1.224646799147E-16,0.));
#1328 = DEFINITIONAL_REPRESENTATION('',(#1329),#1333);
#1329 = CIRCLE('',#1330,30.);
#1330 = AXIS2_PLACEMENT_2D('',#1331,#1332);
#1331 = CARTESIAN_POINT('',(-25.,0.));
#1332 = DIRECTION('',(-1.,-1.224646799147E-16));
#1333 = ( GEOMETRIC_REPRESENTATION_CONTEXT(2) 
PARAMETRIC_REPRESENTATION_CONTEXT() REPRESENTATION_CONTEXT('2D SPACE',''
  ) );
#1334 = ORIENTED_EDGE('',*,*,#1335,.T.);
#1335 = EDGE_CURVE('',#1307,#1336,#1338,.T.);
#1336 = VERTEX_POINT('',#1337);
#1337 = CARTESIAN_POINT('',(-29.98332870113,1.,4.));
#1338 = SURFACE_CURVE('',#1339,(#1343,#1349),.PCURVE_S1.);
#1339 = LINE('',#1340,#1341);
#1340 = CARTESIAN_POINT('',(-29.98332870113,1.,0.));
#1341 = VECTOR('',#1342,1.);
#1342 = DIRECTION('',(0.,0.,1.));
#1343 = PCURVE('',#43,#1344);
#1344 = DEFINITIONAL_REPRESENTATION('',(#1345),#1348);
#1345 = B_SPLINE_CURVE_WITH_KNOTS('',1,(#1346,#1347),.UNSPECIFIED.,.F.,
  .F.,(2,2),(3.35,4.0000006),.PIECEWISE_BEZIER_KNOTS.);
#1346 = CARTESIAN_POINT('',(3.108253144328,3.35));
#1347 = CARTESIAN_POINT('',(3.108253144328,4.0000006));
#1348 = ( GEOMETRIC_REPRESENTATION_CONTEXT(2) 
PARAMETRIC_REPRESENTATION_CONTEXT() REPRESENTATION_CONTEXT('2D SPACE',''
  ) );
#1349 = PCURVE('',#1350,#1355);
#1350 = PLANE('',#1351);
#1351 = AXIS2_PLACEMENT_3D('',#1352,#1353,#1354);
#1352 = CARTESIAN_POINT('',(-19.,1.,5.));
#1353 = DIRECTION('',(1.224646799147E-16,1.,0.));
#1354 = DIRECTION('',(-1.,1.224646799147E-16,0.));
#1355 = DEFINITIONAL_REPRESENTATION('',(#1356),#1359);
#1356 = B_SPLINE_CURVE_WITH_KNOTS('',1,(#1357,#1358),.UNSPECIFIED.,.F.,
  .F.,(2,2),(3.35,4.0000006),.PIECEWISE_BEZIER_KNOTS.);
#1357 = CARTESIAN_POINT('',(10.98332870113,-1.65));
#1358 = CARTESIAN_POINT('',(10.98332870113,-0.9999994));
#1359 = ( GEOMETRIC_REPRESENTATION_CONTEXT(2) 
PARAMETRIC_REPRESENTATION_CONTEXT() REPRESENTATION_CONTEXT('2D SPACE',''
  ) );
#1360 = ORIENTED_EDGE('',*,*,#1361,.F.);
#1361 = EDGE_CURVE('',#1362,#1336,#1364,.T.);
#1362 = VERTEX_POINT('',#1363);
#1363 = CARTESIAN_POINT('',(-28.8248571358,8.314301600284,4.));
#1364 = SURFACE_CURVE('',#1365,(#1370,#1377),.PCURVE_S1.);
#1365 = CIRCLE('',#1366,30.);
#1366 = AXIS2_PLACEMENT_3D('',#1367,#1368,#1369);
#1367 = CARTESIAN_POINT('',(0.,0.,4.));
#1368 = DIRECTION('',(0.,0.,1.));
#1369 = DIRECTION('',(1.,0.,-0.));
#1370 = PCURVE('',#43,#1371);
#1371 = DEFINITIONAL_REPRESENTATION('',(#1372),#1376);
#1372 = LINE('',#1373,#1374);
#1373 = CARTESIAN_POINT('',(0.,4.));
#1374 = VECTOR('',#1375,1.);
#1375 = DIRECTION('',(1.,0.));
#1376 = ( GEOMETRIC_REPRESENTATION_CONTEXT(2) 
PARAMETRIC_REPRESENTATION_CONTEXT() REPRESENTATION_CONTEXT('2D SPACE',''
  ) );
#1377 = PCURVE('',#1378,#1383);
#1378 = TOROIDAL_SURFACE('',#1379,25.,13.);
#1379 = AXIS2_PLACEMENT_3D('',#1380,#1381,#1382);
#1380 = CARTESIAN_POINT('',(0.,0.,-8.));
#1381 = DIRECTION('',(0.,0.,1.));
#1382 = DIRECTION('',(1.,0.,-0.));
#1383 = DEFINITIONAL_REPRESENTATION('',(#1384),#1388);
#1384 = LINE('',#1385,#1386);
#1385 = CARTESIAN_POINT('',(0.,1.176005207095));
#1386 = VECTOR('',#1387,1.);
#1387 = DIRECTION('',(1.,0.));
#1388 = ( GEOMETRIC_REPRESENTATION_CONTEXT(2) 
PARAMETRIC_REPRESENTATION_CONTEXT() REPRESENTATION_CONTEXT('2D SPACE',''
  ) );
#1389 = ORIENTED_EDGE('',*,*,#1390,.F.);
#1390 = EDGE_CURVE('',#1391,#1362,#1393,.T.);
#1391 = VERTEX_POINT('',#1392);
#1392 = CARTESIAN_POINT('',(-28.8248571358,8.314301600284,3.5));
#1393 = SURFACE_CURVE('',#1394,(#1398,#1404),.PCURVE_S1.);
#1394 = LINE('',#1395,#1396);
#1395 = CARTESIAN_POINT('',(-28.8248571358,8.314301600284,0.));
#1396 = VECTOR('',#1397,1.);
#1397 = DIRECTION('',(0.,0.,1.));
#1398 = PCURVE('',#43,#1399);
#1399 = DEFINITIONAL_REPRESENTATION('',(#1400),#1403);
#1400 = B_SPLINE_CURVE_WITH_KNOTS('',1,(#1401,#1402),.UNSPECIFIED.,.F.,
  .F.,(2,2),(3.35,4.0000006),.PIECEWISE_BEZIER_KNOTS.);
#1401 = CARTESIAN_POINT('',(2.860772897492,3.35));
#1402 = CARTESIAN_POINT('',(2.860772897492,4.0000006));
#1403 = ( GEOMETRIC_REPRESENTATION_CONTEXT(2) 
PARAMETRIC_REPRESENTATION_CONTEXT() REPRESENTATION_CONTEXT('2D SPACE',''
  ) );
#1404 = PCURVE('',#1405,#1410);
#1405 = PLANE('',#1406);
#1406 = AXIS2_PLACEMENT_3D('',#1407,#1408,#1409);
#1407 = CARTESIAN_POINT('',(-29.79176899952,8.628470309328,5.));
#1408 = DIRECTION('',(-0.309016994375,-0.951056516295,0.));
#1409 = DIRECTION('',(0.951056516295,-0.309016994375,0.));
#1410 = DEFINITIONAL_REPRESENTATION('',(#1411),#1414);
#1411 = B_SPLINE_CURVE_WITH_KNOTS('',1,(#1412,#1413),.UNSPECIFIED.,.F.,
  .F.,(2,2),(3.35,4.0000006),.PIECEWISE_BEZIER_KNOTS.);
#1412 = CARTESIAN_POINT('',(1.01667129887,-1.65));
#1413 = CARTESIAN_POINT('',(1.01667129887,-0.9999994));
#1414 = ( GEOMETRIC_REPRESENTATION_CONTEXT(2) 
PARAMETRIC_REPRESENTATION_CONTEXT() REPRESENTATION_CONTEXT('2D SPACE',''
  ) );
#1415 = ORIENTED_EDGE('',*,*,#1416,.F.);
#1416 = EDGE_CURVE('',#1417,#1391,#1419,.T.);
#1417 = VERTEX_POINT('',#1418);
#1418 = CARTESIAN_POINT('',(-28.20682314705,10.216414632874,3.5));
#1419 = SURFACE_CURVE('',#1420,(#1425,#1432),.PCURVE_S1.);
#1420 = CIRCLE('',#1421,30.);
#1421 = AXIS2_PLACEMENT_3D('',#1422,#1423,#1424);
#1422 = CARTESIAN_POINT('',(0.,0.,3.5));
#1423 = DIRECTION('',(0.,0.,1.));
#1424 = DIRECTION('',(1.,0.,-0.));
#1425 = PCURVE('',#43,#1426);
#1426 = DEFINITIONAL_REPRESENTATION('',(#1427),#1431);
#1427 = LINE('',#1428,#1429);
#1428 = CARTESIAN_POINT('',(0.,3.5));
#1429 = VECTOR('',#1430,1.);
#1430 = DIRECTION('',(1.,0.));
#1431 = ( GEOMETRIC_REPRESENTATION_CONTEXT(2) 
PARAMETRIC_REPRESENTATION_CONTEXT() REPRESENTATION_CONTEXT('2D SPACE',''
  ) );
#1432 = PCURVE('',#1433,#1438);
#1433 = PLANE('',#1434);
#1434 = AXIS2_PLACEMENT_3D('',#1435,#1436,#1437);
#1435 = CARTESIAN_POINT('',(-23.77641290737,7.725424859374,3.5));
#1436 = DIRECTION('',(0.,0.,1.));
#1437 = DIRECTION('',(-0.951056516295,0.309016994375,0.));
#1438 = DEFINITIONAL_REPRESENTATION('',(#1439),#1443);
#1439 = CIRCLE('',#1440,30.);
#1440 = AXIS2_PLACEMENT_2D('',#1441,#1442);
#1441 = CARTESIAN_POINT('',(-25.,0.));
#1442 = DIRECTION('',(-0.951056516295,-0.309016994375));
#1443 = ( GEOMETRIC_REPRESENTATION_CONTEXT(2) 
PARAMETRIC_REPRESENTATION_CONTEXT() REPRESENTATION_CONTEXT('2D SPACE',''
  ) );
#1444 = ORIENTED_EDGE('',*,*,#1445,.T.);
#1445 = EDGE_CURVE('',#1417,#1446,#1448,.T.);
#1446 = VERTEX_POINT('',#1447);
#1447 = CARTESIAN_POINT('',(-28.20682314705,10.216414632874,4.));
#1448 = SURFACE_CURVE('',#1449,(#1453,#1459),.PCURVE_S1.);
#1449 = LINE('',#1450,#1451);
#1450 = CARTESIAN_POINT('',(-28.20682314705,10.216414632874,0.));
#1451 = VECTOR('',#1452,1.);
#1452 = DIRECTION('',(0.,0.,1.));
#1453 = PCURVE('',#43,#1454);
#1454 = DEFINITIONAL_REPRESENTATION('',(#1455),#1458);
#1455 = B_SPLINE_CURVE_WITH_KNOTS('',1,(#1456,#1457),.UNSPECIFIED.,.F.,
  .F.,(2,2),(3.35,4.0000006),.PIECEWISE_BEZIER_KNOTS.);
#1456 = CARTESIAN_POINT('',(2.79409387897,3.35));
#1457 = CARTESIAN_POINT('',(2.79409387897,4.0000006));
#1458 = ( GEOMETRIC_REPRESENTATION_CONTEXT(2) 
PARAMETRIC_REPRESENTATION_CONTEXT() REPRESENTATION_CONTEXT('2D SPACE',''
  ) );
#1459 = PCURVE('',#1460,#1465);
#1460 = PLANE('',#1461);
#1461 = AXIS2_PLACEMENT_3D('',#1462,#1463,#1464);
#1462 = CARTESIAN_POINT('',(-17.76105681523,6.822379409419,5.));
#1463 = DIRECTION('',(0.309016994375,0.951056516295,0.));
#1464 = DIRECTION('',(-0.951056516295,0.309016994375,0.));
#1465 = DEFINITIONAL_REPRESENTATION('',(#1466),#1469);
#1466 = B_SPLINE_CURVE_WITH_KNOTS('',1,(#1467,#1468),.UNSPECIFIED.,.F.,
  .F.,(2,2),(3.35,4.0000006),.PIECEWISE_BEZIER_KNOTS.);
#1467 = CARTESIAN_POINT('',(10.98332870113,-1.65));
#1468 = CARTESIAN_POINT('',(10.98332870113,-0.9999994));
#1469 = ( GEOMETRIC_REPRESENTATION_CONTEXT(2) 
PARAMETRIC_REPRESENTATION_CONTEXT() REPRESENTATION_CONTEXT('2D SPACE',''
  ) );
#1470 = ORIENTED_EDGE('',*,*,#1471,.F.);
#1471 = EDGE_CURVE('',#1472,#1446,#1474,.T.);
#1472 = VERTEX_POINT('',#1473);
#1473 = CARTESIAN_POINT('',(-24.84480771943,16.814741430787,4.));
#1474 = SURFACE_CURVE('',#1475,(#1480,#1487),.PCURVE_S1.);
#1475 = CIRCLE('',#1476,30.);
#1476 = AXIS2_PLACEMENT_3D('',#1477,#1478,#1479);
#1477 = CARTESIAN_POINT('',(0.,0.,4.));
#1478 = DIRECTION('',(0.,0.,1.));
#1479 = DIRECTION('',(1.,0.,-0.));
#1480 = PCURVE('',#43,#1481);
#1481 = DEFINITIONAL_REPRESENTATION('',(#1482),#1486);
#1482 = LINE('',#1483,#1484);
#1483 = CARTESIAN_POINT('',(0.,4.));
#1484 = VECTOR('',#1485,1.);
#1485 = DIRECTION('',(1.,0.));
#1486 = ( GEOMETRIC_REPRESENTATION_CONTEXT(2) 
PARAMETRIC_REPRESENTATION_CONTEXT() REPRESENTATION_CONTEXT('2D SPACE',''
  ) );
#1487 = PCURVE('',#1488,#1493);
#1488 = TOROIDAL_SURFACE('',#1489,25.,13.);
#1489 = AXIS2_PLACEMENT_3D('',#1490,#1491,#1492);
#1490 = CARTESIAN_POINT('',(0.,0.,-8.));
#1491 = DIRECTION('',(0.,0.,1.));
#1492 = DIRECTION('',(1.,0.,-0.));
#1493 = DEFINITIONAL_REPRESENTATION('',(#1494),#1498);
#1494 = LINE('',#1495,#1496);
#1495 = CARTESIAN_POINT('',(0.,1.176005207095));
#1496 = VECTOR('',#1497,1.);
#1497 = DIRECTION('',(1.,0.));
#1498 = ( GEOMETRIC_REPRESENTATION_CONTEXT(2) 
PARAMETRIC_REPRESENTATION_CONTEXT() REPRESENTATION_CONTEXT('2D SPACE',''
  ) );
#1499 = ORIENTED_EDGE('',*,*,#1500,.F.);
#1500 = EDGE_CURVE('',#1501,#1472,#1503,.T.);
#1501 = VERTEX_POINT('',#1502);
#1502 = CARTESIAN_POINT('',(-24.84480771943,16.814741430787,3.5));
#1503 = SURFACE_CURVE('',#1504,(#1508,#1514),.PCURVE_S1.);
#1504 = LINE('',#1505,#1506);
#1505 = CARTESIAN_POINT('',(-24.84480771943,16.814741430787,0.));
#1506 = VECTOR('',#1507,1.);
#1507 = DIRECTION('',(0.,0.,1.));
#1508 = PCURVE('',#43,#1509);
#1509 = DEFINITIONAL_REPRESENTATION('',(#1510),#1513);
#1510 = B_SPLINE_CURVE_WITH_KNOTS('',1,(#1511,#1512),.UNSPECIFIED.,.F.,
  .F.,(2,2),(3.35,4.0000006),.PIECEWISE_BEZIER_KNOTS.);
#1511 = CARTESIAN_POINT('',(2.546613632133,3.35));
#1512 = CARTESIAN_POINT('',(2.546613632133,4.0000006));
#1513 = ( GEOMETRIC_REPRESENTATION_CONTEXT(2) 
PARAMETRIC_REPRESENTATION_CONTEXT() REPRESENTATION_CONTEXT('2D SPACE',''
  ) );
#1514 = PCURVE('',#1515,#1520);
#1515 = PLANE('',#1516);
#1516 = AXIS2_PLACEMENT_3D('',#1517,#1518,#1519);
#1517 = CARTESIAN_POINT('',(-25.66731207791,17.412325826692,5.));
#1518 = DIRECTION('',(-0.587785252292,-0.809016994375,0.));
#1519 = DIRECTION('',(0.809016994375,-0.587785252292,0.));
#1520 = DEFINITIONAL_REPRESENTATION('',(#1521),#1524);
#1521 = B_SPLINE_CURVE_WITH_KNOTS('',1,(#1522,#1523),.UNSPECIFIED.,.F.,
  .F.,(2,2),(3.35,4.0000006),.PIECEWISE_BEZIER_KNOTS.);
#1522 = CARTESIAN_POINT('',(1.01667129887,-1.65));
#1523 = CARTESIAN_POINT('',(1.01667129887,-0.9999994));
#1524 = ( GEOMETRIC_REPRESENTATION_CONTEXT(2) 
PARAMETRIC_REPRESENTATION_CONTEXT() REPRESENTATION_CONTEXT('2D SPACE',''
  ) );
#1525 = ORIENTED_EDGE('',*,*,#1526,.F.);
#1526 = EDGE_CURVE('',#1527,#1501,#1529,.T.);
#1527 = VERTEX_POINT('',#1528);
#1528 = CARTESIAN_POINT('',(-23.66923721485,18.432775419537,3.5));
#1529 = SURFACE_CURVE('',#1530,(#1535,#1542),.PCURVE_S1.);
#1530 = CIRCLE('',#1531,30.);
#1531 = AXIS2_PLACEMENT_3D('',#1532,#1533,#1534);
#1532 = CARTESIAN_POINT('',(0.,0.,3.5));
#1533 = DIRECTION('',(0.,0.,1.));
#1534 = DIRECTION('',(1.,0.,-0.));
#1535 = PCURVE('',#43,#1536);
#1536 = DEFINITIONAL_REPRESENTATION('',(#1537),#1541);
#1537 = LINE('',#1538,#1539);
#1538 = CARTESIAN_POINT('',(0.,3.5));
#1539 = VECTOR('',#1540,1.);
#1540 = DIRECTION('',(1.,0.));
#1541 = ( GEOMETRIC_REPRESENTATION_CONTEXT(2) 
PARAMETRIC_REPRESENTATION_CONTEXT() REPRESENTATION_CONTEXT('2D SPACE',''
  ) );
#1542 = PCURVE('',#1543,#1548);
#1543 = PLANE('',#1544);
#1544 = AXIS2_PLACEMENT_3D('',#1545,#1546,#1547);
#1545 = CARTESIAN_POINT('',(-20.22542485937,14.694631307312,3.5));
#1546 = DIRECTION('',(0.,0.,1.));
#1547 = DIRECTION('',(-0.809016994375,0.587785252292,0.));
#1548 = DEFINITIONAL_REPRESENTATION('',(#1549),#1553);
#1549 = CIRCLE('',#1550,30.);
#1550 = AXIS2_PLACEMENT_2D('',#1551,#1552);
#1551 = CARTESIAN_POINT('',(-25.,0.));
#1552 = DIRECTION('',(-0.809016994375,-0.587785252292));
#1553 = ( GEOMETRIC_REPRESENTATION_CONTEXT(2) 
PARAMETRIC_REPRESENTATION_CONTEXT() REPRESENTATION_CONTEXT('2D SPACE',''
  ) );
#1554 = ORIENTED_EDGE('',*,*,#1555,.T.);
#1555 = EDGE_CURVE('',#1527,#1556,#1558,.T.);
#1556 = VERTEX_POINT('',#1557);
#1557 = CARTESIAN_POINT('',(-23.66923721485,18.432775419537,4.));
#1558 = SURFACE_CURVE('',#1559,(#1563,#1569),.PCURVE_S1.);
#1559 = LINE('',#1560,#1561);
#1560 = CARTESIAN_POINT('',(-23.66923721485,18.432775419537,0.));
#1561 = VECTOR('',#1562,1.);
#1562 = DIRECTION('',(0.,0.,1.));
#1563 = PCURVE('',#43,#1564);
#1564 = DEFINITIONAL_REPRESENTATION('',(#1565),#1568);
#1565 = B_SPLINE_CURVE_WITH_KNOTS('',1,(#1566,#1567),.UNSPECIFIED.,.F.,
  .F.,(2,2),(3.35,4.0000006),.PIECEWISE_BEZIER_KNOTS.);
#1566 = CARTESIAN_POINT('',(2.479934613611,3.35));
#1567 = CARTESIAN_POINT('',(2.479934613611,4.0000006));
#1568 = ( GEOMETRIC_REPRESENTATION_CONTEXT(2) 
PARAMETRIC_REPRESENTATION_CONTEXT() REPRESENTATION_CONTEXT('2D SPACE',''
  ) );
#1569 = PCURVE('',#1570,#1575);
#1570 = PLANE('',#1571);
#1571 = AXIS2_PLACEMENT_3D('',#1572,#1573,#1574);
#1572 = CARTESIAN_POINT('',(-14.78353764083,11.976936787932,5.));
#1573 = DIRECTION('',(0.587785252292,0.809016994375,0.));
#1574 = DIRECTION('',(-0.809016994375,0.587785252292,0.));
#1575 = DEFINITIONAL_REPRESENTATION('',(#1576),#1579);
#1576 = B_SPLINE_CURVE_WITH_KNOTS('',1,(#1577,#1578),.UNSPECIFIED.,.F.,
  .F.,(2,2),(3.35,4.0000006),.PIECEWISE_BEZIER_KNOTS.);
#1577 = CARTESIAN_POINT('',(10.98332870113,-1.65));
#1578 = CARTESIAN_POINT('',(10.98332870113,-0.9999994));
#1579 = ( GEOMETRIC_REPRESENTATION_CONTEXT(2) 
PARAMETRIC_REPRESENTATION_CONTEXT() REPRESENTATION_CONTEXT('2D SPACE',''
  ) );
#1580 = ORIENTED_EDGE('',*,*,#1581,.F.);
#1581 = EDGE_CURVE('',#1582,#1556,#1584,.T.);
#1582 = VERTEX_POINT('',#1583);
#1583 = CARTESIAN_POINT('',(-18.43277541953,23.669237214852,4.));
#1584 = SURFACE_CURVE('',#1585,(#1590,#1597),.PCURVE_S1.);
#1585 = CIRCLE('',#1586,30.);
#1586 = AXIS2_PLACEMENT_3D('',#1587,#1588,#1589);
#1587 = CARTESIAN_POINT('',(0.,0.,4.));
#1588 = DIRECTION('',(0.,0.,1.));
#1589 = DIRECTION('',(1.,0.,-0.));
#1590 = PCURVE('',#43,#1591);
#1591 = DEFINITIONAL_REPRESENTATION('',(#1592),#1596);
#1592 = LINE('',#1593,#1594);
#1593 = CARTESIAN_POINT('',(0.,4.));
#1594 = VECTOR('',#1595,1.);
#1595 = DIRECTION('',(1.,0.));
#1596 = ( GEOMETRIC_REPRESENTATION_CONTEXT(2) 
PARAMETRIC_REPRESENTATION_CONTEXT() REPRESENTATION_CONTEXT('2D SPACE',''
  ) );
#1597 = PCURVE('',#1598,#1603);
#1598 = TOROIDAL_SURFACE('',#1599,25.,13.);
#1599 = AXIS2_PLACEMENT_3D('',#1600,#1601,#1602);
#1600 = CARTESIAN_POINT('',(0.,0.,-8.));
#1601 = DIRECTION('',(0.,0.,1.));
#1602 = DIRECTION('',(1.,0.,-0.));
#1603 = DEFINITIONAL_REPRESENTATION('',(#1604),#1608);
#1604 = LINE('',#1605,#1606);
#1605 = CARTESIAN_POINT('',(0.,1.176005207095));
#1606 = VECTOR('',#1607,1.);
#1607 = DIRECTION('',(1.,0.));
#1608 = ( GEOMETRIC_REPRESENTATION_CONTEXT(2) 
PARAMETRIC_REPRESENTATION_CONTEXT() REPRESENTATION_CONTEXT('2D SPACE',''
  ) );
#1609 = ORIENTED_EDGE('',*,*,#1610,.F.);
#1610 = EDGE_CURVE('',#1611,#1582,#1613,.T.);
#1611 = VERTEX_POINT('',#1612);
#1612 = CARTESIAN_POINT('',(-18.43277541953,23.669237214852,3.5));
#1613 = SURFACE_CURVE('',#1614,(#1618,#1624),.PCURVE_S1.);
#1614 = LINE('',#1615,#1616);
#1615 = CARTESIAN_POINT('',(-18.43277541953,23.669237214852,0.));
#1616 = VECTOR('',#1617,1.);
#1617 = DIRECTION('',(0.,0.,1.));
#1618 = PCURVE('',#43,#1619);
#1619 = DEFINITIONAL_REPRESENTATION('',(#1620),#1623);
#1620 = B_SPLINE_CURVE_WITH_KNOTS('',1,(#1621,#1622),.UNSPECIFIED.,.F.,
  .F.,(2,2),(3.35,4.0000006),.PIECEWISE_BEZIER_KNOTS.);
#1621 = CARTESIAN_POINT('',(2.232454366774,3.35));
#1622 = CARTESIAN_POINT('',(2.232454366774,4.0000006));
#1623 = ( GEOMETRIC_REPRESENTATION_CONTEXT(2) 
PARAMETRIC_REPRESENTATION_CONTEXT() REPRESENTATION_CONTEXT('2D SPACE',''
  ) );
#1624 = PCURVE('',#1625,#1630);
#1625 = PLANE('',#1626);
#1626 = AXIS2_PLACEMENT_3D('',#1627,#1628,#1629);
#1627 = CARTESIAN_POINT('',(-19.03035981544,24.491741573331,5.));
#1628 = DIRECTION('',(-0.809016994375,-0.587785252292,0.));
#1629 = DIRECTION('',(0.587785252292,-0.809016994375,0.));
#1630 = DEFINITIONAL_REPRESENTATION('',(#1631),#1634);
#1631 = B_SPLINE_CURVE_WITH_KNOTS('',1,(#1632,#1633),.UNSPECIFIED.,.F.,
  .F.,(2,2),(3.35,4.0000006),.PIECEWISE_BEZIER_KNOTS.);
#1632 = CARTESIAN_POINT('',(1.01667129887,-1.65));
#1633 = CARTESIAN_POINT('',(1.01667129887,-0.9999994));
#1634 = ( GEOMETRIC_REPRESENTATION_CONTEXT(2) 
PARAMETRIC_REPRESENTATION_CONTEXT() REPRESENTATION_CONTEXT('2D SPACE',''
  ) );
#1635 = ORIENTED_EDGE('',*,*,#1636,.F.);
#1636 = EDGE_CURVE('',#1637,#1611,#1639,.T.);
#1637 = VERTEX_POINT('',#1638);
#1638 = CARTESIAN_POINT('',(-16.81474143078,24.844807719437,3.5));
#1639 = SURFACE_CURVE('',#1640,(#1645,#1652),.PCURVE_S1.);
#1640 = CIRCLE('',#1641,30.);
#1641 = AXIS2_PLACEMENT_3D('',#1642,#1643,#1644);
#1642 = CARTESIAN_POINT('',(0.,0.,3.5));
#1643 = DIRECTION('',(0.,0.,1.));
#1644 = DIRECTION('',(1.,0.,-0.));
#1645 = PCURVE('',#43,#1646);
#1646 = DEFINITIONAL_REPRESENTATION('',(#1647),#1651);
#1647 = LINE('',#1648,#1649);
#1648 = CARTESIAN_POINT('',(0.,3.5));
#1649 = VECTOR('',#1650,1.);
#1650 = DIRECTION('',(1.,0.));
#1651 = ( GEOMETRIC_REPRESENTATION_CONTEXT(2) 
PARAMETRIC_REPRESENTATION_CONTEXT() REPRESENTATION_CONTEXT('2D SPACE',''
  ) );
#1652 = PCURVE('',#1653,#1658);
#1653 = PLANE('',#1654);
#1654 = AXIS2_PLACEMENT_3D('',#1655,#1656,#1657);
#1655 = CARTESIAN_POINT('',(-14.69463130731,20.225424859374,3.5));
#1656 = DIRECTION('',(0.,0.,1.));
#1657 = DIRECTION('',(-0.587785252292,0.809016994375,0.));
#1658 = DEFINITIONAL_REPRESENTATION('',(#1659),#1663);
#1659 = CIRCLE('',#1660,30.);
#1660 = AXIS2_PLACEMENT_2D('',#1661,#1662);
#1661 = CARTESIAN_POINT('',(-25.,0.));
#1662 = DIRECTION('',(-0.587785252292,-0.809016994375));
#1663 = ( GEOMETRIC_REPRESENTATION_CONTEXT(2) 
PARAMETRIC_REPRESENTATION_CONTEXT() REPRESENTATION_CONTEXT('2D SPACE',''
  ) );
#1664 = ORIENTED_EDGE('',*,*,#1665,.T.);
#1665 = EDGE_CURVE('',#1637,#1666,#1668,.T.);
#1666 = VERTEX_POINT('',#1667);
#1667 = CARTESIAN_POINT('',(-16.81474143078,24.844807719437,4.));
#1668 = SURFACE_CURVE('',#1669,(#1673,#1679),.PCURVE_S1.);
#1669 = LINE('',#1670,#1671);
#1670 = CARTESIAN_POINT('',(-16.81474143078,24.844807719437,0.));
#1671 = VECTOR('',#1672,1.);
#1672 = DIRECTION('',(0.,0.,1.));
#1673 = PCURVE('',#43,#1674);
#1674 = DEFINITIONAL_REPRESENTATION('',(#1675),#1678);
#1675 = B_SPLINE_CURVE_WITH_KNOTS('',1,(#1676,#1677),.UNSPECIFIED.,.F.,
  .F.,(2,2),(3.35,4.0000006),.PIECEWISE_BEZIER_KNOTS.);
#1676 = CARTESIAN_POINT('',(2.165775348252,3.35));
#1677 = CARTESIAN_POINT('',(2.165775348252,4.0000006));
#1678 = ( GEOMETRIC_REPRESENTATION_CONTEXT(2) 
PARAMETRIC_REPRESENTATION_CONTEXT() REPRESENTATION_CONTEXT('2D SPACE',''
  ) );
#1679 = PCURVE('',#1680,#1685);
#1680 = PLANE('',#1681);
#1681 = AXIS2_PLACEMENT_3D('',#1682,#1683,#1684);
#1682 = CARTESIAN_POINT('',(-10.35890279918,15.959108145416,5.));
#1683 = DIRECTION('',(0.809016994375,0.587785252292,0.));
#1684 = DIRECTION('',(-0.587785252292,0.809016994375,0.));
#1685 = DEFINITIONAL_REPRESENTATION('',(#1686),#1689);
#1686 = B_SPLINE_CURVE_WITH_KNOTS('',1,(#1687,#1688),.UNSPECIFIED.,.F.,
  .F.,(2,2),(3.35,4.0000006),.PIECEWISE_BEZIER_KNOTS.);
#1687 = CARTESIAN_POINT('',(10.98332870113,-1.65));
#1688 = CARTESIAN_POINT('',(10.98332870113,-0.9999994));
#1689 = ( GEOMETRIC_REPRESENTATION_CONTEXT(2) 
PARAMETRIC_REPRESENTATION_CONTEXT() REPRESENTATION_CONTEXT('2D SPACE',''
  ) );
#1690 = ORIENTED_EDGE('',*,*,#1691,.F.);
#1691 = EDGE_CURVE('',#1692,#1666,#1694,.T.);
#1692 = VERTEX_POINT('',#1693);
#1693 = CARTESIAN_POINT('',(-10.21641463287,28.206823147054,4.));
#1694 = SURFACE_CURVE('',#1695,(#1700,#1707),.PCURVE_S1.);
#1695 = CIRCLE('',#1696,30.);
#1696 = AXIS2_PLACEMENT_3D('',#1697,#1698,#1699);
#1697 = CARTESIAN_POINT('',(0.,0.,4.));
#1698 = DIRECTION('',(0.,0.,1.));
#1699 = DIRECTION('',(1.,0.,-0.));
#1700 = PCURVE('',#43,#1701);
#1701 = DEFINITIONAL_REPRESENTATION('',(#1702),#1706);
#1702 = LINE('',#1703,#1704);
#1703 = CARTESIAN_POINT('',(0.,4.));
#1704 = VECTOR('',#1705,1.);
#1705 = DIRECTION('',(1.,0.));
#1706 = ( GEOMETRIC_REPRESENTATION_CONTEXT(2) 
PARAMETRIC_REPRESENTATION_CONTEXT() REPRESENTATION_CONTEXT('2D SPACE',''
  ) );
#1707 = PCURVE('',#1708,#1713);
#1708 = TOROIDAL_SURFACE('',#1709,25.,13.);
#1709 = AXIS2_PLACEMENT_3D('',#1710,#1711,#1712);
#1710 = CARTESIAN_POINT('',(0.,0.,-8.));
#1711 = DIRECTION('',(0.,0.,1.));
#1712 = DIRECTION('',(1.,0.,-0.));
#1713 = DEFINITIONAL_REPRESENTATION('',(#1714),#1718);
#1714 = LINE('',#1715,#1716);
#1715 = CARTESIAN_POINT('',(0.,1.176005207095));
#1716 = VECTOR('',#1717,1.);
#1717 = DIRECTION('',(1.,0.));
#1718 = ( GEOMETRIC_REPRESENTATION_CONTEXT(2) 
PARAMETRIC_REPRESENTATION_CONTEXT() REPRESENTATION_CONTEXT('2D SPACE',''
  ) );
#1719 = ORIENTED_EDGE('',*,*,#1720,.F.);
#1720 = EDGE_CURVE('',#1721,#1692,#1723,.T.);
#1721 = VERTEX_POINT('',#1722);
#1722 = CARTESIAN_POINT('',(-10.21641463287,28.206823147054,3.5));
#1723 = SURFACE_CURVE('',#1724,(#1728,#1734),.PCURVE_S1.);
#1724 = LINE('',#1725,#1726);
#1725 = CARTESIAN_POINT('',(-10.21641463287,28.206823147054,0.));
#1726 = VECTOR('',#1727,1.);
#1727 = DIRECTION('',(0.,0.,1.));
#1728 = PCURVE('',#43,#1729);
#1729 = DEFINITIONAL_REPRESENTATION('',(#1730),#1733);
#1730 = B_SPLINE_CURVE_WITH_KNOTS('',1,(#1731,#1732),.UNSPECIFIED.,.F.,
  .F.,(2,2),(3.35,4.0000006),.PIECEWISE_BEZIER_KNOTS.);
#1731 = CARTESIAN_POINT('',(1.918295101415,3.35));
#1732 = CARTESIAN_POINT('',(1.918295101415,4.0000006));
#1733 = ( GEOMETRIC_REPRESENTATION_CONTEXT(2) 
PARAMETRIC_REPRESENTATION_CONTEXT() REPRESENTATION_CONTEXT('2D SPACE',''
  ) );
#1734 = PCURVE('',#1735,#1740);
#1735 = PLANE('',#1736);
#1736 = AXIS2_PLACEMENT_3D('',#1737,#1738,#1739);
#1737 = CARTESIAN_POINT('',(-10.53058334191,29.173735010775,5.));
#1738 = DIRECTION('',(-0.951056516295,-0.309016994375,0.));
#1739 = DIRECTION('',(0.309016994375,-0.951056516295,0.));
#1740 = DEFINITIONAL_REPRESENTATION('',(#1741),#1744);
#1741 = B_SPLINE_CURVE_WITH_KNOTS('',1,(#1742,#1743),.UNSPECIFIED.,.F.,
  .F.,(2,2),(3.35,4.0000006),.PIECEWISE_BEZIER_KNOTS.);
#1742 = CARTESIAN_POINT('',(1.01667129887,-1.65));
#1743 = CARTESIAN_POINT('',(1.01667129887,-0.9999994));
#1744 = ( GEOMETRIC_REPRESENTATION_CONTEXT(2) 
PARAMETRIC_REPRESENTATION_CONTEXT() REPRESENTATION_CONTEXT('2D SPACE',''
  ) );
#1745 = ORIENTED_EDGE('',*,*,#1746,.F.);
#1746 = EDGE_CURVE('',#1747,#1721,#1749,.T.);
#1747 = VERTEX_POINT('',#1748);
#1748 = CARTESIAN_POINT('',(-8.314301600284,28.824857135804,3.5));
#1749 = SURFACE_CURVE('',#1750,(#1755,#1762),.PCURVE_S1.);
#1750 = CIRCLE('',#1751,30.);
#1751 = AXIS2_PLACEMENT_3D('',#1752,#1753,#1754);
#1752 = CARTESIAN_POINT('',(0.,0.,3.5));
#1753 = DIRECTION('',(0.,0.,1.));
#1754 = DIRECTION('',(1.,0.,-0.));
#1755 = PCURVE('',#43,#1756);
#1756 = DEFINITIONAL_REPRESENTATION('',(#1757),#1761);
#1757 = LINE('',#1758,#1759);
#1758 = CARTESIAN_POINT('',(0.,3.5));
#1759 = VECTOR('',#1760,1.);
#1760 = DIRECTION('',(1.,0.));
#1761 = ( GEOMETRIC_REPRESENTATION_CONTEXT(2) 
PARAMETRIC_REPRESENTATION_CONTEXT() REPRESENTATION_CONTEXT('2D SPACE',''
  ) );
#1762 = PCURVE('',#1763,#1768);
#1763 = PLANE('',#1764);
#1764 = AXIS2_PLACEMENT_3D('',#1765,#1766,#1767);
#1765 = CARTESIAN_POINT('',(-7.725424859374,23.776412907379,3.5));
#1766 = DIRECTION('',(0.,0.,1.));
#1767 = DIRECTION('',(-0.309016994375,0.951056516295,0.));
#1768 = DEFINITIONAL_REPRESENTATION('',(#1769),#1773);
#1769 = CIRCLE('',#1770,30.);
#1770 = AXIS2_PLACEMENT_2D('',#1771,#1772);
#1771 = CARTESIAN_POINT('',(-25.,0.));
#1772 = DIRECTION('',(-0.309016994375,-0.951056516295));
#1773 = ( GEOMETRIC_REPRESENTATION_CONTEXT(2) 
PARAMETRIC_REPRESENTATION_CONTEXT() REPRESENTATION_CONTEXT('2D SPACE',''
  ) );
#1774 = ORIENTED_EDGE('',*,*,#1775,.T.);
#1775 = EDGE_CURVE('',#1747,#1776,#1778,.T.);
#1776 = VERTEX_POINT('',#1777);
#1777 = CARTESIAN_POINT('',(-8.314301600284,28.824857135804,4.));
#1778 = SURFACE_CURVE('',#1779,(#1783,#1789),.PCURVE_S1.);
#1779 = LINE('',#1780,#1781);
#1780 = CARTESIAN_POINT('',(-8.314301600284,28.824857135804,0.));
#1781 = VECTOR('',#1782,1.);
#1782 = DIRECTION('',(0.,0.,1.));
#1783 = PCURVE('',#43,#1784);
#1784 = DEFINITIONAL_REPRESENTATION('',(#1785),#1788);
#1785 = B_SPLINE_CURVE_WITH_KNOTS('',1,(#1786,#1787),.UNSPECIFIED.,.F.,
  .F.,(2,2),(3.35,4.0000006),.PIECEWISE_BEZIER_KNOTS.);
#1786 = CARTESIAN_POINT('',(1.851616082893,3.35));
#1787 = CARTESIAN_POINT('',(1.851616082893,4.0000006));
#1788 = ( GEOMETRIC_REPRESENTATION_CONTEXT(2) 
PARAMETRIC_REPRESENTATION_CONTEXT() REPRESENTATION_CONTEXT('2D SPACE',''
  ) );
#1789 = PCURVE('',#1790,#1795);
#1790 = PLANE('',#1791);
#1791 = AXIS2_PLACEMENT_3D('',#1792,#1793,#1794);
#1792 = CARTESIAN_POINT('',(-4.920266376829,18.379090803983,5.));
#1793 = DIRECTION('',(0.951056516295,0.309016994375,0.));
#1794 = DIRECTION('',(-0.309016994375,0.951056516295,0.));
#1795 = DEFINITIONAL_REPRESENTATION('',(#1796),#1799);
#1796 = B_SPLINE_CURVE_WITH_KNOTS('',1,(#1797,#1798),.UNSPECIFIED.,.F.,
  .F.,(2,2),(3.35,4.0000006),.PIECEWISE_BEZIER_KNOTS.);
#1797 = CARTESIAN_POINT('',(10.98332870113,-1.65));
#1798 = CARTESIAN_POINT('',(10.98332870113,-0.9999994));
#1799 = ( GEOMETRIC_REPRESENTATION_CONTEXT(2) 
PARAMETRIC_REPRESENTATION_CONTEXT() REPRESENTATION_CONTEXT('2D SPACE',''
  ) );
#1800 = ORIENTED_EDGE('',*,*,#1801,.F.);
#1801 = EDGE_CURVE('',#1802,#1776,#1804,.T.);
#1802 = VERTEX_POINT('',#1803);
#1803 = CARTESIAN_POINT('',(-1.,29.98332870113,4.));
#1804 = SURFACE_CURVE('',#1805,(#1810,#1817),.PCURVE_S1.);
#1805 = CIRCLE('',#1806,30.);
#1806 = AXIS2_PLACEMENT_3D('',#1807,#1808,#1809);
#1807 = CARTESIAN_POINT('',(0.,0.,4.));
#1808 = DIRECTION('',(0.,0.,1.));
#1809 = DIRECTION('',(1.,0.,-0.));
#1810 = PCURVE('',#43,#1811);
#1811 = DEFINITIONAL_REPRESENTATION('',(#1812),#1816);
#1812 = LINE('',#1813,#1814);
#1813 = CARTESIAN_POINT('',(0.,4.));
#1814 = VECTOR('',#1815,1.);
#1815 = DIRECTION('',(1.,0.));
#1816 = ( GEOMETRIC_REPRESENTATION_CONTEXT(2) 
PARAMETRIC_REPRESENTATION_CONTEXT() REPRESENTATION_CONTEXT('2D SPACE',''
  ) );
#1817 = PCURVE('',#1818,#1823);
#1818 = TOROIDAL_SURFACE('',#1819,25.,13.);
#1819 = AXIS2_PLACEMENT_3D('',#1820,#1821,#1822);
#1820 = CARTESIAN_POINT('',(0.,0.,-8.));
#1821 = DIRECTION('',(0.,0.,1.));
#1822 = DIRECTION('',(1.,0.,-0.));
#1823 = DEFINITIONAL_REPRESENTATION('',(#1824),#1828);
#1824 = LINE('',#1825,#1826);
#1825 = CARTESIAN_POINT('',(0.,1.176005207095));
#1826 = VECTOR('',#1827,1.);
#1827 = DIRECTION('',(1.,0.));
#1828 = ( GEOMETRIC_REPRESENTATION_CONTEXT(2) 
PARAMETRIC_REPRESENTATION_CONTEXT() REPRESENTATION_CONTEXT('2D SPACE',''
  ) );
#1829 = ORIENTED_EDGE('',*,*,#1830,.F.);
#1830 = EDGE_CURVE('',#1831,#1802,#1833,.T.);
#1831 = VERTEX_POINT('',#1832);
#1832 = CARTESIAN_POINT('',(-1.,29.98332870113,3.5));
#1833 = SURFACE_CURVE('',#1834,(#1838,#1844),.PCURVE_S1.);
#1834 = LINE('',#1835,#1836);
#1835 = CARTESIAN_POINT('',(-1.,29.98332870113,0.));
#1836 = VECTOR('',#1837,1.);
#1837 = DIRECTION('',(0.,0.,1.));
#1838 = PCURVE('',#43,#1839);
#1839 = DEFINITIONAL_REPRESENTATION('',(#1840),#1843);
#1840 = B_SPLINE_CURVE_WITH_KNOTS('',1,(#1841,#1842),.UNSPECIFIED.,.F.,
  .F.,(2,2),(3.35,4.0000006),.PIECEWISE_BEZIER_KNOTS.);
#1841 = CARTESIAN_POINT('',(1.604135836056,3.35));
#1842 = CARTESIAN_POINT('',(1.604135836056,4.0000006));
#1843 = ( GEOMETRIC_REPRESENTATION_CONTEXT(2) 
PARAMETRIC_REPRESENTATION_CONTEXT() REPRESENTATION_CONTEXT('2D SPACE',''
  ) );
#1844 = PCURVE('',#1845,#1850);
#1845 = PLANE('',#1846);
#1846 = AXIS2_PLACEMENT_3D('',#1847,#1848,#1849);
#1847 = CARTESIAN_POINT('',(-1.,31.,5.));
#1848 = DIRECTION('',(-1.,1.110223024625E-16,0.));
#1849 = DIRECTION('',(-1.110223024625E-16,-1.,0.));
#1850 = DEFINITIONAL_REPRESENTATION('',(#1851),#1854);
#1851 = B_SPLINE_CURVE_WITH_KNOTS('',1,(#1852,#1853),.UNSPECIFIED.,.F.,
  .F.,(2,2),(3.35,4.0000006),.PIECEWISE_BEZIER_KNOTS.);
#1852 = CARTESIAN_POINT('',(1.01667129887,-1.65));
#1853 = CARTESIAN_POINT('',(1.01667129887,-0.9999994));
#1854 = ( GEOMETRIC_REPRESENTATION_CONTEXT(2) 
PARAMETRIC_REPRESENTATION_CONTEXT() REPRESENTATION_CONTEXT('2D SPACE',''
  ) );
#1855 = ORIENTED_EDGE('',*,*,#1856,.F.);
#1856 = EDGE_CURVE('',#1857,#1831,#1859,.T.);
#1857 = VERTEX_POINT('',#1858);
#1858 = CARTESIAN_POINT('',(1.,29.98332870113,3.5));
#1859 = SURFACE_CURVE('',#1860,(#1865,#1872),.PCURVE_S1.);
#1860 = CIRCLE('',#1861,30.);
#1861 = AXIS2_PLACEMENT_3D('',#1862,#1863,#1864);
#1862 = CARTESIAN_POINT('',(0.,0.,3.5));
#1863 = DIRECTION('',(0.,0.,1.));
#1864 = DIRECTION('',(1.,0.,-0.));
#1865 = PCURVE('',#43,#1866);
#1866 = DEFINITIONAL_REPRESENTATION('',(#1867),#1871);
#1867 = LINE('',#1868,#1869);
#1868 = CARTESIAN_POINT('',(0.,3.5));
#1869 = VECTOR('',#1870,1.);
#1870 = DIRECTION('',(1.,0.));
#1871 = ( GEOMETRIC_REPRESENTATION_CONTEXT(2) 
PARAMETRIC_REPRESENTATION_CONTEXT() REPRESENTATION_CONTEXT('2D SPACE',''
  ) );
#1872 = PCURVE('',#1873,#1878);
#1873 = PLANE('',#1874);
#1874 = AXIS2_PLACEMENT_3D('',#1875,#1876,#1877);
#1875 = CARTESIAN_POINT('',(2.775557561563E-15,25.,3.5));
#1876 = DIRECTION('',(0.,0.,1.));
#1877 = DIRECTION('',(1.110223024625E-16,1.,0.));
#1878 = DEFINITIONAL_REPRESENTATION('',(#1879),#1883);
#1879 = CIRCLE('',#1880,30.);
#1880 = AXIS2_PLACEMENT_2D('',#1881,#1882);
#1881 = CARTESIAN_POINT('',(-25.,0.));
#1882 = DIRECTION('',(1.110223024625E-16,-1.));
#1883 = ( GEOMETRIC_REPRESENTATION_CONTEXT(2) 
PARAMETRIC_REPRESENTATION_CONTEXT() REPRESENTATION_CONTEXT('2D SPACE',''
  ) );
#1884 = ORIENTED_EDGE('',*,*,#1885,.T.);
#1885 = EDGE_CURVE('',#1857,#1886,#1888,.T.);
#1886 = VERTEX_POINT('',#1887);
#1887 = CARTESIAN_POINT('',(1.,29.98332870113,4.));
#1888 = SURFACE_CURVE('',#1889,(#1893,#1899),.PCURVE_S1.);
#1889 = LINE('',#1890,#1891);
#1890 = CARTESIAN_POINT('',(1.,29.98332870113,0.));
#1891 = VECTOR('',#1892,1.);
#1892 = DIRECTION('',(0.,0.,1.));
#1893 = PCURVE('',#43,#1894);
#1894 = DEFINITIONAL_REPRESENTATION('',(#1895),#1898);
#1895 = B_SPLINE_CURVE_WITH_KNOTS('',1,(#1896,#1897),.UNSPECIFIED.,.F.,
  .F.,(2,2),(3.35,4.0000006),.PIECEWISE_BEZIER_KNOTS.);
#1896 = CARTESIAN_POINT('',(1.537456817534,3.35));
#1897 = CARTESIAN_POINT('',(1.537456817534,4.0000006));
#1898 = ( GEOMETRIC_REPRESENTATION_CONTEXT(2) 
PARAMETRIC_REPRESENTATION_CONTEXT() REPRESENTATION_CONTEXT('2D SPACE',''
  ) );
#1899 = PCURVE('',#1900,#1905);
#1900 = PLANE('',#1901);
#1901 = AXIS2_PLACEMENT_3D('',#1902,#1903,#1904);
#1902 = CARTESIAN_POINT('',(1.,19.,5.));
#1903 = DIRECTION('',(1.,-1.110223024625E-16,0.));
#1904 = DIRECTION('',(1.110223024625E-16,1.,0.));
#1905 = DEFINITIONAL_REPRESENTATION('',(#1906),#1909);
#1906 = B_SPLINE_CURVE_WITH_KNOTS('',1,(#1907,#1908),.UNSPECIFIED.,.F.,
  .F.,(2,2),(3.35,4.0000006),.PIECEWISE_BEZIER_KNOTS.);
#1907 = CARTESIAN_POINT('',(10.98332870113,-1.65));
#1908 = CARTESIAN_POINT('',(10.98332870113,-0.9999994));
#1909 = ( GEOMETRIC_REPRESENTATION_CONTEXT(2) 
PARAMETRIC_REPRESENTATION_CONTEXT() REPRESENTATION_CONTEXT('2D SPACE',''
  ) );
#1910 = ORIENTED_EDGE('',*,*,#1911,.F.);
#1911 = EDGE_CURVE('',#1912,#1886,#1914,.T.);
#1912 = VERTEX_POINT('',#1913);
#1913 = CARTESIAN_POINT('',(8.314301600284,28.824857135804,4.));
#1914 = SURFACE_CURVE('',#1915,(#1920,#1927),.PCURVE_S1.);
#1915 = CIRCLE('',#1916,30.);
#1916 = AXIS2_PLACEMENT_3D('',#1917,#1918,#1919);
#1917 = CARTESIAN_POINT('',(0.,0.,4.));
#1918 = DIRECTION('',(0.,0.,1.));
#1919 = DIRECTION('',(1.,0.,-0.));
#1920 = PCURVE('',#43,#1921);
#1921 = DEFINITIONAL_REPRESENTATION('',(#1922),#1926);
#1922 = LINE('',#1923,#1924);
#1923 = CARTESIAN_POINT('',(0.,4.));
#1924 = VECTOR('',#1925,1.);
#1925 = DIRECTION('',(1.,0.));
#1926 = ( GEOMETRIC_REPRESENTATION_CONTEXT(2) 
PARAMETRIC_REPRESENTATION_CONTEXT() REPRESENTATION_CONTEXT('2D SPACE',''
  ) );
#1927 = PCURVE('',#1928,#1933);
#1928 = TOROIDAL_SURFACE('',#1929,25.,13.);
#1929 = AXIS2_PLACEMENT_3D('',#1930,#1931,#1932);
#1930 = CARTESIAN_POINT('',(0.,0.,-8.));
#1931 = DIRECTION('',(0.,0.,1.));
#1932 = DIRECTION('',(1.,0.,-0.));
#1933 = DEFINITIONAL_REPRESENTATION('',(#1934),#1938);
#1934 = LINE('',#1935,#1936);
#1935 = CARTESIAN_POINT('',(0.,1.176005207095));
#1936 = VECTOR('',#1937,1.);
#1937 = DIRECTION('',(1.,0.));
#1938 = ( GEOMETRIC_REPRESENTATION_CONTEXT(2) 
PARAMETRIC_REPRESENTATION_CONTEXT() REPRESENTATION_CONTEXT('2D SPACE',''
  ) );
#1939 = ORIENTED_EDGE('',*,*,#1940,.F.);
#1940 = EDGE_CURVE('',#1941,#1912,#1943,.T.);
#1941 = VERTEX_POINT('',#1942);
#1942 = CARTESIAN_POINT('',(8.314301600284,28.824857135804,3.5));
#1943 = SURFACE_CURVE('',#1944,(#1948,#1954),.PCURVE_S1.);
#1944 = LINE('',#1945,#1946);
#1945 = CARTESIAN_POINT('',(8.314301600284,28.824857135804,0.));
#1946 = VECTOR('',#1947,1.);
#1947 = DIRECTION('',(0.,0.,1.));
#1948 = PCURVE('',#43,#1949);
#1949 = DEFINITIONAL_REPRESENTATION('',(#1950),#1953);
#1950 = B_SPLINE_CURVE_WITH_KNOTS('',1,(#1951,#1952),.UNSPECIFIED.,.F.,
  .F.,(2,2),(3.35,4.0000006),.PIECEWISE_BEZIER_KNOTS.);
#1951 = CARTESIAN_POINT('',(1.289976570697,3.35));
#1952 = CARTESIAN_POINT('',(1.289976570697,4.0000006));
#1953 = ( GEOMETRIC_REPRESENTATION_CONTEXT(2) 
PARAMETRIC_REPRESENTATION_CONTEXT() REPRESENTATION_CONTEXT('2D SPACE',''
  ) );
#1954 = PCURVE('',#1955,#1960);
#1955 = PLANE('',#1956);
#1956 = AXIS2_PLACEMENT_3D('',#1957,#1958,#1959);
#1957 = CARTESIAN_POINT('',(8.628470309328,29.791768999525,5.));
#1958 = DIRECTION('',(-0.951056516295,0.309016994375,0.));
#1959 = DIRECTION('',(-0.309016994375,-0.951056516295,0.));
#1960 = DEFINITIONAL_REPRESENTATION('',(#1961),#1964);
#1961 = B_SPLINE_CURVE_WITH_KNOTS('',1,(#1962,#1963),.UNSPECIFIED.,.F.,
  .F.,(2,2),(3.35,4.0000006),.PIECEWISE_BEZIER_KNOTS.);
#1962 = CARTESIAN_POINT('',(1.01667129887,-1.65));
#1963 = CARTESIAN_POINT('',(1.01667129887,-0.9999994));
#1964 = ( GEOMETRIC_REPRESENTATION_CONTEXT(2) 
PARAMETRIC_REPRESENTATION_CONTEXT() REPRESENTATION_CONTEXT('2D SPACE',''
  ) );
#1965 = ORIENTED_EDGE('',*,*,#1966,.F.);
#1966 = EDGE_CURVE('',#1967,#1941,#1969,.T.);
#1967 = VERTEX_POINT('',#1968);
#1968 = CARTESIAN_POINT('',(10.216414632874,28.206823147054,3.5));
#1969 = SURFACE_CURVE('',#1970,(#1975,#1982),.PCURVE_S1.);
#1970 = CIRCLE('',#1971,30.);
#1971 = AXIS2_PLACEMENT_3D('',#1972,#1973,#1974);
#1972 = CARTESIAN_POINT('',(0.,0.,3.5));
#1973 = DIRECTION('',(0.,0.,1.));
#1974 = DIRECTION('',(1.,0.,-0.));
#1975 = PCURVE('',#43,#1976);
#1976 = DEFINITIONAL_REPRESENTATION('',(#1977),#1981);
#1977 = LINE('',#1978,#1979);
#1978 = CARTESIAN_POINT('',(0.,3.5));
#1979 = VECTOR('',#1980,1.);
#1980 = DIRECTION('',(1.,0.));
#1981 = ( GEOMETRIC_REPRESENTATION_CONTEXT(2) 
PARAMETRIC_REPRESENTATION_CONTEXT() REPRESENTATION_CONTEXT('2D SPACE',''
  ) );
#1982 = PCURVE('',#1983,#1988);
#1983 = PLANE('',#1984);
#1984 = AXIS2_PLACEMENT_3D('',#1985,#1986,#1987);
#1985 = CARTESIAN_POINT('',(7.725424859374,23.776412907379,3.5));
#1986 = DIRECTION('',(0.,0.,1.));
#1987 = DIRECTION('',(0.309016994375,0.951056516295,0.));
#1988 = DEFINITIONAL_REPRESENTATION('',(#1989),#1993);
#1989 = CIRCLE('',#1990,30.);
#1990 = AXIS2_PLACEMENT_2D('',#1991,#1992);
#1991 = CARTESIAN_POINT('',(-25.,0.));
#1992 = DIRECTION('',(0.309016994375,-0.951056516295));
#1993 = ( GEOMETRIC_REPRESENTATION_CONTEXT(2) 
PARAMETRIC_REPRESENTATION_CONTEXT() REPRESENTATION_CONTEXT('2D SPACE',''
  ) );
#1994 = ORIENTED_EDGE('',*,*,#1995,.T.);
#1995 = EDGE_CURVE('',#1967,#1996,#1998,.T.);
#1996 = VERTEX_POINT('',#1997);
#1997 = CARTESIAN_POINT('',(10.216414632874,28.206823147054,4.));
#1998 = SURFACE_CURVE('',#1999,(#2003,#2009),.PCURVE_S1.);
#1999 = LINE('',#2000,#2001);
#2000 = CARTESIAN_POINT('',(10.216414632874,28.206823147054,0.));
#2001 = VECTOR('',#2002,1.);
#2002 = DIRECTION('',(0.,0.,1.));
#2003 = PCURVE('',#43,#2004);
#2004 = DEFINITIONAL_REPRESENTATION('',(#2005),#2008);
#2005 = B_SPLINE_CURVE_WITH_KNOTS('',1,(#2006,#2007),.UNSPECIFIED.,.F.,
  .F.,(2,2),(3.35,4.0000006),.PIECEWISE_BEZIER_KNOTS.);
#2006 = CARTESIAN_POINT('',(1.223297552175,3.35));
#2007 = CARTESIAN_POINT('',(1.223297552175,4.0000006));
#2008 = ( GEOMETRIC_REPRESENTATION_CONTEXT(2) 
PARAMETRIC_REPRESENTATION_CONTEXT() REPRESENTATION_CONTEXT('2D SPACE',''
  ) );
#2009 = PCURVE('',#2010,#2015);
#2010 = PLANE('',#2011);
#2011 = AXIS2_PLACEMENT_3D('',#2012,#2013,#2014);
#2012 = CARTESIAN_POINT('',(6.822379409419,17.761056815233,5.));
#2013 = DIRECTION('',(0.951056516295,-0.309016994375,0.));
#2014 = DIRECTION('',(0.309016994375,0.951056516295,0.));
#2015 = DEFINITIONAL_REPRESENTATION('',(#2016),#2019);
#2016 = B_SPLINE_CURVE_WITH_KNOTS('',1,(#2017,#2018),.UNSPECIFIED.,.F.,
  .F.,(2,2),(3.35,4.0000006),.PIECEWISE_BEZIER_KNOTS.);
#2017 = CARTESIAN_POINT('',(10.98332870113,-1.65));
#2018 = CARTESIAN_POINT('',(10.98332870113,-0.9999994));
#2019 = ( GEOMETRIC_REPRESENTATION_CONTEXT(2) 
PARAMETRIC_REPRESENTATION_CONTEXT() REPRESENTATION_CONTEXT('2D SPACE',''
  ) );
#2020 = ORIENTED_EDGE('',*,*,#2021,.F.);
#2021 = EDGE_CURVE('',#2022,#1996,#2024,.T.);
#2022 = VERTEX_POINT('',#2023);
#2023 = CARTESIAN_POINT('',(16.814741430787,24.844807719437,4.));
#2024 = SURFACE_CURVE('',#2025,(#2030,#2037),.PCURVE_S1.);
#2025 = CIRCLE('',#2026,30.);
#2026 = AXIS2_PLACEMENT_3D('',#2027,#2028,#2029);
#2027 = CARTESIAN_POINT('',(0.,0.,4.));
#2028 = DIRECTION('',(0.,0.,1.));
#2029 = DIRECTION('',(1.,0.,-0.));
#2030 = PCURVE('',#43,#2031);
#2031 = DEFINITIONAL_REPRESENTATION('',(#2032),#2036);
#2032 = LINE('',#2033,#2034);
#2033 = CARTESIAN_POINT('',(0.,4.));
#2034 = VECTOR('',#2035,1.);
#2035 = DIRECTION('',(1.,0.));
#2036 = ( GEOMETRIC_REPRESENTATION_CONTEXT(2) 
PARAMETRIC_REPRESENTATION_CONTEXT() REPRESENTATION_CONTEXT('2D SPACE',''
  ) );
#2037 = PCURVE('',#2038,#2043);
#2038 = TOROIDAL_SURFACE('',#2039,25.,13.);
#2039 = AXIS2_PLACEMENT_3D('',#2040,#2041,#2042);
#2040 = CARTESIAN_POINT('',(0.,0.,-8.));
#2041 = DIRECTION('',(0.,0.,1.));
#2042 = DIRECTION('',(1.,0.,-0.));
#2043 = DEFINITIONAL_REPRESENTATION('',(#2044),#2048);
#2044 = LINE('',#2045,#2046);
#2045 = CARTESIAN_POINT('',(0.,1.176005207095));
#2046 = VECTOR('',#2047,1.);
#2047 = DIRECTION('',(1.,0.));
#2048 = ( GEOMETRIC_REPRESENTATION_CONTEXT(2) 
PARAMETRIC_REPRESENTATION_CONTEXT() REPRESENTATION_CONTEXT('2D SPACE',''
  ) );
#2049 = ORIENTED_EDGE('',*,*,#2050,.F.);
#2050 = EDGE_CURVE('',#2051,#2022,#2053,.T.);
#2051 = VERTEX_POINT('',#2052);
#2052 = CARTESIAN_POINT('',(16.814741430787,24.844807719437,3.5));
#2053 = SURFACE_CURVE('',#2054,(#2058,#2064),.PCURVE_S1.);
#2054 = LINE('',#2055,#2056);
#2055 = CARTESIAN_POINT('',(16.814741430787,24.844807719437,0.));
#2056 = VECTOR('',#2057,1.);
#2057 = DIRECTION('',(0.,0.,1.));
#2058 = PCURVE('',#43,#2059);
#2059 = DEFINITIONAL_REPRESENTATION('',(#2060),#2063);
#2060 = B_SPLINE_CURVE_WITH_KNOTS('',1,(#2061,#2062),.UNSPECIFIED.,.F.,
  .F.,(2,2),(3.35,4.0000006),.PIECEWISE_BEZIER_KNOTS.);
#2061 = CARTESIAN_POINT('',(0.975817305338,3.35));
#2062 = CARTESIAN_POINT('',(0.975817305338,4.0000006));
#2063 = ( GEOMETRIC_REPRESENTATION_CONTEXT(2) 
PARAMETRIC_REPRESENTATION_CONTEXT() REPRESENTATION_CONTEXT('2D SPACE',''
  ) );
#2064 = PCURVE('',#2065,#2070);
#2065 = PLANE('',#2066);
#2066 = AXIS2_PLACEMENT_3D('',#2067,#2068,#2069);
#2067 = CARTESIAN_POINT('',(17.412325826692,25.667312077916,5.));
#2068 = DIRECTION('',(-0.809016994375,0.587785252292,0.));
#2069 = DIRECTION('',(-0.587785252292,-0.809016994375,0.));
#2070 = DEFINITIONAL_REPRESENTATION('',(#2071),#2074);
#2071 = B_SPLINE_CURVE_WITH_KNOTS('',1,(#2072,#2073),.UNSPECIFIED.,.F.,
  .F.,(2,2),(3.35,4.0000006),.PIECEWISE_BEZIER_KNOTS.);
#2072 = CARTESIAN_POINT('',(1.01667129887,-1.65));
#2073 = CARTESIAN_POINT('',(1.01667129887,-0.9999994));
#2074 = ( GEOMETRIC_REPRESENTATION_CONTEXT(2) 
PARAMETRIC_REPRESENTATION_CONTEXT() REPRESENTATION_CONTEXT('2D SPACE',''
  ) );
#2075 = ORIENTED_EDGE('',*,*,#2076,.F.);
#2076 = EDGE_CURVE('',#2077,#2051,#2079,.T.);
#2077 = VERTEX_POINT('',#2078);
#2078 = CARTESIAN_POINT('',(18.432775419537,23.669237214852,3.5));
#2079 = SURFACE_CURVE('',#2080,(#2085,#2092),.PCURVE_S1.);
#2080 = CIRCLE('',#2081,30.);
#2081 = AXIS2_PLACEMENT_3D('',#2082,#2083,#2084);
#2082 = CARTESIAN_POINT('',(0.,0.,3.5));
#2083 = DIRECTION('',(0.,0.,1.));
#2084 = DIRECTION('',(1.,0.,-0.));
#2085 = PCURVE('',#43,#2086);
#2086 = DEFINITIONAL_REPRESENTATION('',(#2087),#2091);
#2087 = LINE('',#2088,#2089);
#2088 = CARTESIAN_POINT('',(0.,3.5));
#2089 = VECTOR('',#2090,1.);
#2090 = DIRECTION('',(1.,0.));
#2091 = ( GEOMETRIC_REPRESENTATION_CONTEXT(2) 
PARAMETRIC_REPRESENTATION_CONTEXT() REPRESENTATION_CONTEXT('2D SPACE',''
  ) );
#2092 = PCURVE('',#2093,#2098);
#2093 = PLANE('',#2094);
#2094 = AXIS2_PLACEMENT_3D('',#2095,#2096,#2097);
#2095 = CARTESIAN_POINT('',(14.694631307312,20.225424859374,3.5));
#2096 = DIRECTION('',(0.,0.,1.));
#2097 = DIRECTION('',(0.587785252292,0.809016994375,0.));
#2098 = DEFINITIONAL_REPRESENTATION('',(#2099),#2103);
#2099 = CIRCLE('',#2100,30.);
#2100 = AXIS2_PLACEMENT_2D('',#2101,#2102);
#2101 = CARTESIAN_POINT('',(-25.,0.));
#2102 = DIRECTION('',(0.587785252292,-0.809016994375));
#2103 = ( GEOMETRIC_REPRESENTATION_CONTEXT(2) 
PARAMETRIC_REPRESENTATION_CONTEXT() REPRESENTATION_CONTEXT('2D SPACE',''
  ) );
#2104 = ORIENTED_EDGE('',*,*,#2105,.T.);
#2105 = EDGE_CURVE('',#2077,#2106,#2108,.T.);
#2106 = VERTEX_POINT('',#2107);
#2107 = CARTESIAN_POINT('',(18.432775419537,23.669237214852,4.));
#2108 = SURFACE_CURVE('',#2109,(#2113,#2119),.PCURVE_S1.);
#2109 = LINE('',#2110,#2111);
#2110 = CARTESIAN_POINT('',(18.432775419537,23.669237214852,0.));
#2111 = VECTOR('',#2112,1.);
#2112 = DIRECTION('',(0.,0.,1.));
#2113 = PCURVE('',#43,#2114);
#2114 = DEFINITIONAL_REPRESENTATION('',(#2115),#2118);
#2115 = B_SPLINE_CURVE_WITH_KNOTS('',1,(#2116,#2117),.UNSPECIFIED.,.F.,
  .F.,(2,2),(3.35,4.0000006),.PIECEWISE_BEZIER_KNOTS.);
#2116 = CARTESIAN_POINT('',(0.909138286816,3.35));
#2117 = CARTESIAN_POINT('',(0.909138286816,4.0000006));
#2118 = ( GEOMETRIC_REPRESENTATION_CONTEXT(2) 
PARAMETRIC_REPRESENTATION_CONTEXT() REPRESENTATION_CONTEXT('2D SPACE',''
  ) );
#2119 = PCURVE('',#2120,#2125);
#2120 = PLANE('',#2121);
#2121 = AXIS2_PLACEMENT_3D('',#2122,#2123,#2124);
#2122 = CARTESIAN_POINT('',(11.976936787932,14.783537640832,5.));
#2123 = DIRECTION('',(0.809016994375,-0.587785252292,0.));
#2124 = DIRECTION('',(0.587785252292,0.809016994375,0.));
#2125 = DEFINITIONAL_REPRESENTATION('',(#2126),#2129);
#2126 = B_SPLINE_CURVE_WITH_KNOTS('',1,(#2127,#2128),.UNSPECIFIED.,.F.,
  .F.,(2,2),(3.35,4.0000006),.PIECEWISE_BEZIER_KNOTS.);
#2127 = CARTESIAN_POINT('',(10.98332870113,-1.65));
#2128 = CARTESIAN_POINT('',(10.98332870113,-0.9999994));
#2129 = ( GEOMETRIC_REPRESENTATION_CONTEXT(2) 
PARAMETRIC_REPRESENTATION_CONTEXT() REPRESENTATION_CONTEXT('2D SPACE',''
  ) );
#2130 = ORIENTED_EDGE('',*,*,#2131,.F.);
#2131 = EDGE_CURVE('',#2132,#2106,#2134,.T.);
#2132 = VERTEX_POINT('',#2133);
#2133 = CARTESIAN_POINT('',(23.669237214852,18.432775419537,4.));
#2134 = SURFACE_CURVE('',#2135,(#2140,#2147),.PCURVE_S1.);
#2135 = CIRCLE('',#2136,30.);
#2136 = AXIS2_PLACEMENT_3D('',#2137,#2138,#2139);
#2137 = CARTESIAN_POINT('',(0.,0.,4.));
#2138 = DIRECTION('',(0.,0.,1.));
#2139 = DIRECTION('',(1.,0.,-0.));
#2140 = PCURVE('',#43,#2141);
#2141 = DEFINITIONAL_REPRESENTATION('',(#2142),#2146);
#2142 = LINE('',#2143,#2144);
#2143 = CARTESIAN_POINT('',(0.,4.));
#2144 = VECTOR('',#2145,1.);
#2145 = DIRECTION('',(1.,0.));
#2146 = ( GEOMETRIC_REPRESENTATION_CONTEXT(2) 
PARAMETRIC_REPRESENTATION_CONTEXT() REPRESENTATION_CONTEXT('2D SPACE',''
  ) );
#2147 = PCURVE('',#2148,#2153);
#2148 = TOROIDAL_SURFACE('',#2149,25.,13.);
#2149 = AXIS2_PLACEMENT_3D('',#2150,#2151,#2152);
#2150 = CARTESIAN_POINT('',(0.,0.,-8.));
#2151 = DIRECTION('',(0.,0.,1.));
#2152 = DIRECTION('',(1.,0.,-0.));
#2153 = DEFINITIONAL_REPRESENTATION('',(#2154),#2158);
#2154 = LINE('',#2155,#2156);
#2155 = CARTESIAN_POINT('',(0.,1.176005207095));
#2156 = VECTOR('',#2157,1.);
#2157 = DIRECTION('',(1.,0.));
#2158 = ( GEOMETRIC_REPRESENTATION_CONTEXT(2) 
PARAMETRIC_REPRESENTATION_CONTEXT() REPRESENTATION_CONTEXT('2D SPACE',''
  ) );
#2159 = ORIENTED_EDGE('',*,*,#2160,.F.);
#2160 = EDGE_CURVE('',#2161,#2132,#2163,.T.);
#2161 = VERTEX_POINT('',#2162);
#2162 = CARTESIAN_POINT('',(23.669237214852,18.432775419537,3.5));
#2163 = SURFACE_CURVE('',#2164,(#2168,#2174),.PCURVE_S1.);
#2164 = LINE('',#2165,#2166);
#2165 = CARTESIAN_POINT('',(23.669237214852,18.432775419537,0.));
#2166 = VECTOR('',#2167,1.);
#2167 = DIRECTION('',(0.,0.,1.));
#2168 = PCURVE('',#43,#2169);
#2169 = DEFINITIONAL_REPRESENTATION('',(#2170),#2173);
#2170 = B_SPLINE_CURVE_WITH_KNOTS('',1,(#2171,#2172),.UNSPECIFIED.,.F.,
  .F.,(2,2),(3.35,4.0000006),.PIECEWISE_BEZIER_KNOTS.);
#2171 = CARTESIAN_POINT('',(0.661658039979,3.35));
#2172 = CARTESIAN_POINT('',(0.661658039979,4.0000006));
#2173 = ( GEOMETRIC_REPRESENTATION_CONTEXT(2) 
PARAMETRIC_REPRESENTATION_CONTEXT() REPRESENTATION_CONTEXT('2D SPACE',''
  ) );
#2174 = PCURVE('',#2175,#2180);
#2175 = PLANE('',#2176);
#2176 = AXIS2_PLACEMENT_3D('',#2177,#2178,#2179);
#2177 = CARTESIAN_POINT('',(24.491741573331,19.030359815442,5.));
#2178 = DIRECTION('',(-0.587785252292,0.809016994375,0.));
#2179 = DIRECTION('',(-0.809016994375,-0.587785252292,0.));
#2180 = DEFINITIONAL_REPRESENTATION('',(#2181),#2184);
#2181 = B_SPLINE_CURVE_WITH_KNOTS('',1,(#2182,#2183),.UNSPECIFIED.,.F.,
  .F.,(2,2),(3.35,4.0000006),.PIECEWISE_BEZIER_KNOTS.);
#2182 = CARTESIAN_POINT('',(1.01667129887,-1.65));
#2183 = CARTESIAN_POINT('',(1.01667129887,-0.9999994));
#2184 = ( GEOMETRIC_REPRESENTATION_CONTEXT(2) 
PARAMETRIC_REPRESENTATION_CONTEXT() REPRESENTATION_CONTEXT('2D SPACE',''
  ) );
#2185 = ORIENTED_EDGE('',*,*,#2186,.F.);
#2186 = EDGE_CURVE('',#2187,#2161,#2189,.T.);
#2187 = VERTEX_POINT('',#2188);
#2188 = CARTESIAN_POINT('',(24.844807719437,16.814741430787,3.5));
#2189 = SURFACE_CURVE('',#2190,(#2195,#2202),.PCURVE_S1.);
#2190 = CIRCLE('',#2191,30.);
#2191 = AXIS2_PLACEMENT_3D('',#2192,#2193,#2194);
#2192 = CARTESIAN_POINT('',(0.,0.,3.5));
#2193 = DIRECTION('',(0.,0.,1.));
#2194 = DIRECTION('',(1.,0.,-0.));
#2195 = PCURVE('',#43,#2196);
#2196 = DEFINITIONAL_REPRESENTATION('',(#2197),#2201);
#2197 = LINE('',#2198,#2199);
#2198 = CARTESIAN_POINT('',(0.,3.5));
#2199 = VECTOR('',#2200,1.);
#2200 = DIRECTION('',(1.,0.));
#2201 = ( GEOMETRIC_REPRESENTATION_CONTEXT(2) 
PARAMETRIC_REPRESENTATION_CONTEXT() REPRESENTATION_CONTEXT('2D SPACE',''
  ) );
#2202 = PCURVE('',#2203,#2208);
#2203 = PLANE('',#2204);
#2204 = AXIS2_PLACEMENT_3D('',#2205,#2206,#2207);
#2205 = CARTESIAN_POINT('',(20.225424859374,14.694631307312,3.5));
#2206 = DIRECTION('',(0.,0.,1.));
#2207 = DIRECTION('',(0.809016994375,0.587785252292,0.));
#2208 = DEFINITIONAL_REPRESENTATION('',(#2209),#2213);
#2209 = CIRCLE('',#2210,30.);
#2210 = AXIS2_PLACEMENT_2D('',#2211,#2212);
#2211 = CARTESIAN_POINT('',(-25.,0.));
#2212 = DIRECTION('',(0.809016994375,-0.587785252292));
#2213 = ( GEOMETRIC_REPRESENTATION_CONTEXT(2) 
PARAMETRIC_REPRESENTATION_CONTEXT() REPRESENTATION_CONTEXT('2D SPACE',''
  ) );
#2214 = ORIENTED_EDGE('',*,*,#2215,.T.);
#2215 = EDGE_CURVE('',#2187,#2216,#2218,.T.);
#2216 = VERTEX_POINT('',#2217);
#2217 = CARTESIAN_POINT('',(24.844807719437,16.814741430787,4.));
#2218 = SURFACE_CURVE('',#2219,(#2223,#2229),.PCURVE_S1.);
#2219 = LINE('',#2220,#2221);
#2220 = CARTESIAN_POINT('',(24.844807719437,16.814741430787,0.));
#2221 = VECTOR('',#2222,1.);
#2222 = DIRECTION('',(0.,0.,1.));
#2223 = PCURVE('',#43,#2224);
#2224 = DEFINITIONAL_REPRESENTATION('',(#2225),#2228);
#2225 = B_SPLINE_CURVE_WITH_KNOTS('',1,(#2226,#2227),.UNSPECIFIED.,.F.,
  .F.,(2,2),(3.35,4.0000006),.PIECEWISE_BEZIER_KNOTS.);
#2226 = CARTESIAN_POINT('',(0.594979021457,3.35));
#2227 = CARTESIAN_POINT('',(0.594979021457,4.0000006));
#2228 = ( GEOMETRIC_REPRESENTATION_CONTEXT(2) 
PARAMETRIC_REPRESENTATION_CONTEXT() REPRESENTATION_CONTEXT('2D SPACE',''
  ) );
#2229 = PCURVE('',#2230,#2235);
#2230 = PLANE('',#2231);
#2231 = AXIS2_PLACEMENT_3D('',#2232,#2233,#2234);
#2232 = CARTESIAN_POINT('',(15.959108145416,10.358902799182,5.));
#2233 = DIRECTION('',(0.587785252292,-0.809016994375,0.));
#2234 = DIRECTION('',(0.809016994375,0.587785252292,0.));
#2235 = DEFINITIONAL_REPRESENTATION('',(#2236),#2239);
#2236 = B_SPLINE_CURVE_WITH_KNOTS('',1,(#2237,#2238),.UNSPECIFIED.,.F.,
  .F.,(2,2),(3.35,4.0000006),.PIECEWISE_BEZIER_KNOTS.);
#2237 = CARTESIAN_POINT('',(10.98332870113,-1.65));
#2238 = CARTESIAN_POINT('',(10.98332870113,-0.9999994));
#2239 = ( GEOMETRIC_REPRESENTATION_CONTEXT(2) 
PARAMETRIC_REPRESENTATION_CONTEXT() REPRESENTATION_CONTEXT('2D SPACE',''
  ) );
#2240 = ORIENTED_EDGE('',*,*,#2241,.F.);
#2241 = EDGE_CURVE('',#2242,#2216,#2244,.T.);
#2242 = VERTEX_POINT('',#2243);
#2243 = CARTESIAN_POINT('',(28.206823147054,10.216414632874,4.));
#2244 = SURFACE_CURVE('',#2245,(#2250,#2257),.PCURVE_S1.);
#2245 = CIRCLE('',#2246,30.);
#2246 = AXIS2_PLACEMENT_3D('',#2247,#2248,#2249);
#2247 = CARTESIAN_POINT('',(0.,0.,4.));
#2248 = DIRECTION('',(0.,0.,1.));
#2249 = DIRECTION('',(1.,0.,-0.));
#2250 = PCURVE('',#43,#2251);
#2251 = DEFINITIONAL_REPRESENTATION('',(#2252),#2256);
#2252 = LINE('',#2253,#2254);
#2253 = CARTESIAN_POINT('',(0.,4.));
#2254 = VECTOR('',#2255,1.);
#2255 = DIRECTION('',(1.,0.));
#2256 = ( GEOMETRIC_REPRESENTATION_CONTEXT(2) 
PARAMETRIC_REPRESENTATION_CONTEXT() REPRESENTATION_CONTEXT('2D SPACE',''
  ) );
#2257 = PCURVE('',#2258,#2263);
#2258 = TOROIDAL_SURFACE('',#2259,25.,13.);
#2259 = AXIS2_PLACEMENT_3D('',#2260,#2261,#2262);
#2260 = CARTESIAN_POINT('',(0.,0.,-8.));
#2261 = DIRECTION('',(0.,0.,1.));
#2262 = DIRECTION('',(1.,0.,-0.));
#2263 = DEFINITIONAL_REPRESENTATION('',(#2264),#2268);
#2264 = LINE('',#2265,#2266);
#2265 = CARTESIAN_POINT('',(0.,1.176005207095));
#2266 = VECTOR('',#2267,1.);
#2267 = DIRECTION('',(1.,0.));
#2268 = ( GEOMETRIC_REPRESENTATION_CONTEXT(2) 
PARAMETRIC_REPRESENTATION_CONTEXT() REPRESENTATION_CONTEXT('2D SPACE',''
  ) );
#2269 = ORIENTED_EDGE('',*,*,#2270,.F.);
#2270 = EDGE_CURVE('',#2271,#2242,#2273,.T.);
#2271 = VERTEX_POINT('',#2272);
#2272 = CARTESIAN_POINT('',(28.206823147054,10.216414632874,3.5));
#2273 = SURFACE_CURVE('',#2274,(#2278,#2284),.PCURVE_S1.);
#2274 = LINE('',#2275,#2276);
#2275 = CARTESIAN_POINT('',(28.206823147054,10.216414632874,0.));
#2276 = VECTOR('',#2277,1.);
#2277 = DIRECTION('',(0.,0.,1.));
#2278 = PCURVE('',#43,#2279);
#2279 = DEFINITIONAL_REPRESENTATION('',(#2280),#2283);
#2280 = B_SPLINE_CURVE_WITH_KNOTS('',1,(#2281,#2282),.UNSPECIFIED.,.F.,
  .F.,(2,2),(3.35,4.0000006),.PIECEWISE_BEZIER_KNOTS.);
#2281 = CARTESIAN_POINT('',(0.34749877462,3.35));
#2282 = CARTESIAN_POINT('',(0.34749877462,4.0000006));
#2283 = ( GEOMETRIC_REPRESENTATION_CONTEXT(2) 
PARAMETRIC_REPRESENTATION_CONTEXT() REPRESENTATION_CONTEXT('2D SPACE',''
  ) );
#2284 = PCURVE('',#2285,#2290);
#2285 = PLANE('',#2286);
#2286 = AXIS2_PLACEMENT_3D('',#2287,#2288,#2289);
#2287 = CARTESIAN_POINT('',(29.173735010775,10.530583341919,5.));
#2288 = DIRECTION('',(-0.309016994375,0.951056516295,0.));
#2289 = DIRECTION('',(-0.951056516295,-0.309016994375,0.));
#2290 = DEFINITIONAL_REPRESENTATION('',(#2291),#2294);
#2291 = B_SPLINE_CURVE_WITH_KNOTS('',1,(#2292,#2293),.UNSPECIFIED.,.F.,
  .F.,(2,2),(3.35,4.0000006),.PIECEWISE_BEZIER_KNOTS.);
#2292 = CARTESIAN_POINT('',(1.01667129887,-1.65));
#2293 = CARTESIAN_POINT('',(1.01667129887,-0.9999994));
#2294 = ( GEOMETRIC_REPRESENTATION_CONTEXT(2) 
PARAMETRIC_REPRESENTATION_CONTEXT() REPRESENTATION_CONTEXT('2D SPACE',''
  ) );
#2295 = ORIENTED_EDGE('',*,*,#2296,.F.);
#2296 = EDGE_CURVE('',#2297,#2271,#2299,.T.);
#2297 = VERTEX_POINT('',#2298);
#2298 = CARTESIAN_POINT('',(28.824857135804,8.314301600284,3.5));
#2299 = SURFACE_CURVE('',#2300,(#2305,#2312),.PCURVE_S1.);
#2300 = CIRCLE('',#2301,30.);
#2301 = AXIS2_PLACEMENT_3D('',#2302,#2303,#2304);
#2302 = CARTESIAN_POINT('',(0.,0.,3.5));
#2303 = DIRECTION('',(0.,0.,1.));
#2304 = DIRECTION('',(1.,0.,-0.));
#2305 = PCURVE('',#43,#2306);
#2306 = DEFINITIONAL_REPRESENTATION('',(#2307),#2311);
#2307 = LINE('',#2308,#2309);
#2308 = CARTESIAN_POINT('',(0.,3.5));
#2309 = VECTOR('',#2310,1.);
#2310 = DIRECTION('',(1.,0.));
#2311 = ( GEOMETRIC_REPRESENTATION_CONTEXT(2) 
PARAMETRIC_REPRESENTATION_CONTEXT() REPRESENTATION_CONTEXT('2D SPACE',''
  ) );
#2312 = PCURVE('',#2313,#2318);
#2313 = PLANE('',#2314);
#2314 = AXIS2_PLACEMENT_3D('',#2315,#2316,#2317);
#2315 = CARTESIAN_POINT('',(23.776412907379,7.725424859374,3.5));
#2316 = DIRECTION('',(0.,0.,1.));
#2317 = DIRECTION('',(0.951056516295,0.309016994375,0.));
#2318 = DEFINITIONAL_REPRESENTATION('',(#2319),#2323);
#2319 = CIRCLE('',#2320,30.);
#2320 = AXIS2_PLACEMENT_2D('',#2321,#2322);
#2321 = CARTESIAN_POINT('',(-25.,8.881784197001E-16));
#2322 = DIRECTION('',(0.951056516295,-0.309016994375));
#2323 = ( GEOMETRIC_REPRESENTATION_CONTEXT(2) 
PARAMETRIC_REPRESENTATION_CONTEXT() REPRESENTATION_CONTEXT('2D SPACE',''
  ) );
#2324 = ORIENTED_EDGE('',*,*,#2325,.T.);
#2325 = EDGE_CURVE('',#2297,#2326,#2328,.T.);
#2326 = VERTEX_POINT('',#2327);
#2327 = CARTESIAN_POINT('',(28.824857135804,8.314301600284,4.));
#2328 = SURFACE_CURVE('',#2329,(#2333,#2339),.PCURVE_S1.);
#2329 = LINE('',#2330,#2331);
#2330 = CARTESIAN_POINT('',(28.824857135804,8.314301600284,0.));
#2331 = VECTOR('',#2332,1.);
#2332 = DIRECTION('',(0.,0.,1.));
#2333 = PCURVE('',#43,#2334);
#2334 = DEFINITIONAL_REPRESENTATION('',(#2335),#2338);
#2335 = B_SPLINE_CURVE_WITH_KNOTS('',1,(#2336,#2337),.UNSPECIFIED.,.F.,
  .F.,(2,2),(3.35,4.0000006),.PIECEWISE_BEZIER_KNOTS.);
#2336 = CARTESIAN_POINT('',(0.280819756098,3.35));
#2337 = CARTESIAN_POINT('',(0.280819756098,4.0000006));
#2338 = ( GEOMETRIC_REPRESENTATION_CONTEXT(2) 
PARAMETRIC_REPRESENTATION_CONTEXT() REPRESENTATION_CONTEXT('2D SPACE',''
  ) );
#2339 = PCURVE('',#2340,#2345);
#2340 = PLANE('',#2341);
#2341 = AXIS2_PLACEMENT_3D('',#2342,#2343,#2344);
#2342 = CARTESIAN_POINT('',(18.379090803983,4.920266376829,5.));
#2343 = DIRECTION('',(0.309016994375,-0.951056516295,0.));
#2344 = DIRECTION('',(0.951056516295,0.309016994375,0.));
#2345 = DEFINITIONAL_REPRESENTATION('',(#2346),#2349);
#2346 = B_SPLINE_CURVE_WITH_KNOTS('',1,(#2347,#2348),.UNSPECIFIED.,.F.,
  .F.,(2,2),(3.35,4.0000006),.PIECEWISE_BEZIER_KNOTS.);
#2347 = CARTESIAN_POINT('',(10.98332870113,-1.65));
#2348 = CARTESIAN_POINT('',(10.98332870113,-0.9999994));
#2349 = ( GEOMETRIC_REPRESENTATION_CONTEXT(2) 
PARAMETRIC_REPRESENTATION_CONTEXT() REPRESENTATION_CONTEXT('2D SPACE',''
  ) );
#2350 = ORIENTED_EDGE('',*,*,#2351,.F.);
#2351 = EDGE_CURVE('',#2352,#2326,#2354,.T.);
#2352 = VERTEX_POINT('',#2353);
#2353 = CARTESIAN_POINT('',(29.98332870113,1.,4.));
#2354 = SURFACE_CURVE('',#2355,(#2360,#2367),.PCURVE_S1.);
#2355 = CIRCLE('',#2356,30.);
#2356 = AXIS2_PLACEMENT_3D('',#2357,#2358,#2359);
#2357 = CARTESIAN_POINT('',(0.,0.,4.));
#2358 = DIRECTION('',(0.,0.,1.));
#2359 = DIRECTION('',(1.,0.,-0.));
#2360 = PCURVE('',#43,#2361);
#2361 = DEFINITIONAL_REPRESENTATION('',(#2362),#2366);
#2362 = LINE('',#2363,#2364);
#2363 = CARTESIAN_POINT('',(0.,4.));
#2364 = VECTOR('',#2365,1.);
#2365 = DIRECTION('',(1.,0.));
#2366 = ( GEOMETRIC_REPRESENTATION_CONTEXT(2) 
PARAMETRIC_REPRESENTATION_CONTEXT() REPRESENTATION_CONTEXT('2D SPACE',''
  ) );
#2367 = PCURVE('',#2368,#2373);
#2368 = TOROIDAL_SURFACE('',#2369,25.,13.);
#2369 = AXIS2_PLACEMENT_3D('',#2370,#2371,#2372);
#2370 = CARTESIAN_POINT('',(0.,0.,-8.));
#2371 = DIRECTION('',(0.,0.,1.));
#2372 = DIRECTION('',(1.,0.,-0.));
#2373 = DEFINITIONAL_REPRESENTATION('',(#2374),#2378);
#2374 = LINE('',#2375,#2376);
#2375 = CARTESIAN_POINT('',(0.,1.176005207095));
#2376 = VECTOR('',#2377,1.);
#2377 = DIRECTION('',(1.,0.));
#2378 = ( GEOMETRIC_REPRESENTATION_CONTEXT(2) 
PARAMETRIC_REPRESENTATION_CONTEXT() REPRESENTATION_CONTEXT('2D SPACE',''
  ) );
#2379 = ORIENTED_EDGE('',*,*,#2380,.F.);
#2380 = EDGE_CURVE('',#2381,#2352,#2383,.T.);
#2381 = VERTEX_POINT('',#2382);
#2382 = CARTESIAN_POINT('',(29.98332870113,1.,3.5));
#2383 = SURFACE_CURVE('',#2384,(#2388,#2394),.PCURVE_S1.);
#2384 = LINE('',#2385,#2386);
#2385 = CARTESIAN_POINT('',(29.98332870113,1.,0.));
#2386 = VECTOR('',#2387,1.);
#2387 = DIRECTION('',(0.,0.,1.));
#2388 = PCURVE('',#43,#2389);
#2389 = DEFINITIONAL_REPRESENTATION('',(#2390),#2393);
#2390 = B_SPLINE_CURVE_WITH_KNOTS('',1,(#2391,#2392),.UNSPECIFIED.,.F.,
  .F.,(2,2),(3.35,4.0000006),.PIECEWISE_BEZIER_KNOTS.);
#2391 = CARTESIAN_POINT('',(3.33395092613E-02,3.35));
#2392 = CARTESIAN_POINT('',(3.33395092613E-02,4.0000006));
#2393 = ( GEOMETRIC_REPRESENTATION_CONTEXT(2) 
PARAMETRIC_REPRESENTATION_CONTEXT() REPRESENTATION_CONTEXT('2D SPACE',''
  ) );
#2394 = PCURVE('',#2395,#2400);
#2395 = PLANE('',#2396);
#2396 = AXIS2_PLACEMENT_3D('',#2397,#2398,#2399);
#2397 = CARTESIAN_POINT('',(31.,1.,5.));
#2398 = DIRECTION('',(0.,1.,0.));
#2399 = DIRECTION('',(-1.,0.,0.));
#2400 = DEFINITIONAL_REPRESENTATION('',(#2401),#2404);
#2401 = B_SPLINE_CURVE_WITH_KNOTS('',1,(#2402,#2403),.UNSPECIFIED.,.F.,
  .F.,(2,2),(3.35,4.0000006),.PIECEWISE_BEZIER_KNOTS.);
#2402 = CARTESIAN_POINT('',(1.01667129887,-1.65));
#2403 = CARTESIAN_POINT('',(1.01667129887,-0.9999994));
#2404 = ( GEOMETRIC_REPRESENTATION_CONTEXT(2) 
PARAMETRIC_REPRESENTATION_CONTEXT() REPRESENTATION_CONTEXT('2D SPACE',''
  ) );
#2405 = ORIENTED_EDGE('',*,*,#2406,.F.);
#2406 = EDGE_CURVE('',#184,#2381,#2407,.T.);
#2407 = SURFACE_CURVE('',#2408,(#2413,#2420),.PCURVE_S1.);
#2408 = CIRCLE('',#2409,30.);
#2409 = AXIS2_PLACEMENT_3D('',#2410,#2411,#2412);
#2410 = CARTESIAN_POINT('',(0.,0.,3.5));
#2411 = DIRECTION('',(0.,0.,1.));
#2412 = DIRECTION('',(1.,0.,-0.));
#2413 = PCURVE('',#43,#2414);
#2414 = DEFINITIONAL_REPRESENTATION('',(#2415),#2419);
#2415 = LINE('',#2416,#2417);
#2416 = CARTESIAN_POINT('',(0.,3.5));
#2417 = VECTOR('',#2418,1.);
#2418 = DIRECTION('',(1.,0.));
#2419 = ( GEOMETRIC_REPRESENTATION_CONTEXT(2) 
PARAMETRIC_REPRESENTATION_CONTEXT() REPRESENTATION_CONTEXT('2D SPACE',''
  ) );
#2420 = PCURVE('',#223,#2421);
#2421 = DEFINITIONAL_REPRESENTATION('',(#2422),#2426);
#2422 = CIRCLE('',#2423,30.);
#2423 = AXIS2_PLACEMENT_2D('',#2424,#2425);
#2424 = CARTESIAN_POINT('',(-25.,0.));
#2425 = DIRECTION('',(1.,0.));
#2426 = ( GEOMETRIC_REPRESENTATION_CONTEXT(2) 
PARAMETRIC_REPRESENTATION_CONTEXT() REPRESENTATION_CONTEXT('2D SPACE',''
  ) );
#2427 = ORIENTED_EDGE('',*,*,#183,.F.);
#2428 = ADVANCED_FACE('',(#2429),#74,.T.);
#2429 = FACE_BOUND('',#2430,.T.);
#2430 = EDGE_LOOP('',(#2431,#2432,#2455,#2482));
#2431 = ORIENTED_EDGE('',*,*,#57,.F.);
#2432 = ORIENTED_EDGE('',*,*,#2433,.T.);
#2433 = EDGE_CURVE('',#58,#2434,#2436,.T.);
#2434 = VERTEX_POINT('',#2435);
#2435 = CARTESIAN_POINT('',(26.5,0.,-3.));
#2436 = SEAM_CURVE('',#2437,(#2441,#2448),.PCURVE_S1.);
#2437 = LINE('',#2438,#2439);
#2438 = CARTESIAN_POINT('',(26.5,0.,0.5));
#2439 = VECTOR('',#2440,1.);
#2440 = DIRECTION('',(-0.,-0.,-1.));
#2441 = PCURVE('',#74,#2442);
#2442 = DEFINITIONAL_REPRESENTATION('',(#2443),#2447);
#2443 = LINE('',#2444,#2445);
#2444 = CARTESIAN_POINT('',(6.28318530718,0.));
#2445 = VECTOR('',#2446,1.);
#2446 = DIRECTION('',(0.,-1.));
#2447 = ( GEOMETRIC_REPRESENTATION_CONTEXT(2) 
PARAMETRIC_REPRESENTATION_CONTEXT() REPRESENTATION_CONTEXT('2D SPACE',''
  ) );
#2448 = PCURVE('',#74,#2449);
#2449 = DEFINITIONAL_REPRESENTATION('',(#2450),#2454);
#2450 = LINE('',#2451,#2452);
#2451 = CARTESIAN_POINT('',(0.,0.));
#2452 = VECTOR('',#2453,1.);
#2453 = DIRECTION('',(0.,-1.));
#2454 = ( GEOMETRIC_REPRESENTATION_CONTEXT(2) 
PARAMETRIC_REPRESENTATION_CONTEXT() REPRESENTATION_CONTEXT('2D SPACE',''
  ) );
#2455 = ORIENTED_EDGE('',*,*,#2456,.T.);
#2456 = EDGE_CURVE('',#2434,#2434,#2457,.T.);
#2457 = SURFACE_CURVE('',#2458,(#2463,#2470),.PCURVE_S1.);
#2458 = CIRCLE('',#2459,1.5);
#2459 = AXIS2_PLACEMENT_3D('',#2460,#2461,#2462);
#2460 = CARTESIAN_POINT('',(25.,0.,-3.));
#2461 = DIRECTION('',(0.,0.,1.));
#2462 = DIRECTION('',(1.,0.,0.));
#2463 = PCURVE('',#74,#2464);
#2464 = DEFINITIONAL_REPRESENTATION('',(#2465),#2469);
#2465 = LINE('',#2466,#2467);
#2466 = CARTESIAN_POINT('',(0.,-3.5));
#2467 = VECTOR('',#2468,1.);
#2468 = DIRECTION('',(1.,0.));
#2469 = ( GEOMETRIC_REPRESENTATION_CONTEXT(2) 
PARAMETRIC_REPRESENTATION_CONTEXT() REPRESENTATION_CONTEXT('2D SPACE',''
  ) );
#2470 = PCURVE('',#2471,#2476);
#2471 = PLANE('',#2472);
#2472 = AXIS2_PLACEMENT_3D('',#2473,#2474,#2475);
#2473 = CARTESIAN_POINT('',(25.,1.096976766101E-16,-3.));
#2474 = DIRECTION('',(0.,0.,1.));
#2475 = DIRECTION('',(1.,0.,0.));
#2476 = DEFINITIONAL_REPRESENTATION('',(#2477),#2481);
#2477 = CIRCLE('',#2478,1.5);
#2478 = AXIS2_PLACEMENT_2D('',#2479,#2480);
#2479 = CARTESIAN_POINT('',(3.552713678801E-15,-1.096976766101E-16));
#2480 = DIRECTION('',(1.,0.));
#2481 = ( GEOMETRIC_REPRESENTATION_CONTEXT(2) 
PARAMETRIC_REPRESENTATION_CONTEXT() REPRESENTATION_CONTEXT('2D SPACE',''
  ) );
#2482 = ORIENTED_EDGE('',*,*,#2433,.F.);
#2483 = ADVANCED_FACE('',(#2484),#105,.T.);
#2484 = FACE_BOUND('',#2485,.T.);
#2485 = EDGE_LOOP('',(#2486,#2487,#2510,#2537));
#2486 = ORIENTED_EDGE('',*,*,#88,.F.);
#2487 = ORIENTED_EDGE('',*,*,#2488,.T.);
#2488 = EDGE_CURVE('',#89,#2489,#2491,.T.);
#2489 = VERTEX_POINT('',#2490);
#2490 = CARTESIAN_POINT('',(-13.25,-22.94967320028,-3.));
#2491 = SEAM_CURVE('',#2492,(#2496,#2503),.PCURVE_S1.);
#2492 = LINE('',#2493,#2494);
#2493 = CARTESIAN_POINT('',(-13.25,-22.94967320028,0.5));
#2494 = VECTOR('',#2495,1.);
#2495 = DIRECTION('',(0.,0.,-1.));
#2496 = PCURVE('',#105,#2497);
#2497 = DEFINITIONAL_REPRESENTATION('',(#2498),#2502);
#2498 = LINE('',#2499,#2500);
#2499 = CARTESIAN_POINT('',(6.28318530718,0.));
#2500 = VECTOR('',#2501,1.);
#2501 = DIRECTION('',(0.,-1.));
#2502 = ( GEOMETRIC_REPRESENTATION_CONTEXT(2) 
PARAMETRIC_REPRESENTATION_CONTEXT() REPRESENTATION_CONTEXT('2D SPACE',''
  ) );
#2503 = PCURVE('',#105,#2504);
#2504 = DEFINITIONAL_REPRESENTATION('',(#2505),#2509);
#2505 = LINE('',#2506,#2507);
#2506 = CARTESIAN_POINT('',(0.,0.));
#2507 = VECTOR('',#2508,1.);
#2508 = DIRECTION('',(0.,-1.));
#2509 = ( GEOMETRIC_REPRESENTATION_CONTEXT(2) 
PARAMETRIC_REPRESENTATION_CONTEXT() REPRESENTATION_CONTEXT('2D SPACE',''
  ) );
#2510 = ORIENTED_EDGE('',*,*,#2511,.T.);
#2511 = EDGE_CURVE('',#2489,#2489,#2512,.T.);
#2512 = SURFACE_CURVE('',#2513,(#2518,#2525),.PCURVE_S1.);
#2513 = CIRCLE('',#2514,1.5);
#2514 = AXIS2_PLACEMENT_3D('',#2515,#2516,#2517);
#2515 = CARTESIAN_POINT('',(-12.5,-21.65063509461,-3.));
#2516 = DIRECTION('',(0.,0.,1.));
#2517 = DIRECTION('',(-0.5,-0.866025403784,0.));
#2518 = PCURVE('',#105,#2519);
#2519 = DEFINITIONAL_REPRESENTATION('',(#2520),#2524);
#2520 = LINE('',#2521,#2522);
#2521 = CARTESIAN_POINT('',(0.,-3.5));
#2522 = VECTOR('',#2523,1.);
#2523 = DIRECTION('',(1.,0.));
#2524 = ( GEOMETRIC_REPRESENTATION_CONTEXT(2) 
PARAMETRIC_REPRESENTATION_CONTEXT() REPRESENTATION_CONTEXT('2D SPACE',''
  ) );
#2525 = PCURVE('',#2526,#2531);
#2526 = PLANE('',#2527);
#2527 = AXIS2_PLACEMENT_3D('',#2528,#2529,#2530);
#2528 = CARTESIAN_POINT('',(-12.5,-21.65063509461,-3.));
#2529 = DIRECTION('',(0.,0.,1.));
#2530 = DIRECTION('',(-0.5,-0.866025403784,0.));
#2531 = DEFINITIONAL_REPRESENTATION('',(#2532),#2536);
#2532 = CIRCLE('',#2533,1.5);
#2533 = AXIS2_PLACEMENT_2D('',#2534,#2535);
#2534 = CARTESIAN_POINT('',(3.964918717914E-15,2.379866902934E-16));
#2535 = DIRECTION('',(1.,0.));
#2536 = ( GEOMETRIC_REPRESENTATION_CONTEXT(2) 
PARAMETRIC_REPRESENTATION_CONTEXT() REPRESENTATION_CONTEXT('2D SPACE',''
  ) );
#2537 = ORIENTED_EDGE('',*,*,#2488,.F.);
#2538 = ADVANCED_FACE('',(#2539),#136,.F.);
#2539 = FACE_BOUND('',#2540,.T.);
#2540 = EDGE_LOOP('',(#2541,#2564,#2588,#2609,#2637,#2658,#2682,#2703,
    #2731,#2752,#2776,#2797,#2825,#2846,#2870,#2891,#2919,#2940,#2964,
    #2985,#3013,#3034,#3058,#3079,#3107,#3128,#3152,#3173,#3201,#3222,
    #3246,#3267,#3295,#3316,#3340,#3361,#3389,#3410,#3434,#3455,#3483,
    #3504,#3528,#3549,#3577,#3598,#3622,#3643,#3671,#3692,#3716,#3737,
    #3765,#3786,#3810,#3831,#3859,#3880,#3904,#3925,#3953,#3974,#3998,
    #4019,#4047,#4068,#4092,#4113,#4141,#4162,#4186,#4207,#4235,#4256,
    #4280,#4301,#4329,#4350,#4374,#4395,#4423,#4444,#4445,#4446));
#2541 = ORIENTED_EDGE('',*,*,#2542,.F.);
#2542 = EDGE_CURVE('',#2543,#2545,#2547,.T.);
#2543 = VERTEX_POINT('',#2544);
#2544 = CARTESIAN_POINT('',(19.974984355438,1.,4.));
#2545 = VERTEX_POINT('',#2546);
#2546 = CARTESIAN_POINT('',(19.974984355438,1.,3.5));
#2547 = SURFACE_CURVE('',#2548,(#2552,#2558),.PCURVE_S1.);
#2548 = LINE('',#2549,#2550);
#2549 = CARTESIAN_POINT('',(19.974984355438,1.,4.));
#2550 = VECTOR('',#2551,1.);
#2551 = DIRECTION('',(-0.,-0.,-1.));
#2552 = PCURVE('',#136,#2553);
#2553 = DEFINITIONAL_REPRESENTATION('',(#2554),#2557);
#2554 = B_SPLINE_CURVE_WITH_KNOTS('',1,(#2555,#2556),.UNSPECIFIED.,.F.,
  .F.,(2,2),(-5.999999999062E-07,0.65),.PIECEWISE_BEZIER_KNOTS.);
#2555 = CARTESIAN_POINT('',(-5.002085680577E-02,-5.999999999062E-07));
#2556 = CARTESIAN_POINT('',(-5.002085680577E-02,0.65));
#2557 = ( GEOMETRIC_REPRESENTATION_CONTEXT(2) 
PARAMETRIC_REPRESENTATION_CONTEXT() REPRESENTATION_CONTEXT('2D SPACE',''
  ) );
#2558 = PCURVE('',#2395,#2559);
#2559 = DEFINITIONAL_REPRESENTATION('',(#2560),#2563);
#2560 = B_SPLINE_CURVE_WITH_KNOTS('',1,(#2561,#2562),.UNSPECIFIED.,.F.,
  .F.,(2,2),(-5.999999999062E-07,0.65),.PIECEWISE_BEZIER_KNOTS.);
#2561 = CARTESIAN_POINT('',(11.025015644562,-0.9999994));
#2562 = CARTESIAN_POINT('',(11.025015644562,-1.65));
#2563 = ( GEOMETRIC_REPRESENTATION_CONTEXT(2) 
PARAMETRIC_REPRESENTATION_CONTEXT() REPRESENTATION_CONTEXT('2D SPACE',''
  ) );
#2564 = ORIENTED_EDGE('',*,*,#2565,.T.);
#2565 = EDGE_CURVE('',#2543,#2566,#2568,.T.);
#2566 = VERTEX_POINT('',#2567);
#2567 = CARTESIAN_POINT('',(19.306356028508,5.221553111909,4.));
#2568 = SURFACE_CURVE('',#2569,(#2574,#2581),.PCURVE_S1.);
#2569 = CIRCLE('',#2570,20.);
#2570 = AXIS2_PLACEMENT_3D('',#2571,#2572,#2573);
#2571 = CARTESIAN_POINT('',(0.,0.,4.));
#2572 = DIRECTION('',(0.,0.,1.));
#2573 = DIRECTION('',(1.,0.,-0.));
#2574 = PCURVE('',#136,#2575);
#2575 = DEFINITIONAL_REPRESENTATION('',(#2576),#2580);
#2576 = LINE('',#2577,#2578);
#2577 = CARTESIAN_POINT('',(-0.,0.));
#2578 = VECTOR('',#2579,1.);
#2579 = DIRECTION('',(-1.,0.));
#2580 = ( GEOMETRIC_REPRESENTATION_CONTEXT(2) 
PARAMETRIC_REPRESENTATION_CONTEXT() REPRESENTATION_CONTEXT('2D SPACE',''
  ) );
#2581 = PCURVE('',#2368,#2582);
#2582 = DEFINITIONAL_REPRESENTATION('',(#2583),#2587);
#2583 = LINE('',#2584,#2585);
#2584 = CARTESIAN_POINT('',(0.,1.965587446495));
#2585 = VECTOR('',#2586,1.);
#2586 = DIRECTION('',(1.,0.));
#2587 = ( GEOMETRIC_REPRESENTATION_CONTEXT(2) 
PARAMETRIC_REPRESENTATION_CONTEXT() REPRESENTATION_CONTEXT('2D SPACE',''
  ) );
#2588 = ORIENTED_EDGE('',*,*,#2589,.T.);
#2589 = EDGE_CURVE('',#2566,#2590,#2592,.T.);
#2590 = VERTEX_POINT('',#2591);
#2591 = CARTESIAN_POINT('',(19.306356028508,5.221553111909,3.5));
#2592 = SURFACE_CURVE('',#2593,(#2597,#2603),.PCURVE_S1.);
#2593 = LINE('',#2594,#2595);
#2594 = CARTESIAN_POINT('',(19.306356028508,5.221553111909,4.));
#2595 = VECTOR('',#2596,1.);
#2596 = DIRECTION('',(-0.,-0.,-1.));
#2597 = PCURVE('',#136,#2598);
#2598 = DEFINITIONAL_REPRESENTATION('',(#2599),#2602);
#2599 = B_SPLINE_CURVE_WITH_KNOTS('',1,(#2600,#2601),.UNSPECIFIED.,.F.,
  .F.,(2,2),(-1.199999999812E-06,0.65),.PIECEWISE_BEZIER_KNOTS.);
#2600 = CARTESIAN_POINT('',(-0.264138408553,-1.199999999812E-06));
#2601 = CARTESIAN_POINT('',(-0.264138408553,0.65));
#2602 = ( GEOMETRIC_REPRESENTATION_CONTEXT(2) 
PARAMETRIC_REPRESENTATION_CONTEXT() REPRESENTATION_CONTEXT('2D SPACE',''
  ) );
#2603 = PCURVE('',#2340,#2604);
#2604 = DEFINITIONAL_REPRESENTATION('',(#2605),#2608);
#2605 = B_SPLINE_CURVE_WITH_KNOTS('',1,(#2606,#2607),.UNSPECIFIED.,.F.,
  .F.,(2,2),(-1.199999999812E-06,0.65),.PIECEWISE_BEZIER_KNOTS.);
#2606 = CARTESIAN_POINT('',(0.974984355438,-0.9999988));
#2607 = CARTESIAN_POINT('',(0.974984355438,-1.65));
#2608 = ( GEOMETRIC_REPRESENTATION_CONTEXT(2) 
PARAMETRIC_REPRESENTATION_CONTEXT() REPRESENTATION_CONTEXT('2D SPACE',''
  ) );
#2609 = ORIENTED_EDGE('',*,*,#2610,.F.);
#2610 = EDGE_CURVE('',#2611,#2590,#2613,.T.);
#2611 = VERTEX_POINT('',#2612);
#2612 = CARTESIAN_POINT('',(18.688322039758,7.123666144499,3.5));
#2613 = SURFACE_CURVE('',#2614,(#2619,#2626),.PCURVE_S1.);
#2614 = CIRCLE('',#2615,20.);
#2615 = AXIS2_PLACEMENT_3D('',#2616,#2617,#2618);
#2616 = CARTESIAN_POINT('',(0.,0.,3.5));
#2617 = DIRECTION('',(0.,0.,-1.));
#2618 = DIRECTION('',(1.,0.,0.));
#2619 = PCURVE('',#136,#2620);
#2620 = DEFINITIONAL_REPRESENTATION('',(#2621),#2625);
#2621 = LINE('',#2622,#2623);
#2622 = CARTESIAN_POINT('',(-6.28318530718,0.5));
#2623 = VECTOR('',#2624,1.);
#2624 = DIRECTION('',(1.,-0.));
#2625 = ( GEOMETRIC_REPRESENTATION_CONTEXT(2) 
PARAMETRIC_REPRESENTATION_CONTEXT() REPRESENTATION_CONTEXT('2D SPACE',''
  ) );
#2626 = PCURVE('',#2313,#2627);
#2627 = DEFINITIONAL_REPRESENTATION('',(#2628),#2636);
#2628 = ( BOUNDED_CURVE() B_SPLINE_CURVE(2,(#2629,#2630,#2631,#2632,
#2633,#2634,#2635),.UNSPECIFIED.,.T.,.F.) B_SPLINE_CURVE_WITH_KNOTS((1,2
    ,2,2,2,1),(-2.094395102393,0.,2.094395102393,4.188790204786,
6.28318530718,8.377580409573),.UNSPECIFIED.) CURVE() 
GEOMETRIC_REPRESENTATION_ITEM() RATIONAL_B_SPLINE_CURVE((1.,0.5,1.,0.5,
1.,0.5,1.)) REPRESENTATION_ITEM('') );
#2629 = CARTESIAN_POINT('',(-5.978869674097,-6.180339887499));
#2630 = CARTESIAN_POINT('',(-16.68353236729,-39.12590402935));
#2631 = CARTESIAN_POINT('',(-39.86289650954,-13.38261212717));
#2632 = CARTESIAN_POINT('',(-63.0422606518,12.360679774998));
#2633 = CARTESIAN_POINT('',(-29.15823381635,19.562952014676));
#2634 = CARTESIAN_POINT('',(4.725793019096,26.765224254354));
#2635 = CARTESIAN_POINT('',(-5.978869674097,-6.180339887499));
#2636 = ( GEOMETRIC_REPRESENTATION_CONTEXT(2) 
PARAMETRIC_REPRESENTATION_CONTEXT() REPRESENTATION_CONTEXT('2D SPACE',''
  ) );
#2637 = ORIENTED_EDGE('',*,*,#2638,.F.);
#2638 = EDGE_CURVE('',#2639,#2611,#2641,.T.);
#2639 = VERTEX_POINT('',#2640);
#2640 = CARTESIAN_POINT('',(18.688322039758,7.123666144499,4.));
#2641 = SURFACE_CURVE('',#2642,(#2646,#2652),.PCURVE_S1.);
#2642 = LINE('',#2643,#2644);
#2643 = CARTESIAN_POINT('',(18.688322039758,7.123666144499,4.));
#2644 = VECTOR('',#2645,1.);
#2645 = DIRECTION('',(-0.,-0.,-1.));
#2646 = PCURVE('',#136,#2647);
#2647 = DEFINITIONAL_REPRESENTATION('',(#2648),#2651);
#2648 = B_SPLINE_CURVE_WITH_KNOTS('',1,(#2649,#2650),.UNSPECIFIED.,.F.,
  .F.,(2,2),(-1.199999999812E-06,0.65),.PIECEWISE_BEZIER_KNOTS.);
#2649 = CARTESIAN_POINT('',(-0.364180122165,-1.199999999812E-06));
#2650 = CARTESIAN_POINT('',(-0.364180122165,0.65));
#2651 = ( GEOMETRIC_REPRESENTATION_CONTEXT(2) 
PARAMETRIC_REPRESENTATION_CONTEXT() REPRESENTATION_CONTEXT('2D SPACE',''
  ) );
#2652 = PCURVE('',#2285,#2653);
#2653 = DEFINITIONAL_REPRESENTATION('',(#2654),#2657);
#2654 = B_SPLINE_CURVE_WITH_KNOTS('',1,(#2655,#2656),.UNSPECIFIED.,.F.,
  .F.,(2,2),(-1.199999999812E-06,0.65),.PIECEWISE_BEZIER_KNOTS.);
#2655 = CARTESIAN_POINT('',(11.025015644562,-0.9999988));
#2656 = CARTESIAN_POINT('',(11.025015644562,-1.65));
#2657 = ( GEOMETRIC_REPRESENTATION_CONTEXT(2) 
PARAMETRIC_REPRESENTATION_CONTEXT() REPRESENTATION_CONTEXT('2D SPACE',''
  ) );
#2658 = ORIENTED_EDGE('',*,*,#2659,.T.);
#2659 = EDGE_CURVE('',#2639,#2660,#2662,.T.);
#2660 = VERTEX_POINT('',#2661);
#2661 = CARTESIAN_POINT('',(16.747887058216,10.931984224524,4.));
#2662 = SURFACE_CURVE('',#2663,(#2668,#2675),.PCURVE_S1.);
#2663 = CIRCLE('',#2664,20.);
#2664 = AXIS2_PLACEMENT_3D('',#2665,#2666,#2667);
#2665 = CARTESIAN_POINT('',(0.,0.,4.));
#2666 = DIRECTION('',(0.,0.,1.));
#2667 = DIRECTION('',(1.,0.,-0.));
#2668 = PCURVE('',#136,#2669);
#2669 = DEFINITIONAL_REPRESENTATION('',(#2670),#2674);
#2670 = LINE('',#2671,#2672);
#2671 = CARTESIAN_POINT('',(-0.,0.));
#2672 = VECTOR('',#2673,1.);
#2673 = DIRECTION('',(-1.,0.));
#2674 = ( GEOMETRIC_REPRESENTATION_CONTEXT(2) 
PARAMETRIC_REPRESENTATION_CONTEXT() REPRESENTATION_CONTEXT('2D SPACE',''
  ) );
#2675 = PCURVE('',#2258,#2676);
#2676 = DEFINITIONAL_REPRESENTATION('',(#2677),#2681);
#2677 = LINE('',#2678,#2679);
#2678 = CARTESIAN_POINT('',(0.,1.965587446495));
#2679 = VECTOR('',#2680,1.);
#2680 = DIRECTION('',(1.,0.));
#2681 = ( GEOMETRIC_REPRESENTATION_CONTEXT(2) 
PARAMETRIC_REPRESENTATION_CONTEXT() REPRESENTATION_CONTEXT('2D SPACE',''
  ) );
#2682 = ORIENTED_EDGE('',*,*,#2683,.T.);
#2683 = EDGE_CURVE('',#2660,#2684,#2686,.T.);
#2684 = VERTEX_POINT('',#2685);
#2685 = CARTESIAN_POINT('',(16.747887058216,10.931984224524,3.5));
#2686 = SURFACE_CURVE('',#2687,(#2691,#2697),.PCURVE_S1.);
#2687 = LINE('',#2688,#2689);
#2688 = CARTESIAN_POINT('',(16.747887058216,10.931984224524,4.));
#2689 = VECTOR('',#2690,1.);
#2690 = DIRECTION('',(-0.,-0.,-1.));
#2691 = PCURVE('',#136,#2692);
#2692 = DEFINITIONAL_REPRESENTATION('',(#2693),#2696);
#2693 = B_SPLINE_CURVE_WITH_KNOTS('',1,(#2694,#2695),.UNSPECIFIED.,.F.,
  .F.,(2,2),(-1.199999999812E-06,0.65),.PIECEWISE_BEZIER_KNOTS.);
#2694 = CARTESIAN_POINT('',(-0.578297673912,-1.199999999812E-06));
#2695 = CARTESIAN_POINT('',(-0.578297673912,0.65));
#2696 = ( GEOMETRIC_REPRESENTATION_CONTEXT(2) 
PARAMETRIC_REPRESENTATION_CONTEXT() REPRESENTATION_CONTEXT('2D SPACE',''
  ) );
#2697 = PCURVE('',#2230,#2698);
#2698 = DEFINITIONAL_REPRESENTATION('',(#2699),#2702);
#2699 = B_SPLINE_CURVE_WITH_KNOTS('',1,(#2700,#2701),.UNSPECIFIED.,.F.,
  .F.,(2,2),(-1.199999999812E-06,0.65),.PIECEWISE_BEZIER_KNOTS.);
#2700 = CARTESIAN_POINT('',(0.974984355438,-0.9999988));
#2701 = CARTESIAN_POINT('',(0.974984355438,-1.65));
#2702 = ( GEOMETRIC_REPRESENTATION_CONTEXT(2) 
PARAMETRIC_REPRESENTATION_CONTEXT() REPRESENTATION_CONTEXT('2D SPACE',''
  ) );
#2703 = ORIENTED_EDGE('',*,*,#2704,.F.);
#2704 = EDGE_CURVE('',#2705,#2684,#2707,.T.);
#2705 = VERTEX_POINT('',#2706);
#2706 = CARTESIAN_POINT('',(15.572316553631,12.550018213274,3.5));
#2707 = SURFACE_CURVE('',#2708,(#2713,#2720),.PCURVE_S1.);
#2708 = CIRCLE('',#2709,20.);
#2709 = AXIS2_PLACEMENT_3D('',#2710,#2711,#2712);
#2710 = CARTESIAN_POINT('',(0.,0.,3.5));
#2711 = DIRECTION('',(0.,0.,-1.));
#2712 = DIRECTION('',(1.,0.,0.));
#2713 = PCURVE('',#136,#2714);
#2714 = DEFINITIONAL_REPRESENTATION('',(#2715),#2719);
#2715 = LINE('',#2716,#2717);
#2716 = CARTESIAN_POINT('',(-6.28318530718,0.5));
#2717 = VECTOR('',#2718,1.);
#2718 = DIRECTION('',(1.,-0.));
#2719 = ( GEOMETRIC_REPRESENTATION_CONTEXT(2) 
PARAMETRIC_REPRESENTATION_CONTEXT() REPRESENTATION_CONTEXT('2D SPACE',''
  ) );
#2720 = PCURVE('',#2203,#2721);
#2721 = DEFINITIONAL_REPRESENTATION('',(#2722),#2730);
#2722 = ( BOUNDED_CURVE() B_SPLINE_CURVE(2,(#2723,#2724,#2725,#2726,
#2727,#2728,#2729),.UNSPECIFIED.,.T.,.F.) B_SPLINE_CURVE_WITH_KNOTS((1,2
    ,2,2,2,1),(-2.094395102393,0.,2.094395102393,4.188790204786,
6.28318530718,8.377580409573),.UNSPECIFIED.) CURVE() 
GEOMETRIC_REPRESENTATION_ITEM() RATIONAL_B_SPLINE_CURVE((1.,0.5,1.,0.5,
1.,0.5,1.)) REPRESENTATION_ITEM('') );
#2723 = CARTESIAN_POINT('',(-8.819660112501,-11.75570504584));
#2724 = CARTESIAN_POINT('',(-29.1811385307,-39.78087581473));
#2725 = CARTESIAN_POINT('',(-43.27090915285,-8.134732861516));
#2726 = CARTESIAN_POINT('',(-57.36067977499,23.511410091699));
#2727 = CARTESIAN_POINT('',(-22.90943073464,19.890437907365));
#2728 = CARTESIAN_POINT('',(11.541818305704,16.269465723032));
#2729 = CARTESIAN_POINT('',(-8.819660112501,-11.75570504584));
#2730 = ( GEOMETRIC_REPRESENTATION_CONTEXT(2) 
PARAMETRIC_REPRESENTATION_CONTEXT() REPRESENTATION_CONTEXT('2D SPACE',''
  ) );
#2731 = ORIENTED_EDGE('',*,*,#2732,.F.);
#2732 = EDGE_CURVE('',#2733,#2705,#2735,.T.);
#2733 = VERTEX_POINT('',#2734);
#2734 = CARTESIAN_POINT('',(15.572316553631,12.550018213274,4.));
#2735 = SURFACE_CURVE('',#2736,(#2740,#2746),.PCURVE_S1.);
#2736 = LINE('',#2737,#2738);
#2737 = CARTESIAN_POINT('',(15.572316553631,12.550018213274,4.));
#2738 = VECTOR('',#2739,1.);
#2739 = DIRECTION('',(-0.,-0.,-1.));
#2740 = PCURVE('',#136,#2741);
#2741 = DEFINITIONAL_REPRESENTATION('',(#2742),#2745);
#2742 = B_SPLINE_CURVE_WITH_KNOTS('',1,(#2743,#2744),.UNSPECIFIED.,.F.,
  .F.,(2,2),(-1.199999999812E-06,0.65),.PIECEWISE_BEZIER_KNOTS.);
#2743 = CARTESIAN_POINT('',(-0.678339387524,-1.199999999812E-06));
#2744 = CARTESIAN_POINT('',(-0.678339387524,0.65));
#2745 = ( GEOMETRIC_REPRESENTATION_CONTEXT(2) 
PARAMETRIC_REPRESENTATION_CONTEXT() REPRESENTATION_CONTEXT('2D SPACE',''
  ) );
#2746 = PCURVE('',#2175,#2747);
#2747 = DEFINITIONAL_REPRESENTATION('',(#2748),#2751);
#2748 = B_SPLINE_CURVE_WITH_KNOTS('',1,(#2749,#2750),.UNSPECIFIED.,.F.,
  .F.,(2,2),(-1.199999999812E-06,0.65),.PIECEWISE_BEZIER_KNOTS.);
#2749 = CARTESIAN_POINT('',(11.025015644562,-0.9999988));
#2750 = CARTESIAN_POINT('',(11.025015644562,-1.65));
#2751 = ( GEOMETRIC_REPRESENTATION_CONTEXT(2) 
PARAMETRIC_REPRESENTATION_CONTEXT() REPRESENTATION_CONTEXT('2D SPACE',''
  ) );
#2752 = ORIENTED_EDGE('',*,*,#2753,.T.);
#2753 = EDGE_CURVE('',#2733,#2754,#2756,.T.);
#2754 = VERTEX_POINT('',#2755);
#2755 = CARTESIAN_POINT('',(12.550018213274,15.572316553631,4.));
#2756 = SURFACE_CURVE('',#2757,(#2762,#2769),.PCURVE_S1.);
#2757 = CIRCLE('',#2758,20.);
#2758 = AXIS2_PLACEMENT_3D('',#2759,#2760,#2761);
#2759 = CARTESIAN_POINT('',(0.,0.,4.));
#2760 = DIRECTION('',(0.,0.,1.));
#2761 = DIRECTION('',(1.,0.,-0.));
#2762 = PCURVE('',#136,#2763);
#2763 = DEFINITIONAL_REPRESENTATION('',(#2764),#2768);
#2764 = LINE('',#2765,#2766);
#2765 = CARTESIAN_POINT('',(-0.,0.));
#2766 = VECTOR('',#2767,1.);
#2767 = DIRECTION('',(-1.,0.));
#2768 = ( GEOMETRIC_REPRESENTATION_CONTEXT(2) 
PARAMETRIC_REPRESENTATION_CONTEXT() REPRESENTATION_CONTEXT('2D SPACE',''
  ) );
#2769 = PCURVE('',#2148,#2770);
#2770 = DEFINITIONAL_REPRESENTATION('',(#2771),#2775);
#2771 = LINE('',#2772,#2773);
#2772 = CARTESIAN_POINT('',(0.,1.965587446495));
#2773 = VECTOR('',#2774,1.);
#2774 = DIRECTION('',(1.,0.));
#2775 = ( GEOMETRIC_REPRESENTATION_CONTEXT(2) 
PARAMETRIC_REPRESENTATION_CONTEXT() REPRESENTATION_CONTEXT('2D SPACE',''
  ) );
#2776 = ORIENTED_EDGE('',*,*,#2777,.T.);
#2777 = EDGE_CURVE('',#2754,#2778,#2780,.T.);
#2778 = VERTEX_POINT('',#2779);
#2779 = CARTESIAN_POINT('',(12.550018213274,15.572316553631,3.5));
#2780 = SURFACE_CURVE('',#2781,(#2785,#2791),.PCURVE_S1.);
#2781 = LINE('',#2782,#2783);
#2782 = CARTESIAN_POINT('',(12.550018213274,15.572316553631,4.));
#2783 = VECTOR('',#2784,1.);
#2784 = DIRECTION('',(-0.,-0.,-1.));
#2785 = PCURVE('',#136,#2786);
#2786 = DEFINITIONAL_REPRESENTATION('',(#2787),#2790);
#2787 = B_SPLINE_CURVE_WITH_KNOTS('',1,(#2788,#2789),.UNSPECIFIED.,.F.,
  .F.,(2,2),(-1.199999999812E-06,0.65),.PIECEWISE_BEZIER_KNOTS.);
#2788 = CARTESIAN_POINT('',(-0.892456939271,-1.199999999812E-06));
#2789 = CARTESIAN_POINT('',(-0.892456939271,0.65));
#2790 = ( GEOMETRIC_REPRESENTATION_CONTEXT(2) 
PARAMETRIC_REPRESENTATION_CONTEXT() REPRESENTATION_CONTEXT('2D SPACE',''
  ) );
#2791 = PCURVE('',#2120,#2792);
#2792 = DEFINITIONAL_REPRESENTATION('',(#2793),#2796);
#2793 = B_SPLINE_CURVE_WITH_KNOTS('',1,(#2794,#2795),.UNSPECIFIED.,.F.,
  .F.,(2,2),(-1.199999999812E-06,0.65),.PIECEWISE_BEZIER_KNOTS.);
#2794 = CARTESIAN_POINT('',(0.974984355438,-0.9999988));
#2795 = CARTESIAN_POINT('',(0.974984355438,-1.65));
#2796 = ( GEOMETRIC_REPRESENTATION_CONTEXT(2) 
PARAMETRIC_REPRESENTATION_CONTEXT() REPRESENTATION_CONTEXT('2D SPACE',''
  ) );
#2797 = ORIENTED_EDGE('',*,*,#2798,.F.);
#2798 = EDGE_CURVE('',#2799,#2778,#2801,.T.);
#2799 = VERTEX_POINT('',#2800);
#2800 = CARTESIAN_POINT('',(10.931984224524,16.747887058216,3.5));
#2801 = SURFACE_CURVE('',#2802,(#2807,#2814),.PCURVE_S1.);
#2802 = CIRCLE('',#2803,20.);
#2803 = AXIS2_PLACEMENT_3D('',#2804,#2805,#2806);
#2804 = CARTESIAN_POINT('',(0.,0.,3.5));
#2805 = DIRECTION('',(0.,0.,-1.));
#2806 = DIRECTION('',(1.,0.,0.));
#2807 = PCURVE('',#136,#2808);
#2808 = DEFINITIONAL_REPRESENTATION('',(#2809),#2813);
#2809 = LINE('',#2810,#2811);
#2810 = CARTESIAN_POINT('',(-6.28318530718,0.5));
#2811 = VECTOR('',#2812,1.);
#2812 = DIRECTION('',(1.,-0.));
#2813 = ( GEOMETRIC_REPRESENTATION_CONTEXT(2) 
PARAMETRIC_REPRESENTATION_CONTEXT() REPRESENTATION_CONTEXT('2D SPACE',''
  ) );
#2814 = PCURVE('',#2093,#2815);
#2815 = DEFINITIONAL_REPRESENTATION('',(#2816),#2824);
#2816 = ( BOUNDED_CURVE() B_SPLINE_CURVE(2,(#2817,#2818,#2819,#2820,
#2821,#2822,#2823),.UNSPECIFIED.,.T.,.F.) B_SPLINE_CURVE_WITH_KNOTS((1,2
    ,2,2,2,1),(-2.094395102393,0.,2.094395102393,4.188790204786,
6.28318530718,8.377580409573),.UNSPECIFIED.) CURVE() 
GEOMETRIC_REPRESENTATION_ITEM() RATIONAL_B_SPLINE_CURVE((1.,0.5,1.,0.5,
1.,0.5,1.)) REPRESENTATION_ITEM('') );
#2817 = CARTESIAN_POINT('',(-13.24429495415,-16.18033988749));
#2818 = CARTESIAN_POINT('',(-41.26946572303,-36.5418183057));
#2819 = CARTESIAN_POINT('',(-44.89043790736,-2.090569265353));
#2820 = CARTESIAN_POINT('',(-48.51141009169,32.360679774998));
#2821 = CARTESIAN_POINT('',(-16.86526713848,18.270909152852));
#2822 = CARTESIAN_POINT('',(14.780875814731,4.181138530706));
#2823 = CARTESIAN_POINT('',(-13.24429495415,-16.18033988749));
#2824 = ( GEOMETRIC_REPRESENTATION_CONTEXT(2) 
PARAMETRIC_REPRESENTATION_CONTEXT() REPRESENTATION_CONTEXT('2D SPACE',''
  ) );
#2825 = ORIENTED_EDGE('',*,*,#2826,.F.);
#2826 = EDGE_CURVE('',#2827,#2799,#2829,.T.);
#2827 = VERTEX_POINT('',#2828);
#2828 = CARTESIAN_POINT('',(10.931984224524,16.747887058216,4.));
#2829 = SURFACE_CURVE('',#2830,(#2834,#2840),.PCURVE_S1.);
#2830 = LINE('',#2831,#2832);
#2831 = CARTESIAN_POINT('',(10.931984224524,16.747887058216,4.));
#2832 = VECTOR('',#2833,1.);
#2833 = DIRECTION('',(-0.,-0.,-1.));
#2834 = PCURVE('',#136,#2835);
#2835 = DEFINITIONAL_REPRESENTATION('',(#2836),#2839);
#2836 = B_SPLINE_CURVE_WITH_KNOTS('',1,(#2837,#2838),.UNSPECIFIED.,.F.,
  .F.,(2,2),(-1.199999999812E-06,0.65),.PIECEWISE_BEZIER_KNOTS.);
#2837 = CARTESIAN_POINT('',(-0.992498652883,-1.199999999812E-06));
#2838 = CARTESIAN_POINT('',(-0.992498652883,0.65));
#2839 = ( GEOMETRIC_REPRESENTATION_CONTEXT(2) 
PARAMETRIC_REPRESENTATION_CONTEXT() REPRESENTATION_CONTEXT('2D SPACE',''
  ) );
#2840 = PCURVE('',#2065,#2841);
#2841 = DEFINITIONAL_REPRESENTATION('',(#2842),#2845);
#2842 = B_SPLINE_CURVE_WITH_KNOTS('',1,(#2843,#2844),.UNSPECIFIED.,.F.,
  .F.,(2,2),(-1.199999999812E-06,0.65),.PIECEWISE_BEZIER_KNOTS.);
#2843 = CARTESIAN_POINT('',(11.025015644562,-0.9999988));
#2844 = CARTESIAN_POINT('',(11.025015644562,-1.65));
#2845 = ( GEOMETRIC_REPRESENTATION_CONTEXT(2) 
PARAMETRIC_REPRESENTATION_CONTEXT() REPRESENTATION_CONTEXT('2D SPACE',''
  ) );
#2846 = ORIENTED_EDGE('',*,*,#2847,.T.);
#2847 = EDGE_CURVE('',#2827,#2848,#2850,.T.);
#2848 = VERTEX_POINT('',#2849);
#2849 = CARTESIAN_POINT('',(7.123666144499,18.688322039758,4.));
#2850 = SURFACE_CURVE('',#2851,(#2856,#2863),.PCURVE_S1.);
#2851 = CIRCLE('',#2852,20.);
#2852 = AXIS2_PLACEMENT_3D('',#2853,#2854,#2855);
#2853 = CARTESIAN_POINT('',(0.,0.,4.));
#2854 = DIRECTION('',(0.,0.,1.));
#2855 = DIRECTION('',(1.,0.,-0.));
#2856 = PCURVE('',#136,#2857);
#2857 = DEFINITIONAL_REPRESENTATION('',(#2858),#2862);
#2858 = LINE('',#2859,#2860);
#2859 = CARTESIAN_POINT('',(-0.,0.));
#2860 = VECTOR('',#2861,1.);
#2861 = DIRECTION('',(-1.,0.));
#2862 = ( GEOMETRIC_REPRESENTATION_CONTEXT(2) 
PARAMETRIC_REPRESENTATION_CONTEXT() REPRESENTATION_CONTEXT('2D SPACE',''
  ) );
#2863 = PCURVE('',#2038,#2864);
#2864 = DEFINITIONAL_REPRESENTATION('',(#2865),#2869);
#2865 = LINE('',#2866,#2867);
#2866 = CARTESIAN_POINT('',(0.,1.965587446495));
#2867 = VECTOR('',#2868,1.);
#2868 = DIRECTION('',(1.,0.));
#2869 = ( GEOMETRIC_REPRESENTATION_CONTEXT(2) 
PARAMETRIC_REPRESENTATION_CONTEXT() REPRESENTATION_CONTEXT('2D SPACE',''
  ) );
#2870 = ORIENTED_EDGE('',*,*,#2871,.T.);
#2871 = EDGE_CURVE('',#2848,#2872,#2874,.T.);
#2872 = VERTEX_POINT('',#2873);
#2873 = CARTESIAN_POINT('',(7.123666144499,18.688322039758,3.5));
#2874 = SURFACE_CURVE('',#2875,(#2879,#2885),.PCURVE_S1.);
#2875 = LINE('',#2876,#2877);
#2876 = CARTESIAN_POINT('',(7.123666144499,18.688322039758,4.));
#2877 = VECTOR('',#2878,1.);
#2878 = DIRECTION('',(-0.,-0.,-1.));
#2879 = PCURVE('',#136,#2880);
#2880 = DEFINITIONAL_REPRESENTATION('',(#2881),#2884);
#2881 = B_SPLINE_CURVE_WITH_KNOTS('',1,(#2882,#2883),.UNSPECIFIED.,.F.,
  .F.,(2,2),(-1.199999999812E-06,0.65),.PIECEWISE_BEZIER_KNOTS.);
#2882 = CARTESIAN_POINT('',(-1.20661620463,-1.199999999812E-06));
#2883 = CARTESIAN_POINT('',(-1.20661620463,0.65));
#2884 = ( GEOMETRIC_REPRESENTATION_CONTEXT(2) 
PARAMETRIC_REPRESENTATION_CONTEXT() REPRESENTATION_CONTEXT('2D SPACE',''
  ) );
#2885 = PCURVE('',#2010,#2886);
#2886 = DEFINITIONAL_REPRESENTATION('',(#2887),#2890);
#2887 = B_SPLINE_CURVE_WITH_KNOTS('',1,(#2888,#2889),.UNSPECIFIED.,.F.,
  .F.,(2,2),(-1.199999999812E-06,0.65),.PIECEWISE_BEZIER_KNOTS.);
#2888 = CARTESIAN_POINT('',(0.974984355438,-0.9999988));
#2889 = CARTESIAN_POINT('',(0.974984355438,-1.65));
#2890 = ( GEOMETRIC_REPRESENTATION_CONTEXT(2) 
PARAMETRIC_REPRESENTATION_CONTEXT() REPRESENTATION_CONTEXT('2D SPACE',''
  ) );
#2891 = ORIENTED_EDGE('',*,*,#2892,.F.);
#2892 = EDGE_CURVE('',#2893,#2872,#2895,.T.);
#2893 = VERTEX_POINT('',#2894);
#2894 = CARTESIAN_POINT('',(5.221553111909,19.306356028508,3.5));
#2895 = SURFACE_CURVE('',#2896,(#2901,#2908),.PCURVE_S1.);
#2896 = CIRCLE('',#2897,20.);
#2897 = AXIS2_PLACEMENT_3D('',#2898,#2899,#2900);
#2898 = CARTESIAN_POINT('',(0.,0.,3.5));
#2899 = DIRECTION('',(0.,0.,-1.));
#2900 = DIRECTION('',(1.,0.,0.));
#2901 = PCURVE('',#136,#2902);
#2902 = DEFINITIONAL_REPRESENTATION('',(#2903),#2907);
#2903 = LINE('',#2904,#2905);
#2904 = CARTESIAN_POINT('',(-6.28318530718,0.5));
#2905 = VECTOR('',#2906,1.);
#2906 = DIRECTION('',(1.,-0.));
#2907 = ( GEOMETRIC_REPRESENTATION_CONTEXT(2) 
PARAMETRIC_REPRESENTATION_CONTEXT() REPRESENTATION_CONTEXT('2D SPACE',''
  ) );
#2908 = PCURVE('',#1983,#2909);
#2909 = DEFINITIONAL_REPRESENTATION('',(#2910),#2918);
#2910 = ( BOUNDED_CURVE() B_SPLINE_CURVE(2,(#2911,#2912,#2913,#2914,
#2915,#2916,#2917),.UNSPECIFIED.,.T.,.F.) B_SPLINE_CURVE_WITH_KNOTS((1,2
    ,2,2,2,1),(-2.094395102393,0.,2.094395102393,4.188790204786,
6.28318530718,8.377580409573),.UNSPECIFIED.) CURVE() 
GEOMETRIC_REPRESENTATION_ITEM() RATIONAL_B_SPLINE_CURVE((1.,0.5,1.,0.5,
1.,0.5,1.)) REPRESENTATION_ITEM('') );
#2911 = CARTESIAN_POINT('',(-18.8196601125,-19.0211303259));
#2912 = CARTESIAN_POINT('',(-51.76522425435,-29.72579301909));
#2913 = CARTESIAN_POINT('',(-44.56295201467,4.158233816355));
#2914 = CARTESIAN_POINT('',(-37.36067977499,38.042260651806));
#2915 = CARTESIAN_POINT('',(-11.61738787282,14.862896509548));
#2916 = CARTESIAN_POINT('',(14.125904029352,-8.31646763271));
#2917 = CARTESIAN_POINT('',(-18.8196601125,-19.0211303259));
#2918 = ( GEOMETRIC_REPRESENTATION_CONTEXT(2) 
PARAMETRIC_REPRESENTATION_CONTEXT() REPRESENTATION_CONTEXT('2D SPACE',''
  ) );
#2919 = ORIENTED_EDGE('',*,*,#2920,.F.);
#2920 = EDGE_CURVE('',#2921,#2893,#2923,.T.);
#2921 = VERTEX_POINT('',#2922);
#2922 = CARTESIAN_POINT('',(5.221553111909,19.306356028508,4.));
#2923 = SURFACE_CURVE('',#2924,(#2928,#2934),.PCURVE_S1.);
#2924 = LINE('',#2925,#2926);
#2925 = CARTESIAN_POINT('',(5.221553111909,19.306356028508,4.));
#2926 = VECTOR('',#2927,1.);
#2927 = DIRECTION('',(-0.,-0.,-1.));
#2928 = PCURVE('',#136,#2929);
#2929 = DEFINITIONAL_REPRESENTATION('',(#2930),#2933);
#2930 = B_SPLINE_CURVE_WITH_KNOTS('',1,(#2931,#2932),.UNSPECIFIED.,.F.,
  .F.,(2,2),(-1.199999999812E-06,0.65),.PIECEWISE_BEZIER_KNOTS.);
#2931 = CARTESIAN_POINT('',(-1.306657918242,-1.199999999812E-06));
#2932 = CARTESIAN_POINT('',(-1.306657918242,0.65));
#2933 = ( GEOMETRIC_REPRESENTATION_CONTEXT(2) 
PARAMETRIC_REPRESENTATION_CONTEXT() REPRESENTATION_CONTEXT('2D SPACE',''
  ) );
#2934 = PCURVE('',#1955,#2935);
#2935 = DEFINITIONAL_REPRESENTATION('',(#2936),#2939);
#2936 = B_SPLINE_CURVE_WITH_KNOTS('',1,(#2937,#2938),.UNSPECIFIED.,.F.,
  .F.,(2,2),(-1.199999999812E-06,0.65),.PIECEWISE_BEZIER_KNOTS.);
#2937 = CARTESIAN_POINT('',(11.025015644562,-0.9999988));
#2938 = CARTESIAN_POINT('',(11.025015644562,-1.65));
#2939 = ( GEOMETRIC_REPRESENTATION_CONTEXT(2) 
PARAMETRIC_REPRESENTATION_CONTEXT() REPRESENTATION_CONTEXT('2D SPACE',''
  ) );
#2940 = ORIENTED_EDGE('',*,*,#2941,.T.);
#2941 = EDGE_CURVE('',#2921,#2942,#2944,.T.);
#2942 = VERTEX_POINT('',#2943);
#2943 = CARTESIAN_POINT('',(1.,19.974984355438,4.));
#2944 = SURFACE_CURVE('',#2945,(#2950,#2957),.PCURVE_S1.);
#2945 = CIRCLE('',#2946,20.);
#2946 = AXIS2_PLACEMENT_3D('',#2947,#2948,#2949);
#2947 = CARTESIAN_POINT('',(0.,0.,4.));
#2948 = DIRECTION('',(0.,0.,1.));
#2949 = DIRECTION('',(1.,0.,-0.));
#2950 = PCURVE('',#136,#2951);
#2951 = DEFINITIONAL_REPRESENTATION('',(#2952),#2956);
#2952 = LINE('',#2953,#2954);
#2953 = CARTESIAN_POINT('',(-0.,0.));
#2954 = VECTOR('',#2955,1.);
#2955 = DIRECTION('',(-1.,0.));
#2956 = ( GEOMETRIC_REPRESENTATION_CONTEXT(2) 
PARAMETRIC_REPRESENTATION_CONTEXT() REPRESENTATION_CONTEXT('2D SPACE',''
  ) );
#2957 = PCURVE('',#1928,#2958);
#2958 = DEFINITIONAL_REPRESENTATION('',(#2959),#2963);
#2959 = LINE('',#2960,#2961);
#2960 = CARTESIAN_POINT('',(0.,1.965587446495));
#2961 = VECTOR('',#2962,1.);
#2962 = DIRECTION('',(1.,0.));
#2963 = ( GEOMETRIC_REPRESENTATION_CONTEXT(2) 
PARAMETRIC_REPRESENTATION_CONTEXT() REPRESENTATION_CONTEXT('2D SPACE',''
  ) );
#2964 = ORIENTED_EDGE('',*,*,#2965,.T.);
#2965 = EDGE_CURVE('',#2942,#2966,#2968,.T.);
#2966 = VERTEX_POINT('',#2967);
#2967 = CARTESIAN_POINT('',(1.,19.974984355438,3.5));
#2968 = SURFACE_CURVE('',#2969,(#2973,#2979),.PCURVE_S1.);
#2969 = LINE('',#2970,#2971);
#2970 = CARTESIAN_POINT('',(1.,19.974984355438,4.));
#2971 = VECTOR('',#2972,1.);
#2972 = DIRECTION('',(-0.,-0.,-1.));
#2973 = PCURVE('',#136,#2974);
#2974 = DEFINITIONAL_REPRESENTATION('',(#2975),#2978);
#2975 = B_SPLINE_CURVE_WITH_KNOTS('',1,(#2976,#2977),.UNSPECIFIED.,.F.,
  .F.,(2,2),(-1.199999999812E-06,0.65),.PIECEWISE_BEZIER_KNOTS.);
#2976 = CARTESIAN_POINT('',(-1.520775469989,-1.199999999812E-06));
#2977 = CARTESIAN_POINT('',(-1.520775469989,0.65));
#2978 = ( GEOMETRIC_REPRESENTATION_CONTEXT(2) 
PARAMETRIC_REPRESENTATION_CONTEXT() REPRESENTATION_CONTEXT('2D SPACE',''
  ) );
#2979 = PCURVE('',#1900,#2980);
#2980 = DEFINITIONAL_REPRESENTATION('',(#2981),#2984);
#2981 = B_SPLINE_CURVE_WITH_KNOTS('',1,(#2982,#2983),.UNSPECIFIED.,.F.,
  .F.,(2,2),(-1.199999999812E-06,0.65),.PIECEWISE_BEZIER_KNOTS.);
#2982 = CARTESIAN_POINT('',(0.974984355438,-0.9999988));
#2983 = CARTESIAN_POINT('',(0.974984355438,-1.65));
#2984 = ( GEOMETRIC_REPRESENTATION_CONTEXT(2) 
PARAMETRIC_REPRESENTATION_CONTEXT() REPRESENTATION_CONTEXT('2D SPACE',''
  ) );
#2985 = ORIENTED_EDGE('',*,*,#2986,.F.);
#2986 = EDGE_CURVE('',#2987,#2966,#2989,.T.);
#2987 = VERTEX_POINT('',#2988);
#2988 = CARTESIAN_POINT('',(-1.,19.974984355438,3.5));
#2989 = SURFACE_CURVE('',#2990,(#2995,#3002),.PCURVE_S1.);
#2990 = CIRCLE('',#2991,20.);
#2991 = AXIS2_PLACEMENT_3D('',#2992,#2993,#2994);
#2992 = CARTESIAN_POINT('',(0.,0.,3.5));
#2993 = DIRECTION('',(0.,0.,-1.));
#2994 = DIRECTION('',(1.,0.,0.));
#2995 = PCURVE('',#136,#2996);
#2996 = DEFINITIONAL_REPRESENTATION('',(#2997),#3001);
#2997 = LINE('',#2998,#2999);
#2998 = CARTESIAN_POINT('',(-6.28318530718,0.5));
#2999 = VECTOR('',#3000,1.);
#3000 = DIRECTION('',(1.,-0.));
#3001 = ( GEOMETRIC_REPRESENTATION_CONTEXT(2) 
PARAMETRIC_REPRESENTATION_CONTEXT() REPRESENTATION_CONTEXT('2D SPACE',''
  ) );
#3002 = PCURVE('',#1873,#3003);
#3003 = DEFINITIONAL_REPRESENTATION('',(#3004),#3012);
#3004 = ( BOUNDED_CURVE() B_SPLINE_CURVE(2,(#3005,#3006,#3007,#3008,
#3009,#3010,#3011),.UNSPECIFIED.,.T.,.F.) B_SPLINE_CURVE_WITH_KNOTS((1,2
    ,2,2,2,1),(-2.094395102393,0.,2.094395102393,4.188790204786,
6.28318530718,8.377580409573),.UNSPECIFIED.) CURVE() 
GEOMETRIC_REPRESENTATION_ITEM() RATIONAL_B_SPLINE_CURVE((1.,0.5,1.,0.5,
1.,0.5,1.)) REPRESENTATION_ITEM('') );
#3005 = CARTESIAN_POINT('',(-25.,-20.));
#3006 = CARTESIAN_POINT('',(-59.64101615137,-20.));
#3007 = CARTESIAN_POINT('',(-42.32050807568,10.));
#3008 = CARTESIAN_POINT('',(-25.,40.));
#3009 = CARTESIAN_POINT('',(-7.679491924311,10.));
#3010 = CARTESIAN_POINT('',(9.641016151378,-20.));
#3011 = CARTESIAN_POINT('',(-25.,-20.));
#3012 = ( GEOMETRIC_REPRESENTATION_CONTEXT(2) 
PARAMETRIC_REPRESENTATION_CONTEXT() REPRESENTATION_CONTEXT('2D SPACE',''
  ) );
#3013 = ORIENTED_EDGE('',*,*,#3014,.F.);
#3014 = EDGE_CURVE('',#3015,#2987,#3017,.T.);
#3015 = VERTEX_POINT('',#3016);
#3016 = CARTESIAN_POINT('',(-1.,19.974984355438,4.));
#3017 = SURFACE_CURVE('',#3018,(#3022,#3028),.PCURVE_S1.);
#3018 = LINE('',#3019,#3020);
#3019 = CARTESIAN_POINT('',(-1.,19.974984355438,4.));
#3020 = VECTOR('',#3021,1.);
#3021 = DIRECTION('',(-0.,-0.,-1.));
#3022 = PCURVE('',#136,#3023);
#3023 = DEFINITIONAL_REPRESENTATION('',(#3024),#3027);
#3024 = B_SPLINE_CURVE_WITH_KNOTS('',1,(#3025,#3026),.UNSPECIFIED.,.F.,
  .F.,(2,2),(-1.199999999812E-06,0.65),.PIECEWISE_BEZIER_KNOTS.);
#3025 = CARTESIAN_POINT('',(-1.620817183601,-1.199999999812E-06));
#3026 = CARTESIAN_POINT('',(-1.620817183601,0.65));
#3027 = ( GEOMETRIC_REPRESENTATION_CONTEXT(2) 
PARAMETRIC_REPRESENTATION_CONTEXT() REPRESENTATION_CONTEXT('2D SPACE',''
  ) );
#3028 = PCURVE('',#1845,#3029);
#3029 = DEFINITIONAL_REPRESENTATION('',(#3030),#3033);
#3030 = B_SPLINE_CURVE_WITH_KNOTS('',1,(#3031,#3032),.UNSPECIFIED.,.F.,
  .F.,(2,2),(-1.199999999812E-06,0.65),.PIECEWISE_BEZIER_KNOTS.);
#3031 = CARTESIAN_POINT('',(11.025015644562,-0.9999988));
#3032 = CARTESIAN_POINT('',(11.025015644562,-1.65));
#3033 = ( GEOMETRIC_REPRESENTATION_CONTEXT(2) 
PARAMETRIC_REPRESENTATION_CONTEXT() REPRESENTATION_CONTEXT('2D SPACE',''
  ) );
#3034 = ORIENTED_EDGE('',*,*,#3035,.T.);
#3035 = EDGE_CURVE('',#3015,#3036,#3038,.T.);
#3036 = VERTEX_POINT('',#3037);
#3037 = CARTESIAN_POINT('',(-5.221553111909,19.306356028508,4.));
#3038 = SURFACE_CURVE('',#3039,(#3044,#3051),.PCURVE_S1.);
#3039 = CIRCLE('',#3040,20.);
#3040 = AXIS2_PLACEMENT_3D('',#3041,#3042,#3043);
#3041 = CARTESIAN_POINT('',(0.,0.,4.));
#3042 = DIRECTION('',(0.,0.,1.));
#3043 = DIRECTION('',(1.,0.,-0.));
#3044 = PCURVE('',#136,#3045);
#3045 = DEFINITIONAL_REPRESENTATION('',(#3046),#3050);
#3046 = LINE('',#3047,#3048);
#3047 = CARTESIAN_POINT('',(-0.,0.));
#3048 = VECTOR('',#3049,1.);
#3049 = DIRECTION('',(-1.,0.));
#3050 = ( GEOMETRIC_REPRESENTATION_CONTEXT(2) 
PARAMETRIC_REPRESENTATION_CONTEXT() REPRESENTATION_CONTEXT('2D SPACE',''
  ) );
#3051 = PCURVE('',#1818,#3052);
#3052 = DEFINITIONAL_REPRESENTATION('',(#3053),#3057);
#3053 = LINE('',#3054,#3055);
#3054 = CARTESIAN_POINT('',(0.,1.965587446495));
#3055 = VECTOR('',#3056,1.);
#3056 = DIRECTION('',(1.,0.));
#3057 = ( GEOMETRIC_REPRESENTATION_CONTEXT(2) 
PARAMETRIC_REPRESENTATION_CONTEXT() REPRESENTATION_CONTEXT('2D SPACE',''
  ) );
#3058 = ORIENTED_EDGE('',*,*,#3059,.T.);
#3059 = EDGE_CURVE('',#3036,#3060,#3062,.T.);
#3060 = VERTEX_POINT('',#3061);
#3061 = CARTESIAN_POINT('',(-5.221553111909,19.306356028508,3.5));
#3062 = SURFACE_CURVE('',#3063,(#3067,#3073),.PCURVE_S1.);
#3063 = LINE('',#3064,#3065);
#3064 = CARTESIAN_POINT('',(-5.221553111909,19.306356028508,4.));
#3065 = VECTOR('',#3066,1.);
#3066 = DIRECTION('',(-0.,-0.,-1.));
#3067 = PCURVE('',#136,#3068);
#3068 = DEFINITIONAL_REPRESENTATION('',(#3069),#3072);
#3069 = B_SPLINE_CURVE_WITH_KNOTS('',1,(#3070,#3071),.UNSPECIFIED.,.F.,
  .F.,(2,2),(-1.199999999812E-06,0.65),.PIECEWISE_BEZIER_KNOTS.);
#3070 = CARTESIAN_POINT('',(-1.834934735348,-1.199999999812E-06));
#3071 = CARTESIAN_POINT('',(-1.834934735348,0.65));
#3072 = ( GEOMETRIC_REPRESENTATION_CONTEXT(2) 
PARAMETRIC_REPRESENTATION_CONTEXT() REPRESENTATION_CONTEXT('2D SPACE',''
  ) );
#3073 = PCURVE('',#1790,#3074);
#3074 = DEFINITIONAL_REPRESENTATION('',(#3075),#3078);
#3075 = B_SPLINE_CURVE_WITH_KNOTS('',1,(#3076,#3077),.UNSPECIFIED.,.F.,
  .F.,(2,2),(-1.199999999812E-06,0.65),.PIECEWISE_BEZIER_KNOTS.);
#3076 = CARTESIAN_POINT('',(0.974984355438,-0.9999988));
#3077 = CARTESIAN_POINT('',(0.974984355438,-1.65));
#3078 = ( GEOMETRIC_REPRESENTATION_CONTEXT(2) 
PARAMETRIC_REPRESENTATION_CONTEXT() REPRESENTATION_CONTEXT('2D SPACE',''
  ) );
#3079 = ORIENTED_EDGE('',*,*,#3080,.F.);
#3080 = EDGE_CURVE('',#3081,#3060,#3083,.T.);
#3081 = VERTEX_POINT('',#3082);
#3082 = CARTESIAN_POINT('',(-7.123666144499,18.688322039758,3.5));
#3083 = SURFACE_CURVE('',#3084,(#3089,#3096),.PCURVE_S1.);
#3084 = CIRCLE('',#3085,20.);
#3085 = AXIS2_PLACEMENT_3D('',#3086,#3087,#3088);
#3086 = CARTESIAN_POINT('',(0.,0.,3.5));
#3087 = DIRECTION('',(0.,0.,-1.));
#3088 = DIRECTION('',(1.,0.,0.));
#3089 = PCURVE('',#136,#3090);
#3090 = DEFINITIONAL_REPRESENTATION('',(#3091),#3095);
#3091 = LINE('',#3092,#3093);
#3092 = CARTESIAN_POINT('',(-6.28318530718,0.5));
#3093 = VECTOR('',#3094,1.);
#3094 = DIRECTION('',(1.,-0.));
#3095 = ( GEOMETRIC_REPRESENTATION_CONTEXT(2) 
PARAMETRIC_REPRESENTATION_CONTEXT() REPRESENTATION_CONTEXT('2D SPACE',''
  ) );
#3096 = PCURVE('',#1763,#3097);
#3097 = DEFINITIONAL_REPRESENTATION('',(#3098),#3106);
#3098 = ( BOUNDED_CURVE() B_SPLINE_CURVE(2,(#3099,#3100,#3101,#3102,
#3103,#3104,#3105),.UNSPECIFIED.,.T.,.F.) B_SPLINE_CURVE_WITH_KNOTS((1,2
    ,2,2,2,1),(-2.094395102393,0.,2.094395102393,4.188790204786,
6.28318530718,8.377580409573),.UNSPECIFIED.) CURVE() 
GEOMETRIC_REPRESENTATION_ITEM() RATIONAL_B_SPLINE_CURVE((1.,0.5,1.,0.5,
1.,0.5,1.)) REPRESENTATION_ITEM('') );
#3099 = CARTESIAN_POINT('',(-31.18033988749,-19.0211303259));
#3100 = CARTESIAN_POINT('',(-64.12590402935,-8.31646763271));
#3101 = CARTESIAN_POINT('',(-38.38261212717,14.862896509548));
#3102 = CARTESIAN_POINT('',(-12.639320225,38.042260651806));
#3103 = CARTESIAN_POINT('',(-5.437047985324,4.158233816355));
#3104 = CARTESIAN_POINT('',(1.765224254354,-29.72579301909));
#3105 = CARTESIAN_POINT('',(-31.18033988749,-19.0211303259));
#3106 = ( GEOMETRIC_REPRESENTATION_CONTEXT(2) 
PARAMETRIC_REPRESENTATION_CONTEXT() REPRESENTATION_CONTEXT('2D SPACE',''
  ) );
#3107 = ORIENTED_EDGE('',*,*,#3108,.F.);
#3108 = EDGE_CURVE('',#3109,#3081,#3111,.T.);
#3109 = VERTEX_POINT('',#3110);
#3110 = CARTESIAN_POINT('',(-7.123666144499,18.688322039758,4.));
#3111 = SURFACE_CURVE('',#3112,(#3116,#3122),.PCURVE_S1.);
#3112 = LINE('',#3113,#3114);
#3113 = CARTESIAN_POINT('',(-7.123666144499,18.688322039758,4.));
#3114 = VECTOR('',#3115,1.);
#3115 = DIRECTION('',(-0.,-0.,-1.));
#3116 = PCURVE('',#136,#3117);
#3117 = DEFINITIONAL_REPRESENTATION('',(#3118),#3121);
#3118 = B_SPLINE_CURVE_WITH_KNOTS('',1,(#3119,#3120),.UNSPECIFIED.,.F.,
  .F.,(2,2),(-1.199999999812E-06,0.65),.PIECEWISE_BEZIER_KNOTS.);
#3119 = CARTESIAN_POINT('',(-1.93497644896,-1.199999999812E-06));
#3120 = CARTESIAN_POINT('',(-1.93497644896,0.65));
#3121 = ( GEOMETRIC_REPRESENTATION_CONTEXT(2) 
PARAMETRIC_REPRESENTATION_CONTEXT() REPRESENTATION_CONTEXT('2D SPACE',''
  ) );
#3122 = PCURVE('',#1735,#3123);
#3123 = DEFINITIONAL_REPRESENTATION('',(#3124),#3127);
#3124 = B_SPLINE_CURVE_WITH_KNOTS('',1,(#3125,#3126),.UNSPECIFIED.,.F.,
  .F.,(2,2),(-1.199999999812E-06,0.65),.PIECEWISE_BEZIER_KNOTS.);
#3125 = CARTESIAN_POINT('',(11.025015644562,-0.9999988));
#3126 = CARTESIAN_POINT('',(11.025015644562,-1.65));
#3127 = ( GEOMETRIC_REPRESENTATION_CONTEXT(2) 
PARAMETRIC_REPRESENTATION_CONTEXT() REPRESENTATION_CONTEXT('2D SPACE',''
  ) );
#3128 = ORIENTED_EDGE('',*,*,#3129,.T.);
#3129 = EDGE_CURVE('',#3109,#3130,#3132,.T.);
#3130 = VERTEX_POINT('',#3131);
#3131 = CARTESIAN_POINT('',(-10.93198422452,16.747887058216,4.));
#3132 = SURFACE_CURVE('',#3133,(#3138,#3145),.PCURVE_S1.);
#3133 = CIRCLE('',#3134,20.);
#3134 = AXIS2_PLACEMENT_3D('',#3135,#3136,#3137);
#3135 = CARTESIAN_POINT('',(0.,0.,4.));
#3136 = DIRECTION('',(0.,0.,1.));
#3137 = DIRECTION('',(1.,0.,-0.));
#3138 = PCURVE('',#136,#3139);
#3139 = DEFINITIONAL_REPRESENTATION('',(#3140),#3144);
#3140 = LINE('',#3141,#3142);
#3141 = CARTESIAN_POINT('',(-0.,0.));
#3142 = VECTOR('',#3143,1.);
#3143 = DIRECTION('',(-1.,0.));
#3144 = ( GEOMETRIC_REPRESENTATION_CONTEXT(2) 
PARAMETRIC_REPRESENTATION_CONTEXT() REPRESENTATION_CONTEXT('2D SPACE',''
  ) );
#3145 = PCURVE('',#1708,#3146);
#3146 = DEFINITIONAL_REPRESENTATION('',(#3147),#3151);
#3147 = LINE('',#3148,#3149);
#3148 = CARTESIAN_POINT('',(0.,1.965587446495));
#3149 = VECTOR('',#3150,1.);
#3150 = DIRECTION('',(1.,0.));
#3151 = ( GEOMETRIC_REPRESENTATION_CONTEXT(2) 
PARAMETRIC_REPRESENTATION_CONTEXT() REPRESENTATION_CONTEXT('2D SPACE',''
  ) );
#3152 = ORIENTED_EDGE('',*,*,#3153,.T.);
#3153 = EDGE_CURVE('',#3130,#3154,#3156,.T.);
#3154 = VERTEX_POINT('',#3155);
#3155 = CARTESIAN_POINT('',(-10.93198422452,16.747887058216,3.5));
#3156 = SURFACE_CURVE('',#3157,(#3161,#3167),.PCURVE_S1.);
#3157 = LINE('',#3158,#3159);
#3158 = CARTESIAN_POINT('',(-10.93198422452,16.747887058216,4.));
#3159 = VECTOR('',#3160,1.);
#3160 = DIRECTION('',(-0.,-0.,-1.));
#3161 = PCURVE('',#136,#3162);
#3162 = DEFINITIONAL_REPRESENTATION('',(#3163),#3166);
#3163 = B_SPLINE_CURVE_WITH_KNOTS('',1,(#3164,#3165),.UNSPECIFIED.,.F.,
  .F.,(2,2),(-1.199999999812E-06,0.65),.PIECEWISE_BEZIER_KNOTS.);
#3164 = CARTESIAN_POINT('',(-2.149094000707,-1.199999999812E-06));
#3165 = CARTESIAN_POINT('',(-2.149094000707,0.65));
#3166 = ( GEOMETRIC_REPRESENTATION_CONTEXT(2) 
PARAMETRIC_REPRESENTATION_CONTEXT() REPRESENTATION_CONTEXT('2D SPACE',''
  ) );
#3167 = PCURVE('',#1680,#3168);
#3168 = DEFINITIONAL_REPRESENTATION('',(#3169),#3172);
#3169 = B_SPLINE_CURVE_WITH_KNOTS('',1,(#3170,#3171),.UNSPECIFIED.,.F.,
  .F.,(2,2),(-1.199999999812E-06,0.65),.PIECEWISE_BEZIER_KNOTS.);
#3170 = CARTESIAN_POINT('',(0.974984355438,-0.9999988));
#3171 = CARTESIAN_POINT('',(0.974984355438,-1.65));
#3172 = ( GEOMETRIC_REPRESENTATION_CONTEXT(2) 
PARAMETRIC_REPRESENTATION_CONTEXT() REPRESENTATION_CONTEXT('2D SPACE',''
  ) );
#3173 = ORIENTED_EDGE('',*,*,#3174,.F.);
#3174 = EDGE_CURVE('',#3175,#3154,#3177,.T.);
#3175 = VERTEX_POINT('',#3176);
#3176 = CARTESIAN_POINT('',(-12.55001821327,15.572316553631,3.5));
#3177 = SURFACE_CURVE('',#3178,(#3183,#3190),.PCURVE_S1.);
#3178 = CIRCLE('',#3179,20.);
#3179 = AXIS2_PLACEMENT_3D('',#3180,#3181,#3182);
#3180 = CARTESIAN_POINT('',(0.,0.,3.5));
#3181 = DIRECTION('',(0.,0.,-1.));
#3182 = DIRECTION('',(1.,0.,0.));
#3183 = PCURVE('',#136,#3184);
#3184 = DEFINITIONAL_REPRESENTATION('',(#3185),#3189);
#3185 = LINE('',#3186,#3187);
#3186 = CARTESIAN_POINT('',(-6.28318530718,0.5));
#3187 = VECTOR('',#3188,1.);
#3188 = DIRECTION('',(1.,-0.));
#3189 = ( GEOMETRIC_REPRESENTATION_CONTEXT(2) 
PARAMETRIC_REPRESENTATION_CONTEXT() REPRESENTATION_CONTEXT('2D SPACE',''
  ) );
#3190 = PCURVE('',#1653,#3191);
#3191 = DEFINITIONAL_REPRESENTATION('',(#3192),#3200);
#3192 = ( BOUNDED_CURVE() B_SPLINE_CURVE(2,(#3193,#3194,#3195,#3196,
#3197,#3198,#3199),.UNSPECIFIED.,.T.,.F.) B_SPLINE_CURVE_WITH_KNOTS((1,2
    ,2,2,2,1),(-2.094395102393,0.,2.094395102393,4.188790204786,
6.28318530718,8.377580409573),.UNSPECIFIED.) CURVE() 
GEOMETRIC_REPRESENTATION_ITEM() RATIONAL_B_SPLINE_CURVE((1.,0.5,1.,0.5,
1.,0.5,1.)) REPRESENTATION_ITEM('') );
#3193 = CARTESIAN_POINT('',(-36.75570504584,-16.18033988749));
#3194 = CARTESIAN_POINT('',(-64.78087581473,4.181138530706));
#3195 = CARTESIAN_POINT('',(-33.13473286151,18.270909152852));
#3196 = CARTESIAN_POINT('',(-1.488589908301,32.360679774998));
#3197 = CARTESIAN_POINT('',(-5.109562092635,-2.090569265353));
#3198 = CARTESIAN_POINT('',(-8.730534276968,-36.5418183057));
#3199 = CARTESIAN_POINT('',(-36.75570504584,-16.18033988749));
#3200 = ( GEOMETRIC_REPRESENTATION_CONTEXT(2) 
PARAMETRIC_REPRESENTATION_CONTEXT() REPRESENTATION_CONTEXT('2D SPACE',''
  ) );
#3201 = ORIENTED_EDGE('',*,*,#3202,.F.);
#3202 = EDGE_CURVE('',#3203,#3175,#3205,.T.);
#3203 = VERTEX_POINT('',#3204);
#3204 = CARTESIAN_POINT('',(-12.55001821327,15.572316553631,4.));
#3205 = SURFACE_CURVE('',#3206,(#3210,#3216),.PCURVE_S1.);
#3206 = LINE('',#3207,#3208);
#3207 = CARTESIAN_POINT('',(-12.55001821327,15.572316553631,4.));
#3208 = VECTOR('',#3209,1.);
#3209 = DIRECTION('',(-0.,-0.,-1.));
#3210 = PCURVE('',#136,#3211);
#3211 = DEFINITIONAL_REPRESENTATION('',(#3212),#3215);
#3212 = B_SPLINE_CURVE_WITH_KNOTS('',1,(#3213,#3214),.UNSPECIFIED.,.F.,
  .F.,(2,2),(-1.199999999812E-06,0.65),.PIECEWISE_BEZIER_KNOTS.);
#3213 = CARTESIAN_POINT('',(-2.249135714319,-1.199999999812E-06));
#3214 = CARTESIAN_POINT('',(-2.249135714319,0.65));
#3215 = ( GEOMETRIC_REPRESENTATION_CONTEXT(2) 
PARAMETRIC_REPRESENTATION_CONTEXT() REPRESENTATION_CONTEXT('2D SPACE',''
  ) );
#3216 = PCURVE('',#1625,#3217);
#3217 = DEFINITIONAL_REPRESENTATION('',(#3218),#3221);
#3218 = B_SPLINE_CURVE_WITH_KNOTS('',1,(#3219,#3220),.UNSPECIFIED.,.F.,
  .F.,(2,2),(-1.199999999812E-06,0.65),.PIECEWISE_BEZIER_KNOTS.);
#3219 = CARTESIAN_POINT('',(11.025015644562,-0.9999988));
#3220 = CARTESIAN_POINT('',(11.025015644562,-1.65));
#3221 = ( GEOMETRIC_REPRESENTATION_CONTEXT(2) 
PARAMETRIC_REPRESENTATION_CONTEXT() REPRESENTATION_CONTEXT('2D SPACE',''
  ) );
#3222 = ORIENTED_EDGE('',*,*,#3223,.T.);
#3223 = EDGE_CURVE('',#3203,#3224,#3226,.T.);
#3224 = VERTEX_POINT('',#3225);
#3225 = CARTESIAN_POINT('',(-15.57231655363,12.550018213274,4.));
#3226 = SURFACE_CURVE('',#3227,(#3232,#3239),.PCURVE_S1.);
#3227 = CIRCLE('',#3228,20.);
#3228 = AXIS2_PLACEMENT_3D('',#3229,#3230,#3231);
#3229 = CARTESIAN_POINT('',(0.,0.,4.));
#3230 = DIRECTION('',(0.,0.,1.));
#3231 = DIRECTION('',(1.,0.,-0.));
#3232 = PCURVE('',#136,#3233);
#3233 = DEFINITIONAL_REPRESENTATION('',(#3234),#3238);
#3234 = LINE('',#3235,#3236);
#3235 = CARTESIAN_POINT('',(-0.,0.));
#3236 = VECTOR('',#3237,1.);
#3237 = DIRECTION('',(-1.,0.));
#3238 = ( GEOMETRIC_REPRESENTATION_CONTEXT(2) 
PARAMETRIC_REPRESENTATION_CONTEXT() REPRESENTATION_CONTEXT('2D SPACE',''
  ) );
#3239 = PCURVE('',#1598,#3240);
#3240 = DEFINITIONAL_REPRESENTATION('',(#3241),#3245);
#3241 = LINE('',#3242,#3243);
#3242 = CARTESIAN_POINT('',(0.,1.965587446495));
#3243 = VECTOR('',#3244,1.);
#3244 = DIRECTION('',(1.,0.));
#3245 = ( GEOMETRIC_REPRESENTATION_CONTEXT(2) 
PARAMETRIC_REPRESENTATION_CONTEXT() REPRESENTATION_CONTEXT('2D SPACE',''
  ) );
#3246 = ORIENTED_EDGE('',*,*,#3247,.T.);
#3247 = EDGE_CURVE('',#3224,#3248,#3250,.T.);
#3248 = VERTEX_POINT('',#3249);
#3249 = CARTESIAN_POINT('',(-15.57231655363,12.550018213274,3.5));
#3250 = SURFACE_CURVE('',#3251,(#3255,#3261),.PCURVE_S1.);
#3251 = LINE('',#3252,#3253);
#3252 = CARTESIAN_POINT('',(-15.57231655363,12.550018213274,4.));
#3253 = VECTOR('',#3254,1.);
#3254 = DIRECTION('',(-0.,-0.,-1.));
#3255 = PCURVE('',#136,#3256);
#3256 = DEFINITIONAL_REPRESENTATION('',(#3257),#3260);
#3257 = B_SPLINE_CURVE_WITH_KNOTS('',1,(#3258,#3259),.UNSPECIFIED.,.F.,
  .F.,(2,2),(-1.199999999812E-06,0.65),.PIECEWISE_BEZIER_KNOTS.);
#3258 = CARTESIAN_POINT('',(-2.463253266066,-1.199999999812E-06));
#3259 = CARTESIAN_POINT('',(-2.463253266066,0.65));
#3260 = ( GEOMETRIC_REPRESENTATION_CONTEXT(2) 
PARAMETRIC_REPRESENTATION_CONTEXT() REPRESENTATION_CONTEXT('2D SPACE',''
  ) );
#3261 = PCURVE('',#1570,#3262);
#3262 = DEFINITIONAL_REPRESENTATION('',(#3263),#3266);
#3263 = B_SPLINE_CURVE_WITH_KNOTS('',1,(#3264,#3265),.UNSPECIFIED.,.F.,
  .F.,(2,2),(-1.199999999812E-06,0.65),.PIECEWISE_BEZIER_KNOTS.);
#3264 = CARTESIAN_POINT('',(0.974984355438,-0.9999988));
#3265 = CARTESIAN_POINT('',(0.974984355438,-1.65));
#3266 = ( GEOMETRIC_REPRESENTATION_CONTEXT(2) 
PARAMETRIC_REPRESENTATION_CONTEXT() REPRESENTATION_CONTEXT('2D SPACE',''
  ) );
#3267 = ORIENTED_EDGE('',*,*,#3268,.F.);
#3268 = EDGE_CURVE('',#3269,#3248,#3271,.T.);
#3269 = VERTEX_POINT('',#3270);
#3270 = CARTESIAN_POINT('',(-16.74788705821,10.931984224524,3.5));
#3271 = SURFACE_CURVE('',#3272,(#3277,#3284),.PCURVE_S1.);
#3272 = CIRCLE('',#3273,20.);
#3273 = AXIS2_PLACEMENT_3D('',#3274,#3275,#3276);
#3274 = CARTESIAN_POINT('',(0.,0.,3.5));
#3275 = DIRECTION('',(0.,0.,-1.));
#3276 = DIRECTION('',(1.,0.,0.));
#3277 = PCURVE('',#136,#3278);
#3278 = DEFINITIONAL_REPRESENTATION('',(#3279),#3283);
#3279 = LINE('',#3280,#3281);
#3280 = CARTESIAN_POINT('',(-6.28318530718,0.5));
#3281 = VECTOR('',#3282,1.);
#3282 = DIRECTION('',(1.,-0.));
#3283 = ( GEOMETRIC_REPRESENTATION_CONTEXT(2) 
PARAMETRIC_REPRESENTATION_CONTEXT() REPRESENTATION_CONTEXT('2D SPACE',''
  ) );
#3284 = PCURVE('',#1543,#3285);
#3285 = DEFINITIONAL_REPRESENTATION('',(#3286),#3294);
#3286 = ( BOUNDED_CURVE() B_SPLINE_CURVE(2,(#3287,#3288,#3289,#3290,
#3291,#3292,#3293),.UNSPECIFIED.,.T.,.F.) B_SPLINE_CURVE_WITH_KNOTS((1,2
    ,2,2,2,1),(-2.094395102393,0.,2.094395102393,4.188790204786,
6.28318530718,8.377580409573),.UNSPECIFIED.) CURVE() 
GEOMETRIC_REPRESENTATION_ITEM() RATIONAL_B_SPLINE_CURVE((1.,0.5,1.,0.5,
1.,0.5,1.)) REPRESENTATION_ITEM('') );
#3287 = CARTESIAN_POINT('',(-41.18033988749,-11.75570504584));
#3288 = CARTESIAN_POINT('',(-61.5418183057,16.269465723032));
#3289 = CARTESIAN_POINT('',(-27.09056926535,19.890437907365));
#3290 = CARTESIAN_POINT('',(7.360679774998,23.511410091699));
#3291 = CARTESIAN_POINT('',(-6.729090847148,-8.134732861516));
#3292 = CARTESIAN_POINT('',(-20.81886146929,-39.78087581473));
#3293 = CARTESIAN_POINT('',(-41.18033988749,-11.75570504584));
#3294 = ( GEOMETRIC_REPRESENTATION_CONTEXT(2) 
PARAMETRIC_REPRESENTATION_CONTEXT() REPRESENTATION_CONTEXT('2D SPACE',''
  ) );
#3295 = ORIENTED_EDGE('',*,*,#3296,.F.);
#3296 = EDGE_CURVE('',#3297,#3269,#3299,.T.);
#3297 = VERTEX_POINT('',#3298);
#3298 = CARTESIAN_POINT('',(-16.74788705821,10.931984224524,4.));
#3299 = SURFACE_CURVE('',#3300,(#3304,#3310),.PCURVE_S1.);
#3300 = LINE('',#3301,#3302);
#3301 = CARTESIAN_POINT('',(-16.74788705821,10.931984224524,4.));
#3302 = VECTOR('',#3303,1.);
#3303 = DIRECTION('',(-0.,-0.,-1.));
#3304 = PCURVE('',#136,#3305);
#3305 = DEFINITIONAL_REPRESENTATION('',(#3306),#3309);
#3306 = B_SPLINE_CURVE_WITH_KNOTS('',1,(#3307,#3308),.UNSPECIFIED.,.F.,
  .F.,(2,2),(-1.199999999812E-06,0.65),.PIECEWISE_BEZIER_KNOTS.);
#3307 = CARTESIAN_POINT('',(-2.563294979678,-1.199999999812E-06));
#3308 = CARTESIAN_POINT('',(-2.563294979678,0.65));
#3309 = ( GEOMETRIC_REPRESENTATION_CONTEXT(2) 
PARAMETRIC_REPRESENTATION_CONTEXT() REPRESENTATION_CONTEXT('2D SPACE',''
  ) );
#3310 = PCURVE('',#1515,#3311);
#3311 = DEFINITIONAL_REPRESENTATION('',(#3312),#3315);
#3312 = B_SPLINE_CURVE_WITH_KNOTS('',1,(#3313,#3314),.UNSPECIFIED.,.F.,
  .F.,(2,2),(-1.199999999812E-06,0.65),.PIECEWISE_BEZIER_KNOTS.);
#3313 = CARTESIAN_POINT('',(11.025015644562,-0.9999988));
#3314 = CARTESIAN_POINT('',(11.025015644562,-1.65));
#3315 = ( GEOMETRIC_REPRESENTATION_CONTEXT(2) 
PARAMETRIC_REPRESENTATION_CONTEXT() REPRESENTATION_CONTEXT('2D SPACE',''
  ) );
#3316 = ORIENTED_EDGE('',*,*,#3317,.T.);
#3317 = EDGE_CURVE('',#3297,#3318,#3320,.T.);
#3318 = VERTEX_POINT('',#3319);
#3319 = CARTESIAN_POINT('',(-18.68832203975,7.123666144499,4.));
#3320 = SURFACE_CURVE('',#3321,(#3326,#3333),.PCURVE_S1.);
#3321 = CIRCLE('',#3322,20.);
#3322 = AXIS2_PLACEMENT_3D('',#3323,#3324,#3325);
#3323 = CARTESIAN_POINT('',(0.,0.,4.));
#3324 = DIRECTION('',(0.,0.,1.));
#3325 = DIRECTION('',(1.,0.,-0.));
#3326 = PCURVE('',#136,#3327);
#3327 = DEFINITIONAL_REPRESENTATION('',(#3328),#3332);
#3328 = LINE('',#3329,#3330);
#3329 = CARTESIAN_POINT('',(-0.,0.));
#3330 = VECTOR('',#3331,1.);
#3331 = DIRECTION('',(-1.,0.));
#3332 = ( GEOMETRIC_REPRESENTATION_CONTEXT(2) 
PARAMETRIC_REPRESENTATION_CONTEXT() REPRESENTATION_CONTEXT('2D SPACE',''
  ) );
#3333 = PCURVE('',#1488,#3334);
#3334 = DEFINITIONAL_REPRESENTATION('',(#3335),#3339);
#3335 = LINE('',#3336,#3337);
#3336 = CARTESIAN_POINT('',(0.,1.965587446495));
#3337 = VECTOR('',#3338,1.);
#3338 = DIRECTION('',(1.,0.));
#3339 = ( GEOMETRIC_REPRESENTATION_CONTEXT(2) 
PARAMETRIC_REPRESENTATION_CONTEXT() REPRESENTATION_CONTEXT('2D SPACE',''
  ) );
#3340 = ORIENTED_EDGE('',*,*,#3341,.T.);
#3341 = EDGE_CURVE('',#3318,#3342,#3344,.T.);
#3342 = VERTEX_POINT('',#3343);
#3343 = CARTESIAN_POINT('',(-18.68832203975,7.123666144499,3.5));
#3344 = SURFACE_CURVE('',#3345,(#3349,#3355),.PCURVE_S1.);
#3345 = LINE('',#3346,#3347);
#3346 = CARTESIAN_POINT('',(-18.68832203975,7.123666144499,4.));
#3347 = VECTOR('',#3348,1.);
#3348 = DIRECTION('',(-0.,-0.,-1.));
#3349 = PCURVE('',#136,#3350);
#3350 = DEFINITIONAL_REPRESENTATION('',(#3351),#3354);
#3351 = B_SPLINE_CURVE_WITH_KNOTS('',1,(#3352,#3353),.UNSPECIFIED.,.F.,
  .F.,(2,2),(-1.199999999812E-06,0.65),.PIECEWISE_BEZIER_KNOTS.);
#3352 = CARTESIAN_POINT('',(-2.777412531425,-1.199999999812E-06));
#3353 = CARTESIAN_POINT('',(-2.777412531425,0.65));
#3354 = ( GEOMETRIC_REPRESENTATION_CONTEXT(2) 
PARAMETRIC_REPRESENTATION_CONTEXT() REPRESENTATION_CONTEXT('2D SPACE',''
  ) );
#3355 = PCURVE('',#1460,#3356);
#3356 = DEFINITIONAL_REPRESENTATION('',(#3357),#3360);
#3357 = B_SPLINE_CURVE_WITH_KNOTS('',1,(#3358,#3359),.UNSPECIFIED.,.F.,
  .F.,(2,2),(-1.199999999812E-06,0.65),.PIECEWISE_BEZIER_KNOTS.);
#3358 = CARTESIAN_POINT('',(0.974984355438,-0.9999988));
#3359 = CARTESIAN_POINT('',(0.974984355438,-1.65));
#3360 = ( GEOMETRIC_REPRESENTATION_CONTEXT(2) 
PARAMETRIC_REPRESENTATION_CONTEXT() REPRESENTATION_CONTEXT('2D SPACE',''
  ) );
#3361 = ORIENTED_EDGE('',*,*,#3362,.F.);
#3362 = EDGE_CURVE('',#3363,#3342,#3365,.T.);
#3363 = VERTEX_POINT('',#3364);
#3364 = CARTESIAN_POINT('',(-19.3063560285,5.221553111909,3.5));
#3365 = SURFACE_CURVE('',#3366,(#3371,#3378),.PCURVE_S1.);
#3366 = CIRCLE('',#3367,20.);
#3367 = AXIS2_PLACEMENT_3D('',#3368,#3369,#3370);
#3368 = CARTESIAN_POINT('',(0.,0.,3.5));
#3369 = DIRECTION('',(0.,0.,-1.));
#3370 = DIRECTION('',(1.,0.,0.));
#3371 = PCURVE('',#136,#3372);
#3372 = DEFINITIONAL_REPRESENTATION('',(#3373),#3377);
#3373 = LINE('',#3374,#3375);
#3374 = CARTESIAN_POINT('',(-6.28318530718,0.5));
#3375 = VECTOR('',#3376,1.);
#3376 = DIRECTION('',(1.,-0.));
#3377 = ( GEOMETRIC_REPRESENTATION_CONTEXT(2) 
PARAMETRIC_REPRESENTATION_CONTEXT() REPRESENTATION_CONTEXT('2D SPACE',''
  ) );
#3378 = PCURVE('',#1433,#3379);
#3379 = DEFINITIONAL_REPRESENTATION('',(#3380),#3388);
#3380 = ( BOUNDED_CURVE() B_SPLINE_CURVE(2,(#3381,#3382,#3383,#3384,
#3385,#3386,#3387),.UNSPECIFIED.,.T.,.F.) B_SPLINE_CURVE_WITH_KNOTS((1,2
    ,2,2,2,1),(-2.094395102393,0.,2.094395102393,4.188790204786,
6.28318530718,8.377580409573),.UNSPECIFIED.) CURVE() 
GEOMETRIC_REPRESENTATION_ITEM() RATIONAL_B_SPLINE_CURVE((1.,0.5,1.,0.5,
1.,0.5,1.)) REPRESENTATION_ITEM('') );
#3381 = CARTESIAN_POINT('',(-44.0211303259,-6.180339887499));
#3382 = CARTESIAN_POINT('',(-54.72579301909,26.765224254354));
#3383 = CARTESIAN_POINT('',(-20.84176618364,19.562952014676));
#3384 = CARTESIAN_POINT('',(13.042260651806,12.360679774998));
#3385 = CARTESIAN_POINT('',(-10.13710349045,-13.38261212717));
#3386 = CARTESIAN_POINT('',(-33.31646763271,-39.12590402935));
#3387 = CARTESIAN_POINT('',(-44.0211303259,-6.180339887499));
#3388 = ( GEOMETRIC_REPRESENTATION_CONTEXT(2) 
PARAMETRIC_REPRESENTATION_CONTEXT() REPRESENTATION_CONTEXT('2D SPACE',''
  ) );
#3389 = ORIENTED_EDGE('',*,*,#3390,.F.);
#3390 = EDGE_CURVE('',#3391,#3363,#3393,.T.);
#3391 = VERTEX_POINT('',#3392);
#3392 = CARTESIAN_POINT('',(-19.3063560285,5.221553111909,4.));
#3393 = SURFACE_CURVE('',#3394,(#3398,#3404),.PCURVE_S1.);
#3394 = LINE('',#3395,#3396);
#3395 = CARTESIAN_POINT('',(-19.3063560285,5.221553111909,4.));
#3396 = VECTOR('',#3397,1.);
#3397 = DIRECTION('',(-0.,-0.,-1.));
#3398 = PCURVE('',#136,#3399);
#3399 = DEFINITIONAL_REPRESENTATION('',(#3400),#3403);
#3400 = B_SPLINE_CURVE_WITH_KNOTS('',1,(#3401,#3402),.UNSPECIFIED.,.F.,
  .F.,(2,2),(-1.199999999812E-06,0.65),.PIECEWISE_BEZIER_KNOTS.);
#3401 = CARTESIAN_POINT('',(-2.877454245037,-1.199999999812E-06));
#3402 = CARTESIAN_POINT('',(-2.877454245037,0.65));
#3403 = ( GEOMETRIC_REPRESENTATION_CONTEXT(2) 
PARAMETRIC_REPRESENTATION_CONTEXT() REPRESENTATION_CONTEXT('2D SPACE',''
  ) );
#3404 = PCURVE('',#1405,#3405);
#3405 = DEFINITIONAL_REPRESENTATION('',(#3406),#3409);
#3406 = B_SPLINE_CURVE_WITH_KNOTS('',1,(#3407,#3408),.UNSPECIFIED.,.F.,
  .F.,(2,2),(-1.199999999812E-06,0.65),.PIECEWISE_BEZIER_KNOTS.);
#3407 = CARTESIAN_POINT('',(11.025015644562,-0.9999988));
#3408 = CARTESIAN_POINT('',(11.025015644562,-1.65));
#3409 = ( GEOMETRIC_REPRESENTATION_CONTEXT(2) 
PARAMETRIC_REPRESENTATION_CONTEXT() REPRESENTATION_CONTEXT('2D SPACE',''
  ) );
#3410 = ORIENTED_EDGE('',*,*,#3411,.T.);
#3411 = EDGE_CURVE('',#3391,#3412,#3414,.T.);
#3412 = VERTEX_POINT('',#3413);
#3413 = CARTESIAN_POINT('',(-19.97498435543,1.,4.));
#3414 = SURFACE_CURVE('',#3415,(#3420,#3427),.PCURVE_S1.);
#3415 = CIRCLE('',#3416,20.);
#3416 = AXIS2_PLACEMENT_3D('',#3417,#3418,#3419);
#3417 = CARTESIAN_POINT('',(0.,0.,4.));
#3418 = DIRECTION('',(0.,0.,1.));
#3419 = DIRECTION('',(1.,0.,-0.));
#3420 = PCURVE('',#136,#3421);
#3421 = DEFINITIONAL_REPRESENTATION('',(#3422),#3426);
#3422 = LINE('',#3423,#3424);
#3423 = CARTESIAN_POINT('',(-0.,0.));
#3424 = VECTOR('',#3425,1.);
#3425 = DIRECTION('',(-1.,0.));
#3426 = ( GEOMETRIC_REPRESENTATION_CONTEXT(2) 
PARAMETRIC_REPRESENTATION_CONTEXT() REPRESENTATION_CONTEXT('2D SPACE',''
  ) );
#3427 = PCURVE('',#1378,#3428);
#3428 = DEFINITIONAL_REPRESENTATION('',(#3429),#3433);
#3429 = LINE('',#3430,#3431);
#3430 = CARTESIAN_POINT('',(0.,1.965587446495));
#3431 = VECTOR('',#3432,1.);
#3432 = DIRECTION('',(1.,0.));
#3433 = ( GEOMETRIC_REPRESENTATION_CONTEXT(2) 
PARAMETRIC_REPRESENTATION_CONTEXT() REPRESENTATION_CONTEXT('2D SPACE',''
  ) );
#3434 = ORIENTED_EDGE('',*,*,#3435,.T.);
#3435 = EDGE_CURVE('',#3412,#3436,#3438,.T.);
#3436 = VERTEX_POINT('',#3437);
#3437 = CARTESIAN_POINT('',(-19.97498435543,1.,3.5));
#3438 = SURFACE_CURVE('',#3439,(#3443,#3449),.PCURVE_S1.);
#3439 = LINE('',#3440,#3441);
#3440 = CARTESIAN_POINT('',(-19.97498435543,1.,4.));
#3441 = VECTOR('',#3442,1.);
#3442 = DIRECTION('',(-0.,-0.,-1.));
#3443 = PCURVE('',#136,#3444);
#3444 = DEFINITIONAL_REPRESENTATION('',(#3445),#3448);
#3445 = B_SPLINE_CURVE_WITH_KNOTS('',1,(#3446,#3447),.UNSPECIFIED.,.F.,
  .F.,(2,2),(-1.199999999812E-06,0.65),.PIECEWISE_BEZIER_KNOTS.);
#3446 = CARTESIAN_POINT('',(-3.091571796784,-1.199999999812E-06));
#3447 = CARTESIAN_POINT('',(-3.091571796784,0.65));
#3448 = ( GEOMETRIC_REPRESENTATION_CONTEXT(2) 
PARAMETRIC_REPRESENTATION_CONTEXT() REPRESENTATION_CONTEXT('2D SPACE',''
  ) );
#3449 = PCURVE('',#1350,#3450);
#3450 = DEFINITIONAL_REPRESENTATION('',(#3451),#3454);
#3451 = B_SPLINE_CURVE_WITH_KNOTS('',1,(#3452,#3453),.UNSPECIFIED.,.F.,
  .F.,(2,2),(-1.199999999812E-06,0.65),.PIECEWISE_BEZIER_KNOTS.);
#3452 = CARTESIAN_POINT('',(0.974984355438,-0.9999988));
#3453 = CARTESIAN_POINT('',(0.974984355438,-1.65));
#3454 = ( GEOMETRIC_REPRESENTATION_CONTEXT(2) 
PARAMETRIC_REPRESENTATION_CONTEXT() REPRESENTATION_CONTEXT('2D SPACE',''
  ) );
#3455 = ORIENTED_EDGE('',*,*,#3456,.F.);
#3456 = EDGE_CURVE('',#3457,#3436,#3459,.T.);
#3457 = VERTEX_POINT('',#3458);
#3458 = CARTESIAN_POINT('',(-19.97498435543,-1.,3.5));
#3459 = SURFACE_CURVE('',#3460,(#3465,#3472),.PCURVE_S1.);
#3460 = CIRCLE('',#3461,20.);
#3461 = AXIS2_PLACEMENT_3D('',#3462,#3463,#3464);
#3462 = CARTESIAN_POINT('',(0.,0.,3.5));
#3463 = DIRECTION('',(0.,0.,-1.));
#3464 = DIRECTION('',(1.,0.,0.));
#3465 = PCURVE('',#136,#3466);
#3466 = DEFINITIONAL_REPRESENTATION('',(#3467),#3471);
#3467 = LINE('',#3468,#3469);
#3468 = CARTESIAN_POINT('',(-6.28318530718,0.5));
#3469 = VECTOR('',#3470,1.);
#3470 = DIRECTION('',(1.,-0.));
#3471 = ( GEOMETRIC_REPRESENTATION_CONTEXT(2) 
PARAMETRIC_REPRESENTATION_CONTEXT() REPRESENTATION_CONTEXT('2D SPACE',''
  ) );
#3472 = PCURVE('',#1323,#3473);
#3473 = DEFINITIONAL_REPRESENTATION('',(#3474),#3482);
#3474 = ( BOUNDED_CURVE() B_SPLINE_CURVE(2,(#3475,#3476,#3477,#3478,
#3479,#3480,#3481),.UNSPECIFIED.,.T.,.F.) B_SPLINE_CURVE_WITH_KNOTS((1,2
    ,2,2,2,1),(-2.094395102393,0.,2.094395102393,4.188790204786,
6.28318530718,8.377580409573),.UNSPECIFIED.) CURVE() 
GEOMETRIC_REPRESENTATION_ITEM() RATIONAL_B_SPLINE_CURVE((1.,0.5,1.,0.5,
1.,0.5,1.)) REPRESENTATION_ITEM('') );
#3475 = CARTESIAN_POINT('',(-45.,-2.449293598295E-15));
#3476 = CARTESIAN_POINT('',(-45.,34.641016151378));
#3477 = CARTESIAN_POINT('',(-15.,17.320508075689));
#3478 = CARTESIAN_POINT('',(15.,9.797174393179E-15));
#3479 = CARTESIAN_POINT('',(-15.,-17.32050807568));
#3480 = CARTESIAN_POINT('',(-45.,-34.64101615137));
#3481 = CARTESIAN_POINT('',(-45.,-2.449293598295E-15));
#3482 = ( GEOMETRIC_REPRESENTATION_CONTEXT(2) 
PARAMETRIC_REPRESENTATION_CONTEXT() REPRESENTATION_CONTEXT('2D SPACE',''
  ) );
#3483 = ORIENTED_EDGE('',*,*,#3484,.F.);
#3484 = EDGE_CURVE('',#3485,#3457,#3487,.T.);
#3485 = VERTEX_POINT('',#3486);
#3486 = CARTESIAN_POINT('',(-19.97498435543,-1.,4.));
#3487 = SURFACE_CURVE('',#3488,(#3492,#3498),.PCURVE_S1.);
#3488 = LINE('',#3489,#3490);
#3489 = CARTESIAN_POINT('',(-19.97498435543,-1.,4.));
#3490 = VECTOR('',#3491,1.);
#3491 = DIRECTION('',(-0.,-0.,-1.));
#3492 = PCURVE('',#136,#3493);
#3493 = DEFINITIONAL_REPRESENTATION('',(#3494),#3497);
#3494 = B_SPLINE_CURVE_WITH_KNOTS('',1,(#3495,#3496),.UNSPECIFIED.,.F.,
  .F.,(2,2),(-1.199999999812E-06,0.65),.PIECEWISE_BEZIER_KNOTS.);
#3495 = CARTESIAN_POINT('',(-3.191613510396,-1.199999999812E-06));
#3496 = CARTESIAN_POINT('',(-3.191613510396,0.65));
#3497 = ( GEOMETRIC_REPRESENTATION_CONTEXT(2) 
PARAMETRIC_REPRESENTATION_CONTEXT() REPRESENTATION_CONTEXT('2D SPACE',''
  ) );
#3498 = PCURVE('',#1295,#3499);
#3499 = DEFINITIONAL_REPRESENTATION('',(#3500),#3503);
#3500 = B_SPLINE_CURVE_WITH_KNOTS('',1,(#3501,#3502),.UNSPECIFIED.,.F.,
  .F.,(2,2),(-1.199999999812E-06,0.65),.PIECEWISE_BEZIER_KNOTS.);
#3501 = CARTESIAN_POINT('',(11.025015644562,-0.9999988));
#3502 = CARTESIAN_POINT('',(11.025015644562,-1.65));
#3503 = ( GEOMETRIC_REPRESENTATION_CONTEXT(2) 
PARAMETRIC_REPRESENTATION_CONTEXT() REPRESENTATION_CONTEXT('2D SPACE',''
  ) );
#3504 = ORIENTED_EDGE('',*,*,#3505,.T.);
#3505 = EDGE_CURVE('',#3485,#3506,#3508,.T.);
#3506 = VERTEX_POINT('',#3507);
#3507 = CARTESIAN_POINT('',(-19.3063560285,-5.221553111909,4.));
#3508 = SURFACE_CURVE('',#3509,(#3514,#3521),.PCURVE_S1.);
#3509 = CIRCLE('',#3510,20.);
#3510 = AXIS2_PLACEMENT_3D('',#3511,#3512,#3513);
#3511 = CARTESIAN_POINT('',(0.,0.,4.));
#3512 = DIRECTION('',(0.,0.,1.));
#3513 = DIRECTION('',(1.,0.,-0.));
#3514 = PCURVE('',#136,#3515);
#3515 = DEFINITIONAL_REPRESENTATION('',(#3516),#3520);
#3516 = LINE('',#3517,#3518);
#3517 = CARTESIAN_POINT('',(-0.,0.));
#3518 = VECTOR('',#3519,1.);
#3519 = DIRECTION('',(-1.,0.));
#3520 = ( GEOMETRIC_REPRESENTATION_CONTEXT(2) 
PARAMETRIC_REPRESENTATION_CONTEXT() REPRESENTATION_CONTEXT('2D SPACE',''
  ) );
#3521 = PCURVE('',#1268,#3522);
#3522 = DEFINITIONAL_REPRESENTATION('',(#3523),#3527);
#3523 = LINE('',#3524,#3525);
#3524 = CARTESIAN_POINT('',(0.,1.965587446495));
#3525 = VECTOR('',#3526,1.);
#3526 = DIRECTION('',(1.,0.));
#3527 = ( GEOMETRIC_REPRESENTATION_CONTEXT(2) 
PARAMETRIC_REPRESENTATION_CONTEXT() REPRESENTATION_CONTEXT('2D SPACE',''
  ) );
#3528 = ORIENTED_EDGE('',*,*,#3529,.T.);
#3529 = EDGE_CURVE('',#3506,#3530,#3532,.T.);
#3530 = VERTEX_POINT('',#3531);
#3531 = CARTESIAN_POINT('',(-19.3063560285,-5.221553111909,3.5));
#3532 = SURFACE_CURVE('',#3533,(#3537,#3543),.PCURVE_S1.);
#3533 = LINE('',#3534,#3535);
#3534 = CARTESIAN_POINT('',(-19.3063560285,-5.221553111909,4.));
#3535 = VECTOR('',#3536,1.);
#3536 = DIRECTION('',(-0.,-0.,-1.));
#3537 = PCURVE('',#136,#3538);
#3538 = DEFINITIONAL_REPRESENTATION('',(#3539),#3542);
#3539 = B_SPLINE_CURVE_WITH_KNOTS('',1,(#3540,#3541),.UNSPECIFIED.,.F.,
  .F.,(2,2),(-1.199999999812E-06,0.65),.PIECEWISE_BEZIER_KNOTS.);
#3540 = CARTESIAN_POINT('',(-3.405731062143,-1.199999999812E-06));
#3541 = CARTESIAN_POINT('',(-3.405731062143,0.65));
#3542 = ( GEOMETRIC_REPRESENTATION_CONTEXT(2) 
PARAMETRIC_REPRESENTATION_CONTEXT() REPRESENTATION_CONTEXT('2D SPACE',''
  ) );
#3543 = PCURVE('',#1240,#3544);
#3544 = DEFINITIONAL_REPRESENTATION('',(#3545),#3548);
#3545 = B_SPLINE_CURVE_WITH_KNOTS('',1,(#3546,#3547),.UNSPECIFIED.,.F.,
  .F.,(2,2),(-1.199999999812E-06,0.65),.PIECEWISE_BEZIER_KNOTS.);
#3546 = CARTESIAN_POINT('',(0.974984355438,-0.9999988));
#3547 = CARTESIAN_POINT('',(0.974984355438,-1.65));
#3548 = ( GEOMETRIC_REPRESENTATION_CONTEXT(2) 
PARAMETRIC_REPRESENTATION_CONTEXT() REPRESENTATION_CONTEXT('2D SPACE',''
  ) );
#3549 = ORIENTED_EDGE('',*,*,#3550,.F.);
#3550 = EDGE_CURVE('',#3551,#3530,#3553,.T.);
#3551 = VERTEX_POINT('',#3552);
#3552 = CARTESIAN_POINT('',(-18.68832203975,-7.123666144499,3.5));
#3553 = SURFACE_CURVE('',#3554,(#3559,#3566),.PCURVE_S1.);
#3554 = CIRCLE('',#3555,20.);
#3555 = AXIS2_PLACEMENT_3D('',#3556,#3557,#3558);
#3556 = CARTESIAN_POINT('',(0.,0.,3.5));
#3557 = DIRECTION('',(0.,0.,-1.));
#3558 = DIRECTION('',(1.,0.,0.));
#3559 = PCURVE('',#136,#3560);
#3560 = DEFINITIONAL_REPRESENTATION('',(#3561),#3565);
#3561 = LINE('',#3562,#3563);
#3562 = CARTESIAN_POINT('',(-6.28318530718,0.5));
#3563 = VECTOR('',#3564,1.);
#3564 = DIRECTION('',(1.,-0.));
#3565 = ( GEOMETRIC_REPRESENTATION_CONTEXT(2) 
PARAMETRIC_REPRESENTATION_CONTEXT() REPRESENTATION_CONTEXT('2D SPACE',''
  ) );
#3566 = PCURVE('',#1213,#3567);
#3567 = DEFINITIONAL_REPRESENTATION('',(#3568),#3576);
#3568 = ( BOUNDED_CURVE() B_SPLINE_CURVE(2,(#3569,#3570,#3571,#3572,
#3573,#3574,#3575),.UNSPECIFIED.,.T.,.F.) B_SPLINE_CURVE_WITH_KNOTS((1,2
    ,2,2,2,1),(-2.094395102393,0.,2.094395102393,4.188790204786,
6.28318530718,8.377580409573),.UNSPECIFIED.) CURVE() 
GEOMETRIC_REPRESENTATION_ITEM() RATIONAL_B_SPLINE_CURVE((1.,0.5,1.,0.5,
1.,0.5,1.)) REPRESENTATION_ITEM('') );
#3569 = CARTESIAN_POINT('',(-44.0211303259,6.180339887499));
#3570 = CARTESIAN_POINT('',(-33.31646763271,39.125904029352));
#3571 = CARTESIAN_POINT('',(-10.13710349045,13.382612127177));
#3572 = CARTESIAN_POINT('',(13.042260651806,-12.36067977499));
#3573 = CARTESIAN_POINT('',(-20.84176618364,-19.56295201467));
#3574 = CARTESIAN_POINT('',(-54.72579301909,-26.76522425435));
#3575 = CARTESIAN_POINT('',(-44.0211303259,6.180339887499));
#3576 = ( GEOMETRIC_REPRESENTATION_CONTEXT(2) 
PARAMETRIC_REPRESENTATION_CONTEXT() REPRESENTATION_CONTEXT('2D SPACE',''
  ) );
#3577 = ORIENTED_EDGE('',*,*,#3578,.F.);
#3578 = EDGE_CURVE('',#3579,#3551,#3581,.T.);
#3579 = VERTEX_POINT('',#3580);
#3580 = CARTESIAN_POINT('',(-18.68832203975,-7.123666144499,4.));
#3581 = SURFACE_CURVE('',#3582,(#3586,#3592),.PCURVE_S1.);
#3582 = LINE('',#3583,#3584);
#3583 = CARTESIAN_POINT('',(-18.68832203975,-7.123666144499,4.));
#3584 = VECTOR('',#3585,1.);
#3585 = DIRECTION('',(-0.,-0.,-1.));
#3586 = PCURVE('',#136,#3587);
#3587 = DEFINITIONAL_REPRESENTATION('',(#3588),#3591);
#3588 = B_SPLINE_CURVE_WITH_KNOTS('',1,(#3589,#3590),.UNSPECIFIED.,.F.,
  .F.,(2,2),(-1.199999999812E-06,0.65),.PIECEWISE_BEZIER_KNOTS.);
#3589 = CARTESIAN_POINT('',(-3.505772775755,-1.199999999812E-06));
#3590 = CARTESIAN_POINT('',(-3.505772775755,0.65));
#3591 = ( GEOMETRIC_REPRESENTATION_CONTEXT(2) 
PARAMETRIC_REPRESENTATION_CONTEXT() REPRESENTATION_CONTEXT('2D SPACE',''
  ) );
#3592 = PCURVE('',#1185,#3593);
#3593 = DEFINITIONAL_REPRESENTATION('',(#3594),#3597);
#3594 = B_SPLINE_CURVE_WITH_KNOTS('',1,(#3595,#3596),.UNSPECIFIED.,.F.,
  .F.,(2,2),(-1.199999999812E-06,0.65),.PIECEWISE_BEZIER_KNOTS.);
#3595 = CARTESIAN_POINT('',(11.025015644562,-0.9999988));
#3596 = CARTESIAN_POINT('',(11.025015644562,-1.65));
#3597 = ( GEOMETRIC_REPRESENTATION_CONTEXT(2) 
PARAMETRIC_REPRESENTATION_CONTEXT() REPRESENTATION_CONTEXT('2D SPACE',''
  ) );
#3598 = ORIENTED_EDGE('',*,*,#3599,.T.);
#3599 = EDGE_CURVE('',#3579,#3600,#3602,.T.);
#3600 = VERTEX_POINT('',#3601);
#3601 = CARTESIAN_POINT('',(-16.74788705821,-10.93198422452,4.));
#3602 = SURFACE_CURVE('',#3603,(#3608,#3615),.PCURVE_S1.);
#3603 = CIRCLE('',#3604,20.);
#3604 = AXIS2_PLACEMENT_3D('',#3605,#3606,#3607);
#3605 = CARTESIAN_POINT('',(0.,0.,4.));
#3606 = DIRECTION('',(0.,0.,1.));
#3607 = DIRECTION('',(1.,0.,-0.));
#3608 = PCURVE('',#136,#3609);
#3609 = DEFINITIONAL_REPRESENTATION('',(#3610),#3614);
#3610 = LINE('',#3611,#3612);
#3611 = CARTESIAN_POINT('',(-0.,0.));
#3612 = VECTOR('',#3613,1.);
#3613 = DIRECTION('',(-1.,0.));
#3614 = ( GEOMETRIC_REPRESENTATION_CONTEXT(2) 
PARAMETRIC_REPRESENTATION_CONTEXT() REPRESENTATION_CONTEXT('2D SPACE',''
  ) );
#3615 = PCURVE('',#1158,#3616);
#3616 = DEFINITIONAL_REPRESENTATION('',(#3617),#3621);
#3617 = LINE('',#3618,#3619);
#3618 = CARTESIAN_POINT('',(0.,1.965587446495));
#3619 = VECTOR('',#3620,1.);
#3620 = DIRECTION('',(1.,0.));
#3621 = ( GEOMETRIC_REPRESENTATION_CONTEXT(2) 
PARAMETRIC_REPRESENTATION_CONTEXT() REPRESENTATION_CONTEXT('2D SPACE',''
  ) );
#3622 = ORIENTED_EDGE('',*,*,#3623,.T.);
#3623 = EDGE_CURVE('',#3600,#3624,#3626,.T.);
#3624 = VERTEX_POINT('',#3625);
#3625 = CARTESIAN_POINT('',(-16.74788705821,-10.93198422452,3.5));
#3626 = SURFACE_CURVE('',#3627,(#3631,#3637),.PCURVE_S1.);
#3627 = LINE('',#3628,#3629);
#3628 = CARTESIAN_POINT('',(-16.74788705821,-10.93198422452,4.));
#3629 = VECTOR('',#3630,1.);
#3630 = DIRECTION('',(-0.,-0.,-1.));
#3631 = PCURVE('',#136,#3632);
#3632 = DEFINITIONAL_REPRESENTATION('',(#3633),#3636);
#3633 = B_SPLINE_CURVE_WITH_KNOTS('',1,(#3634,#3635),.UNSPECIFIED.,.F.,
  .F.,(2,2),(-1.199999999812E-06,0.65),.PIECEWISE_BEZIER_KNOTS.);
#3634 = CARTESIAN_POINT('',(-3.719890327502,-1.199999999812E-06));
#3635 = CARTESIAN_POINT('',(-3.719890327502,0.65));
#3636 = ( GEOMETRIC_REPRESENTATION_CONTEXT(2) 
PARAMETRIC_REPRESENTATION_CONTEXT() REPRESENTATION_CONTEXT('2D SPACE',''
  ) );
#3637 = PCURVE('',#1130,#3638);
#3638 = DEFINITIONAL_REPRESENTATION('',(#3639),#3642);
#3639 = B_SPLINE_CURVE_WITH_KNOTS('',1,(#3640,#3641),.UNSPECIFIED.,.F.,
  .F.,(2,2),(-1.199999999812E-06,0.65),.PIECEWISE_BEZIER_KNOTS.);
#3640 = CARTESIAN_POINT('',(0.974984355438,-0.9999988));
#3641 = CARTESIAN_POINT('',(0.974984355438,-1.65));
#3642 = ( GEOMETRIC_REPRESENTATION_CONTEXT(2) 
PARAMETRIC_REPRESENTATION_CONTEXT() REPRESENTATION_CONTEXT('2D SPACE',''
  ) );
#3643 = ORIENTED_EDGE('',*,*,#3644,.F.);
#3644 = EDGE_CURVE('',#3645,#3624,#3647,.T.);
#3645 = VERTEX_POINT('',#3646);
#3646 = CARTESIAN_POINT('',(-15.57231655363,-12.55001821327,3.5));
#3647 = SURFACE_CURVE('',#3648,(#3653,#3660),.PCURVE_S1.);
#3648 = CIRCLE('',#3649,20.);
#3649 = AXIS2_PLACEMENT_3D('',#3650,#3651,#3652);
#3650 = CARTESIAN_POINT('',(0.,0.,3.5));
#3651 = DIRECTION('',(0.,0.,-1.));
#3652 = DIRECTION('',(1.,0.,0.));
#3653 = PCURVE('',#136,#3654);
#3654 = DEFINITIONAL_REPRESENTATION('',(#3655),#3659);
#3655 = LINE('',#3656,#3657);
#3656 = CARTESIAN_POINT('',(-6.28318530718,0.5));
#3657 = VECTOR('',#3658,1.);
#3658 = DIRECTION('',(1.,-0.));
#3659 = ( GEOMETRIC_REPRESENTATION_CONTEXT(2) 
PARAMETRIC_REPRESENTATION_CONTEXT() REPRESENTATION_CONTEXT('2D SPACE',''
  ) );
#3660 = PCURVE('',#1103,#3661);
#3661 = DEFINITIONAL_REPRESENTATION('',(#3662),#3670);
#3662 = ( BOUNDED_CURVE() B_SPLINE_CURVE(2,(#3663,#3664,#3665,#3666,
#3667,#3668,#3669),.UNSPECIFIED.,.T.,.F.) B_SPLINE_CURVE_WITH_KNOTS((1,2
    ,2,2,2,1),(-2.094395102393,0.,2.094395102393,4.188790204786,
6.28318530718,8.377580409573),.UNSPECIFIED.) CURVE() 
GEOMETRIC_REPRESENTATION_ITEM() RATIONAL_B_SPLINE_CURVE((1.,0.5,1.,0.5,
1.,0.5,1.)) REPRESENTATION_ITEM('') );
#3663 = CARTESIAN_POINT('',(-41.18033988749,11.755705045849));
#3664 = CARTESIAN_POINT('',(-20.81886146929,39.780875814731));
#3665 = CARTESIAN_POINT('',(-6.729090847148,8.134732861516));
#3666 = CARTESIAN_POINT('',(7.360679774998,-23.51141009169));
#3667 = CARTESIAN_POINT('',(-27.09056926535,-19.89043790736));
#3668 = CARTESIAN_POINT('',(-61.5418183057,-16.26946572303));
#3669 = CARTESIAN_POINT('',(-41.18033988749,11.755705045849));
#3670 = ( GEOMETRIC_REPRESENTATION_CONTEXT(2) 
PARAMETRIC_REPRESENTATION_CONTEXT() REPRESENTATION_CONTEXT('2D SPACE',''
  ) );
#3671 = ORIENTED_EDGE('',*,*,#3672,.F.);
#3672 = EDGE_CURVE('',#3673,#3645,#3675,.T.);
#3673 = VERTEX_POINT('',#3674);
#3674 = CARTESIAN_POINT('',(-15.57231655363,-12.55001821327,4.));
#3675 = SURFACE_CURVE('',#3676,(#3680,#3686),.PCURVE_S1.);
#3676 = LINE('',#3677,#3678);
#3677 = CARTESIAN_POINT('',(-15.57231655363,-12.55001821327,4.));
#3678 = VECTOR('',#3679,1.);
#3679 = DIRECTION('',(-0.,-0.,-1.));
#3680 = PCURVE('',#136,#3681);
#3681 = DEFINITIONAL_REPRESENTATION('',(#3682),#3685);
#3682 = B_SPLINE_CURVE_WITH_KNOTS('',1,(#3683,#3684),.UNSPECIFIED.,.F.,
  .F.,(2,2),(-1.199999999812E-06,0.65),.PIECEWISE_BEZIER_KNOTS.);
#3683 = CARTESIAN_POINT('',(-3.819932041114,-1.199999999812E-06));
#3684 = CARTESIAN_POINT('',(-3.819932041114,0.65));
#3685 = ( GEOMETRIC_REPRESENTATION_CONTEXT(2) 
PARAMETRIC_REPRESENTATION_CONTEXT() REPRESENTATION_CONTEXT('2D SPACE',''
  ) );
#3686 = PCURVE('',#1075,#3687);
#3687 = DEFINITIONAL_REPRESENTATION('',(#3688),#3691);
#3688 = B_SPLINE_CURVE_WITH_KNOTS('',1,(#3689,#3690),.UNSPECIFIED.,.F.,
  .F.,(2,2),(-1.199999999812E-06,0.65),.PIECEWISE_BEZIER_KNOTS.);
#3689 = CARTESIAN_POINT('',(11.025015644562,-0.9999988));
#3690 = CARTESIAN_POINT('',(11.025015644562,-1.65));
#3691 = ( GEOMETRIC_REPRESENTATION_CONTEXT(2) 
PARAMETRIC_REPRESENTATION_CONTEXT() REPRESENTATION_CONTEXT('2D SPACE',''
  ) );
#3692 = ORIENTED_EDGE('',*,*,#3693,.T.);
#3693 = EDGE_CURVE('',#3673,#3694,#3696,.T.);
#3694 = VERTEX_POINT('',#3695);
#3695 = CARTESIAN_POINT('',(-12.55001821327,-15.57231655363,4.));
#3696 = SURFACE_CURVE('',#3697,(#3702,#3709),.PCURVE_S1.);
#3697 = CIRCLE('',#3698,20.);
#3698 = AXIS2_PLACEMENT_3D('',#3699,#3700,#3701);
#3699 = CARTESIAN_POINT('',(0.,0.,4.));
#3700 = DIRECTION('',(0.,0.,1.));
#3701 = DIRECTION('',(1.,0.,-0.));
#3702 = PCURVE('',#136,#3703);
#3703 = DEFINITIONAL_REPRESENTATION('',(#3704),#3708);
#3704 = LINE('',#3705,#3706);
#3705 = CARTESIAN_POINT('',(-0.,0.));
#3706 = VECTOR('',#3707,1.);
#3707 = DIRECTION('',(-1.,0.));
#3708 = ( GEOMETRIC_REPRESENTATION_CONTEXT(2) 
PARAMETRIC_REPRESENTATION_CONTEXT() REPRESENTATION_CONTEXT('2D SPACE',''
  ) );
#3709 = PCURVE('',#1048,#3710);
#3710 = DEFINITIONAL_REPRESENTATION('',(#3711),#3715);
#3711 = LINE('',#3712,#3713);
#3712 = CARTESIAN_POINT('',(0.,1.965587446495));
#3713 = VECTOR('',#3714,1.);
#3714 = DIRECTION('',(1.,0.));
#3715 = ( GEOMETRIC_REPRESENTATION_CONTEXT(2) 
PARAMETRIC_REPRESENTATION_CONTEXT() REPRESENTATION_CONTEXT('2D SPACE',''
  ) );
#3716 = ORIENTED_EDGE('',*,*,#3717,.T.);
#3717 = EDGE_CURVE('',#3694,#3718,#3720,.T.);
#3718 = VERTEX_POINT('',#3719);
#3719 = CARTESIAN_POINT('',(-12.55001821327,-15.57231655363,3.5));
#3720 = SURFACE_CURVE('',#3721,(#3725,#3731),.PCURVE_S1.);
#3721 = LINE('',#3722,#3723);
#3722 = CARTESIAN_POINT('',(-12.55001821327,-15.57231655363,4.));
#3723 = VECTOR('',#3724,1.);
#3724 = DIRECTION('',(-0.,-0.,-1.));
#3725 = PCURVE('',#136,#3726);
#3726 = DEFINITIONAL_REPRESENTATION('',(#3727),#3730);
#3727 = B_SPLINE_CURVE_WITH_KNOTS('',1,(#3728,#3729),.UNSPECIFIED.,.F.,
  .F.,(2,2),(-1.199999999812E-06,0.65),.PIECEWISE_BEZIER_KNOTS.);
#3728 = CARTESIAN_POINT('',(-4.034049592861,-1.199999999812E-06));
#3729 = CARTESIAN_POINT('',(-4.034049592861,0.65));
#3730 = ( GEOMETRIC_REPRESENTATION_CONTEXT(2) 
PARAMETRIC_REPRESENTATION_CONTEXT() REPRESENTATION_CONTEXT('2D SPACE',''
  ) );
#3731 = PCURVE('',#1020,#3732);
#3732 = DEFINITIONAL_REPRESENTATION('',(#3733),#3736);
#3733 = B_SPLINE_CURVE_WITH_KNOTS('',1,(#3734,#3735),.UNSPECIFIED.,.F.,
  .F.,(2,2),(-1.199999999812E-06,0.65),.PIECEWISE_BEZIER_KNOTS.);
#3734 = CARTESIAN_POINT('',(0.974984355438,-0.9999988));
#3735 = CARTESIAN_POINT('',(0.974984355438,-1.65));
#3736 = ( GEOMETRIC_REPRESENTATION_CONTEXT(2) 
PARAMETRIC_REPRESENTATION_CONTEXT() REPRESENTATION_CONTEXT('2D SPACE',''
  ) );
#3737 = ORIENTED_EDGE('',*,*,#3738,.F.);
#3738 = EDGE_CURVE('',#3739,#3718,#3741,.T.);
#3739 = VERTEX_POINT('',#3740);
#3740 = CARTESIAN_POINT('',(-10.93198422452,-16.74788705821,3.5));
#3741 = SURFACE_CURVE('',#3742,(#3747,#3754),.PCURVE_S1.);
#3742 = CIRCLE('',#3743,20.);
#3743 = AXIS2_PLACEMENT_3D('',#3744,#3745,#3746);
#3744 = CARTESIAN_POINT('',(0.,0.,3.5));
#3745 = DIRECTION('',(0.,0.,-1.));
#3746 = DIRECTION('',(1.,0.,0.));
#3747 = PCURVE('',#136,#3748);
#3748 = DEFINITIONAL_REPRESENTATION('',(#3749),#3753);
#3749 = LINE('',#3750,#3751);
#3750 = CARTESIAN_POINT('',(-6.28318530718,0.5));
#3751 = VECTOR('',#3752,1.);
#3752 = DIRECTION('',(1.,-0.));
#3753 = ( GEOMETRIC_REPRESENTATION_CONTEXT(2) 
PARAMETRIC_REPRESENTATION_CONTEXT() REPRESENTATION_CONTEXT('2D SPACE',''
  ) );
#3754 = PCURVE('',#993,#3755);
#3755 = DEFINITIONAL_REPRESENTATION('',(#3756),#3764);
#3756 = ( BOUNDED_CURVE() B_SPLINE_CURVE(2,(#3757,#3758,#3759,#3760,
#3761,#3762,#3763),.UNSPECIFIED.,.T.,.F.) B_SPLINE_CURVE_WITH_KNOTS((1,2
    ,2,2,2,1),(-2.094395102393,0.,2.094395102393,4.188790204786,
6.28318530718,8.377580409573),.UNSPECIFIED.) CURVE() 
GEOMETRIC_REPRESENTATION_ITEM() RATIONAL_B_SPLINE_CURVE((1.,0.5,1.,0.5,
1.,0.5,1.)) REPRESENTATION_ITEM('') );
#3757 = CARTESIAN_POINT('',(-36.75570504584,16.180339887499));
#3758 = CARTESIAN_POINT('',(-8.730534276968,36.541818305704));
#3759 = CARTESIAN_POINT('',(-5.109562092635,2.090569265353));
#3760 = CARTESIAN_POINT('',(-1.488589908301,-32.36067977499));
#3761 = CARTESIAN_POINT('',(-33.13473286151,-18.27090915285));
#3762 = CARTESIAN_POINT('',(-64.78087581473,-4.181138530706));
#3763 = CARTESIAN_POINT('',(-36.75570504584,16.180339887499));
#3764 = ( GEOMETRIC_REPRESENTATION_CONTEXT(2) 
PARAMETRIC_REPRESENTATION_CONTEXT() REPRESENTATION_CONTEXT('2D SPACE',''
  ) );
#3765 = ORIENTED_EDGE('',*,*,#3766,.F.);
#3766 = EDGE_CURVE('',#3767,#3739,#3769,.T.);
#3767 = VERTEX_POINT('',#3768);
#3768 = CARTESIAN_POINT('',(-10.93198422452,-16.74788705821,4.));
#3769 = SURFACE_CURVE('',#3770,(#3774,#3780),.PCURVE_S1.);
#3770 = LINE('',#3771,#3772);
#3771 = CARTESIAN_POINT('',(-10.93198422452,-16.74788705821,4.));
#3772 = VECTOR('',#3773,1.);
#3773 = DIRECTION('',(-0.,-0.,-1.));
#3774 = PCURVE('',#136,#3775);
#3775 = DEFINITIONAL_REPRESENTATION('',(#3776),#3779);
#3776 = B_SPLINE_CURVE_WITH_KNOTS('',1,(#3777,#3778),.UNSPECIFIED.,.F.,
  .F.,(2,2),(-1.199999999812E-06,0.65),.PIECEWISE_BEZIER_KNOTS.);
#3777 = CARTESIAN_POINT('',(-4.134091306473,-1.199999999812E-06));
#3778 = CARTESIAN_POINT('',(-4.134091306473,0.65));
#3779 = ( GEOMETRIC_REPRESENTATION_CONTEXT(2) 
PARAMETRIC_REPRESENTATION_CONTEXT() REPRESENTATION_CONTEXT('2D SPACE',''
  ) );
#3780 = PCURVE('',#965,#3781);
#3781 = DEFINITIONAL_REPRESENTATION('',(#3782),#3785);
#3782 = B_SPLINE_CURVE_WITH_KNOTS('',1,(#3783,#3784),.UNSPECIFIED.,.F.,
  .F.,(2,2),(-1.199999999812E-06,0.65),.PIECEWISE_BEZIER_KNOTS.);
#3783 = CARTESIAN_POINT('',(11.025015644562,-0.9999988));
#3784 = CARTESIAN_POINT('',(11.025015644562,-1.65));
#3785 = ( GEOMETRIC_REPRESENTATION_CONTEXT(2) 
PARAMETRIC_REPRESENTATION_CONTEXT() REPRESENTATION_CONTEXT('2D SPACE',''
  ) );
#3786 = ORIENTED_EDGE('',*,*,#3787,.T.);
#3787 = EDGE_CURVE('',#3767,#3788,#3790,.T.);
#3788 = VERTEX_POINT('',#3789);
#3789 = CARTESIAN_POINT('',(-7.123666144499,-18.68832203975,4.));
#3790 = SURFACE_CURVE('',#3791,(#3796,#3803),.PCURVE_S1.);
#3791 = CIRCLE('',#3792,20.);
#3792 = AXIS2_PLACEMENT_3D('',#3793,#3794,#3795);
#3793 = CARTESIAN_POINT('',(0.,0.,4.));
#3794 = DIRECTION('',(0.,0.,1.));
#3795 = DIRECTION('',(1.,0.,-0.));
#3796 = PCURVE('',#136,#3797);
#3797 = DEFINITIONAL_REPRESENTATION('',(#3798),#3802);
#3798 = LINE('',#3799,#3800);
#3799 = CARTESIAN_POINT('',(-0.,0.));
#3800 = VECTOR('',#3801,1.);
#3801 = DIRECTION('',(-1.,0.));
#3802 = ( GEOMETRIC_REPRESENTATION_CONTEXT(2) 
PARAMETRIC_REPRESENTATION_CONTEXT() REPRESENTATION_CONTEXT('2D SPACE',''
  ) );
#3803 = PCURVE('',#938,#3804);
#3804 = DEFINITIONAL_REPRESENTATION('',(#3805),#3809);
#3805 = LINE('',#3806,#3807);
#3806 = CARTESIAN_POINT('',(0.,1.965587446495));
#3807 = VECTOR('',#3808,1.);
#3808 = DIRECTION('',(1.,0.));
#3809 = ( GEOMETRIC_REPRESENTATION_CONTEXT(2) 
PARAMETRIC_REPRESENTATION_CONTEXT() REPRESENTATION_CONTEXT('2D SPACE',''
  ) );
#3810 = ORIENTED_EDGE('',*,*,#3811,.T.);
#3811 = EDGE_CURVE('',#3788,#3812,#3814,.T.);
#3812 = VERTEX_POINT('',#3813);
#3813 = CARTESIAN_POINT('',(-7.123666144499,-18.68832203975,3.5));
#3814 = SURFACE_CURVE('',#3815,(#3819,#3825),.PCURVE_S1.);
#3815 = LINE('',#3816,#3817);
#3816 = CARTESIAN_POINT('',(-7.123666144499,-18.68832203975,4.));
#3817 = VECTOR('',#3818,1.);
#3818 = DIRECTION('',(-0.,-0.,-1.));
#3819 = PCURVE('',#136,#3820);
#3820 = DEFINITIONAL_REPRESENTATION('',(#3821),#3824);
#3821 = B_SPLINE_CURVE_WITH_KNOTS('',1,(#3822,#3823),.UNSPECIFIED.,.F.,
  .F.,(2,2),(-1.199999999812E-06,0.65),.PIECEWISE_BEZIER_KNOTS.);
#3822 = CARTESIAN_POINT('',(-4.34820885822,-1.199999999812E-06));
#3823 = CARTESIAN_POINT('',(-4.34820885822,0.65));
#3824 = ( GEOMETRIC_REPRESENTATION_CONTEXT(2) 
PARAMETRIC_REPRESENTATION_CONTEXT() REPRESENTATION_CONTEXT('2D SPACE',''
  ) );
#3825 = PCURVE('',#910,#3826);
#3826 = DEFINITIONAL_REPRESENTATION('',(#3827),#3830);
#3827 = B_SPLINE_CURVE_WITH_KNOTS('',1,(#3828,#3829),.UNSPECIFIED.,.F.,
  .F.,(2,2),(-1.199999999812E-06,0.65),.PIECEWISE_BEZIER_KNOTS.);
#3828 = CARTESIAN_POINT('',(0.974984355438,-0.9999988));
#3829 = CARTESIAN_POINT('',(0.974984355438,-1.65));
#3830 = ( GEOMETRIC_REPRESENTATION_CONTEXT(2) 
PARAMETRIC_REPRESENTATION_CONTEXT() REPRESENTATION_CONTEXT('2D SPACE',''
  ) );
#3831 = ORIENTED_EDGE('',*,*,#3832,.F.);
#3832 = EDGE_CURVE('',#3833,#3812,#3835,.T.);
#3833 = VERTEX_POINT('',#3834);
#3834 = CARTESIAN_POINT('',(-5.221553111909,-19.3063560285,3.5));
#3835 = SURFACE_CURVE('',#3836,(#3841,#3848),.PCURVE_S1.);
#3836 = CIRCLE('',#3837,20.);
#3837 = AXIS2_PLACEMENT_3D('',#3838,#3839,#3840);
#3838 = CARTESIAN_POINT('',(0.,0.,3.5));
#3839 = DIRECTION('',(0.,0.,-1.));
#3840 = DIRECTION('',(1.,0.,0.));
#3841 = PCURVE('',#136,#3842);
#3842 = DEFINITIONAL_REPRESENTATION('',(#3843),#3847);
#3843 = LINE('',#3844,#3845);
#3844 = CARTESIAN_POINT('',(-6.28318530718,0.5));
#3845 = VECTOR('',#3846,1.);
#3846 = DIRECTION('',(1.,-0.));
#3847 = ( GEOMETRIC_REPRESENTATION_CONTEXT(2) 
PARAMETRIC_REPRESENTATION_CONTEXT() REPRESENTATION_CONTEXT('2D SPACE',''
  ) );
#3848 = PCURVE('',#883,#3849);
#3849 = DEFINITIONAL_REPRESENTATION('',(#3850),#3858);
#3850 = ( BOUNDED_CURVE() B_SPLINE_CURVE(2,(#3851,#3852,#3853,#3854,
#3855,#3856,#3857),.UNSPECIFIED.,.T.,.F.) B_SPLINE_CURVE_WITH_KNOTS((1,2
    ,2,2,2,1),(-2.094395102393,0.,2.094395102393,4.188790204786,
6.28318530718,8.377580409573),.UNSPECIFIED.) CURVE() 
GEOMETRIC_REPRESENTATION_ITEM() RATIONAL_B_SPLINE_CURVE((1.,0.5,1.,0.5,
1.,0.5,1.)) REPRESENTATION_ITEM('') );
#3851 = CARTESIAN_POINT('',(-31.18033988749,19.021130325903));
#3852 = CARTESIAN_POINT('',(1.765224254354,29.725793019096));
#3853 = CARTESIAN_POINT('',(-5.437047985324,-4.158233816355));
#3854 = CARTESIAN_POINT('',(-12.639320225,-38.0422606518));
#3855 = CARTESIAN_POINT('',(-38.38261212717,-14.86289650954));
#3856 = CARTESIAN_POINT('',(-64.12590402935,8.31646763271));
#3857 = CARTESIAN_POINT('',(-31.18033988749,19.021130325903));
#3858 = ( GEOMETRIC_REPRESENTATION_CONTEXT(2) 
PARAMETRIC_REPRESENTATION_CONTEXT() REPRESENTATION_CONTEXT('2D SPACE',''
  ) );
#3859 = ORIENTED_EDGE('',*,*,#3860,.F.);
#3860 = EDGE_CURVE('',#3861,#3833,#3863,.T.);
#3861 = VERTEX_POINT('',#3862);
#3862 = CARTESIAN_POINT('',(-5.221553111909,-19.3063560285,4.));
#3863 = SURFACE_CURVE('',#3864,(#3868,#3874),.PCURVE_S1.);
#3864 = LINE('',#3865,#3866);
#3865 = CARTESIAN_POINT('',(-5.221553111909,-19.3063560285,4.));
#3866 = VECTOR('',#3867,1.);
#3867 = DIRECTION('',(-0.,-0.,-1.));
#3868 = PCURVE('',#136,#3869);
#3869 = DEFINITIONAL_REPRESENTATION('',(#3870),#3873);
#3870 = B_SPLINE_CURVE_WITH_KNOTS('',1,(#3871,#3872),.UNSPECIFIED.,.F.,
  .F.,(2,2),(-1.199999999812E-06,0.65),.PIECEWISE_BEZIER_KNOTS.);
#3871 = CARTESIAN_POINT('',(-4.448250571831,-1.199999999812E-06));
#3872 = CARTESIAN_POINT('',(-4.448250571831,0.65));
#3873 = ( GEOMETRIC_REPRESENTATION_CONTEXT(2) 
PARAMETRIC_REPRESENTATION_CONTEXT() REPRESENTATION_CONTEXT('2D SPACE',''
  ) );
#3874 = PCURVE('',#855,#3875);
#3875 = DEFINITIONAL_REPRESENTATION('',(#3876),#3879);
#3876 = B_SPLINE_CURVE_WITH_KNOTS('',1,(#3877,#3878),.UNSPECIFIED.,.F.,
  .F.,(2,2),(-1.199999999812E-06,0.65),.PIECEWISE_BEZIER_KNOTS.);
#3877 = CARTESIAN_POINT('',(11.025015644562,-0.9999988));
#3878 = CARTESIAN_POINT('',(11.025015644562,-1.65));
#3879 = ( GEOMETRIC_REPRESENTATION_CONTEXT(2) 
PARAMETRIC_REPRESENTATION_CONTEXT() REPRESENTATION_CONTEXT('2D SPACE',''
  ) );
#3880 = ORIENTED_EDGE('',*,*,#3881,.T.);
#3881 = EDGE_CURVE('',#3861,#3882,#3884,.T.);
#3882 = VERTEX_POINT('',#3883);
#3883 = CARTESIAN_POINT('',(-1.,-19.97498435543,4.));
#3884 = SURFACE_CURVE('',#3885,(#3890,#3897),.PCURVE_S1.);
#3885 = CIRCLE('',#3886,20.);
#3886 = AXIS2_PLACEMENT_3D('',#3887,#3888,#3889);
#3887 = CARTESIAN_POINT('',(0.,0.,4.));
#3888 = DIRECTION('',(0.,0.,1.));
#3889 = DIRECTION('',(1.,0.,-0.));
#3890 = PCURVE('',#136,#3891);
#3891 = DEFINITIONAL_REPRESENTATION('',(#3892),#3896);
#3892 = LINE('',#3893,#3894);
#3893 = CARTESIAN_POINT('',(-0.,0.));
#3894 = VECTOR('',#3895,1.);
#3895 = DIRECTION('',(-1.,0.));
#3896 = ( GEOMETRIC_REPRESENTATION_CONTEXT(2) 
PARAMETRIC_REPRESENTATION_CONTEXT() REPRESENTATION_CONTEXT('2D SPACE',''
  ) );
#3897 = PCURVE('',#828,#3898);
#3898 = DEFINITIONAL_REPRESENTATION('',(#3899),#3903);
#3899 = LINE('',#3900,#3901);
#3900 = CARTESIAN_POINT('',(0.,1.965587446495));
#3901 = VECTOR('',#3902,1.);
#3902 = DIRECTION('',(1.,0.));
#3903 = ( GEOMETRIC_REPRESENTATION_CONTEXT(2) 
PARAMETRIC_REPRESENTATION_CONTEXT() REPRESENTATION_CONTEXT('2D SPACE',''
  ) );
#3904 = ORIENTED_EDGE('',*,*,#3905,.T.);
#3905 = EDGE_CURVE('',#3882,#3906,#3908,.T.);
#3906 = VERTEX_POINT('',#3907);
#3907 = CARTESIAN_POINT('',(-1.,-19.97498435543,3.5));
#3908 = SURFACE_CURVE('',#3909,(#3913,#3919),.PCURVE_S1.);
#3909 = LINE('',#3910,#3911);
#3910 = CARTESIAN_POINT('',(-1.,-19.97498435543,4.));
#3911 = VECTOR('',#3912,1.);
#3912 = DIRECTION('',(-0.,-0.,-1.));
#3913 = PCURVE('',#136,#3914);
#3914 = DEFINITIONAL_REPRESENTATION('',(#3915),#3918);
#3915 = B_SPLINE_CURVE_WITH_KNOTS('',1,(#3916,#3917),.UNSPECIFIED.,.F.,
  .F.,(2,2),(-1.199999999812E-06,0.65),.PIECEWISE_BEZIER_KNOTS.);
#3916 = CARTESIAN_POINT('',(-4.662368123579,-1.199999999812E-06));
#3917 = CARTESIAN_POINT('',(-4.662368123579,0.65));
#3918 = ( GEOMETRIC_REPRESENTATION_CONTEXT(2) 
PARAMETRIC_REPRESENTATION_CONTEXT() REPRESENTATION_CONTEXT('2D SPACE',''
  ) );
#3919 = PCURVE('',#800,#3920);
#3920 = DEFINITIONAL_REPRESENTATION('',(#3921),#3924);
#3921 = B_SPLINE_CURVE_WITH_KNOTS('',1,(#3922,#3923),.UNSPECIFIED.,.F.,
  .F.,(2,2),(-1.199999999812E-06,0.65),.PIECEWISE_BEZIER_KNOTS.);
#3922 = CARTESIAN_POINT('',(0.974984355438,-0.9999988));
#3923 = CARTESIAN_POINT('',(0.974984355438,-1.65));
#3924 = ( GEOMETRIC_REPRESENTATION_CONTEXT(2) 
PARAMETRIC_REPRESENTATION_CONTEXT() REPRESENTATION_CONTEXT('2D SPACE',''
  ) );
#3925 = ORIENTED_EDGE('',*,*,#3926,.F.);
#3926 = EDGE_CURVE('',#3927,#3906,#3929,.T.);
#3927 = VERTEX_POINT('',#3928);
#3928 = CARTESIAN_POINT('',(1.,-19.97498435543,3.5));
#3929 = SURFACE_CURVE('',#3930,(#3935,#3942),.PCURVE_S1.);
#3930 = CIRCLE('',#3931,20.);
#3931 = AXIS2_PLACEMENT_3D('',#3932,#3933,#3934);
#3932 = CARTESIAN_POINT('',(0.,0.,3.5));
#3933 = DIRECTION('',(0.,0.,-1.));
#3934 = DIRECTION('',(1.,0.,0.));
#3935 = PCURVE('',#136,#3936);
#3936 = DEFINITIONAL_REPRESENTATION('',(#3937),#3941);
#3937 = LINE('',#3938,#3939);
#3938 = CARTESIAN_POINT('',(-6.28318530718,0.5));
#3939 = VECTOR('',#3940,1.);
#3940 = DIRECTION('',(1.,-0.));
#3941 = ( GEOMETRIC_REPRESENTATION_CONTEXT(2) 
PARAMETRIC_REPRESENTATION_CONTEXT() REPRESENTATION_CONTEXT('2D SPACE',''
  ) );
#3942 = PCURVE('',#773,#3943);
#3943 = DEFINITIONAL_REPRESENTATION('',(#3944),#3952);
#3944 = ( BOUNDED_CURVE() B_SPLINE_CURVE(2,(#3945,#3946,#3947,#3948,
#3949,#3950,#3951),.UNSPECIFIED.,.T.,.F.) B_SPLINE_CURVE_WITH_KNOTS((1,2
    ,2,2,2,1),(-2.094395102393,0.,2.094395102393,4.188790204786,
6.28318530718,8.377580409573),.UNSPECIFIED.) CURVE() 
GEOMETRIC_REPRESENTATION_ITEM() RATIONAL_B_SPLINE_CURVE((1.,0.5,1.,0.5,
1.,0.5,1.)) REPRESENTATION_ITEM('') );
#3945 = CARTESIAN_POINT('',(-25.,20.));
#3946 = CARTESIAN_POINT('',(9.641016151378,20.));
#3947 = CARTESIAN_POINT('',(-7.679491924311,-10.));
#3948 = CARTESIAN_POINT('',(-25.,-40.));
#3949 = CARTESIAN_POINT('',(-42.32050807568,-10.));
#3950 = CARTESIAN_POINT('',(-59.64101615137,20.));
#3951 = CARTESIAN_POINT('',(-25.,20.));
#3952 = ( GEOMETRIC_REPRESENTATION_CONTEXT(2) 
PARAMETRIC_REPRESENTATION_CONTEXT() REPRESENTATION_CONTEXT('2D SPACE',''
  ) );
#3953 = ORIENTED_EDGE('',*,*,#3954,.F.);
#3954 = EDGE_CURVE('',#3955,#3927,#3957,.T.);
#3955 = VERTEX_POINT('',#3956);
#3956 = CARTESIAN_POINT('',(1.,-19.97498435543,4.));
#3957 = SURFACE_CURVE('',#3958,(#3962,#3968),.PCURVE_S1.);
#3958 = LINE('',#3959,#3960);
#3959 = CARTESIAN_POINT('',(1.,-19.97498435543,4.));
#3960 = VECTOR('',#3961,1.);
#3961 = DIRECTION('',(-0.,-0.,-1.));
#3962 = PCURVE('',#136,#3963);
#3963 = DEFINITIONAL_REPRESENTATION('',(#3964),#3967);
#3964 = B_SPLINE_CURVE_WITH_KNOTS('',1,(#3965,#3966),.UNSPECIFIED.,.F.,
  .F.,(2,2),(-1.199999999812E-06,0.65),.PIECEWISE_BEZIER_KNOTS.);
#3965 = CARTESIAN_POINT('',(-4.76240983719,-1.199999999812E-06));
#3966 = CARTESIAN_POINT('',(-4.76240983719,0.65));
#3967 = ( GEOMETRIC_REPRESENTATION_CONTEXT(2) 
PARAMETRIC_REPRESENTATION_CONTEXT() REPRESENTATION_CONTEXT('2D SPACE',''
  ) );
#3968 = PCURVE('',#745,#3969);
#3969 = DEFINITIONAL_REPRESENTATION('',(#3970),#3973);
#3970 = B_SPLINE_CURVE_WITH_KNOTS('',1,(#3971,#3972),.UNSPECIFIED.,.F.,
  .F.,(2,2),(-1.199999999812E-06,0.65),.PIECEWISE_BEZIER_KNOTS.);
#3971 = CARTESIAN_POINT('',(11.025015644562,-0.9999988));
#3972 = CARTESIAN_POINT('',(11.025015644562,-1.65));
#3973 = ( GEOMETRIC_REPRESENTATION_CONTEXT(2) 
PARAMETRIC_REPRESENTATION_CONTEXT() REPRESENTATION_CONTEXT('2D SPACE',''
  ) );
#3974 = ORIENTED_EDGE('',*,*,#3975,.T.);
#3975 = EDGE_CURVE('',#3955,#3976,#3978,.T.);
#3976 = VERTEX_POINT('',#3977);
#3977 = CARTESIAN_POINT('',(5.221553111909,-19.3063560285,4.));
#3978 = SURFACE_CURVE('',#3979,(#3984,#3991),.PCURVE_S1.);
#3979 = CIRCLE('',#3980,20.);
#3980 = AXIS2_PLACEMENT_3D('',#3981,#3982,#3983);
#3981 = CARTESIAN_POINT('',(0.,0.,4.));
#3982 = DIRECTION('',(0.,0.,1.));
#3983 = DIRECTION('',(1.,0.,-0.));
#3984 = PCURVE('',#136,#3985);
#3985 = DEFINITIONAL_REPRESENTATION('',(#3986),#3990);
#3986 = LINE('',#3987,#3988);
#3987 = CARTESIAN_POINT('',(-0.,0.));
#3988 = VECTOR('',#3989,1.);
#3989 = DIRECTION('',(-1.,0.));
#3990 = ( GEOMETRIC_REPRESENTATION_CONTEXT(2) 
PARAMETRIC_REPRESENTATION_CONTEXT() REPRESENTATION_CONTEXT('2D SPACE',''
  ) );
#3991 = PCURVE('',#718,#3992);
#3992 = DEFINITIONAL_REPRESENTATION('',(#3993),#3997);
#3993 = LINE('',#3994,#3995);
#3994 = CARTESIAN_POINT('',(0.,1.965587446495));
#3995 = VECTOR('',#3996,1.);
#3996 = DIRECTION('',(1.,0.));
#3997 = ( GEOMETRIC_REPRESENTATION_CONTEXT(2) 
PARAMETRIC_REPRESENTATION_CONTEXT() REPRESENTATION_CONTEXT('2D SPACE',''
  ) );
#3998 = ORIENTED_EDGE('',*,*,#3999,.T.);
#3999 = EDGE_CURVE('',#3976,#4000,#4002,.T.);
#4000 = VERTEX_POINT('',#4001);
#4001 = CARTESIAN_POINT('',(5.221553111909,-19.3063560285,3.5));
#4002 = SURFACE_CURVE('',#4003,(#4007,#4013),.PCURVE_S1.);
#4003 = LINE('',#4004,#4005);
#4004 = CARTESIAN_POINT('',(5.221553111909,-19.3063560285,4.));
#4005 = VECTOR('',#4006,1.);
#4006 = DIRECTION('',(-0.,-0.,-1.));
#4007 = PCURVE('',#136,#4008);
#4008 = DEFINITIONAL_REPRESENTATION('',(#4009),#4012);
#4009 = B_SPLINE_CURVE_WITH_KNOTS('',1,(#4010,#4011),.UNSPECIFIED.,.F.,
  .F.,(2,2),(-1.199999999812E-06,0.65),.PIECEWISE_BEZIER_KNOTS.);
#4010 = CARTESIAN_POINT('',(-4.976527388938,-1.199999999812E-06));
#4011 = CARTESIAN_POINT('',(-4.976527388938,0.65));
#4012 = ( GEOMETRIC_REPRESENTATION_CONTEXT(2) 
PARAMETRIC_REPRESENTATION_CONTEXT() REPRESENTATION_CONTEXT('2D SPACE',''
  ) );
#4013 = PCURVE('',#690,#4014);
#4014 = DEFINITIONAL_REPRESENTATION('',(#4015),#4018);
#4015 = B_SPLINE_CURVE_WITH_KNOTS('',1,(#4016,#4017),.UNSPECIFIED.,.F.,
  .F.,(2,2),(-1.199999999812E-06,0.65),.PIECEWISE_BEZIER_KNOTS.);
#4016 = CARTESIAN_POINT('',(0.974984355438,-0.9999988));
#4017 = CARTESIAN_POINT('',(0.974984355438,-1.65));
#4018 = ( GEOMETRIC_REPRESENTATION_CONTEXT(2) 
PARAMETRIC_REPRESENTATION_CONTEXT() REPRESENTATION_CONTEXT('2D SPACE',''
  ) );
#4019 = ORIENTED_EDGE('',*,*,#4020,.F.);
#4020 = EDGE_CURVE('',#4021,#4000,#4023,.T.);
#4021 = VERTEX_POINT('',#4022);
#4022 = CARTESIAN_POINT('',(7.123666144499,-18.68832203975,3.5));
#4023 = SURFACE_CURVE('',#4024,(#4029,#4036),.PCURVE_S1.);
#4024 = CIRCLE('',#4025,20.);
#4025 = AXIS2_PLACEMENT_3D('',#4026,#4027,#4028);
#4026 = CARTESIAN_POINT('',(0.,0.,3.5));
#4027 = DIRECTION('',(0.,0.,-1.));
#4028 = DIRECTION('',(1.,0.,0.));
#4029 = PCURVE('',#136,#4030);
#4030 = DEFINITIONAL_REPRESENTATION('',(#4031),#4035);
#4031 = LINE('',#4032,#4033);
#4032 = CARTESIAN_POINT('',(-6.28318530718,0.5));
#4033 = VECTOR('',#4034,1.);
#4034 = DIRECTION('',(1.,-0.));
#4035 = ( GEOMETRIC_REPRESENTATION_CONTEXT(2) 
PARAMETRIC_REPRESENTATION_CONTEXT() REPRESENTATION_CONTEXT('2D SPACE',''
  ) );
#4036 = PCURVE('',#663,#4037);
#4037 = DEFINITIONAL_REPRESENTATION('',(#4038),#4046);
#4038 = ( BOUNDED_CURVE() B_SPLINE_CURVE(2,(#4039,#4040,#4041,#4042,
#4043,#4044,#4045),.UNSPECIFIED.,.T.,.F.) B_SPLINE_CURVE_WITH_KNOTS((1,2
    ,2,2,2,1),(-2.094395102393,0.,2.094395102393,4.188790204786,
6.28318530718,8.377580409573),.UNSPECIFIED.) CURVE() 
GEOMETRIC_REPRESENTATION_ITEM() RATIONAL_B_SPLINE_CURVE((1.,0.5,1.,0.5,
1.,0.5,1.)) REPRESENTATION_ITEM('') );
#4039 = CARTESIAN_POINT('',(-18.8196601125,19.021130325903));
#4040 = CARTESIAN_POINT('',(14.125904029352,8.31646763271));
#4041 = CARTESIAN_POINT('',(-11.61738787282,-14.86289650954));
#4042 = CARTESIAN_POINT('',(-37.36067977499,-38.0422606518));
#4043 = CARTESIAN_POINT('',(-44.56295201467,-4.158233816355));
#4044 = CARTESIAN_POINT('',(-51.76522425435,29.725793019096));
#4045 = CARTESIAN_POINT('',(-18.8196601125,19.021130325903));
#4046 = ( GEOMETRIC_REPRESENTATION_CONTEXT(2) 
PARAMETRIC_REPRESENTATION_CONTEXT() REPRESENTATION_CONTEXT('2D SPACE',''
  ) );
#4047 = ORIENTED_EDGE('',*,*,#4048,.F.);
#4048 = EDGE_CURVE('',#4049,#4021,#4051,.T.);
#4049 = VERTEX_POINT('',#4050);
#4050 = CARTESIAN_POINT('',(7.123666144499,-18.68832203975,4.));
#4051 = SURFACE_CURVE('',#4052,(#4056,#4062),.PCURVE_S1.);
#4052 = LINE('',#4053,#4054);
#4053 = CARTESIAN_POINT('',(7.123666144499,-18.68832203975,4.));
#4054 = VECTOR('',#4055,1.);
#4055 = DIRECTION('',(-0.,-0.,-1.));
#4056 = PCURVE('',#136,#4057);
#4057 = DEFINITIONAL_REPRESENTATION('',(#4058),#4061);
#4058 = B_SPLINE_CURVE_WITH_KNOTS('',1,(#4059,#4060),.UNSPECIFIED.,.F.,
  .F.,(2,2),(-1.199999999812E-06,0.65),.PIECEWISE_BEZIER_KNOTS.);
#4059 = CARTESIAN_POINT('',(-5.076569102549,-1.199999999812E-06));
#4060 = CARTESIAN_POINT('',(-5.076569102549,0.65));
#4061 = ( GEOMETRIC_REPRESENTATION_CONTEXT(2) 
PARAMETRIC_REPRESENTATION_CONTEXT() REPRESENTATION_CONTEXT('2D SPACE',''
  ) );
#4062 = PCURVE('',#635,#4063);
#4063 = DEFINITIONAL_REPRESENTATION('',(#4064),#4067);
#4064 = B_SPLINE_CURVE_WITH_KNOTS('',1,(#4065,#4066),.UNSPECIFIED.,.F.,
  .F.,(2,2),(-1.199999999812E-06,0.65),.PIECEWISE_BEZIER_KNOTS.);
#4065 = CARTESIAN_POINT('',(11.025015644562,-0.9999988));
#4066 = CARTESIAN_POINT('',(11.025015644562,-1.65));
#4067 = ( GEOMETRIC_REPRESENTATION_CONTEXT(2) 
PARAMETRIC_REPRESENTATION_CONTEXT() REPRESENTATION_CONTEXT('2D SPACE',''
  ) );
#4068 = ORIENTED_EDGE('',*,*,#4069,.T.);
#4069 = EDGE_CURVE('',#4049,#4070,#4072,.T.);
#4070 = VERTEX_POINT('',#4071);
#4071 = CARTESIAN_POINT('',(10.931984224524,-16.74788705821,4.));
#4072 = SURFACE_CURVE('',#4073,(#4078,#4085),.PCURVE_S1.);
#4073 = CIRCLE('',#4074,20.);
#4074 = AXIS2_PLACEMENT_3D('',#4075,#4076,#4077);
#4075 = CARTESIAN_POINT('',(0.,0.,4.));
#4076 = DIRECTION('',(0.,0.,1.));
#4077 = DIRECTION('',(1.,0.,-0.));
#4078 = PCURVE('',#136,#4079);
#4079 = DEFINITIONAL_REPRESENTATION('',(#4080),#4084);
#4080 = LINE('',#4081,#4082);
#4081 = CARTESIAN_POINT('',(-0.,0.));
#4082 = VECTOR('',#4083,1.);
#4083 = DIRECTION('',(-1.,0.));
#4084 = ( GEOMETRIC_REPRESENTATION_CONTEXT(2) 
PARAMETRIC_REPRESENTATION_CONTEXT() REPRESENTATION_CONTEXT('2D SPACE',''
  ) );
#4085 = PCURVE('',#608,#4086);
#4086 = DEFINITIONAL_REPRESENTATION('',(#4087),#4091);
#4087 = LINE('',#4088,#4089);
#4088 = CARTESIAN_POINT('',(0.,1.965587446495));
#4089 = VECTOR('',#4090,1.);
#4090 = DIRECTION('',(1.,0.));
#4091 = ( GEOMETRIC_REPRESENTATION_CONTEXT(2) 
PARAMETRIC_REPRESENTATION_CONTEXT() REPRESENTATION_CONTEXT('2D SPACE',''
  ) );
#4092 = ORIENTED_EDGE('',*,*,#4093,.T.);
#4093 = EDGE_CURVE('',#4070,#4094,#4096,.T.);
#4094 = VERTEX_POINT('',#4095);
#4095 = CARTESIAN_POINT('',(10.931984224524,-16.74788705821,3.5));
#4096 = SURFACE_CURVE('',#4097,(#4101,#4107),.PCURVE_S1.);
#4097 = LINE('',#4098,#4099);
#4098 = CARTESIAN_POINT('',(10.931984224524,-16.74788705821,4.));
#4099 = VECTOR('',#4100,1.);
#4100 = DIRECTION('',(-0.,-0.,-1.));
#4101 = PCURVE('',#136,#4102);
#4102 = DEFINITIONAL_REPRESENTATION('',(#4103),#4106);
#4103 = B_SPLINE_CURVE_WITH_KNOTS('',1,(#4104,#4105),.UNSPECIFIED.,.F.,
  .F.,(2,2),(-1.199999999812E-06,0.65),.PIECEWISE_BEZIER_KNOTS.);
#4104 = CARTESIAN_POINT('',(-5.290686654297,-1.199999999812E-06));
#4105 = CARTESIAN_POINT('',(-5.290686654297,0.65));
#4106 = ( GEOMETRIC_REPRESENTATION_CONTEXT(2) 
PARAMETRIC_REPRESENTATION_CONTEXT() REPRESENTATION_CONTEXT('2D SPACE',''
  ) );
#4107 = PCURVE('',#580,#4108);
#4108 = DEFINITIONAL_REPRESENTATION('',(#4109),#4112);
#4109 = B_SPLINE_CURVE_WITH_KNOTS('',1,(#4110,#4111),.UNSPECIFIED.,.F.,
  .F.,(2,2),(-1.199999999812E-06,0.65),.PIECEWISE_BEZIER_KNOTS.);
#4110 = CARTESIAN_POINT('',(0.974984355438,-0.9999988));
#4111 = CARTESIAN_POINT('',(0.974984355438,-1.65));
#4112 = ( GEOMETRIC_REPRESENTATION_CONTEXT(2) 
PARAMETRIC_REPRESENTATION_CONTEXT() REPRESENTATION_CONTEXT('2D SPACE',''
  ) );
#4113 = ORIENTED_EDGE('',*,*,#4114,.F.);
#4114 = EDGE_CURVE('',#4115,#4094,#4117,.T.);
#4115 = VERTEX_POINT('',#4116);
#4116 = CARTESIAN_POINT('',(12.550018213274,-15.57231655363,3.5));
#4117 = SURFACE_CURVE('',#4118,(#4123,#4130),.PCURVE_S1.);
#4118 = CIRCLE('',#4119,20.);
#4119 = AXIS2_PLACEMENT_3D('',#4120,#4121,#4122);
#4120 = CARTESIAN_POINT('',(0.,0.,3.5));
#4121 = DIRECTION('',(0.,0.,-1.));
#4122 = DIRECTION('',(1.,0.,0.));
#4123 = PCURVE('',#136,#4124);
#4124 = DEFINITIONAL_REPRESENTATION('',(#4125),#4129);
#4125 = LINE('',#4126,#4127);
#4126 = CARTESIAN_POINT('',(-6.28318530718,0.5));
#4127 = VECTOR('',#4128,1.);
#4128 = DIRECTION('',(1.,-0.));
#4129 = ( GEOMETRIC_REPRESENTATION_CONTEXT(2) 
PARAMETRIC_REPRESENTATION_CONTEXT() REPRESENTATION_CONTEXT('2D SPACE',''
  ) );
#4130 = PCURVE('',#553,#4131);
#4131 = DEFINITIONAL_REPRESENTATION('',(#4132),#4140);
#4132 = ( BOUNDED_CURVE() B_SPLINE_CURVE(2,(#4133,#4134,#4135,#4136,
#4137,#4138,#4139),.UNSPECIFIED.,.T.,.F.) B_SPLINE_CURVE_WITH_KNOTS((1,2
    ,2,2,2,1),(-2.094395102393,0.,2.094395102393,4.188790204786,
6.28318530718,8.377580409573),.UNSPECIFIED.) CURVE() 
GEOMETRIC_REPRESENTATION_ITEM() RATIONAL_B_SPLINE_CURVE((1.,0.5,1.,0.5,
1.,0.5,1.)) REPRESENTATION_ITEM('') );
#4133 = CARTESIAN_POINT('',(-13.24429495415,16.180339887499));
#4134 = CARTESIAN_POINT('',(14.780875814731,-4.181138530706));
#4135 = CARTESIAN_POINT('',(-16.86526713848,-18.27090915285));
#4136 = CARTESIAN_POINT('',(-48.51141009169,-32.36067977499));
#4137 = CARTESIAN_POINT('',(-44.89043790736,2.090569265353));
#4138 = CARTESIAN_POINT('',(-41.26946572303,36.541818305704));
#4139 = CARTESIAN_POINT('',(-13.24429495415,16.180339887499));
#4140 = ( GEOMETRIC_REPRESENTATION_CONTEXT(2) 
PARAMETRIC_REPRESENTATION_CONTEXT() REPRESENTATION_CONTEXT('2D SPACE',''
  ) );
#4141 = ORIENTED_EDGE('',*,*,#4142,.F.);
#4142 = EDGE_CURVE('',#4143,#4115,#4145,.T.);
#4143 = VERTEX_POINT('',#4144);
#4144 = CARTESIAN_POINT('',(12.550018213274,-15.57231655363,4.));
#4145 = SURFACE_CURVE('',#4146,(#4150,#4156),.PCURVE_S1.);
#4146 = LINE('',#4147,#4148);
#4147 = CARTESIAN_POINT('',(12.550018213274,-15.57231655363,4.));
#4148 = VECTOR('',#4149,1.);
#4149 = DIRECTION('',(-0.,-0.,-1.));
#4150 = PCURVE('',#136,#4151);
#4151 = DEFINITIONAL_REPRESENTATION('',(#4152),#4155);
#4152 = B_SPLINE_CURVE_WITH_KNOTS('',1,(#4153,#4154),.UNSPECIFIED.,.F.,
  .F.,(2,2),(-1.199999999812E-06,0.65),.PIECEWISE_BEZIER_KNOTS.);
#4153 = CARTESIAN_POINT('',(-5.390728367908,-1.199999999812E-06));
#4154 = CARTESIAN_POINT('',(-5.390728367908,0.65));
#4155 = ( GEOMETRIC_REPRESENTATION_CONTEXT(2) 
PARAMETRIC_REPRESENTATION_CONTEXT() REPRESENTATION_CONTEXT('2D SPACE',''
  ) );
#4156 = PCURVE('',#525,#4157);
#4157 = DEFINITIONAL_REPRESENTATION('',(#4158),#4161);
#4158 = B_SPLINE_CURVE_WITH_KNOTS('',1,(#4159,#4160),.UNSPECIFIED.,.F.,
  .F.,(2,2),(-1.199999999812E-06,0.65),.PIECEWISE_BEZIER_KNOTS.);
#4159 = CARTESIAN_POINT('',(11.025015644562,-0.9999988));
#4160 = CARTESIAN_POINT('',(11.025015644562,-1.65));
#4161 = ( GEOMETRIC_REPRESENTATION_CONTEXT(2) 
PARAMETRIC_REPRESENTATION_CONTEXT() REPRESENTATION_CONTEXT('2D SPACE',''
  ) );
#4162 = ORIENTED_EDGE('',*,*,#4163,.T.);
#4163 = EDGE_CURVE('',#4143,#4164,#4166,.T.);
#4164 = VERTEX_POINT('',#4165);
#4165 = CARTESIAN_POINT('',(15.572316553631,-12.55001821327,4.));
#4166 = SURFACE_CURVE('',#4167,(#4172,#4179),.PCURVE_S1.);
#4167 = CIRCLE('',#4168,20.);
#4168 = AXIS2_PLACEMENT_3D('',#4169,#4170,#4171);
#4169 = CARTESIAN_POINT('',(0.,0.,4.));
#4170 = DIRECTION('',(0.,0.,1.));
#4171 = DIRECTION('',(1.,0.,-0.));
#4172 = PCURVE('',#136,#4173);
#4173 = DEFINITIONAL_REPRESENTATION('',(#4174),#4178);
#4174 = LINE('',#4175,#4176);
#4175 = CARTESIAN_POINT('',(-0.,0.));
#4176 = VECTOR('',#4177,1.);
#4177 = DIRECTION('',(-1.,0.));
#4178 = ( GEOMETRIC_REPRESENTATION_CONTEXT(2) 
PARAMETRIC_REPRESENTATION_CONTEXT() REPRESENTATION_CONTEXT('2D SPACE',''
  ) );
#4179 = PCURVE('',#498,#4180);
#4180 = DEFINITIONAL_REPRESENTATION('',(#4181),#4185);
#4181 = LINE('',#4182,#4183);
#4182 = CARTESIAN_POINT('',(0.,1.965587446495));
#4183 = VECTOR('',#4184,1.);
#4184 = DIRECTION('',(1.,0.));
#4185 = ( GEOMETRIC_REPRESENTATION_CONTEXT(2) 
PARAMETRIC_REPRESENTATION_CONTEXT() REPRESENTATION_CONTEXT('2D SPACE',''
  ) );
#4186 = ORIENTED_EDGE('',*,*,#4187,.T.);
#4187 = EDGE_CURVE('',#4164,#4188,#4190,.T.);
#4188 = VERTEX_POINT('',#4189);
#4189 = CARTESIAN_POINT('',(15.572316553631,-12.55001821327,3.5));
#4190 = SURFACE_CURVE('',#4191,(#4195,#4201),.PCURVE_S1.);
#4191 = LINE('',#4192,#4193);
#4192 = CARTESIAN_POINT('',(15.572316553631,-12.55001821327,4.));
#4193 = VECTOR('',#4194,1.);
#4194 = DIRECTION('',(-0.,-0.,-1.));
#4195 = PCURVE('',#136,#4196);
#4196 = DEFINITIONAL_REPRESENTATION('',(#4197),#4200);
#4197 = B_SPLINE_CURVE_WITH_KNOTS('',1,(#4198,#4199),.UNSPECIFIED.,.F.,
  .F.,(2,2),(-1.199999999812E-06,0.65),.PIECEWISE_BEZIER_KNOTS.);
#4198 = CARTESIAN_POINT('',(-5.604845919656,-1.199999999812E-06));
#4199 = CARTESIAN_POINT('',(-5.604845919656,0.65));
#4200 = ( GEOMETRIC_REPRESENTATION_CONTEXT(2) 
PARAMETRIC_REPRESENTATION_CONTEXT() REPRESENTATION_CONTEXT('2D SPACE',''
  ) );
#4201 = PCURVE('',#470,#4202);
#4202 = DEFINITIONAL_REPRESENTATION('',(#4203),#4206);
#4203 = B_SPLINE_CURVE_WITH_KNOTS('',1,(#4204,#4205),.UNSPECIFIED.,.F.,
  .F.,(2,2),(-1.199999999812E-06,0.65),.PIECEWISE_BEZIER_KNOTS.);
#4204 = CARTESIAN_POINT('',(0.974984355438,-0.9999988));
#4205 = CARTESIAN_POINT('',(0.974984355438,-1.65));
#4206 = ( GEOMETRIC_REPRESENTATION_CONTEXT(2) 
PARAMETRIC_REPRESENTATION_CONTEXT() REPRESENTATION_CONTEXT('2D SPACE',''
  ) );
#4207 = ORIENTED_EDGE('',*,*,#4208,.F.);
#4208 = EDGE_CURVE('',#4209,#4188,#4211,.T.);
#4209 = VERTEX_POINT('',#4210);
#4210 = CARTESIAN_POINT('',(16.747887058216,-10.93198422452,3.5));
#4211 = SURFACE_CURVE('',#4212,(#4217,#4224),.PCURVE_S1.);
#4212 = CIRCLE('',#4213,20.);
#4213 = AXIS2_PLACEMENT_3D('',#4214,#4215,#4216);
#4214 = CARTESIAN_POINT('',(0.,0.,3.5));
#4215 = DIRECTION('',(0.,0.,-1.));
#4216 = DIRECTION('',(1.,0.,0.));
#4217 = PCURVE('',#136,#4218);
#4218 = DEFINITIONAL_REPRESENTATION('',(#4219),#4223);
#4219 = LINE('',#4220,#4221);
#4220 = CARTESIAN_POINT('',(-6.28318530718,0.5));
#4221 = VECTOR('',#4222,1.);
#4222 = DIRECTION('',(1.,-0.));
#4223 = ( GEOMETRIC_REPRESENTATION_CONTEXT(2) 
PARAMETRIC_REPRESENTATION_CONTEXT() REPRESENTATION_CONTEXT('2D SPACE',''
  ) );
#4224 = PCURVE('',#443,#4225);
#4225 = DEFINITIONAL_REPRESENTATION('',(#4226),#4234);
#4226 = ( BOUNDED_CURVE() B_SPLINE_CURVE(2,(#4227,#4228,#4229,#4230,
#4231,#4232,#4233),.UNSPECIFIED.,.T.,.F.) B_SPLINE_CURVE_WITH_KNOTS((1,2
    ,2,2,2,1),(-2.094395102393,0.,2.094395102393,4.188790204786,
6.28318530718,8.377580409573),.UNSPECIFIED.) CURVE() 
GEOMETRIC_REPRESENTATION_ITEM() RATIONAL_B_SPLINE_CURVE((1.,0.5,1.,0.5,
1.,0.5,1.)) REPRESENTATION_ITEM('') );
#4227 = CARTESIAN_POINT('',(-8.819660112501,11.755705045849));
#4228 = CARTESIAN_POINT('',(11.541818305704,-16.26946572303));
#4229 = CARTESIAN_POINT('',(-22.90943073464,-19.89043790736));
#4230 = CARTESIAN_POINT('',(-57.36067977499,-23.51141009169));
#4231 = CARTESIAN_POINT('',(-43.27090915285,8.134732861516));
#4232 = CARTESIAN_POINT('',(-29.1811385307,39.780875814731));
#4233 = CARTESIAN_POINT('',(-8.819660112501,11.755705045849));
#4234 = ( GEOMETRIC_REPRESENTATION_CONTEXT(2) 
PARAMETRIC_REPRESENTATION_CONTEXT() REPRESENTATION_CONTEXT('2D SPACE',''
  ) );
#4235 = ORIENTED_EDGE('',*,*,#4236,.F.);
#4236 = EDGE_CURVE('',#4237,#4209,#4239,.T.);
#4237 = VERTEX_POINT('',#4238);
#4238 = CARTESIAN_POINT('',(16.747887058216,-10.93198422452,4.));
#4239 = SURFACE_CURVE('',#4240,(#4244,#4250),.PCURVE_S1.);
#4240 = LINE('',#4241,#4242);
#4241 = CARTESIAN_POINT('',(16.747887058216,-10.93198422452,4.));
#4242 = VECTOR('',#4243,1.);
#4243 = DIRECTION('',(-0.,-0.,-1.));
#4244 = PCURVE('',#136,#4245);
#4245 = DEFINITIONAL_REPRESENTATION('',(#4246),#4249);
#4246 = B_SPLINE_CURVE_WITH_KNOTS('',1,(#4247,#4248),.UNSPECIFIED.,.F.,
  .F.,(2,2),(-1.199999999812E-06,0.65),.PIECEWISE_BEZIER_KNOTS.);
#4247 = CARTESIAN_POINT('',(-5.704887633267,-1.199999999812E-06));
#4248 = CARTESIAN_POINT('',(-5.704887633267,0.65));
#4249 = ( GEOMETRIC_REPRESENTATION_CONTEXT(2) 
PARAMETRIC_REPRESENTATION_CONTEXT() REPRESENTATION_CONTEXT('2D SPACE',''
  ) );
#4250 = PCURVE('',#415,#4251);
#4251 = DEFINITIONAL_REPRESENTATION('',(#4252),#4255);
#4252 = B_SPLINE_CURVE_WITH_KNOTS('',1,(#4253,#4254),.UNSPECIFIED.,.F.,
  .F.,(2,2),(-1.199999999812E-06,0.65),.PIECEWISE_BEZIER_KNOTS.);
#4253 = CARTESIAN_POINT('',(11.025015644562,-0.9999988));
#4254 = CARTESIAN_POINT('',(11.025015644562,-1.65));
#4255 = ( GEOMETRIC_REPRESENTATION_CONTEXT(2) 
PARAMETRIC_REPRESENTATION_CONTEXT() REPRESENTATION_CONTEXT('2D SPACE',''
  ) );
#4256 = ORIENTED_EDGE('',*,*,#4257,.T.);
#4257 = EDGE_CURVE('',#4237,#4258,#4260,.T.);
#4258 = VERTEX_POINT('',#4259);
#4259 = CARTESIAN_POINT('',(18.688322039758,-7.123666144499,4.));
#4260 = SURFACE_CURVE('',#4261,(#4266,#4273),.PCURVE_S1.);
#4261 = CIRCLE('',#4262,20.);
#4262 = AXIS2_PLACEMENT_3D('',#4263,#4264,#4265);
#4263 = CARTESIAN_POINT('',(0.,0.,4.));
#4264 = DIRECTION('',(0.,0.,1.));
#4265 = DIRECTION('',(1.,0.,-0.));
#4266 = PCURVE('',#136,#4267);
#4267 = DEFINITIONAL_REPRESENTATION('',(#4268),#4272);
#4268 = LINE('',#4269,#4270);
#4269 = CARTESIAN_POINT('',(-0.,0.));
#4270 = VECTOR('',#4271,1.);
#4271 = DIRECTION('',(-1.,0.));
#4272 = ( GEOMETRIC_REPRESENTATION_CONTEXT(2) 
PARAMETRIC_REPRESENTATION_CONTEXT() REPRESENTATION_CONTEXT('2D SPACE',''
  ) );
#4273 = PCURVE('',#388,#4274);
#4274 = DEFINITIONAL_REPRESENTATION('',(#4275),#4279);
#4275 = LINE('',#4276,#4277);
#4276 = CARTESIAN_POINT('',(0.,1.965587446495));
#4277 = VECTOR('',#4278,1.);
#4278 = DIRECTION('',(1.,0.));
#4279 = ( GEOMETRIC_REPRESENTATION_CONTEXT(2) 
PARAMETRIC_REPRESENTATION_CONTEXT() REPRESENTATION_CONTEXT('2D SPACE',''
  ) );
#4280 = ORIENTED_EDGE('',*,*,#4281,.T.);
#4281 = EDGE_CURVE('',#4258,#4282,#4284,.T.);
#4282 = VERTEX_POINT('',#4283);
#4283 = CARTESIAN_POINT('',(18.688322039758,-7.123666144499,3.5));
#4284 = SURFACE_CURVE('',#4285,(#4289,#4295),.PCURVE_S1.);
#4285 = LINE('',#4286,#4287);
#4286 = CARTESIAN_POINT('',(18.688322039758,-7.123666144499,4.));
#4287 = VECTOR('',#4288,1.);
#4288 = DIRECTION('',(-0.,-0.,-1.));
#4289 = PCURVE('',#136,#4290);
#4290 = DEFINITIONAL_REPRESENTATION('',(#4291),#4294);
#4291 = B_SPLINE_CURVE_WITH_KNOTS('',1,(#4292,#4293),.UNSPECIFIED.,.F.,
  .F.,(2,2),(-1.199999999812E-06,0.65),.PIECEWISE_BEZIER_KNOTS.);
#4292 = CARTESIAN_POINT('',(-5.919005185015,-1.199999999812E-06));
#4293 = CARTESIAN_POINT('',(-5.919005185015,0.65));
#4294 = ( GEOMETRIC_REPRESENTATION_CONTEXT(2) 
PARAMETRIC_REPRESENTATION_CONTEXT() REPRESENTATION_CONTEXT('2D SPACE',''
  ) );
#4295 = PCURVE('',#360,#4296);
#4296 = DEFINITIONAL_REPRESENTATION('',(#4297),#4300);
#4297 = B_SPLINE_CURVE_WITH_KNOTS('',1,(#4298,#4299),.UNSPECIFIED.,.F.,
  .F.,(2,2),(-1.199999999812E-06,0.65),.PIECEWISE_BEZIER_KNOTS.);
#4298 = CARTESIAN_POINT('',(0.974984355438,-0.9999988));
#4299 = CARTESIAN_POINT('',(0.974984355438,-1.65));
#4300 = ( GEOMETRIC_REPRESENTATION_CONTEXT(2) 
PARAMETRIC_REPRESENTATION_CONTEXT() REPRESENTATION_CONTEXT('2D SPACE',''
  ) );
#4301 = ORIENTED_EDGE('',*,*,#4302,.F.);
#4302 = EDGE_CURVE('',#4303,#4282,#4305,.T.);
#4303 = VERTEX_POINT('',#4304);
#4304 = CARTESIAN_POINT('',(19.306356028508,-5.221553111909,3.5));
#4305 = SURFACE_CURVE('',#4306,(#4311,#4318),.PCURVE_S1.);
#4306 = CIRCLE('',#4307,20.);
#4307 = AXIS2_PLACEMENT_3D('',#4308,#4309,#4310);
#4308 = CARTESIAN_POINT('',(0.,0.,3.5));
#4309 = DIRECTION('',(0.,0.,-1.));
#4310 = DIRECTION('',(1.,0.,0.));
#4311 = PCURVE('',#136,#4312);
#4312 = DEFINITIONAL_REPRESENTATION('',(#4313),#4317);
#4313 = LINE('',#4314,#4315);
#4314 = CARTESIAN_POINT('',(-6.28318530718,0.5));
#4315 = VECTOR('',#4316,1.);
#4316 = DIRECTION('',(1.,-0.));
#4317 = ( GEOMETRIC_REPRESENTATION_CONTEXT(2) 
PARAMETRIC_REPRESENTATION_CONTEXT() REPRESENTATION_CONTEXT('2D SPACE',''
  ) );
#4318 = PCURVE('',#333,#4319);
#4319 = DEFINITIONAL_REPRESENTATION('',(#4320),#4328);
#4320 = ( BOUNDED_CURVE() B_SPLINE_CURVE(2,(#4321,#4322,#4323,#4324,
#4325,#4326,#4327),.UNSPECIFIED.,.T.,.F.) B_SPLINE_CURVE_WITH_KNOTS((1,2
    ,2,2,2,1),(-2.094395102393,0.,2.094395102393,4.188790204786,
6.28318530718,8.377580409573),.UNSPECIFIED.) CURVE() 
GEOMETRIC_REPRESENTATION_ITEM() RATIONAL_B_SPLINE_CURVE((1.,0.5,1.,0.5,
1.,0.5,1.)) REPRESENTATION_ITEM('') );
#4321 = CARTESIAN_POINT('',(-5.978869674097,6.180339887499));
#4322 = CARTESIAN_POINT('',(4.725793019096,-26.76522425435));
#4323 = CARTESIAN_POINT('',(-29.15823381635,-19.56295201467));
#4324 = CARTESIAN_POINT('',(-63.0422606518,-12.36067977499));
#4325 = CARTESIAN_POINT('',(-39.86289650954,13.382612127177));
#4326 = CARTESIAN_POINT('',(-16.68353236729,39.125904029352));
#4327 = CARTESIAN_POINT('',(-5.978869674097,6.180339887499));
#4328 = ( GEOMETRIC_REPRESENTATION_CONTEXT(2) 
PARAMETRIC_REPRESENTATION_CONTEXT() REPRESENTATION_CONTEXT('2D SPACE',''
  ) );
#4329 = ORIENTED_EDGE('',*,*,#4330,.F.);
#4330 = EDGE_CURVE('',#4331,#4303,#4333,.T.);
#4331 = VERTEX_POINT('',#4332);
#4332 = CARTESIAN_POINT('',(19.306356028508,-5.221553111909,4.));
#4333 = SURFACE_CURVE('',#4334,(#4338,#4344),.PCURVE_S1.);
#4334 = LINE('',#4335,#4336);
#4335 = CARTESIAN_POINT('',(19.306356028508,-5.221553111909,4.));
#4336 = VECTOR('',#4337,1.);
#4337 = DIRECTION('',(-0.,-0.,-1.));
#4338 = PCURVE('',#136,#4339);
#4339 = DEFINITIONAL_REPRESENTATION('',(#4340),#4343);
#4340 = B_SPLINE_CURVE_WITH_KNOTS('',1,(#4341,#4342),.UNSPECIFIED.,.F.,
  .F.,(2,2),(-1.199999999812E-06,0.65),.PIECEWISE_BEZIER_KNOTS.);
#4341 = CARTESIAN_POINT('',(-6.019046898626,-1.199999999812E-06));
#4342 = CARTESIAN_POINT('',(-6.019046898626,0.65));
#4343 = ( GEOMETRIC_REPRESENTATION_CONTEXT(2) 
PARAMETRIC_REPRESENTATION_CONTEXT() REPRESENTATION_CONTEXT('2D SPACE',''
  ) );
#4344 = PCURVE('',#305,#4345);
#4345 = DEFINITIONAL_REPRESENTATION('',(#4346),#4349);
#4346 = B_SPLINE_CURVE_WITH_KNOTS('',1,(#4347,#4348),.UNSPECIFIED.,.F.,
  .F.,(2,2),(-1.199999999812E-06,0.65),.PIECEWISE_BEZIER_KNOTS.);
#4347 = CARTESIAN_POINT('',(11.025015644562,-0.9999988));
#4348 = CARTESIAN_POINT('',(11.025015644562,-1.65));
#4349 = ( GEOMETRIC_REPRESENTATION_CONTEXT(2) 
PARAMETRIC_REPRESENTATION_CONTEXT() REPRESENTATION_CONTEXT('2D SPACE',''
  ) );
#4350 = ORIENTED_EDGE('',*,*,#4351,.T.);
#4351 = EDGE_CURVE('',#4331,#4352,#4354,.T.);
#4352 = VERTEX_POINT('',#4353);
#4353 = CARTESIAN_POINT('',(19.974984355438,-1.,4.));
#4354 = SURFACE_CURVE('',#4355,(#4360,#4367),.PCURVE_S1.);
#4355 = CIRCLE('',#4356,20.);
#4356 = AXIS2_PLACEMENT_3D('',#4357,#4358,#4359);
#4357 = CARTESIAN_POINT('',(0.,0.,4.));
#4358 = DIRECTION('',(0.,0.,1.));
#4359 = DIRECTION('',(1.,0.,-0.));
#4360 = PCURVE('',#136,#4361);
#4361 = DEFINITIONAL_REPRESENTATION('',(#4362),#4366);
#4362 = LINE('',#4363,#4364);
#4363 = CARTESIAN_POINT('',(-0.,0.));
#4364 = VECTOR('',#4365,1.);
#4365 = DIRECTION('',(-1.,0.));
#4366 = ( GEOMETRIC_REPRESENTATION_CONTEXT(2) 
PARAMETRIC_REPRESENTATION_CONTEXT() REPRESENTATION_CONTEXT('2D SPACE',''
  ) );
#4367 = PCURVE('',#278,#4368);
#4368 = DEFINITIONAL_REPRESENTATION('',(#4369),#4373);
#4369 = LINE('',#4370,#4371);
#4370 = CARTESIAN_POINT('',(0.,1.965587446495));
#4371 = VECTOR('',#4372,1.);
#4372 = DIRECTION('',(1.,0.));
#4373 = ( GEOMETRIC_REPRESENTATION_CONTEXT(2) 
PARAMETRIC_REPRESENTATION_CONTEXT() REPRESENTATION_CONTEXT('2D SPACE',''
  ) );
#4374 = ORIENTED_EDGE('',*,*,#4375,.T.);
#4375 = EDGE_CURVE('',#4352,#4376,#4378,.T.);
#4376 = VERTEX_POINT('',#4377);
#4377 = CARTESIAN_POINT('',(19.974984355438,-1.,3.5));
#4378 = SURFACE_CURVE('',#4379,(#4383,#4389),.PCURVE_S1.);
#4379 = LINE('',#4380,#4381);
#4380 = CARTESIAN_POINT('',(19.974984355438,-1.,4.));
#4381 = VECTOR('',#4382,1.);
#4382 = DIRECTION('',(-0.,-0.,-1.));
#4383 = PCURVE('',#136,#4384);
#4384 = DEFINITIONAL_REPRESENTATION('',(#4385),#4388);
#4385 = B_SPLINE_CURVE_WITH_KNOTS('',1,(#4386,#4387),.UNSPECIFIED.,.F.,
  .F.,(2,2),(-5.999999999062E-07,0.65),.PIECEWISE_BEZIER_KNOTS.);
#4386 = CARTESIAN_POINT('',(-6.233164450374,-5.999999999062E-07));
#4387 = CARTESIAN_POINT('',(-6.233164450374,0.65));
#4388 = ( GEOMETRIC_REPRESENTATION_CONTEXT(2) 
PARAMETRIC_REPRESENTATION_CONTEXT() REPRESENTATION_CONTEXT('2D SPACE',''
  ) );
#4389 = PCURVE('',#250,#4390);
#4390 = DEFINITIONAL_REPRESENTATION('',(#4391),#4394);
#4391 = B_SPLINE_CURVE_WITH_KNOTS('',1,(#4392,#4393),.UNSPECIFIED.,.F.,
  .F.,(2,2),(-5.999999999062E-07,0.65),.PIECEWISE_BEZIER_KNOTS.);
#4392 = CARTESIAN_POINT('',(0.974984355438,-0.9999994));
#4393 = CARTESIAN_POINT('',(0.974984355438,-1.65));
#4394 = ( GEOMETRIC_REPRESENTATION_CONTEXT(2) 
PARAMETRIC_REPRESENTATION_CONTEXT() REPRESENTATION_CONTEXT('2D SPACE',''
  ) );
#4395 = ORIENTED_EDGE('',*,*,#4396,.F.);
#4396 = EDGE_CURVE('',#4397,#4376,#4399,.T.);
#4397 = VERTEX_POINT('',#4398);
#4398 = CARTESIAN_POINT('',(20.,0.,3.5));
#4399 = SURFACE_CURVE('',#4400,(#4405,#4412),.PCURVE_S1.);
#4400 = CIRCLE('',#4401,20.);
#4401 = AXIS2_PLACEMENT_3D('',#4402,#4403,#4404);
#4402 = CARTESIAN_POINT('',(0.,0.,3.5));
#4403 = DIRECTION('',(0.,0.,-1.));
#4404 = DIRECTION('',(1.,0.,0.));
#4405 = PCURVE('',#136,#4406);
#4406 = DEFINITIONAL_REPRESENTATION('',(#4407),#4411);
#4407 = LINE('',#4408,#4409);
#4408 = CARTESIAN_POINT('',(-6.28318530718,0.5));
#4409 = VECTOR('',#4410,1.);
#4410 = DIRECTION('',(1.,-0.));
#4411 = ( GEOMETRIC_REPRESENTATION_CONTEXT(2) 
PARAMETRIC_REPRESENTATION_CONTEXT() REPRESENTATION_CONTEXT('2D SPACE',''
  ) );
#4412 = PCURVE('',#223,#4413);
#4413 = DEFINITIONAL_REPRESENTATION('',(#4414),#4422);
#4414 = ( BOUNDED_CURVE() B_SPLINE_CURVE(2,(#4415,#4416,#4417,#4418,
#4419,#4420,#4421),.UNSPECIFIED.,.T.,.F.) B_SPLINE_CURVE_WITH_KNOTS((1,2
    ,2,2,2,1),(-2.094395102393,0.,2.094395102393,4.188790204786,
6.28318530718,8.377580409573),.UNSPECIFIED.) CURVE() 
GEOMETRIC_REPRESENTATION_ITEM() RATIONAL_B_SPLINE_CURVE((1.,0.5,1.,0.5,
1.,0.5,1.)) REPRESENTATION_ITEM('') );
#4415 = CARTESIAN_POINT('',(-5.,0.));
#4416 = CARTESIAN_POINT('',(-5.,-34.64101615137));
#4417 = CARTESIAN_POINT('',(-35.,-17.32050807568));
#4418 = CARTESIAN_POINT('',(-65.,-4.898587196589E-15));
#4419 = CARTESIAN_POINT('',(-35.,17.320508075689));
#4420 = CARTESIAN_POINT('',(-5.,34.641016151378));
#4421 = CARTESIAN_POINT('',(-5.,0.));
#4422 = ( GEOMETRIC_REPRESENTATION_CONTEXT(2) 
PARAMETRIC_REPRESENTATION_CONTEXT() REPRESENTATION_CONTEXT('2D SPACE',''
  ) );
#4423 = ORIENTED_EDGE('',*,*,#4424,.T.);
#4424 = EDGE_CURVE('',#4397,#120,#4425,.T.);
#4425 = SEAM_CURVE('',#4426,(#4430,#4437),.PCURVE_S1.);
#4426 = LINE('',#4427,#4428);
#4427 = CARTESIAN_POINT('',(20.,0.,4.));
#4428 = VECTOR('',#4429,1.);
#4429 = DIRECTION('',(8.881784197001E-16,0.,-1.));
#4430 = PCURVE('',#136,#4431);
#4431 = DEFINITIONAL_REPRESENTATION('',(#4432),#4436);
#4432 = LINE('',#4433,#4434);
#4433 = CARTESIAN_POINT('',(-0.,0.));
#4434 = VECTOR('',#4435,1.);
#4435 = DIRECTION('',(-0.,1.));
#4436 = ( GEOMETRIC_REPRESENTATION_CONTEXT(2) 
PARAMETRIC_REPRESENTATION_CONTEXT() REPRESENTATION_CONTEXT('2D SPACE',''
  ) );
#4437 = PCURVE('',#136,#4438);
#4438 = DEFINITIONAL_REPRESENTATION('',(#4439),#4443);
#4439 = LINE('',#4440,#4441);
#4440 = CARTESIAN_POINT('',(-6.28318530718,0.));
#4441 = VECTOR('',#4442,1.);
#4442 = DIRECTION('',(-0.,1.));
#4443 = ( GEOMETRIC_REPRESENTATION_CONTEXT(2) 
PARAMETRIC_REPRESENTATION_CONTEXT() REPRESENTATION_CONTEXT('2D SPACE',''
  ) );
#4444 = ORIENTED_EDGE('',*,*,#119,.F.);
#4445 = ORIENTED_EDGE('',*,*,#4424,.F.);
#4446 = ORIENTED_EDGE('',*,*,#4447,.F.);
#4447 = EDGE_CURVE('',#2545,#4397,#4448,.T.);
#4448 = SURFACE_CURVE('',#4449,(#4454,#4461),.PCURVE_S1.);
#4449 = CIRCLE('',#4450,20.);
#4450 = AXIS2_PLACEMENT_3D('',#4451,#4452,#4453);
#4451 = CARTESIAN_POINT('',(0.,0.,3.5));
#4452 = DIRECTION('',(0.,0.,-1.));
#4453 = DIRECTION('',(1.,0.,0.));
#4454 = PCURVE('',#136,#4455);
#4455 = DEFINITIONAL_REPRESENTATION('',(#4456),#4460);
#4456 = LINE('',#4457,#4458);
#4457 = CARTESIAN_POINT('',(-6.28318530718,0.5));
#4458 = VECTOR('',#4459,1.);
#4459 = DIRECTION('',(1.,-0.));
#4460 = ( GEOMETRIC_REPRESENTATION_CONTEXT(2) 
PARAMETRIC_REPRESENTATION_CONTEXT() REPRESENTATION_CONTEXT('2D SPACE',''
  ) );
#4461 = PCURVE('',#223,#4462);
#4462 = DEFINITIONAL_REPRESENTATION('',(#4463),#4471);
#4463 = ( BOUNDED_CURVE() B_SPLINE_CURVE(2,(#4464,#4465,#4466,#4467,
#4468,#4469,#4470),.UNSPECIFIED.,.T.,.F.) B_SPLINE_CURVE_WITH_KNOTS((1,2
    ,2,2,2,1),(-2.094395102393,0.,2.094395102393,4.188790204786,
6.28318530718,8.377580409573),.UNSPECIFIED.) CURVE() 
GEOMETRIC_REPRESENTATION_ITEM() RATIONAL_B_SPLINE_CURVE((1.,0.5,1.,0.5,
1.,0.5,1.)) REPRESENTATION_ITEM('') );
#4464 = CARTESIAN_POINT('',(-5.,0.));
#4465 = CARTESIAN_POINT('',(-5.,-34.64101615137));
#4466 = CARTESIAN_POINT('',(-35.,-17.32050807568));
#4467 = CARTESIAN_POINT('',(-65.,-4.898587196589E-15));
#4468 = CARTESIAN_POINT('',(-35.,17.320508075689));
#4469 = CARTESIAN_POINT('',(-5.,34.641016151378));
#4470 = CARTESIAN_POINT('',(-5.,0.));
#4471 = ( GEOMETRIC_REPRESENTATION_CONTEXT(2) 
PARAMETRIC_REPRESENTATION_CONTEXT() REPRESENTATION_CONTEXT('2D SPACE',''
  ) );
#4472 = ADVANCED_FACE('',(#4473),#167,.T.);
#4473 = FACE_BOUND('',#4474,.T.);
#4474 = EDGE_LOOP('',(#4475,#4476,#4499,#4526));
#4475 = ORIENTED_EDGE('',*,*,#150,.F.);
#4476 = ORIENTED_EDGE('',*,*,#4477,.T.);
#4477 = EDGE_CURVE('',#151,#4478,#4480,.T.);
#4478 = VERTEX_POINT('',#4479);
#4479 = CARTESIAN_POINT('',(-13.25,22.949673200288,-3.));
#4480 = SEAM_CURVE('',#4481,(#4485,#4492),.PCURVE_S1.);
#4481 = LINE('',#4482,#4483);
#4482 = CARTESIAN_POINT('',(-13.25,22.949673200288,0.5));
#4483 = VECTOR('',#4484,1.);
#4484 = DIRECTION('',(0.,0.,-1.));
#4485 = PCURVE('',#167,#4486);
#4486 = DEFINITIONAL_REPRESENTATION('',(#4487),#4491);
#4487 = LINE('',#4488,#4489);
#4488 = CARTESIAN_POINT('',(6.28318530718,0.));
#4489 = VECTOR('',#4490,1.);
#4490 = DIRECTION('',(0.,-1.));
#4491 = ( GEOMETRIC_REPRESENTATION_CONTEXT(2) 
PARAMETRIC_REPRESENTATION_CONTEXT() REPRESENTATION_CONTEXT('2D SPACE',''
  ) );
#4492 = PCURVE('',#167,#4493);
#4493 = DEFINITIONAL_REPRESENTATION('',(#4494),#4498);
#4494 = LINE('',#4495,#4496);
#4495 = CARTESIAN_POINT('',(0.,0.));
#4496 = VECTOR('',#4497,1.);
#4497 = DIRECTION('',(0.,-1.));
#4498 = ( GEOMETRIC_REPRESENTATION_CONTEXT(2) 
PARAMETRIC_REPRESENTATION_CONTEXT() REPRESENTATION_CONTEXT('2D SPACE',''
  ) );
#4499 = ORIENTED_EDGE('',*,*,#4500,.T.);
#4500 = EDGE_CURVE('',#4478,#4478,#4501,.T.);
#4501 = SURFACE_CURVE('',#4502,(#4507,#4514),.PCURVE_S1.);
#4502 = CIRCLE('',#4503,1.5);
#4503 = AXIS2_PLACEMENT_3D('',#4504,#4505,#4506);
#4504 = CARTESIAN_POINT('',(-12.5,21.650635094611,-3.));
#4505 = DIRECTION('',(0.,0.,1.));
#4506 = DIRECTION('',(-0.5,0.866025403784,0.));
#4507 = PCURVE('',#167,#4508);
#4508 = DEFINITIONAL_REPRESENTATION('',(#4509),#4513);
#4509 = LINE('',#4510,#4511);
#4510 = CARTESIAN_POINT('',(0.,-3.5));
#4511 = VECTOR('',#4512,1.);
#4512 = DIRECTION('',(1.,0.));
#4513 = ( GEOMETRIC_REPRESENTATION_CONTEXT(2) 
PARAMETRIC_REPRESENTATION_CONTEXT() REPRESENTATION_CONTEXT('2D SPACE',''
  ) );
#4514 = PCURVE('',#4515,#4520);
#4515 = PLANE('',#4516);
#4516 = AXIS2_PLACEMENT_3D('',#4517,#4518,#4519);
#4517 = CARTESIAN_POINT('',(-12.5,21.650635094611,-3.));
#4518 = DIRECTION('',(0.,0.,1.));
#4519 = DIRECTION('',(-0.5,0.866025403784,0.));
#4520 = DEFINITIONAL_REPRESENTATION('',(#4521),#4525);
#4521 = CIRCLE('',#4522,1.5);
#4522 = AXIS2_PLACEMENT_2D('',#4523,#4524);
#4523 = CARTESIAN_POINT('',(3.964918717914E-15,-2.379866902934E-16));
#4524 = DIRECTION('',(1.,0.));
#4525 = ( GEOMETRIC_REPRESENTATION_CONTEXT(2) 
PARAMETRIC_REPRESENTATION_CONTEXT() REPRESENTATION_CONTEXT('2D SPACE',''
  ) );
#4526 = ORIENTED_EDGE('',*,*,#4477,.F.);
#4527 = ADVANCED_FACE('',(#4528),#223,.T.);
#4528 = FACE_BOUND('',#4529,.T.);
#4529 = EDGE_LOOP('',(#4530,#4531,#4552,#4553,#4554,#4575));
#4530 = ORIENTED_EDGE('',*,*,#4396,.T.);
#4531 = ORIENTED_EDGE('',*,*,#4532,.T.);
#4532 = EDGE_CURVE('',#4376,#207,#4533,.T.);
#4533 = SURFACE_CURVE('',#4534,(#4538,#4545),.PCURVE_S1.);
#4534 = LINE('',#4535,#4536);
#4535 = CARTESIAN_POINT('',(19.,-1.,3.5));
#4536 = VECTOR('',#4537,1.);
#4537 = DIRECTION('',(1.,0.,0.));
#4538 = PCURVE('',#223,#4539);
#4539 = DEFINITIONAL_REPRESENTATION('',(#4540),#4544);
#4540 = LINE('',#4541,#4542);
#4541 = CARTESIAN_POINT('',(-6.,-1.));
#4542 = VECTOR('',#4543,1.);
#4543 = DIRECTION('',(1.,0.));
#4544 = ( GEOMETRIC_REPRESENTATION_CONTEXT(2) 
PARAMETRIC_REPRESENTATION_CONTEXT() REPRESENTATION_CONTEXT('2D SPACE',''
  ) );
#4545 = PCURVE('',#250,#4546);
#4546 = DEFINITIONAL_REPRESENTATION('',(#4547),#4551);
#4547 = LINE('',#4548,#4549);
#4548 = CARTESIAN_POINT('',(0.,-1.5));
#4549 = VECTOR('',#4550,1.);
#4550 = DIRECTION('',(1.,0.));
#4551 = ( GEOMETRIC_REPRESENTATION_CONTEXT(2) 
PARAMETRIC_REPRESENTATION_CONTEXT() REPRESENTATION_CONTEXT('2D SPACE',''
  ) );
#4552 = ORIENTED_EDGE('',*,*,#206,.T.);
#4553 = ORIENTED_EDGE('',*,*,#2406,.T.);
#4554 = ORIENTED_EDGE('',*,*,#4555,.T.);
#4555 = EDGE_CURVE('',#2381,#2545,#4556,.T.);
#4556 = SURFACE_CURVE('',#4557,(#4561,#4568),.PCURVE_S1.);
#4557 = LINE('',#4558,#4559);
#4558 = CARTESIAN_POINT('',(31.,1.,3.5));
#4559 = VECTOR('',#4560,1.);
#4560 = DIRECTION('',(-1.,0.,0.));
#4561 = PCURVE('',#223,#4562);
#4562 = DEFINITIONAL_REPRESENTATION('',(#4563),#4567);
#4563 = LINE('',#4564,#4565);
#4564 = CARTESIAN_POINT('',(6.,1.));
#4565 = VECTOR('',#4566,1.);
#4566 = DIRECTION('',(-1.,0.));
#4567 = ( GEOMETRIC_REPRESENTATION_CONTEXT(2) 
PARAMETRIC_REPRESENTATION_CONTEXT() REPRESENTATION_CONTEXT('2D SPACE',''
  ) );
#4568 = PCURVE('',#2395,#4569);
#4569 = DEFINITIONAL_REPRESENTATION('',(#4570),#4574);
#4570 = LINE('',#4571,#4572);
#4571 = CARTESIAN_POINT('',(0.,-1.5));
#4572 = VECTOR('',#4573,1.);
#4573 = DIRECTION('',(1.,0.));
#4574 = ( GEOMETRIC_REPRESENTATION_CONTEXT(2) 
PARAMETRIC_REPRESENTATION_CONTEXT() REPRESENTATION_CONTEXT('2D SPACE',''
  ) );
#4575 = ORIENTED_EDGE('',*,*,#4447,.T.);
#4576 = ADVANCED_FACE('',(#4577),#2395,.F.);
#4577 = FACE_BOUND('',#4578,.F.);
#4578 = EDGE_LOOP('',(#4579,#4580,#4645,#4646));
#4579 = ORIENTED_EDGE('',*,*,#2542,.F.);
#4580 = ORIENTED_EDGE('',*,*,#4581,.F.);
#4581 = EDGE_CURVE('',#2352,#2543,#4582,.T.);
#4582 = SURFACE_CURVE('',#4583,(#4598,#4616),.PCURVE_S1.);
#4583 = B_SPLINE_CURVE_WITH_KNOTS('',4,(#4584,#4585,#4586,#4587,#4588,
    #4589,#4590,#4591,#4592,#4593,#4594,#4595,#4596,#4597),
  .UNSPECIFIED.,.F.,.F.,(5,3,3,3,5),(0.,0.248940608125,0.496921894214,
    0.748943718149,1.),.UNSPECIFIED.);
#4584 = CARTESIAN_POINT('',(29.98332870113,1.,4.));
#4585 = CARTESIAN_POINT('',(29.393137246339,1.,4.2457764498));
#4586 = CARTESIAN_POINT('',(28.786837385601,1.,4.45288191925));
#4587 = CARTESIAN_POINT('',(28.168249489796,1.,4.619735079734));
#4588 = CARTESIAN_POINT('',(26.917017988651,1.,4.870843568798));
#4589 = CARTESIAN_POINT('',(26.284430010206,1.,4.955416187509));
#4590 = CARTESIAN_POINT('',(25.647667713171,1.,4.998456144605));
#4591 = CARTESIAN_POINT('',(24.363577433937,1.,5.001495470729));
#4592 = CARTESIAN_POINT('',(23.716238137171,1.,4.960130256201));
#4593 = CARTESIAN_POINT('',(23.073075824527,1.,4.875869601379));
#4594 = CARTESIAN_POINT('',(21.805926473608,1.,4.623730500253));
#4595 = CARTESIAN_POINT('',(21.181867406153,1.,4.456171887555));
#4596 = CARTESIAN_POINT('',(20.570253567178,1.,4.247718608162));
#4597 = CARTESIAN_POINT('',(19.974984355438,1.,4.));
#4598 = PCURVE('',#2395,#4599);
#4599 = DEFINITIONAL_REPRESENTATION('',(#4600),#4615);
#4600 = B_SPLINE_CURVE_WITH_KNOTS('',4,(#4601,#4602,#4603,#4604,#4605,
    #4606,#4607,#4608,#4609,#4610,#4611,#4612,#4613,#4614),
  .UNSPECIFIED.,.F.,.F.,(5,3,3,3,5),(0.,0.248940608125,0.496921894214,
    0.748943718149,1.),.UNSPECIFIED.);
#4601 = CARTESIAN_POINT('',(1.01667129887,-1.));
#4602 = CARTESIAN_POINT('',(1.606862753661,-0.7542235502));
#4603 = CARTESIAN_POINT('',(2.213162614399,-0.54711808075));
#4604 = CARTESIAN_POINT('',(2.831750510204,-0.380264920266));
#4605 = CARTESIAN_POINT('',(4.082982011349,-0.129156431202));
#4606 = CARTESIAN_POINT('',(4.715569989794,-4.458381249107E-02));
#4607 = CARTESIAN_POINT('',(5.352332286829,-1.543855394751E-03));
#4608 = CARTESIAN_POINT('',(6.636422566063,1.495470728716E-03));
#4609 = CARTESIAN_POINT('',(7.283761862829,-3.986974379882E-02));
#4610 = CARTESIAN_POINT('',(7.926924175473,-0.124130398621));
#4611 = CARTESIAN_POINT('',(9.194073526392,-0.376269499747));
#4612 = CARTESIAN_POINT('',(9.818132593847,-0.543828112445));
#4613 = CARTESIAN_POINT('',(10.429746432822,-0.752281391838));
#4614 = CARTESIAN_POINT('',(11.025015644562,-1.));
#4615 = ( GEOMETRIC_REPRESENTATION_CONTEXT(2) 
PARAMETRIC_REPRESENTATION_CONTEXT() REPRESENTATION_CONTEXT('2D SPACE',''
  ) );
#4616 = PCURVE('',#2368,#4617);
#4617 = DEFINITIONAL_REPRESENTATION('',(#4618),#4644);
#4618 = B_SPLINE_CURVE_WITH_KNOTS('',3,(#4619,#4620,#4621,#4622,#4623,
    #4624,#4625,#4626,#4627,#4628,#4629,#4630,#4631,#4632,#4633,#4634,
    #4635,#4636,#4637,#4638,#4639,#4640,#4641,#4642,#4643),
  .UNSPECIFIED.,.F.,.F.,(4,1,1,1,1,1,1,1,1,1,1,1,1,1,1,1,1,1,1,1,1,1,4),
  (0.,4.545454545454E-02,9.090909090909E-02,0.136363636364,
    0.181818181818,0.227272727273,0.272727272727,0.318181818182,
    0.363636363636,0.409090909091,0.454545454545,0.5,0.545454545455,
    0.590909090909,0.636363636364,0.681818181818,0.727272727273,
    0.772727272727,0.818181818182,0.863636363636,0.909090909091,
    0.954545454545,1.),.QUASI_UNIFORM_KNOTS.);
#4619 = CARTESIAN_POINT('',(3.33395092613E-02,1.176005207095));
#4620 = CARTESIAN_POINT('',(3.349916123118E-02,1.187972360436));
#4621 = CARTESIAN_POINT('',(3.382543238187E-02,1.211906345577));
#4622 = CARTESIAN_POINT('',(3.433635615072E-02,1.247806322457));
#4623 = CARTESIAN_POINT('',(3.48694067809E-02,1.283705239869));
#4624 = CARTESIAN_POINT('',(3.542521366096E-02,1.319603117663));
#4625 = CARTESIAN_POINT('',(3.60044155648E-02,1.355499962455));
#4626 = CARTESIAN_POINT('',(3.660765821806E-02,1.391395673395));
#4627 = CARTESIAN_POINT('',(3.723559607312E-02,1.427290358782));
#4628 = CARTESIAN_POINT('',(3.788888194581E-02,1.463183924405));
#4629 = CARTESIAN_POINT('',(3.85681681402E-02,1.499076392225));
#4630 = CARTESIAN_POINT('',(3.927410012278E-02,1.534967803684));
#4631 = CARTESIAN_POINT('',(4.000730841287E-02,1.570858101692));
#4632 = CARTESIAN_POINT('',(4.076840631905E-02,1.606747344803));
#4633 = CARTESIAN_POINT('',(4.155797931016E-02,1.642635543541));
#4634 = CARTESIAN_POINT('',(4.237657675616E-02,1.678522682528));
#4635 = CARTESIAN_POINT('',(4.32247047431E-02,1.714408826876));
#4636 = CARTESIAN_POINT('',(4.410281331634E-02,1.750294030621));
#4637 = CARTESIAN_POINT('',(4.501128173297E-02,1.78617824258));
#4638 = CARTESIAN_POINT('',(4.595041272082E-02,1.822061632311));
#4639 = CARTESIAN_POINT('',(4.692040819923E-02,1.857944166284));
#4640 = CARTESIAN_POINT('',(4.79213549025E-02,1.893825933961));
#4641 = CARTESIAN_POINT('',(4.895322511311E-02,1.929707043089));
#4642 = CARTESIAN_POINT('',(4.96615911204E-02,1.953627373266));
#4643 = CARTESIAN_POINT('',(5.002085680577E-02,1.965587446495));
#4644 = ( GEOMETRIC_REPRESENTATION_CONTEXT(2) 
PARAMETRIC_REPRESENTATION_CONTEXT() REPRESENTATION_CONTEXT('2D SPACE',''
  ) );
#4645 = ORIENTED_EDGE('',*,*,#2380,.F.);
#4646 = ORIENTED_EDGE('',*,*,#4555,.T.);
#4647 = ADVANCED_FACE('',(#4648),#2368,.T.);
#4648 = FACE_BOUND('',#4649,.T.);
#4649 = EDGE_LOOP('',(#4650,#4651,#4652,#4717));
#4650 = ORIENTED_EDGE('',*,*,#4581,.F.);
#4651 = ORIENTED_EDGE('',*,*,#2351,.T.);
#4652 = ORIENTED_EDGE('',*,*,#4653,.F.);
#4653 = EDGE_CURVE('',#2566,#2326,#4654,.T.);
#4654 = SURFACE_CURVE('',#4655,(#4670,#4699),.PCURVE_S1.);
#4655 = B_SPLINE_CURVE_WITH_KNOTS('',4,(#4656,#4657,#4658,#4659,#4660,
    #4661,#4662,#4663,#4664,#4665,#4666,#4667,#4668,#4669),
  .UNSPECIFIED.,.F.,.F.,(5,3,3,3,5),(0.499921984454,0.750978266305,
    1.003000090241,1.250981376329,1.499921984454),.UNSPECIFIED.);
#4656 = CARTESIAN_POINT('',(19.306356028508,5.221553111909,4.));
#4657 = CARTESIAN_POINT('',(19.872490691283,5.405501414565,
    4.247718608162));
#4658 = CARTESIAN_POINT('',(20.454170018296,5.594500484803,
    4.456171887555));
#4659 = CARTESIAN_POINT('',(21.047685460952,5.78734534214,4.623730500253
    ));
#4660 = CARTESIAN_POINT('',(22.252816107548,6.178916025753,
    4.875869601056));
#4661 = CARTESIAN_POINT('',(22.864499816746,6.377664110737,
    4.960130256205));
#4662 = CARTESIAN_POINT('',(23.480156073182,6.577702954561,
    5.001495470729));
#4663 = CARTESIAN_POINT('',(24.701398500759,6.974508673156,
    4.998456144605));
#4664 = CARTESIAN_POINT('',(25.306995432685,7.171279044317,
    4.955416187509));
#4665 = CARTESIAN_POINT('',(25.908622351715,7.366759480094,
    4.870843568798));
#4666 = CARTESIAN_POINT('',(27.098614224273,7.753411277845,
    4.619735079734));
#4667 = CARTESIAN_POINT('',(27.686926273479,7.944565450163,4.45288191925
    ));
#4668 = CARTESIAN_POINT('',(28.263551706863,8.131922410819,4.2457764498)
  );
#4669 = CARTESIAN_POINT('',(28.824857135804,8.314301600284,4.));
#4670 = PCURVE('',#2368,#4671);
#4671 = DEFINITIONAL_REPRESENTATION('',(#4672),#4698);
#4672 = B_SPLINE_CURVE_WITH_KNOTS('',3,(#4673,#4674,#4675,#4676,#4677,
    #4678,#4679,#4680,#4681,#4682,#4683,#4684,#4685,#4686,#4687,#4688,
    #4689,#4690,#4691,#4692,#4693,#4694,#4695,#4696,#4697),
  .UNSPECIFIED.,.F.,.F.,(4,1,1,1,1,1,1,1,1,1,1,1,1,1,1,1,1,1,1,1,1,1,4),
  (0.499921984454,0.545376529909,0.590831075363,0.636285620818,
    0.681740166272,0.727194711727,0.772649257181,0.818103802636,
    0.863558348091,0.909012893545,0.954467439,0.999921984454,
    1.045376529909,1.090831075363,1.136285620818,1.181740166272,
    1.227194711727,1.272649257181,1.318103802636,1.363558348091,
    1.409012893545,1.454467439,1.499921984454),.QUASI_UNIFORM_KNOTS.);
#4673 = CARTESIAN_POINT('',(0.264138408553,1.965587446495));
#4674 = CARTESIAN_POINT('',(0.264497674239,1.953627373266));
#4675 = CARTESIAN_POINT('',(0.265206040246,1.929707043089));
#4676 = CARTESIAN_POINT('',(0.266237910456,1.893825933962));
#4677 = CARTESIAN_POINT('',(0.26723885716,1.857944166286));
#4678 = CARTESIAN_POINT('',(0.268208852638,1.822061632319));
#4679 = CARTESIAN_POINT('',(0.269147983626,1.786178242599));
#4680 = CARTESIAN_POINT('',(0.270056452042,1.750294030664));
#4681 = CARTESIAN_POINT('',(0.270934560615,1.714408826912));
#4682 = CARTESIAN_POINT('',(0.271782688602,1.678522682549));
#4683 = CARTESIAN_POINT('',(0.272601286049,1.642635543548));
#4684 = CARTESIAN_POINT('',(0.27339085904,1.606747344803));
#4685 = CARTESIAN_POINT('',(0.274151956946,1.570858101692));
#4686 = CARTESIAN_POINT('',(0.274885165236,1.534967803684));
#4687 = CARTESIAN_POINT('',(0.275591097219,1.499076392225));
#4688 = CARTESIAN_POINT('',(0.276270383413,1.463183924405));
#4689 = CARTESIAN_POINT('',(0.276923669286,1.427290358782));
#4690 = CARTESIAN_POINT('',(0.277551607141,1.391395673395));
#4691 = CARTESIAN_POINT('',(0.278154849794,1.355499962455));
#4692 = CARTESIAN_POINT('',(0.278734051698,1.319603117663));
#4693 = CARTESIAN_POINT('',(0.279289858578,1.283705239869));
#4694 = CARTESIAN_POINT('',(0.279822909208,1.247806322457));
#4695 = CARTESIAN_POINT('',(0.280333832977,1.211906345577));
#4696 = CARTESIAN_POINT('',(0.280660104128,1.187972360436));
#4697 = CARTESIAN_POINT('',(0.280819756098,1.176005207095));
#4698 = ( GEOMETRIC_REPRESENTATION_CONTEXT(2) 
PARAMETRIC_REPRESENTATION_CONTEXT() REPRESENTATION_CONTEXT('2D SPACE',''
  ) );
#4699 = PCURVE('',#2340,#4700);
#4700 = DEFINITIONAL_REPRESENTATION('',(#4701),#4716);
#4701 = B_SPLINE_CURVE_WITH_KNOTS('',4,(#4702,#4703,#4704,#4705,#4706,
    #4707,#4708,#4709,#4710,#4711,#4712,#4713,#4714,#4715),
  .UNSPECIFIED.,.F.,.F.,(5,3,3,3,5),(0.499921984454,0.750978266305,
    1.003000090241,1.250981376329,1.499921984454),.UNSPECIFIED.);
#4702 = CARTESIAN_POINT('',(0.974984355438,-1.));
#4703 = CARTESIAN_POINT('',(1.570253567178,-0.752281391838));
#4704 = CARTESIAN_POINT('',(2.181867406153,-0.543828112445));
#4705 = CARTESIAN_POINT('',(2.805926473608,-0.376269499747));
#4706 = CARTESIAN_POINT('',(4.073075823774,-0.124130398944));
#4707 = CARTESIAN_POINT('',(4.716238137179,-3.986974379544E-02));
#4708 = CARTESIAN_POINT('',(5.363577433937,1.495470728722E-03));
#4709 = CARTESIAN_POINT('',(6.647667713171,-1.543855394751E-03));
#4710 = CARTESIAN_POINT('',(7.284430010206,-4.458381249108E-02));
#4711 = CARTESIAN_POINT('',(7.917017988651,-0.129156431202));
#4712 = CARTESIAN_POINT('',(9.168249489796,-0.380264920266));
#4713 = CARTESIAN_POINT('',(9.7868373856,-0.54711808075));
#4714 = CARTESIAN_POINT('',(10.393137246339,-0.7542235502));
#4715 = CARTESIAN_POINT('',(10.98332870113,-1.));
#4716 = ( GEOMETRIC_REPRESENTATION_CONTEXT(2) 
PARAMETRIC_REPRESENTATION_CONTEXT() REPRESENTATION_CONTEXT('2D SPACE',''
  ) );
#4717 = ORIENTED_EDGE('',*,*,#2565,.F.);
#4718 = ADVANCED_FACE('',(#4719),#2340,.F.);
#4719 = FACE_BOUND('',#4720,.F.);
#4720 = EDGE_LOOP('',(#4721,#4722,#4723,#4724));
#4721 = ORIENTED_EDGE('',*,*,#2325,.T.);
#4722 = ORIENTED_EDGE('',*,*,#4653,.F.);
#4723 = ORIENTED_EDGE('',*,*,#2589,.T.);
#4724 = ORIENTED_EDGE('',*,*,#4725,.T.);
#4725 = EDGE_CURVE('',#2590,#2297,#4726,.T.);
#4726 = SURFACE_CURVE('',#4727,(#4731,#4738),.PCURVE_S1.);
#4727 = LINE('',#4728,#4729);
#4728 = CARTESIAN_POINT('',(18.379090803983,4.920266376829,3.5));
#4729 = VECTOR('',#4730,1.);
#4730 = DIRECTION('',(0.951056516295,0.309016994375,0.));
#4731 = PCURVE('',#2340,#4732);
#4732 = DEFINITIONAL_REPRESENTATION('',(#4733),#4737);
#4733 = LINE('',#4734,#4735);
#4734 = CARTESIAN_POINT('',(0.,-1.5));
#4735 = VECTOR('',#4736,1.);
#4736 = DIRECTION('',(1.,0.));
#4737 = ( GEOMETRIC_REPRESENTATION_CONTEXT(2) 
PARAMETRIC_REPRESENTATION_CONTEXT() REPRESENTATION_CONTEXT('2D SPACE',''
  ) );
#4738 = PCURVE('',#2313,#4739);
#4739 = DEFINITIONAL_REPRESENTATION('',(#4740),#4744);
#4740 = LINE('',#4741,#4742);
#4741 = CARTESIAN_POINT('',(-6.,-1.));
#4742 = VECTOR('',#4743,1.);
#4743 = DIRECTION('',(1.,0.));
#4744 = ( GEOMETRIC_REPRESENTATION_CONTEXT(2) 
PARAMETRIC_REPRESENTATION_CONTEXT() REPRESENTATION_CONTEXT('2D SPACE',''
  ) );
#4745 = ADVANCED_FACE('',(#4746),#2313,.T.);
#4746 = FACE_BOUND('',#4747,.T.);
#4747 = EDGE_LOOP('',(#4748,#4749,#4750,#4751));
#4748 = ORIENTED_EDGE('',*,*,#2610,.T.);
#4749 = ORIENTED_EDGE('',*,*,#4725,.T.);
#4750 = ORIENTED_EDGE('',*,*,#2296,.T.);
#4751 = ORIENTED_EDGE('',*,*,#4752,.T.);
#4752 = EDGE_CURVE('',#2271,#2611,#4753,.T.);
#4753 = SURFACE_CURVE('',#4754,(#4758,#4765),.PCURVE_S1.);
#4754 = LINE('',#4755,#4756);
#4755 = CARTESIAN_POINT('',(29.173735010775,10.530583341919,3.5));
#4756 = VECTOR('',#4757,1.);
#4757 = DIRECTION('',(-0.951056516295,-0.309016994375,0.));
#4758 = PCURVE('',#2313,#4759);
#4759 = DEFINITIONAL_REPRESENTATION('',(#4760),#4764);
#4760 = LINE('',#4761,#4762);
#4761 = CARTESIAN_POINT('',(6.,1.));
#4762 = VECTOR('',#4763,1.);
#4763 = DIRECTION('',(-1.,0.));
#4764 = ( GEOMETRIC_REPRESENTATION_CONTEXT(2) 
PARAMETRIC_REPRESENTATION_CONTEXT() REPRESENTATION_CONTEXT('2D SPACE',''
  ) );
#4765 = PCURVE('',#2285,#4766);
#4766 = DEFINITIONAL_REPRESENTATION('',(#4767),#4771);
#4767 = LINE('',#4768,#4769);
#4768 = CARTESIAN_POINT('',(-0.,-1.5));
#4769 = VECTOR('',#4770,1.);
#4770 = DIRECTION('',(1.,0.));
#4771 = ( GEOMETRIC_REPRESENTATION_CONTEXT(2) 
PARAMETRIC_REPRESENTATION_CONTEXT() REPRESENTATION_CONTEXT('2D SPACE',''
  ) );
#4772 = ADVANCED_FACE('',(#4773),#2285,.F.);
#4773 = FACE_BOUND('',#4774,.F.);
#4774 = EDGE_LOOP('',(#4775,#4840,#4841,#4842));
#4775 = ORIENTED_EDGE('',*,*,#4776,.T.);
#4776 = EDGE_CURVE('',#2639,#2242,#4777,.T.);
#4777 = SURFACE_CURVE('',#4778,(#4793,#4811),.PCURVE_S1.);
#4778 = B_SPLINE_CURVE_WITH_KNOTS('',4,(#4779,#4780,#4781,#4782,#4783,
    #4784,#4785,#4786,#4787,#4788,#4789,#4790,#4791,#4792),
  .UNSPECIFIED.,.F.,.F.,(5,3,3,3,5),(0.499921984454,0.750978266305,
    1.003000090241,1.250981376329,1.499921984454),.UNSPECIFIED.);
#4779 = CARTESIAN_POINT('',(18.688322039758,7.123666144499,4.));
#4780 = CARTESIAN_POINT('',(19.254456702533,7.307614447155,
    4.247718608162));
#4781 = CARTESIAN_POINT('',(19.836136029547,7.496613517393,
    4.456171887555));
#4782 = CARTESIAN_POINT('',(20.429651472202,7.68945837473,4.623730500253
    ));
#4783 = CARTESIAN_POINT('',(21.634782118798,8.081029058343,
    4.875869601056));
#4784 = CARTESIAN_POINT('',(22.246465827996,8.279777143325,
    4.960130256203));
#4785 = CARTESIAN_POINT('',(22.862122084432,8.479815987152,
    5.001495470729));
#4786 = CARTESIAN_POINT('',(24.083364512009,8.876621705747,
    4.998456144605));
#4787 = CARTESIAN_POINT('',(24.688961443935,9.073392076908,
    4.955416187509));
#4788 = CARTESIAN_POINT('',(25.290588362965,9.268872512684,
    4.870843568798));
#4789 = CARTESIAN_POINT('',(26.480580235524,9.655524310436,
    4.619735079734));
#4790 = CARTESIAN_POINT('',(27.068892284729,9.846678482754,4.45288191925
    ));
#4791 = CARTESIAN_POINT('',(27.645517718113,10.034035443409,4.2457764498
    ));
#4792 = CARTESIAN_POINT('',(28.206823147054,10.216414632874,4.));
#4793 = PCURVE('',#2285,#4794);
#4794 = DEFINITIONAL_REPRESENTATION('',(#4795),#4810);
#4795 = B_SPLINE_CURVE_WITH_KNOTS('',4,(#4796,#4797,#4798,#4799,#4800,
    #4801,#4802,#4803,#4804,#4805,#4806,#4807,#4808,#4809),
  .UNSPECIFIED.,.F.,.F.,(5,3,3,3,5),(0.499921984454,0.750978266305,
    1.003000090241,1.250981376329,1.499921984454),.UNSPECIFIED.);
#4796 = CARTESIAN_POINT('',(11.025015644562,-1.));
#4797 = CARTESIAN_POINT('',(10.429746432822,-0.752281391838));
#4798 = CARTESIAN_POINT('',(9.818132593847,-0.543828112445));
#4799 = CARTESIAN_POINT('',(9.194073526393,-0.376269499747));
#4800 = CARTESIAN_POINT('',(7.926924176226,-0.124130398944));
#4801 = CARTESIAN_POINT('',(7.283761862822,-3.986974379661E-02));
#4802 = CARTESIAN_POINT('',(6.636422566063,1.495470728693E-03));
#4803 = CARTESIAN_POINT('',(5.352332286829,-1.543855394751E-03));
#4804 = CARTESIAN_POINT('',(4.715569989794,-4.458381249108E-02));
#4805 = CARTESIAN_POINT('',(4.082982011349,-0.129156431202));
#4806 = CARTESIAN_POINT('',(2.831750510204,-0.380264920266));
#4807 = CARTESIAN_POINT('',(2.213162614399,-0.54711808075));
#4808 = CARTESIAN_POINT('',(1.606862753661,-0.7542235502));
#4809 = CARTESIAN_POINT('',(1.01667129887,-1.));
#4810 = ( GEOMETRIC_REPRESENTATION_CONTEXT(2) 
PARAMETRIC_REPRESENTATION_CONTEXT() REPRESENTATION_CONTEXT('2D SPACE',''
  ) );
#4811 = PCURVE('',#2258,#4812);
#4812 = DEFINITIONAL_REPRESENTATION('',(#4813),#4839);
#4813 = B_SPLINE_CURVE_WITH_KNOTS('',3,(#4814,#4815,#4816,#4817,#4818,
    #4819,#4820,#4821,#4822,#4823,#4824,#4825,#4826,#4827,#4828,#4829,
    #4830,#4831,#4832,#4833,#4834,#4835,#4836,#4837,#4838),
  .UNSPECIFIED.,.F.,.F.,(4,1,1,1,1,1,1,1,1,1,1,1,1,1,1,1,1,1,1,1,1,1,4),
  (0.499921984454,0.545376529909,0.590831075363,0.636285620818,
    0.681740166272,0.727194711727,0.772649257181,0.818103802636,
    0.86355834809,0.909012893545,0.954467439,0.999921984454,
    1.045376529909,1.090831075363,1.136285620818,1.181740166272,
    1.227194711727,1.272649257181,1.318103802636,1.36355834809,
    1.409012893545,1.454467438999,1.499921984454),
  .QUASI_UNIFORM_KNOTS.);
#4814 = CARTESIAN_POINT('',(0.364180122165,1.965587446495));
#4815 = CARTESIAN_POINT('',(0.363820856479,1.953627373266));
#4816 = CARTESIAN_POINT('',(0.363112490472,1.929707043089));
#4817 = CARTESIAN_POINT('',(0.362080620261,1.893825933962));
#4818 = CARTESIAN_POINT('',(0.361079673558,1.857944166286));
#4819 = CARTESIAN_POINT('',(0.36010967808,1.822061632319));
#4820 = CARTESIAN_POINT('',(0.359170547092,1.786178242599));
#4821 = CARTESIAN_POINT('',(0.358262078676,1.750294030664));
#4822 = CARTESIAN_POINT('',(0.357383970103,1.714408826912));
#4823 = CARTESIAN_POINT('',(0.356535842116,1.678522682549));
#4824 = CARTESIAN_POINT('',(0.355717244669,1.642635543548));
#4825 = CARTESIAN_POINT('',(0.354927671678,1.606747344803));
#4826 = CARTESIAN_POINT('',(0.354166573772,1.570858101692));
#4827 = CARTESIAN_POINT('',(0.353433365482,1.534967803684));
#4828 = CARTESIAN_POINT('',(0.352727433499,1.499076392225));
#4829 = CARTESIAN_POINT('',(0.352048147305,1.463183924405));
#4830 = CARTESIAN_POINT('',(0.351394861432,1.427290358782));
#4831 = CARTESIAN_POINT('',(0.350766923577,1.391395673395));
#4832 = CARTESIAN_POINT('',(0.350163680924,1.355499962455));
#4833 = CARTESIAN_POINT('',(0.34958447902,1.319603117663));
#4834 = CARTESIAN_POINT('',(0.34902867214,1.283705239869));
#4835 = CARTESIAN_POINT('',(0.34849562151,1.247806322457));
#4836 = CARTESIAN_POINT('',(0.347984697741,1.211906345577));
#4837 = CARTESIAN_POINT('',(0.34765842659,1.187972360436));
#4838 = CARTESIAN_POINT('',(0.34749877462,1.176005207095));
#4839 = ( GEOMETRIC_REPRESENTATION_CONTEXT(2) 
PARAMETRIC_REPRESENTATION_CONTEXT() REPRESENTATION_CONTEXT('2D SPACE',''
  ) );
#4840 = ORIENTED_EDGE('',*,*,#2270,.F.);
#4841 = ORIENTED_EDGE('',*,*,#4752,.T.);
#4842 = ORIENTED_EDGE('',*,*,#2638,.F.);
#4843 = ADVANCED_FACE('',(#4844),#2258,.T.);
#4844 = FACE_BOUND('',#4845,.T.);
#4845 = EDGE_LOOP('',(#4846,#4847,#4848,#4849));
#4846 = ORIENTED_EDGE('',*,*,#2659,.F.);
#4847 = ORIENTED_EDGE('',*,*,#4776,.T.);
#4848 = ORIENTED_EDGE('',*,*,#2241,.T.);
#4849 = ORIENTED_EDGE('',*,*,#4850,.F.);
#4850 = EDGE_CURVE('',#2660,#2216,#4851,.T.);
#4851 = SURFACE_CURVE('',#4852,(#4867,#4896),.PCURVE_S1.);
#4852 = B_SPLINE_CURVE_WITH_KNOTS('',4,(#4853,#4854,#4855,#4856,#4857,
    #4858,#4859,#4860,#4861,#4862,#4863,#4864,#4865,#4866),
  .UNSPECIFIED.,.F.,.F.,(5,3,3,3,5),(0.49992198306,0.750978264911,
    1.003000088846,1.250981374935,1.49992198306),.UNSPECIFIED.);
#4853 = CARTESIAN_POINT('',(16.747887058216,10.931984224524,4.));
#4854 = CARTESIAN_POINT('',(17.229469966741,11.281874688329,
    4.247718608162));
#4855 = CARTESIAN_POINT('',(17.724275956467,11.641372282976,
    4.456171887555));
#4856 = CARTESIAN_POINT('',(18.229150347532,12.008184999386,
    4.623730500253));
#4857 = CARTESIAN_POINT('',(19.254295706228,12.752996699866,
    4.875869601056));
#4858 = CARTESIAN_POINT('',(19.774624947914,13.131038022514,
    4.960130256205));
#4859 = CARTESIAN_POINT('',(20.298333440118,13.511534514379,
    5.001495470729));
#4860 = CARTESIAN_POINT('',(21.337184298329,14.266303843125,
    4.998456144605));
#4861 = CARTESIAN_POINT('',(21.852335818008,14.640583330538,
    4.955416187509));
#4862 = CARTESIAN_POINT('',(22.364110243007,15.012409215045,
    4.870843568798));
#4863 = CARTESIAN_POINT('',(23.376377791331,15.747864638622,
    4.619735079734));
#4864 = CARTESIAN_POINT('',(23.876825911551,16.111461481023,
    4.45288191925));
#4865 = CARTESIAN_POINT('',(24.367332802576,16.467835597632,4.2457764498
    ));
#4866 = CARTESIAN_POINT('',(24.844807719437,16.814741430787,4.));
#4867 = PCURVE('',#2258,#4868);
#4868 = DEFINITIONAL_REPRESENTATION('',(#4869),#4895);
#4869 = B_SPLINE_CURVE_WITH_KNOTS('',3,(#4870,#4871,#4872,#4873,#4874,
    #4875,#4876,#4877,#4878,#4879,#4880,#4881,#4882,#4883,#4884,#4885,
    #4886,#4887,#4888,#4889,#4890,#4891,#4892,#4893,#4894),
  .UNSPECIFIED.,.F.,.F.,(4,1,1,1,1,1,1,1,1,1,1,1,1,1,1,1,1,1,1,1,1,1,4),
  (0.49992198306,0.545376528515,0.590831073969,0.636285619424,
    0.681740164878,0.727194710333,0.772649255787,0.818103801242,
    0.863558346696,0.909012892151,0.954467437605,0.99992198306,
    1.045376528514,1.090831073969,1.136285619424,1.181740164878,
    1.227194710333,1.272649255787,1.318103801242,1.363558346696,
    1.409012892151,1.454467437605,1.49992198306),.QUASI_UNIFORM_KNOTS.);
#4870 = CARTESIAN_POINT('',(0.578297673912,1.965587446495));
#4871 = CARTESIAN_POINT('',(0.578656939598,1.953627373266));
#4872 = CARTESIAN_POINT('',(0.579365305605,1.929707043089));
#4873 = CARTESIAN_POINT('',(0.580397175815,1.893825933962));
#4874 = CARTESIAN_POINT('',(0.581398122519,1.857944166286));
#4875 = CARTESIAN_POINT('',(0.582368117997,1.822061632319));
#4876 = CARTESIAN_POINT('',(0.583307248985,1.786178242599));
#4877 = CARTESIAN_POINT('',(0.584215717401,1.750294030664));
#4878 = CARTESIAN_POINT('',(0.585093825974,1.714408826912));
#4879 = CARTESIAN_POINT('',(0.585941953961,1.678522682549));
#4880 = CARTESIAN_POINT('',(0.586760551408,1.642635543548));
#4881 = CARTESIAN_POINT('',(0.587550124399,1.606747344803));
#4882 = CARTESIAN_POINT('',(0.588311222305,1.570858101692));
#4883 = CARTESIAN_POINT('',(0.589044430595,1.534967803684));
#4884 = CARTESIAN_POINT('',(0.589750362578,1.499076392225));
#4885 = CARTESIAN_POINT('',(0.590429648772,1.463183924405));
#4886 = CARTESIAN_POINT('',(0.591082934645,1.427290358782));
#4887 = CARTESIAN_POINT('',(0.5917108725,1.391395673395));
#4888 = CARTESIAN_POINT('',(0.592314115153,1.355499962455));
#4889 = CARTESIAN_POINT('',(0.592893317057,1.319603117663));
#4890 = CARTESIAN_POINT('',(0.593449123937,1.283705239869));
#4891 = CARTESIAN_POINT('',(0.593982174567,1.247806322457));
#4892 = CARTESIAN_POINT('',(0.594493098336,1.211906345577));
#4893 = CARTESIAN_POINT('',(0.594819369487,1.187972360436));
#4894 = CARTESIAN_POINT('',(0.594979021457,1.176005207095));
#4895 = ( GEOMETRIC_REPRESENTATION_CONTEXT(2) 
PARAMETRIC_REPRESENTATION_CONTEXT() REPRESENTATION_CONTEXT('2D SPACE',''
  ) );
#4896 = PCURVE('',#2230,#4897);
#4897 = DEFINITIONAL_REPRESENTATION('',(#4898),#4913);
#4898 = B_SPLINE_CURVE_WITH_KNOTS('',4,(#4899,#4900,#4901,#4902,#4903,
    #4904,#4905,#4906,#4907,#4908,#4909,#4910,#4911,#4912),
  .UNSPECIFIED.,.F.,.F.,(5,3,3,3,5),(0.49992198306,0.750978264911,
    1.003000088846,1.250981374935,1.49992198306),.UNSPECIFIED.);
#4899 = CARTESIAN_POINT('',(0.974984355438,-1.));
#4900 = CARTESIAN_POINT('',(1.570253567178,-0.752281391838));
#4901 = CARTESIAN_POINT('',(2.181867406153,-0.543828112445));
#4902 = CARTESIAN_POINT('',(2.805926473608,-0.376269499747));
#4903 = CARTESIAN_POINT('',(4.073075823774,-0.124130398944));
#4904 = CARTESIAN_POINT('',(4.716238137179,-3.986974379549E-02));
#4905 = CARTESIAN_POINT('',(5.363577433937,1.49547072872E-03));
#4906 = CARTESIAN_POINT('',(6.647667713171,-1.543855394751E-03));
#4907 = CARTESIAN_POINT('',(7.284430010206,-4.458381249108E-02));
#4908 = CARTESIAN_POINT('',(7.917017988651,-0.129156431202));
#4909 = CARTESIAN_POINT('',(9.168249489796,-0.380264920266));
#4910 = CARTESIAN_POINT('',(9.7868373856,-0.54711808075));
#4911 = CARTESIAN_POINT('',(10.393137246339,-0.7542235502));
#4912 = CARTESIAN_POINT('',(10.98332870113,-1.));
#4913 = ( GEOMETRIC_REPRESENTATION_CONTEXT(2) 
PARAMETRIC_REPRESENTATION_CONTEXT() REPRESENTATION_CONTEXT('2D SPACE',''
  ) );
#4914 = ADVANCED_FACE('',(#4915),#2230,.F.);
#4915 = FACE_BOUND('',#4916,.F.);
#4916 = EDGE_LOOP('',(#4917,#4918,#4919,#4920));
#4917 = ORIENTED_EDGE('',*,*,#2215,.T.);
#4918 = ORIENTED_EDGE('',*,*,#4850,.F.);
#4919 = ORIENTED_EDGE('',*,*,#2683,.T.);
#4920 = ORIENTED_EDGE('',*,*,#4921,.T.);
#4921 = EDGE_CURVE('',#2684,#2187,#4922,.T.);
#4922 = SURFACE_CURVE('',#4923,(#4927,#4934),.PCURVE_S1.);
#4923 = LINE('',#4924,#4925);
#4924 = CARTESIAN_POINT('',(15.959108145416,10.358902799182,3.5));
#4925 = VECTOR('',#4926,1.);
#4926 = DIRECTION('',(0.809016994375,0.587785252292,0.));
#4927 = PCURVE('',#2230,#4928);
#4928 = DEFINITIONAL_REPRESENTATION('',(#4929),#4933);
#4929 = LINE('',#4930,#4931);
#4930 = CARTESIAN_POINT('',(0.,-1.5));
#4931 = VECTOR('',#4932,1.);
#4932 = DIRECTION('',(1.,0.));
#4933 = ( GEOMETRIC_REPRESENTATION_CONTEXT(2) 
PARAMETRIC_REPRESENTATION_CONTEXT() REPRESENTATION_CONTEXT('2D SPACE',''
  ) );
#4934 = PCURVE('',#2203,#4935);
#4935 = DEFINITIONAL_REPRESENTATION('',(#4936),#4940);
#4936 = LINE('',#4937,#4938);
#4937 = CARTESIAN_POINT('',(-6.,-1.));
#4938 = VECTOR('',#4939,1.);
#4939 = DIRECTION('',(1.,0.));
#4940 = ( GEOMETRIC_REPRESENTATION_CONTEXT(2) 
PARAMETRIC_REPRESENTATION_CONTEXT() REPRESENTATION_CONTEXT('2D SPACE',''
  ) );
#4941 = ADVANCED_FACE('',(#4942),#2203,.T.);
#4942 = FACE_BOUND('',#4943,.T.);
#4943 = EDGE_LOOP('',(#4944,#4945,#4946,#4947));
#4944 = ORIENTED_EDGE('',*,*,#2704,.T.);
#4945 = ORIENTED_EDGE('',*,*,#4921,.T.);
#4946 = ORIENTED_EDGE('',*,*,#2186,.T.);
#4947 = ORIENTED_EDGE('',*,*,#4948,.T.);
#4948 = EDGE_CURVE('',#2161,#2705,#4949,.T.);
#4949 = SURFACE_CURVE('',#4950,(#4954,#4961),.PCURVE_S1.);
#4950 = LINE('',#4951,#4952);
#4951 = CARTESIAN_POINT('',(24.491741573331,19.030359815442,3.5));
#4952 = VECTOR('',#4953,1.);
#4953 = DIRECTION('',(-0.809016994375,-0.587785252292,0.));
#4954 = PCURVE('',#2203,#4955);
#4955 = DEFINITIONAL_REPRESENTATION('',(#4956),#4960);
#4956 = LINE('',#4957,#4958);
#4957 = CARTESIAN_POINT('',(6.,1.));
#4958 = VECTOR('',#4959,1.);
#4959 = DIRECTION('',(-1.,0.));
#4960 = ( GEOMETRIC_REPRESENTATION_CONTEXT(2) 
PARAMETRIC_REPRESENTATION_CONTEXT() REPRESENTATION_CONTEXT('2D SPACE',''
  ) );
#4961 = PCURVE('',#2175,#4962);
#4962 = DEFINITIONAL_REPRESENTATION('',(#4963),#4967);
#4963 = LINE('',#4964,#4965);
#4964 = CARTESIAN_POINT('',(-0.,-1.5));
#4965 = VECTOR('',#4966,1.);
#4966 = DIRECTION('',(1.,0.));
#4967 = ( GEOMETRIC_REPRESENTATION_CONTEXT(2) 
PARAMETRIC_REPRESENTATION_CONTEXT() REPRESENTATION_CONTEXT('2D SPACE',''
  ) );
#4968 = ADVANCED_FACE('',(#4969),#2175,.F.);
#4969 = FACE_BOUND('',#4970,.F.);
#4970 = EDGE_LOOP('',(#4971,#5036,#5037,#5038));
#4971 = ORIENTED_EDGE('',*,*,#4972,.T.);
#4972 = EDGE_CURVE('',#2733,#2132,#4973,.T.);
#4973 = SURFACE_CURVE('',#4974,(#4989,#5007),.PCURVE_S1.);
#4974 = B_SPLINE_CURVE_WITH_KNOTS('',4,(#4975,#4976,#4977,#4978,#4979,
    #4980,#4981,#4982,#4983,#4984,#4985,#4986,#4987,#4988),
  .UNSPECIFIED.,.F.,.F.,(5,3,3,3,5),(0.499921984779,0.75097826663,
    1.003000090565,1.250981376654,1.499921984779),.UNSPECIFIED.);
#4975 = CARTESIAN_POINT('',(15.572316553631,12.550018213274,4.));
#4976 = CARTESIAN_POINT('',(16.053899462156,12.899908677079,
    4.247718608162));
#4977 = CARTESIAN_POINT('',(16.548705451882,13.259406271726,
    4.456171887555));
#4978 = CARTESIAN_POINT('',(17.053579842947,13.626218988135,
    4.623730500253));
#4979 = CARTESIAN_POINT('',(18.078725201643,14.371030688615,
    4.875869601056));
#4980 = CARTESIAN_POINT('',(18.599054443328,14.749072011264,
    4.960130256204));
#4981 = CARTESIAN_POINT('',(19.122762935533,15.129568503129,
    5.001495470729));
#4982 = CARTESIAN_POINT('',(20.161613793744,15.884337831874,
    4.998456144605));
#4983 = CARTESIAN_POINT('',(20.676765313423,16.258617319288,
    4.955416187509));
#4984 = CARTESIAN_POINT('',(21.188539738422,16.630443203795,
    4.870843568798));
#4985 = CARTESIAN_POINT('',(22.200807286746,17.365898627372,
    4.619735079734));
#4986 = CARTESIAN_POINT('',(22.701255406966,17.729495469773,
    4.45288191925));
#4987 = CARTESIAN_POINT('',(23.191762297991,18.085869586381,4.2457764498
    ));
#4988 = CARTESIAN_POINT('',(23.669237214852,18.432775419537,4.));
#4989 = PCURVE('',#2175,#4990);
#4990 = DEFINITIONAL_REPRESENTATION('',(#4991),#5006);
#4991 = B_SPLINE_CURVE_WITH_KNOTS('',4,(#4992,#4993,#4994,#4995,#4996,
    #4997,#4998,#4999,#5000,#5001,#5002,#5003,#5004,#5005),
  .UNSPECIFIED.,.F.,.F.,(5,3,3,3,5),(0.499921984779,0.75097826663,
    1.003000090565,1.250981376654,1.499921984779),.UNSPECIFIED.);
#4992 = CARTESIAN_POINT('',(11.025015644562,-1.));
#4993 = CARTESIAN_POINT('',(10.429746432822,-0.752281391838));
#4994 = CARTESIAN_POINT('',(9.818132593847,-0.543828112445));
#4995 = CARTESIAN_POINT('',(9.194073526393,-0.376269499747));
#4996 = CARTESIAN_POINT('',(7.926924176226,-0.124130398944));
#4997 = CARTESIAN_POINT('',(7.283761862822,-3.986974379593E-02));
#4998 = CARTESIAN_POINT('',(6.636422566063,1.495470728708E-03));
#4999 = CARTESIAN_POINT('',(5.352332286829,-1.543855394751E-03));
#5000 = CARTESIAN_POINT('',(4.715569989794,-4.458381249108E-02));
#5001 = CARTESIAN_POINT('',(4.082982011349,-0.129156431202));
#5002 = CARTESIAN_POINT('',(2.831750510204,-0.380264920266));
#5003 = CARTESIAN_POINT('',(2.213162614399,-0.54711808075));
#5004 = CARTESIAN_POINT('',(1.606862753661,-0.7542235502));
#5005 = CARTESIAN_POINT('',(1.01667129887,-1.));
#5006 = ( GEOMETRIC_REPRESENTATION_CONTEXT(2) 
PARAMETRIC_REPRESENTATION_CONTEXT() REPRESENTATION_CONTEXT('2D SPACE',''
  ) );
#5007 = PCURVE('',#2148,#5008);
#5008 = DEFINITIONAL_REPRESENTATION('',(#5009),#5035);
#5009 = B_SPLINE_CURVE_WITH_KNOTS('',3,(#5010,#5011,#5012,#5013,#5014,
    #5015,#5016,#5017,#5018,#5019,#5020,#5021,#5022,#5023,#5024,#5025,
    #5026,#5027,#5028,#5029,#5030,#5031,#5032,#5033,#5034),
  .UNSPECIFIED.,.F.,.F.,(4,1,1,1,1,1,1,1,1,1,1,1,1,1,1,1,1,1,1,1,1,1,4),
  (0.499921984779,0.545376530233,0.590831075688,0.636285621143,
    0.681740166597,0.727194712052,0.772649257506,0.818103802961,
    0.863558348415,0.90901289387,0.954467439324,0.999921984779,
    1.045376530233,1.090831075688,1.136285621143,1.181740166597,
    1.227194712052,1.272649257506,1.318103802961,1.363558348415,
    1.40901289387,1.454467439324,1.499921984779),.QUASI_UNIFORM_KNOTS.);
#5010 = CARTESIAN_POINT('',(0.678339387524,1.965587446495));
#5011 = CARTESIAN_POINT('',(0.677980121838,1.953627373266));
#5012 = CARTESIAN_POINT('',(0.677271755831,1.929707043089));
#5013 = CARTESIAN_POINT('',(0.67623988562,1.893825933962));
#5014 = CARTESIAN_POINT('',(0.675238938917,1.857944166286));
#5015 = CARTESIAN_POINT('',(0.674268943439,1.822061632319));
#5016 = CARTESIAN_POINT('',(0.673329812451,1.786178242599));
#5017 = CARTESIAN_POINT('',(0.672421344035,1.750294030664));
#5018 = CARTESIAN_POINT('',(0.671543235462,1.714408826912));
#5019 = CARTESIAN_POINT('',(0.670695107475,1.678522682549));
#5020 = CARTESIAN_POINT('',(0.669876510028,1.642635543548));
#5021 = CARTESIAN_POINT('',(0.669086937037,1.606747344803));
#5022 = CARTESIAN_POINT('',(0.668325839131,1.570858101692));
#5023 = CARTESIAN_POINT('',(0.667592630841,1.534967803684));
#5024 = CARTESIAN_POINT('',(0.666886698858,1.499076392225));
#5025 = CARTESIAN_POINT('',(0.666207412664,1.463183924405));
#5026 = CARTESIAN_POINT('',(0.665554126791,1.427290358782));
#5027 = CARTESIAN_POINT('',(0.664926188936,1.391395673395));
#5028 = CARTESIAN_POINT('',(0.664322946283,1.355499962455));
#5029 = CARTESIAN_POINT('',(0.663743744379,1.319603117663));
#5030 = CARTESIAN_POINT('',(0.663187937499,1.283705239869));
#5031 = CARTESIAN_POINT('',(0.662654886869,1.247806322457));
#5032 = CARTESIAN_POINT('',(0.6621439631,1.211906345577));
#5033 = CARTESIAN_POINT('',(0.661817691949,1.187972360436));
#5034 = CARTESIAN_POINT('',(0.661658039979,1.176005207095));
#5035 = ( GEOMETRIC_REPRESENTATION_CONTEXT(2) 
PARAMETRIC_REPRESENTATION_CONTEXT() REPRESENTATION_CONTEXT('2D SPACE',''
  ) );
#5036 = ORIENTED_EDGE('',*,*,#2160,.F.);
#5037 = ORIENTED_EDGE('',*,*,#4948,.T.);
#5038 = ORIENTED_EDGE('',*,*,#2732,.F.);
#5039 = ADVANCED_FACE('',(#5040),#2148,.T.);
#5040 = FACE_BOUND('',#5041,.T.);
#5041 = EDGE_LOOP('',(#5042,#5043,#5044,#5045));
#5042 = ORIENTED_EDGE('',*,*,#2753,.F.);
#5043 = ORIENTED_EDGE('',*,*,#4972,.T.);
#5044 = ORIENTED_EDGE('',*,*,#2131,.T.);
#5045 = ORIENTED_EDGE('',*,*,#5046,.F.);
#5046 = EDGE_CURVE('',#2754,#2106,#5047,.T.);
#5047 = SURFACE_CURVE('',#5048,(#5063,#5092),.PCURVE_S1.);
#5048 = B_SPLINE_CURVE_WITH_KNOTS('',4,(#5049,#5050,#5051,#5052,#5053,
    #5054,#5055,#5056,#5057,#5058,#5059,#5060,#5061,#5062),
  .UNSPECIFIED.,.F.,.F.,(5,3,3,3,5),(0.499921987216,0.750978269068,
    1.003000093003,1.250981379091,1.499921987217),.UNSPECIFIED.);
#5049 = CARTESIAN_POINT('',(12.550018213274,15.572316553631,4.));
#5050 = CARTESIAN_POINT('',(12.899908677079,16.053899462156,
    4.247718608162));
#5051 = CARTESIAN_POINT('',(13.259406271726,16.548705451882,
    4.456171887555));
#5052 = CARTESIAN_POINT('',(13.626218988135,17.053579842947,
    4.623730500253));
#5053 = CARTESIAN_POINT('',(14.371030688615,18.078725201643,
    4.875869601056));
#5054 = CARTESIAN_POINT('',(14.749072011264,18.599054443327,
    4.960130256205));
#5055 = CARTESIAN_POINT('',(15.129568503129,19.122762935533,
    5.001495470729));
#5056 = CARTESIAN_POINT('',(15.884337831874,20.161613793744,
    4.998456144605));
#5057 = CARTESIAN_POINT('',(16.258617319287,20.676765313423,
    4.955416187509));
#5058 = CARTESIAN_POINT('',(16.630443203795,21.188539738422,
    4.870843568798));
#5059 = CARTESIAN_POINT('',(17.365898627372,22.200807286746,
    4.619735079734));
#5060 = CARTESIAN_POINT('',(17.729495469773,22.701255406966,
    4.45288191925));
#5061 = CARTESIAN_POINT('',(18.085869586382,23.191762297991,4.2457764498
    ));
#5062 = CARTESIAN_POINT('',(18.432775419537,23.669237214852,4.));
#5063 = PCURVE('',#2148,#5064);
#5064 = DEFINITIONAL_REPRESENTATION('',(#5065),#5091);
#5065 = B_SPLINE_CURVE_WITH_KNOTS('',3,(#5066,#5067,#5068,#5069,#5070,
    #5071,#5072,#5073,#5074,#5075,#5076,#5077,#5078,#5079,#5080,#5081,
    #5082,#5083,#5084,#5085,#5086,#5087,#5088,#5089,#5090),
  .UNSPECIFIED.,.F.,.F.,(4,1,1,1,1,1,1,1,1,1,1,1,1,1,1,1,1,1,1,1,1,1,4),
  (0.499921987216,0.545376532671,0.590831078126,0.63628562358,
    0.681740169035,0.727194714489,0.772649259944,0.818103805398,
    0.863558350853,0.909012896307,0.954467441762,0.999921987217,
    1.045376532671,1.090831078126,1.13628562358,1.181740169035,
    1.227194714489,1.272649259944,1.318103805398,1.363558350853,
    1.409012896308,1.454467441762,1.499921987217),
  .QUASI_UNIFORM_KNOTS.);
#5066 = CARTESIAN_POINT('',(0.892456939271,1.965587446495));
#5067 = CARTESIAN_POINT('',(0.892816204957,1.953627373266));
#5068 = CARTESIAN_POINT('',(0.893524570964,1.929707043089));
#5069 = CARTESIAN_POINT('',(0.894556441174,1.893825933962));
#5070 = CARTESIAN_POINT('',(0.895557387878,1.857944166286));
#5071 = CARTESIAN_POINT('',(0.896527383356,1.822061632319));
#5072 = CARTESIAN_POINT('',(0.897466514344,1.786178242599));
#5073 = CARTESIAN_POINT('',(0.89837498276,1.750294030664));
#5074 = CARTESIAN_POINT('',(0.899253091333,1.714408826912));
#5075 = CARTESIAN_POINT('',(0.90010121932,1.678522682549));
#5076 = CARTESIAN_POINT('',(0.900919816767,1.642635543548));
#5077 = CARTESIAN_POINT('',(0.901709389758,1.606747344803));
#5078 = CARTESIAN_POINT('',(0.902470487664,1.570858101692));
#5079 = CARTESIAN_POINT('',(0.903203695954,1.534967803684));
#5080 = CARTESIAN_POINT('',(0.903909627937,1.499076392225));
#5081 = CARTESIAN_POINT('',(0.904588914131,1.463183924405));
#5082 = CARTESIAN_POINT('',(0.905242200004,1.427290358782));
#5083 = CARTESIAN_POINT('',(0.905870137859,1.391395673395));
#5084 = CARTESIAN_POINT('',(0.906473380512,1.355499962455));
#5085 = CARTESIAN_POINT('',(0.907052582416,1.319603117663));
#5086 = CARTESIAN_POINT('',(0.907608389296,1.283705239869));
#5087 = CARTESIAN_POINT('',(0.908141439926,1.247806322457));
#5088 = CARTESIAN_POINT('',(0.908652363695,1.211906345577));
#5089 = CARTESIAN_POINT('',(0.908978634846,1.187972360436));
#5090 = CARTESIAN_POINT('',(0.909138286816,1.176005207095));
#5091 = ( GEOMETRIC_REPRESENTATION_CONTEXT(2) 
PARAMETRIC_REPRESENTATION_CONTEXT() REPRESENTATION_CONTEXT('2D SPACE',''
  ) );
#5092 = PCURVE('',#2120,#5093);
#5093 = DEFINITIONAL_REPRESENTATION('',(#5094),#5109);
#5094 = B_SPLINE_CURVE_WITH_KNOTS('',4,(#5095,#5096,#5097,#5098,#5099,
    #5100,#5101,#5102,#5103,#5104,#5105,#5106,#5107,#5108),
  .UNSPECIFIED.,.F.,.F.,(5,3,3,3,5),(0.499921987216,0.750978269068,
    1.003000093003,1.250981379091,1.499921987217),.UNSPECIFIED.);
#5095 = CARTESIAN_POINT('',(0.974984355438,-1.));
#5096 = CARTESIAN_POINT('',(1.570253567178,-0.752281391838));
#5097 = CARTESIAN_POINT('',(2.181867406153,-0.543828112445));
#5098 = CARTESIAN_POINT('',(2.805926473608,-0.376269499747));
#5099 = CARTESIAN_POINT('',(4.073075823774,-0.124130398944));
#5100 = CARTESIAN_POINT('',(4.716238137178,-3.98697437955E-02));
#5101 = CARTESIAN_POINT('',(5.363577433937,1.49547072872E-03));
#5102 = CARTESIAN_POINT('',(6.647667713171,-1.543855394752E-03));
#5103 = CARTESIAN_POINT('',(7.284430010206,-4.458381249107E-02));
#5104 = CARTESIAN_POINT('',(7.917017988651,-0.129156431202));
#5105 = CARTESIAN_POINT('',(9.168249489796,-0.380264920266));
#5106 = CARTESIAN_POINT('',(9.786837385601,-0.54711808075));
#5107 = CARTESIAN_POINT('',(10.393137246339,-0.7542235502));
#5108 = CARTESIAN_POINT('',(10.98332870113,-1.));
#5109 = ( GEOMETRIC_REPRESENTATION_CONTEXT(2) 
PARAMETRIC_REPRESENTATION_CONTEXT() REPRESENTATION_CONTEXT('2D SPACE',''
  ) );
#5110 = ADVANCED_FACE('',(#5111),#2120,.F.);
#5111 = FACE_BOUND('',#5112,.F.);
#5112 = EDGE_LOOP('',(#5113,#5114,#5115,#5116));
#5113 = ORIENTED_EDGE('',*,*,#2105,.T.);
#5114 = ORIENTED_EDGE('',*,*,#5046,.F.);
#5115 = ORIENTED_EDGE('',*,*,#2777,.T.);
#5116 = ORIENTED_EDGE('',*,*,#5117,.T.);
#5117 = EDGE_CURVE('',#2778,#2077,#5118,.T.);
#5118 = SURFACE_CURVE('',#5119,(#5123,#5130),.PCURVE_S1.);
#5119 = LINE('',#5120,#5121);
#5120 = CARTESIAN_POINT('',(11.976936787932,14.783537640832,3.5));
#5121 = VECTOR('',#5122,1.);
#5122 = DIRECTION('',(0.587785252292,0.809016994375,0.));
#5123 = PCURVE('',#2120,#5124);
#5124 = DEFINITIONAL_REPRESENTATION('',(#5125),#5129);
#5125 = LINE('',#5126,#5127);
#5126 = CARTESIAN_POINT('',(0.,-1.5));
#5127 = VECTOR('',#5128,1.);
#5128 = DIRECTION('',(1.,0.));
#5129 = ( GEOMETRIC_REPRESENTATION_CONTEXT(2) 
PARAMETRIC_REPRESENTATION_CONTEXT() REPRESENTATION_CONTEXT('2D SPACE',''
  ) );
#5130 = PCURVE('',#2093,#5131);
#5131 = DEFINITIONAL_REPRESENTATION('',(#5132),#5136);
#5132 = LINE('',#5133,#5134);
#5133 = CARTESIAN_POINT('',(-6.,-1.));
#5134 = VECTOR('',#5135,1.);
#5135 = DIRECTION('',(1.,0.));
#5136 = ( GEOMETRIC_REPRESENTATION_CONTEXT(2) 
PARAMETRIC_REPRESENTATION_CONTEXT() REPRESENTATION_CONTEXT('2D SPACE',''
  ) );
#5137 = ADVANCED_FACE('',(#5138),#2093,.T.);
#5138 = FACE_BOUND('',#5139,.T.);
#5139 = EDGE_LOOP('',(#5140,#5141,#5142,#5143));
#5140 = ORIENTED_EDGE('',*,*,#2798,.T.);
#5141 = ORIENTED_EDGE('',*,*,#5117,.T.);
#5142 = ORIENTED_EDGE('',*,*,#2076,.T.);
#5143 = ORIENTED_EDGE('',*,*,#5144,.T.);
#5144 = EDGE_CURVE('',#2051,#2799,#5145,.T.);
#5145 = SURFACE_CURVE('',#5146,(#5150,#5157),.PCURVE_S1.);
#5146 = LINE('',#5147,#5148);
#5147 = CARTESIAN_POINT('',(17.412325826692,25.667312077916,3.5));
#5148 = VECTOR('',#5149,1.);
#5149 = DIRECTION('',(-0.587785252292,-0.809016994375,0.));
#5150 = PCURVE('',#2093,#5151);
#5151 = DEFINITIONAL_REPRESENTATION('',(#5152),#5156);
#5152 = LINE('',#5153,#5154);
#5153 = CARTESIAN_POINT('',(6.,1.));
#5154 = VECTOR('',#5155,1.);
#5155 = DIRECTION('',(-1.,0.));
#5156 = ( GEOMETRIC_REPRESENTATION_CONTEXT(2) 
PARAMETRIC_REPRESENTATION_CONTEXT() REPRESENTATION_CONTEXT('2D SPACE',''
  ) );
#5157 = PCURVE('',#2065,#5158);
#5158 = DEFINITIONAL_REPRESENTATION('',(#5159),#5163);
#5159 = LINE('',#5160,#5161);
#5160 = CARTESIAN_POINT('',(-0.,-1.5));
#5161 = VECTOR('',#5162,1.);
#5162 = DIRECTION('',(1.,0.));
#5163 = ( GEOMETRIC_REPRESENTATION_CONTEXT(2) 
PARAMETRIC_REPRESENTATION_CONTEXT() REPRESENTATION_CONTEXT('2D SPACE',''
  ) );
#5164 = ADVANCED_FACE('',(#5165),#2065,.F.);
#5165 = FACE_BOUND('',#5166,.F.);
#5166 = EDGE_LOOP('',(#5167,#5232,#5233,#5234));
#5167 = ORIENTED_EDGE('',*,*,#5168,.T.);
#5168 = EDGE_CURVE('',#2827,#2022,#5169,.T.);
#5169 = SURFACE_CURVE('',#5170,(#5185,#5203),.PCURVE_S1.);
#5170 = B_SPLINE_CURVE_WITH_KNOTS('',4,(#5171,#5172,#5173,#5174,#5175,
    #5176,#5177,#5178,#5179,#5180,#5181,#5182,#5183,#5184),
  .UNSPECIFIED.,.F.,.F.,(5,3,3,3,5),(0.499921984998,0.750978266849,
    1.003000090784,1.250981376872,1.499921984997),.UNSPECIFIED.);
#5171 = CARTESIAN_POINT('',(10.931984224524,16.747887058216,4.));
#5172 = CARTESIAN_POINT('',(11.281874688329,17.229469966741,
    4.247718608162));
#5173 = CARTESIAN_POINT('',(11.641372282976,17.724275956467,
    4.456171887555));
#5174 = CARTESIAN_POINT('',(12.008184999386,18.229150347531,
    4.623730500253));
#5175 = CARTESIAN_POINT('',(12.752996699866,19.254295706227,
    4.875869601056));
#5176 = CARTESIAN_POINT('',(13.131038022515,19.774624947916,
    4.960130256205));
#5177 = CARTESIAN_POINT('',(13.511534514379,20.298333440118,
    5.001495470729));
#5178 = CARTESIAN_POINT('',(14.266303843125,21.337184298329,
    4.998456144605));
#5179 = CARTESIAN_POINT('',(14.640583330538,21.852335818008,
    4.955416187509));
#5180 = CARTESIAN_POINT('',(15.012409215045,22.364110243007,
    4.870843568798));
#5181 = CARTESIAN_POINT('',(15.747864638622,23.376377791331,
    4.619735079734));
#5182 = CARTESIAN_POINT('',(16.111461481023,23.876825911551,
    4.45288191925));
#5183 = CARTESIAN_POINT('',(16.467835597632,24.367332802576,4.2457764498
    ));
#5184 = CARTESIAN_POINT('',(16.814741430787,24.844807719437,4.));
#5185 = PCURVE('',#2065,#5186);
#5186 = DEFINITIONAL_REPRESENTATION('',(#5187),#5202);
#5187 = B_SPLINE_CURVE_WITH_KNOTS('',4,(#5188,#5189,#5190,#5191,#5192,
    #5193,#5194,#5195,#5196,#5197,#5198,#5199,#5200,#5201),
  .UNSPECIFIED.,.F.,.F.,(5,3,3,3,5),(0.499921984998,0.750978266849,
    1.003000090784,1.250981376872,1.499921984997),.UNSPECIFIED.);
#5188 = CARTESIAN_POINT('',(11.025015644562,-1.));
#5189 = CARTESIAN_POINT('',(10.429746432822,-0.752281391838));
#5190 = CARTESIAN_POINT('',(9.818132593847,-0.543828112445));
#5191 = CARTESIAN_POINT('',(9.194073526393,-0.376269499747));
#5192 = CARTESIAN_POINT('',(7.926924176226,-0.124130398944));
#5193 = CARTESIAN_POINT('',(7.283761862819,-3.986974379496E-02));
#5194 = CARTESIAN_POINT('',(6.636422566063,1.495470728731E-03));
#5195 = CARTESIAN_POINT('',(5.352332286829,-1.543855394751E-03));
#5196 = CARTESIAN_POINT('',(4.715569989794,-4.458381249107E-02));
#5197 = CARTESIAN_POINT('',(4.082982011349,-0.129156431202));
#5198 = CARTESIAN_POINT('',(2.831750510204,-0.380264920266));
#5199 = CARTESIAN_POINT('',(2.213162614399,-0.54711808075));
#5200 = CARTESIAN_POINT('',(1.606862753661,-0.7542235502));
#5201 = CARTESIAN_POINT('',(1.01667129887,-1.));
#5202 = ( GEOMETRIC_REPRESENTATION_CONTEXT(2) 
PARAMETRIC_REPRESENTATION_CONTEXT() REPRESENTATION_CONTEXT('2D SPACE',''
  ) );
#5203 = PCURVE('',#2038,#5204);
#5204 = DEFINITIONAL_REPRESENTATION('',(#5205),#5231);
#5205 = B_SPLINE_CURVE_WITH_KNOTS('',3,(#5206,#5207,#5208,#5209,#5210,
    #5211,#5212,#5213,#5214,#5215,#5216,#5217,#5218,#5219,#5220,#5221,
    #5222,#5223,#5224,#5225,#5226,#5227,#5228,#5229,#5230),
  .UNSPECIFIED.,.F.,.F.,(4,1,1,1,1,1,1,1,1,1,1,1,1,1,1,1,1,1,1,1,1,1,4),
  (0.499921984998,0.545376530452,0.590831075907,0.636285621361,
    0.681740166816,0.72719471227,0.772649257725,0.818103803179,
    0.863558348634,0.909012894088,0.954467439543,0.999921984998,
    1.045376530452,1.090831075907,1.136285621361,1.181740166816,
    1.22719471227,1.272649257725,1.318103803179,1.363558348634,
    1.409012894088,1.454467439543,1.499921984997),
  .QUASI_UNIFORM_KNOTS.);
#5206 = CARTESIAN_POINT('',(0.992498652883,1.965587446495));
#5207 = CARTESIAN_POINT('',(0.992139387197,1.953627373266));
#5208 = CARTESIAN_POINT('',(0.99143102119,1.929707043089));
#5209 = CARTESIAN_POINT('',(0.990399150979,1.893825933962));
#5210 = CARTESIAN_POINT('',(0.989398204276,1.857944166286));
#5211 = CARTESIAN_POINT('',(0.988428208798,1.822061632319));
#5212 = CARTESIAN_POINT('',(0.98748907781,1.786178242599));
#5213 = CARTESIAN_POINT('',(0.986580609394,1.750294030664));
#5214 = CARTESIAN_POINT('',(0.985702500821,1.714408826912));
#5215 = CARTESIAN_POINT('',(0.984854372834,1.678522682549));
#5216 = CARTESIAN_POINT('',(0.984035775387,1.642635543548));
#5217 = CARTESIAN_POINT('',(0.983246202396,1.606747344803));
#5218 = CARTESIAN_POINT('',(0.98248510449,1.570858101692));
#5219 = CARTESIAN_POINT('',(0.9817518962,1.534967803684));
#5220 = CARTESIAN_POINT('',(0.981045964217,1.499076392225));
#5221 = CARTESIAN_POINT('',(0.980366678023,1.463183924405));
#5222 = CARTESIAN_POINT('',(0.97971339215,1.427290358782));
#5223 = CARTESIAN_POINT('',(0.979085454295,1.391395673395));
#5224 = CARTESIAN_POINT('',(0.978482211642,1.355499962455));
#5225 = CARTESIAN_POINT('',(0.977903009738,1.319603117663));
#5226 = CARTESIAN_POINT('',(0.977347202858,1.283705239869));
#5227 = CARTESIAN_POINT('',(0.976814152228,1.247806322457));
#5228 = CARTESIAN_POINT('',(0.976303228459,1.211906345577));
#5229 = CARTESIAN_POINT('',(0.975976957308,1.187972360436));
#5230 = CARTESIAN_POINT('',(0.975817305338,1.176005207095));
#5231 = ( GEOMETRIC_REPRESENTATION_CONTEXT(2) 
PARAMETRIC_REPRESENTATION_CONTEXT() REPRESENTATION_CONTEXT('2D SPACE',''
  ) );
#5232 = ORIENTED_EDGE('',*,*,#2050,.F.);
#5233 = ORIENTED_EDGE('',*,*,#5144,.T.);
#5234 = ORIENTED_EDGE('',*,*,#2826,.F.);
#5235 = ADVANCED_FACE('',(#5236),#2038,.T.);
#5236 = FACE_BOUND('',#5237,.T.);
#5237 = EDGE_LOOP('',(#5238,#5239,#5240,#5241));
#5238 = ORIENTED_EDGE('',*,*,#2847,.F.);
#5239 = ORIENTED_EDGE('',*,*,#5168,.T.);
#5240 = ORIENTED_EDGE('',*,*,#2021,.T.);
#5241 = ORIENTED_EDGE('',*,*,#5242,.F.);
#5242 = EDGE_CURVE('',#2848,#1996,#5243,.T.);
#5243 = SURFACE_CURVE('',#5244,(#5259,#5288),.PCURVE_S1.);
#5244 = B_SPLINE_CURVE_WITH_KNOTS('',4,(#5245,#5246,#5247,#5248,#5249,
    #5250,#5251,#5252,#5253,#5254,#5255,#5256,#5257,#5258),
  .UNSPECIFIED.,.F.,.F.,(5,3,3,3,5),(0.499921984454,0.750978266305,
    1.003000090241,1.250981376329,1.499921984454),.UNSPECIFIED.);
#5245 = CARTESIAN_POINT('',(7.123666144499,18.688322039758,4.));
#5246 = CARTESIAN_POINT('',(7.307614447155,19.254456702533,
    4.247718608162));
#5247 = CARTESIAN_POINT('',(7.496613517393,19.836136029547,
    4.456171887555));
#5248 = CARTESIAN_POINT('',(7.68945837473,20.429651472202,4.623730500253
    ));
#5249 = CARTESIAN_POINT('',(8.081029058343,21.634782118798,
    4.875869601056));
#5250 = CARTESIAN_POINT('',(8.279777143327,22.246465827999,
    4.960130256205));
#5251 = CARTESIAN_POINT('',(8.479815987152,22.862122084433,
    5.001495470729));
#5252 = CARTESIAN_POINT('',(8.876621705747,24.083364512009,
    4.998456144605));
#5253 = CARTESIAN_POINT('',(9.073392076908,24.688961443935,
    4.955416187509));
#5254 = CARTESIAN_POINT('',(9.268872512684,25.290588362965,
    4.870843568798));
#5255 = CARTESIAN_POINT('',(9.655524310436,26.480580235524,
    4.619735079734));
#5256 = CARTESIAN_POINT('',(9.846678482754,27.068892284729,4.45288191925
    ));
#5257 = CARTESIAN_POINT('',(10.034035443409,27.645517718113,4.2457764498
    ));
#5258 = CARTESIAN_POINT('',(10.216414632874,28.206823147054,4.));
#5259 = PCURVE('',#2038,#5260);
#5260 = DEFINITIONAL_REPRESENTATION('',(#5261),#5287);
#5261 = B_SPLINE_CURVE_WITH_KNOTS('',3,(#5262,#5263,#5264,#5265,#5266,
    #5267,#5268,#5269,#5270,#5271,#5272,#5273,#5274,#5275,#5276,#5277,
    #5278,#5279,#5280,#5281,#5282,#5283,#5284,#5285,#5286),
  .UNSPECIFIED.,.F.,.F.,(4,1,1,1,1,1,1,1,1,1,1,1,1,1,1,1,1,1,1,1,1,1,4),
  (0.499921984454,0.545376529909,0.590831075363,0.636285620818,
    0.681740166272,0.727194711727,0.772649257181,0.818103802636,
    0.863558348091,0.909012893545,0.954467439,0.999921984454,
    1.045376529909,1.090831075363,1.136285620818,1.181740166272,
    1.227194711727,1.272649257181,1.318103802636,1.363558348091,
    1.409012893545,1.454467439,1.499921984454),.QUASI_UNIFORM_KNOTS.);
#5262 = CARTESIAN_POINT('',(1.20661620463,1.965587446495));
#5263 = CARTESIAN_POINT('',(1.206975470316,1.953627373266));
#5264 = CARTESIAN_POINT('',(1.207683836323,1.929707043089));
#5265 = CARTESIAN_POINT('',(1.208715706533,1.893825933962));
#5266 = CARTESIAN_POINT('',(1.209716653237,1.857944166286));
#5267 = CARTESIAN_POINT('',(1.210686648715,1.822061632319));
#5268 = CARTESIAN_POINT('',(1.211625779702,1.786178242599));
#5269 = CARTESIAN_POINT('',(1.212534248119,1.750294030664));
#5270 = CARTESIAN_POINT('',(1.213412356692,1.714408826912));
#5271 = CARTESIAN_POINT('',(1.214260484679,1.678522682549));
#5272 = CARTESIAN_POINT('',(1.215079082126,1.642635543548));
#5273 = CARTESIAN_POINT('',(1.215868655117,1.606747344803));
#5274 = CARTESIAN_POINT('',(1.216629753023,1.570858101692));
#5275 = CARTESIAN_POINT('',(1.217362961313,1.534967803684));
#5276 = CARTESIAN_POINT('',(1.218068893296,1.499076392225));
#5277 = CARTESIAN_POINT('',(1.21874817949,1.463183924405));
#5278 = CARTESIAN_POINT('',(1.219401465363,1.427290358782));
#5279 = CARTESIAN_POINT('',(1.220029403218,1.391395673395));
#5280 = CARTESIAN_POINT('',(1.220632645871,1.355499962455));
#5281 = CARTESIAN_POINT('',(1.221211847775,1.319603117663));
#5282 = CARTESIAN_POINT('',(1.221767654655,1.283705239869));
#5283 = CARTESIAN_POINT('',(1.222300705285,1.247806322457));
#5284 = CARTESIAN_POINT('',(1.222811629054,1.211906345577));
#5285 = CARTESIAN_POINT('',(1.223137900205,1.187972360436));
#5286 = CARTESIAN_POINT('',(1.223297552175,1.176005207095));
#5287 = ( GEOMETRIC_REPRESENTATION_CONTEXT(2) 
PARAMETRIC_REPRESENTATION_CONTEXT() REPRESENTATION_CONTEXT('2D SPACE',''
  ) );
#5288 = PCURVE('',#2010,#5289);
#5289 = DEFINITIONAL_REPRESENTATION('',(#5290),#5305);
#5290 = B_SPLINE_CURVE_WITH_KNOTS('',4,(#5291,#5292,#5293,#5294,#5295,
    #5296,#5297,#5298,#5299,#5300,#5301,#5302,#5303,#5304),
  .UNSPECIFIED.,.F.,.F.,(5,3,3,3,5),(0.499921984454,0.750978266305,
    1.003000090241,1.250981376329,1.499921984454),.UNSPECIFIED.);
#5291 = CARTESIAN_POINT('',(0.974984355438,-1.));
#5292 = CARTESIAN_POINT('',(1.570253567178,-0.752281391838));
#5293 = CARTESIAN_POINT('',(2.181867406153,-0.543828112445));
#5294 = CARTESIAN_POINT('',(2.805926473608,-0.376269499747));
#5295 = CARTESIAN_POINT('',(4.073075823774,-0.124130398944));
#5296 = CARTESIAN_POINT('',(4.716238137181,-3.986974379507E-02));
#5297 = CARTESIAN_POINT('',(5.363577433937,1.495470728731E-03));
#5298 = CARTESIAN_POINT('',(6.647667713171,-1.543855394752E-03));
#5299 = CARTESIAN_POINT('',(7.284430010206,-4.458381249108E-02));
#5300 = CARTESIAN_POINT('',(7.917017988651,-0.129156431202));
#5301 = CARTESIAN_POINT('',(9.168249489796,-0.380264920266));
#5302 = CARTESIAN_POINT('',(9.786837385601,-0.54711808075));
#5303 = CARTESIAN_POINT('',(10.393137246339,-0.7542235502));
#5304 = CARTESIAN_POINT('',(10.98332870113,-1.));
#5305 = ( GEOMETRIC_REPRESENTATION_CONTEXT(2) 
PARAMETRIC_REPRESENTATION_CONTEXT() REPRESENTATION_CONTEXT('2D SPACE',''
  ) );
#5306 = ADVANCED_FACE('',(#5307),#2010,.F.);
#5307 = FACE_BOUND('',#5308,.F.);
#5308 = EDGE_LOOP('',(#5309,#5310,#5311,#5312));
#5309 = ORIENTED_EDGE('',*,*,#1995,.T.);
#5310 = ORIENTED_EDGE('',*,*,#5242,.F.);
#5311 = ORIENTED_EDGE('',*,*,#2871,.T.);
#5312 = ORIENTED_EDGE('',*,*,#5313,.T.);
#5313 = EDGE_CURVE('',#2872,#1967,#5314,.T.);
#5314 = SURFACE_CURVE('',#5315,(#5319,#5326),.PCURVE_S1.);
#5315 = LINE('',#5316,#5317);
#5316 = CARTESIAN_POINT('',(6.822379409419,17.761056815233,3.5));
#5317 = VECTOR('',#5318,1.);
#5318 = DIRECTION('',(0.309016994375,0.951056516295,0.));
#5319 = PCURVE('',#2010,#5320);
#5320 = DEFINITIONAL_REPRESENTATION('',(#5321),#5325);
#5321 = LINE('',#5322,#5323);
#5322 = CARTESIAN_POINT('',(0.,-1.5));
#5323 = VECTOR('',#5324,1.);
#5324 = DIRECTION('',(1.,0.));
#5325 = ( GEOMETRIC_REPRESENTATION_CONTEXT(2) 
PARAMETRIC_REPRESENTATION_CONTEXT() REPRESENTATION_CONTEXT('2D SPACE',''
  ) );
#5326 = PCURVE('',#1983,#5327);
#5327 = DEFINITIONAL_REPRESENTATION('',(#5328),#5332);
#5328 = LINE('',#5329,#5330);
#5329 = CARTESIAN_POINT('',(-6.,-1.));
#5330 = VECTOR('',#5331,1.);
#5331 = DIRECTION('',(1.,0.));
#5332 = ( GEOMETRIC_REPRESENTATION_CONTEXT(2) 
PARAMETRIC_REPRESENTATION_CONTEXT() REPRESENTATION_CONTEXT('2D SPACE',''
  ) );
#5333 = ADVANCED_FACE('',(#5334),#1983,.T.);
#5334 = FACE_BOUND('',#5335,.T.);
#5335 = EDGE_LOOP('',(#5336,#5337,#5338,#5339));
#5336 = ORIENTED_EDGE('',*,*,#2892,.T.);
#5337 = ORIENTED_EDGE('',*,*,#5313,.T.);
#5338 = ORIENTED_EDGE('',*,*,#1966,.T.);
#5339 = ORIENTED_EDGE('',*,*,#5340,.T.);
#5340 = EDGE_CURVE('',#1941,#2893,#5341,.T.);
#5341 = SURFACE_CURVE('',#5342,(#5346,#5353),.PCURVE_S1.);
#5342 = LINE('',#5343,#5344);
#5343 = CARTESIAN_POINT('',(8.628470309328,29.791768999525,3.5));
#5344 = VECTOR('',#5345,1.);
#5345 = DIRECTION('',(-0.309016994375,-0.951056516295,0.));
#5346 = PCURVE('',#1983,#5347);
#5347 = DEFINITIONAL_REPRESENTATION('',(#5348),#5352);
#5348 = LINE('',#5349,#5350);
#5349 = CARTESIAN_POINT('',(6.,1.));
#5350 = VECTOR('',#5351,1.);
#5351 = DIRECTION('',(-1.,0.));
#5352 = ( GEOMETRIC_REPRESENTATION_CONTEXT(2) 
PARAMETRIC_REPRESENTATION_CONTEXT() REPRESENTATION_CONTEXT('2D SPACE',''
  ) );
#5353 = PCURVE('',#1955,#5354);
#5354 = DEFINITIONAL_REPRESENTATION('',(#5355),#5359);
#5355 = LINE('',#5356,#5357);
#5356 = CARTESIAN_POINT('',(-0.,-1.5));
#5357 = VECTOR('',#5358,1.);
#5358 = DIRECTION('',(1.,0.));
#5359 = ( GEOMETRIC_REPRESENTATION_CONTEXT(2) 
PARAMETRIC_REPRESENTATION_CONTEXT() REPRESENTATION_CONTEXT('2D SPACE',''
  ) );
#5360 = ADVANCED_FACE('',(#5361),#1955,.F.);
#5361 = FACE_BOUND('',#5362,.F.);
#5362 = EDGE_LOOP('',(#5363,#5428,#5429,#5430));
#5363 = ORIENTED_EDGE('',*,*,#5364,.T.);
#5364 = EDGE_CURVE('',#2921,#1912,#5365,.T.);
#5365 = SURFACE_CURVE('',#5366,(#5381,#5399),.PCURVE_S1.);
#5366 = B_SPLINE_CURVE_WITH_KNOTS('',4,(#5367,#5368,#5369,#5370,#5371,
    #5372,#5373,#5374,#5375,#5376,#5377,#5378,#5379,#5380),
  .UNSPECIFIED.,.F.,.F.,(5,3,3,3,5),(0.499921991683,0.750978273534,
    1.003000097469,1.250981383558,1.499921991683),.UNSPECIFIED.);
#5367 = CARTESIAN_POINT('',(5.221553111909,19.306356028508,4.));
#5368 = CARTESIAN_POINT('',(5.405501414565,19.872490691283,
    4.247718608162));
#5369 = CARTESIAN_POINT('',(5.594500484803,20.454170018297,
    4.456171887555));
#5370 = CARTESIAN_POINT('',(5.78734534214,21.047685460952,4.623730500253
    ));
#5371 = CARTESIAN_POINT('',(6.178916025753,22.252816107548,
    4.875869601056));
#5372 = CARTESIAN_POINT('',(6.377664110736,22.864499816747,
    4.960130256204));
#5373 = CARTESIAN_POINT('',(6.577702954561,23.480156073183,
    5.001495470729));
#5374 = CARTESIAN_POINT('',(6.974508673156,24.701398500759,
    4.998456144605));
#5375 = CARTESIAN_POINT('',(7.171279044317,25.306995432685,
    4.955416187509));
#5376 = CARTESIAN_POINT('',(7.366759480094,25.908622351715,
    4.870843568798));
#5377 = CARTESIAN_POINT('',(7.753411277845,27.098614224273,
    4.619735079734));
#5378 = CARTESIAN_POINT('',(7.944565450163,27.686926273479,4.45288191925
    ));
#5379 = CARTESIAN_POINT('',(8.131922410819,28.263551706863,4.2457764498)
  );
#5380 = CARTESIAN_POINT('',(8.314301600284,28.824857135804,4.));
#5381 = PCURVE('',#1955,#5382);
#5382 = DEFINITIONAL_REPRESENTATION('',(#5383),#5398);
#5383 = B_SPLINE_CURVE_WITH_KNOTS('',4,(#5384,#5385,#5386,#5387,#5388,
    #5389,#5390,#5391,#5392,#5393,#5394,#5395,#5396,#5397),
  .UNSPECIFIED.,.F.,.F.,(5,3,3,3,5),(0.499921991683,0.750978273534,
    1.003000097469,1.250981383558,1.499921991683),.UNSPECIFIED.);
#5384 = CARTESIAN_POINT('',(11.025015644562,-1.));
#5385 = CARTESIAN_POINT('',(10.429746432822,-0.752281391838));
#5386 = CARTESIAN_POINT('',(9.818132593847,-0.543828112445));
#5387 = CARTESIAN_POINT('',(9.194073526393,-0.376269499747));
#5388 = CARTESIAN_POINT('',(7.926924176226,-0.124130398944));
#5389 = CARTESIAN_POINT('',(7.283761862821,-3.986974379644E-02));
#5390 = CARTESIAN_POINT('',(6.636422566063,1.495470728697E-03));
#5391 = CARTESIAN_POINT('',(5.352332286829,-1.543855394752E-03));
#5392 = CARTESIAN_POINT('',(4.715569989794,-4.458381249107E-02));
#5393 = CARTESIAN_POINT('',(4.082982011349,-0.129156431202));
#5394 = CARTESIAN_POINT('',(2.831750510204,-0.380264920266));
#5395 = CARTESIAN_POINT('',(2.213162614399,-0.54711808075));
#5396 = CARTESIAN_POINT('',(1.606862753661,-0.7542235502));
#5397 = CARTESIAN_POINT('',(1.01667129887,-1.));
#5398 = ( GEOMETRIC_REPRESENTATION_CONTEXT(2) 
PARAMETRIC_REPRESENTATION_CONTEXT() REPRESENTATION_CONTEXT('2D SPACE',''
  ) );
#5399 = PCURVE('',#1928,#5400);
#5400 = DEFINITIONAL_REPRESENTATION('',(#5401),#5427);
#5401 = B_SPLINE_CURVE_WITH_KNOTS('',3,(#5402,#5403,#5404,#5405,#5406,
    #5407,#5408,#5409,#5410,#5411,#5412,#5413,#5414,#5415,#5416,#5417,
    #5418,#5419,#5420,#5421,#5422,#5423,#5424,#5425,#5426),
  .UNSPECIFIED.,.F.,.F.,(4,1,1,1,1,1,1,1,1,1,1,1,1,1,1,1,1,1,1,1,1,1,4),
  (0.499921991683,0.545376537138,0.590831082592,0.636285628047,
    0.681740173501,0.727194718956,0.77264926441,0.818103809865,
    0.863558355319,0.909012900774,0.954467446229,0.999921991683,
    1.045376537138,1.090831082592,1.136285628047,1.181740173501,
    1.227194718956,1.27264926441,1.318103809865,1.363558355319,
    1.409012900774,1.454467446229,1.499921991683),
  .QUASI_UNIFORM_KNOTS.);
#5402 = CARTESIAN_POINT('',(1.306657918242,1.965587446495));
#5403 = CARTESIAN_POINT('',(1.306298652556,1.953627373266));
#5404 = CARTESIAN_POINT('',(1.305590286549,1.929707043089));
#5405 = CARTESIAN_POINT('',(1.304558416338,1.893825933962));
#5406 = CARTESIAN_POINT('',(1.303557469635,1.857944166286));
#5407 = CARTESIAN_POINT('',(1.302587474157,1.822061632319));
#5408 = CARTESIAN_POINT('',(1.301648343169,1.786178242599));
#5409 = CARTESIAN_POINT('',(1.300739874753,1.750294030664));
#5410 = CARTESIAN_POINT('',(1.29986176618,1.714408826912));
#5411 = CARTESIAN_POINT('',(1.299013638193,1.678522682549));
#5412 = CARTESIAN_POINT('',(1.298195040746,1.642635543548));
#5413 = CARTESIAN_POINT('',(1.297405467755,1.606747344803));
#5414 = CARTESIAN_POINT('',(1.296644369849,1.570858101692));
#5415 = CARTESIAN_POINT('',(1.295911161559,1.534967803684));
#5416 = CARTESIAN_POINT('',(1.295205229576,1.499076392225));
#5417 = CARTESIAN_POINT('',(1.294525943382,1.463183924405));
#5418 = CARTESIAN_POINT('',(1.293872657509,1.427290358782));
#5419 = CARTESIAN_POINT('',(1.293244719654,1.391395673395));
#5420 = CARTESIAN_POINT('',(1.292641477001,1.355499962455));
#5421 = CARTESIAN_POINT('',(1.292062275097,1.319603117663));
#5422 = CARTESIAN_POINT('',(1.291506468217,1.283705239869));
#5423 = CARTESIAN_POINT('',(1.290973417587,1.247806322457));
#5424 = CARTESIAN_POINT('',(1.290462493818,1.211906345577));
#5425 = CARTESIAN_POINT('',(1.290136222667,1.187972360436));
#5426 = CARTESIAN_POINT('',(1.289976570697,1.176005207095));
#5427 = ( GEOMETRIC_REPRESENTATION_CONTEXT(2) 
PARAMETRIC_REPRESENTATION_CONTEXT() REPRESENTATION_CONTEXT('2D SPACE',''
  ) );
#5428 = ORIENTED_EDGE('',*,*,#1940,.F.);
#5429 = ORIENTED_EDGE('',*,*,#5340,.T.);
#5430 = ORIENTED_EDGE('',*,*,#2920,.F.);
#5431 = ADVANCED_FACE('',(#5432),#1928,.T.);
#5432 = FACE_BOUND('',#5433,.T.);
#5433 = EDGE_LOOP('',(#5434,#5435,#5436,#5437));
#5434 = ORIENTED_EDGE('',*,*,#2941,.F.);
#5435 = ORIENTED_EDGE('',*,*,#5364,.T.);
#5436 = ORIENTED_EDGE('',*,*,#1911,.T.);
#5437 = ORIENTED_EDGE('',*,*,#5438,.F.);
#5438 = EDGE_CURVE('',#2942,#1886,#5439,.T.);
#5439 = SURFACE_CURVE('',#5440,(#5455,#5484),.PCURVE_S1.);
#5440 = B_SPLINE_CURVE_WITH_KNOTS('',4,(#5441,#5442,#5443,#5444,#5445,
    #5446,#5447,#5448,#5449,#5450,#5451,#5452,#5453,#5454),
  .UNSPECIFIED.,.F.,.F.,(5,3,3,3,5),(0.499921977806,0.750978259657,
    1.003000083592,1.25098136968,1.499921977806),.UNSPECIFIED.);
#5441 = CARTESIAN_POINT('',(1.,19.974984355438,4.));
#5442 = CARTESIAN_POINT('',(1.,20.570253567178,4.247718608162));
#5443 = CARTESIAN_POINT('',(1.,21.181867406153,4.456171887555));
#5444 = CARTESIAN_POINT('',(1.,21.805926473607,4.623730500253));
#5445 = CARTESIAN_POINT('',(1.,23.073075823774,4.875869601056));
#5446 = CARTESIAN_POINT('',(1.,23.716238137179,4.960130256204));
#5447 = CARTESIAN_POINT('',(1.,24.363577433937,5.001495470729));
#5448 = CARTESIAN_POINT('',(1.,25.647667713171,4.998456144605));
#5449 = CARTESIAN_POINT('',(1.,26.284430010206,4.955416187509));
#5450 = CARTESIAN_POINT('',(1.,26.917017988651,4.870843568798));
#5451 = CARTESIAN_POINT('',(1.,28.168249489796,4.619735079734));
#5452 = CARTESIAN_POINT('',(1.,28.7868373856,4.45288191925));
#5453 = CARTESIAN_POINT('',(1.,29.393137246339,4.2457764498));
#5454 = CARTESIAN_POINT('',(1.,29.98332870113,4.));
#5455 = PCURVE('',#1928,#5456);
#5456 = DEFINITIONAL_REPRESENTATION('',(#5457),#5483);
#5457 = B_SPLINE_CURVE_WITH_KNOTS('',3,(#5458,#5459,#5460,#5461,#5462,
    #5463,#5464,#5465,#5466,#5467,#5468,#5469,#5470,#5471,#5472,#5473,
    #5474,#5475,#5476,#5477,#5478,#5479,#5480,#5481,#5482),
  .UNSPECIFIED.,.F.,.F.,(4,1,1,1,1,1,1,1,1,1,1,1,1,1,1,1,1,1,1,1,1,1,4),
  (0.499921977806,0.54537652326,0.590831068715,0.636285614169,
    0.681740159624,0.727194705078,0.772649250533,0.818103795987,
    0.863558341442,0.909012886897,0.954467432351,0.999921977806,
    1.04537652326,1.090831068715,1.136285614169,1.181740159624,
    1.227194705078,1.272649250533,1.318103795987,1.363558341442,
    1.409012886897,1.454467432351,1.499921977806),
  .QUASI_UNIFORM_KNOTS.);
#5458 = CARTESIAN_POINT('',(1.520775469989,1.965587446495));
#5459 = CARTESIAN_POINT('',(1.521134735674,1.953627373266));
#5460 = CARTESIAN_POINT('',(1.521843101682,1.929707043089));
#5461 = CARTESIAN_POINT('',(1.522874971892,1.893825933962));
#5462 = CARTESIAN_POINT('',(1.523875918596,1.857944166286));
#5463 = CARTESIAN_POINT('',(1.524845914074,1.822061632319));
#5464 = CARTESIAN_POINT('',(1.525785045061,1.786178242599));
#5465 = CARTESIAN_POINT('',(1.526693513478,1.750294030664));
#5466 = CARTESIAN_POINT('',(1.527571622051,1.714408826912));
#5467 = CARTESIAN_POINT('',(1.528419750038,1.678522682549));
#5468 = CARTESIAN_POINT('',(1.529238347485,1.642635543548));
#5469 = CARTESIAN_POINT('',(1.530027920476,1.606747344803));
#5470 = CARTESIAN_POINT('',(1.530789018382,1.570858101692));
#5471 = CARTESIAN_POINT('',(1.531522226672,1.534967803684));
#5472 = CARTESIAN_POINT('',(1.532228158655,1.499076392225));
#5473 = CARTESIAN_POINT('',(1.532907444849,1.463183924405));
#5474 = CARTESIAN_POINT('',(1.533560730722,1.427290358782));
#5475 = CARTESIAN_POINT('',(1.534188668577,1.391395673395));
#5476 = CARTESIAN_POINT('',(1.53479191123,1.355499962455));
#5477 = CARTESIAN_POINT('',(1.535371113134,1.319603117663));
#5478 = CARTESIAN_POINT('',(1.535926920014,1.283705239869));
#5479 = CARTESIAN_POINT('',(1.536459970644,1.247806322457));
#5480 = CARTESIAN_POINT('',(1.536970894413,1.211906345577));
#5481 = CARTESIAN_POINT('',(1.537297165564,1.187972360436));
#5482 = CARTESIAN_POINT('',(1.537456817534,1.176005207095));
#5483 = ( GEOMETRIC_REPRESENTATION_CONTEXT(2) 
PARAMETRIC_REPRESENTATION_CONTEXT() REPRESENTATION_CONTEXT('2D SPACE',''
  ) );
#5484 = PCURVE('',#1900,#5485);
#5485 = DEFINITIONAL_REPRESENTATION('',(#5486),#5501);
#5486 = B_SPLINE_CURVE_WITH_KNOTS('',4,(#5487,#5488,#5489,#5490,#5491,
    #5492,#5493,#5494,#5495,#5496,#5497,#5498,#5499,#5500),
  .UNSPECIFIED.,.F.,.F.,(5,3,3,3,5),(0.499921977806,0.750978259657,
    1.003000083592,1.25098136968,1.499921977806),.UNSPECIFIED.);
#5487 = CARTESIAN_POINT('',(0.974984355438,-1.));
#5488 = CARTESIAN_POINT('',(1.570253567178,-0.752281391838));
#5489 = CARTESIAN_POINT('',(2.181867406153,-0.543828112445));
#5490 = CARTESIAN_POINT('',(2.805926473607,-0.376269499747));
#5491 = CARTESIAN_POINT('',(4.073075823774,-0.124130398944));
#5492 = CARTESIAN_POINT('',(4.716238137179,-3.986974379595E-02));
#5493 = CARTESIAN_POINT('',(5.363577433937,1.49547072871E-03));
#5494 = CARTESIAN_POINT('',(6.647667713171,-1.543855394752E-03));
#5495 = CARTESIAN_POINT('',(7.284430010206,-4.458381249108E-02));
#5496 = CARTESIAN_POINT('',(7.917017988651,-0.129156431202));
#5497 = CARTESIAN_POINT('',(9.168249489796,-0.380264920266));
#5498 = CARTESIAN_POINT('',(9.7868373856,-0.54711808075));
#5499 = CARTESIAN_POINT('',(10.393137246339,-0.7542235502));
#5500 = CARTESIAN_POINT('',(10.98332870113,-1.));
#5501 = ( GEOMETRIC_REPRESENTATION_CONTEXT(2) 
PARAMETRIC_REPRESENTATION_CONTEXT() REPRESENTATION_CONTEXT('2D SPACE',''
  ) );
#5502 = ADVANCED_FACE('',(#5503),#1900,.F.);
#5503 = FACE_BOUND('',#5504,.F.);
#5504 = EDGE_LOOP('',(#5505,#5506,#5507,#5508));
#5505 = ORIENTED_EDGE('',*,*,#1885,.T.);
#5506 = ORIENTED_EDGE('',*,*,#5438,.F.);
#5507 = ORIENTED_EDGE('',*,*,#2965,.T.);
#5508 = ORIENTED_EDGE('',*,*,#5509,.T.);
#5509 = EDGE_CURVE('',#2966,#1857,#5510,.T.);
#5510 = SURFACE_CURVE('',#5511,(#5515,#5522),.PCURVE_S1.);
#5511 = LINE('',#5512,#5513);
#5512 = CARTESIAN_POINT('',(1.,19.,3.5));
#5513 = VECTOR('',#5514,1.);
#5514 = DIRECTION('',(1.110223024625E-16,1.,0.));
#5515 = PCURVE('',#1900,#5516);
#5516 = DEFINITIONAL_REPRESENTATION('',(#5517),#5521);
#5517 = LINE('',#5518,#5519);
#5518 = CARTESIAN_POINT('',(0.,-1.5));
#5519 = VECTOR('',#5520,1.);
#5520 = DIRECTION('',(1.,0.));
#5521 = ( GEOMETRIC_REPRESENTATION_CONTEXT(2) 
PARAMETRIC_REPRESENTATION_CONTEXT() REPRESENTATION_CONTEXT('2D SPACE',''
  ) );
#5522 = PCURVE('',#1873,#5523);
#5523 = DEFINITIONAL_REPRESENTATION('',(#5524),#5528);
#5524 = LINE('',#5525,#5526);
#5525 = CARTESIAN_POINT('',(-6.,-1.));
#5526 = VECTOR('',#5527,1.);
#5527 = DIRECTION('',(1.,0.));
#5528 = ( GEOMETRIC_REPRESENTATION_CONTEXT(2) 
PARAMETRIC_REPRESENTATION_CONTEXT() REPRESENTATION_CONTEXT('2D SPACE',''
  ) );
#5529 = ADVANCED_FACE('',(#5530),#1873,.T.);
#5530 = FACE_BOUND('',#5531,.T.);
#5531 = EDGE_LOOP('',(#5532,#5533,#5534,#5535));
#5532 = ORIENTED_EDGE('',*,*,#2986,.T.);
#5533 = ORIENTED_EDGE('',*,*,#5509,.T.);
#5534 = ORIENTED_EDGE('',*,*,#1856,.T.);
#5535 = ORIENTED_EDGE('',*,*,#5536,.T.);
#5536 = EDGE_CURVE('',#1831,#2987,#5537,.T.);
#5537 = SURFACE_CURVE('',#5538,(#5542,#5549),.PCURVE_S1.);
#5538 = LINE('',#5539,#5540);
#5539 = CARTESIAN_POINT('',(-1.,31.,3.5));
#5540 = VECTOR('',#5541,1.);
#5541 = DIRECTION('',(-1.110223024625E-16,-1.,0.));
#5542 = PCURVE('',#1873,#5543);
#5543 = DEFINITIONAL_REPRESENTATION('',(#5544),#5548);
#5544 = LINE('',#5545,#5546);
#5545 = CARTESIAN_POINT('',(6.,1.));
#5546 = VECTOR('',#5547,1.);
#5547 = DIRECTION('',(-1.,0.));
#5548 = ( GEOMETRIC_REPRESENTATION_CONTEXT(2) 
PARAMETRIC_REPRESENTATION_CONTEXT() REPRESENTATION_CONTEXT('2D SPACE',''
  ) );
#5549 = PCURVE('',#1845,#5550);
#5550 = DEFINITIONAL_REPRESENTATION('',(#5551),#5555);
#5551 = LINE('',#5552,#5553);
#5552 = CARTESIAN_POINT('',(-0.,-1.5));
#5553 = VECTOR('',#5554,1.);
#5554 = DIRECTION('',(1.,0.));
#5555 = ( GEOMETRIC_REPRESENTATION_CONTEXT(2) 
PARAMETRIC_REPRESENTATION_CONTEXT() REPRESENTATION_CONTEXT('2D SPACE',''
  ) );
#5556 = ADVANCED_FACE('',(#5557),#1845,.F.);
#5557 = FACE_BOUND('',#5558,.F.);
#5558 = EDGE_LOOP('',(#5559,#5624,#5625,#5626));
#5559 = ORIENTED_EDGE('',*,*,#5560,.T.);
#5560 = EDGE_CURVE('',#3015,#1802,#5561,.T.);
#5561 = SURFACE_CURVE('',#5562,(#5577,#5595),.PCURVE_S1.);
#5562 = B_SPLINE_CURVE_WITH_KNOTS('',4,(#5563,#5564,#5565,#5566,#5567,
    #5568,#5569,#5570,#5571,#5572,#5573,#5574,#5575,#5576),
  .UNSPECIFIED.,.F.,.F.,(5,3,3,3,5),(0.499921997832,0.750978279683,
    1.003000103618,1.250981389707,1.499921997832),.UNSPECIFIED.);
#5563 = CARTESIAN_POINT('',(-1.,19.974984355438,4.));
#5564 = CARTESIAN_POINT('',(-1.,20.570253567178,4.247718608162));
#5565 = CARTESIAN_POINT('',(-1.,21.181867406153,4.456171887555));
#5566 = CARTESIAN_POINT('',(-1.,21.805926473607,4.623730500253));
#5567 = CARTESIAN_POINT('',(-1.,23.073075823774,4.875869601056));
#5568 = CARTESIAN_POINT('',(-1.,23.716238137175,4.960130256204));
#5569 = CARTESIAN_POINT('',(-1.,24.363577433937,5.001495470729));
#5570 = CARTESIAN_POINT('',(-1.,25.647667713171,4.998456144605));
#5571 = CARTESIAN_POINT('',(-1.,26.284430010206,4.955416187509));
#5572 = CARTESIAN_POINT('',(-1.,26.917017988651,4.870843568798));
#5573 = CARTESIAN_POINT('',(-1.,28.168249489796,4.619735079734));
#5574 = CARTESIAN_POINT('',(-1.,28.786837385601,4.45288191925));
#5575 = CARTESIAN_POINT('',(-1.,29.393137246339,4.2457764498));
#5576 = CARTESIAN_POINT('',(-1.,29.98332870113,4.));
#5577 = PCURVE('',#1845,#5578);
#5578 = DEFINITIONAL_REPRESENTATION('',(#5579),#5594);
#5579 = B_SPLINE_CURVE_WITH_KNOTS('',4,(#5580,#5581,#5582,#5583,#5584,
    #5585,#5586,#5587,#5588,#5589,#5590,#5591,#5592,#5593),
  .UNSPECIFIED.,.F.,.F.,(5,3,3,3,5),(0.499921997832,0.750978279683,
    1.003000103618,1.250981389707,1.499921997832),.UNSPECIFIED.);
#5580 = CARTESIAN_POINT('',(11.025015644562,-1.));
#5581 = CARTESIAN_POINT('',(10.429746432822,-0.752281391838));
#5582 = CARTESIAN_POINT('',(9.818132593847,-0.543828112445));
#5583 = CARTESIAN_POINT('',(9.194073526393,-0.376269499747));
#5584 = CARTESIAN_POINT('',(7.926924176226,-0.124130398944));
#5585 = CARTESIAN_POINT('',(7.283761862825,-3.98697437961E-02));
#5586 = CARTESIAN_POINT('',(6.636422566063,1.495470728706E-03));
#5587 = CARTESIAN_POINT('',(5.352332286829,-1.543855394752E-03));
#5588 = CARTESIAN_POINT('',(4.715569989794,-4.458381249108E-02));
#5589 = CARTESIAN_POINT('',(4.082982011349,-0.129156431202));
#5590 = CARTESIAN_POINT('',(2.831750510204,-0.380264920266));
#5591 = CARTESIAN_POINT('',(2.213162614399,-0.54711808075));
#5592 = CARTESIAN_POINT('',(1.606862753661,-0.7542235502));
#5593 = CARTESIAN_POINT('',(1.01667129887,-1.));
#5594 = ( GEOMETRIC_REPRESENTATION_CONTEXT(2) 
PARAMETRIC_REPRESENTATION_CONTEXT() REPRESENTATION_CONTEXT('2D SPACE',''
  ) );
#5595 = PCURVE('',#1818,#5596);
#5596 = DEFINITIONAL_REPRESENTATION('',(#5597),#5623);
#5597 = B_SPLINE_CURVE_WITH_KNOTS('',3,(#5598,#5599,#5600,#5601,#5602,
    #5603,#5604,#5605,#5606,#5607,#5608,#5609,#5610,#5611,#5612,#5613,
    #5614,#5615,#5616,#5617,#5618,#5619,#5620,#5621,#5622),
  .UNSPECIFIED.,.F.,.F.,(4,1,1,1,1,1,1,1,1,1,1,1,1,1,1,1,1,1,1,1,1,1,4),
  (0.499921997832,0.545376543286,0.590831088741,0.636285634195,
    0.68174017965,0.727194725104,0.772649270559,0.818103816014,
    0.863558361468,0.909012906923,0.954467452377,0.999921997832,
    1.045376543286,1.090831088741,1.136285634195,1.18174017965,
    1.227194725105,1.272649270559,1.318103816014,1.363558361468,
    1.409012906923,1.454467452377,1.499921997832),
  .QUASI_UNIFORM_KNOTS.);
#5598 = CARTESIAN_POINT('',(1.620817183601,1.965587446495));
#5599 = CARTESIAN_POINT('',(1.620457917915,1.953627373266));
#5600 = CARTESIAN_POINT('',(1.619749551908,1.929707043089));
#5601 = CARTESIAN_POINT('',(1.618717681697,1.893825933962));
#5602 = CARTESIAN_POINT('',(1.617716734994,1.857944166286));
#5603 = CARTESIAN_POINT('',(1.616746739516,1.822061632319));
#5604 = CARTESIAN_POINT('',(1.615807608528,1.786178242599));
#5605 = CARTESIAN_POINT('',(1.614899140112,1.750294030664));
#5606 = CARTESIAN_POINT('',(1.614021031539,1.714408826912));
#5607 = CARTESIAN_POINT('',(1.613172903552,1.678522682549));
#5608 = CARTESIAN_POINT('',(1.612354306105,1.642635543548));
#5609 = CARTESIAN_POINT('',(1.611564733114,1.606747344803));
#5610 = CARTESIAN_POINT('',(1.610803635208,1.570858101692));
#5611 = CARTESIAN_POINT('',(1.610070426918,1.534967803684));
#5612 = CARTESIAN_POINT('',(1.609364494935,1.499076392225));
#5613 = CARTESIAN_POINT('',(1.608685208741,1.463183924405));
#5614 = CARTESIAN_POINT('',(1.608031922868,1.427290358782));
#5615 = CARTESIAN_POINT('',(1.607403985013,1.391395673395));
#5616 = CARTESIAN_POINT('',(1.60680074236,1.355499962455));
#5617 = CARTESIAN_POINT('',(1.606221540456,1.319603117663));
#5618 = CARTESIAN_POINT('',(1.605665733576,1.283705239869));
#5619 = CARTESIAN_POINT('',(1.605132682946,1.247806322457));
#5620 = CARTESIAN_POINT('',(1.604621759177,1.211906345577));
#5621 = CARTESIAN_POINT('',(1.604295488026,1.187972360436));
#5622 = CARTESIAN_POINT('',(1.604135836056,1.176005207095));
#5623 = ( GEOMETRIC_REPRESENTATION_CONTEXT(2) 
PARAMETRIC_REPRESENTATION_CONTEXT() REPRESENTATION_CONTEXT('2D SPACE',''
  ) );
#5624 = ORIENTED_EDGE('',*,*,#1830,.F.);
#5625 = ORIENTED_EDGE('',*,*,#5536,.T.);
#5626 = ORIENTED_EDGE('',*,*,#3014,.F.);
#5627 = ADVANCED_FACE('',(#5628),#1818,.T.);
#5628 = FACE_BOUND('',#5629,.T.);
#5629 = EDGE_LOOP('',(#5630,#5631,#5632,#5633));
#5630 = ORIENTED_EDGE('',*,*,#3035,.F.);
#5631 = ORIENTED_EDGE('',*,*,#5560,.T.);
#5632 = ORIENTED_EDGE('',*,*,#1801,.T.);
#5633 = ORIENTED_EDGE('',*,*,#5634,.F.);
#5634 = EDGE_CURVE('',#3036,#1776,#5635,.T.);
#5635 = SURFACE_CURVE('',#5636,(#5651,#5680),.PCURVE_S1.);
#5636 = B_SPLINE_CURVE_WITH_KNOTS('',4,(#5637,#5638,#5639,#5640,#5641,
    #5642,#5643,#5644,#5645,#5646,#5647,#5648,#5649,#5650),
  .UNSPECIFIED.,.F.,.F.,(5,3,3,3,5),(0.499921984454,0.750978266305,
    1.003000090241,1.250981376329,1.499921984454),.UNSPECIFIED.);
#5637 = CARTESIAN_POINT('',(-5.221553111909,19.306356028508,4.));
#5638 = CARTESIAN_POINT('',(-5.405501414565,19.872490691283,
    4.247718608162));
#5639 = CARTESIAN_POINT('',(-5.594500484803,20.454170018296,
    4.456171887555));
#5640 = CARTESIAN_POINT('',(-5.78734534214,21.047685460952,
    4.623730500253));
#5641 = CARTESIAN_POINT('',(-6.178916025753,22.252816107548,
    4.875869601056));
#5642 = CARTESIAN_POINT('',(-6.377664110736,22.864499816743,
    4.960130256204));
#5643 = CARTESIAN_POINT('',(-6.577702954561,23.480156073182,
    5.001495470729));
#5644 = CARTESIAN_POINT('',(-6.974508673156,24.701398500759,
    4.998456144605));
#5645 = CARTESIAN_POINT('',(-7.171279044317,25.306995432685,
    4.955416187509));
#5646 = CARTESIAN_POINT('',(-7.366759480094,25.908622351715,
    4.870843568798));
#5647 = CARTESIAN_POINT('',(-7.753411277845,27.098614224273,
    4.619735079734));
#5648 = CARTESIAN_POINT('',(-7.944565450163,27.686926273479,
    4.45288191925));
#5649 = CARTESIAN_POINT('',(-8.131922410819,28.263551706863,4.2457764498
    ));
#5650 = CARTESIAN_POINT('',(-8.314301600284,28.824857135804,4.));
#5651 = PCURVE('',#1818,#5652);
#5652 = DEFINITIONAL_REPRESENTATION('',(#5653),#5679);
#5653 = B_SPLINE_CURVE_WITH_KNOTS('',3,(#5654,#5655,#5656,#5657,#5658,
    #5659,#5660,#5661,#5662,#5663,#5664,#5665,#5666,#5667,#5668,#5669,
    #5670,#5671,#5672,#5673,#5674,#5675,#5676,#5677,#5678),
  .UNSPECIFIED.,.F.,.F.,(4,1,1,1,1,1,1,1,1,1,1,1,1,1,1,1,1,1,1,1,1,1,4),
  (0.499921984454,0.545376529909,0.590831075363,0.636285620818,
    0.681740166272,0.727194711727,0.772649257181,0.818103802636,
    0.863558348091,0.909012893545,0.954467439,0.999921984454,
    1.045376529909,1.090831075363,1.136285620818,1.181740166272,
    1.227194711727,1.272649257181,1.318103802636,1.363558348091,
    1.409012893545,1.454467439,1.499921984454),.QUASI_UNIFORM_KNOTS.);
#5654 = CARTESIAN_POINT('',(1.834934735348,1.965587446495));
#5655 = CARTESIAN_POINT('',(1.835294001033,1.953627373266));
#5656 = CARTESIAN_POINT('',(1.836002367041,1.929707043089));
#5657 = CARTESIAN_POINT('',(1.837034237251,1.893825933962));
#5658 = CARTESIAN_POINT('',(1.838035183955,1.857944166286));
#5659 = CARTESIAN_POINT('',(1.839005179433,1.822061632319));
#5660 = CARTESIAN_POINT('',(1.83994431042,1.786178242599));
#5661 = CARTESIAN_POINT('',(1.840852778837,1.750294030664));
#5662 = CARTESIAN_POINT('',(1.84173088741,1.714408826912));
#5663 = CARTESIAN_POINT('',(1.842579015397,1.678522682549));
#5664 = CARTESIAN_POINT('',(1.843397612844,1.642635543548));
#5665 = CARTESIAN_POINT('',(1.844187185835,1.606747344803));
#5666 = CARTESIAN_POINT('',(1.844948283741,1.570858101692));
#5667 = CARTESIAN_POINT('',(1.845681492031,1.534967803684));
#5668 = CARTESIAN_POINT('',(1.846387424014,1.499076392225));
#5669 = CARTESIAN_POINT('',(1.847066710208,1.463183924405));
#5670 = CARTESIAN_POINT('',(1.847719996081,1.427290358782));
#5671 = CARTESIAN_POINT('',(1.848347933936,1.391395673395));
#5672 = CARTESIAN_POINT('',(1.848951176589,1.355499962455));
#5673 = CARTESIAN_POINT('',(1.849530378493,1.319603117663));
#5674 = CARTESIAN_POINT('',(1.850086185373,1.283705239869));
#5675 = CARTESIAN_POINT('',(1.850619236003,1.247806322457));
#5676 = CARTESIAN_POINT('',(1.851130159772,1.211906345577));
#5677 = CARTESIAN_POINT('',(1.851456430923,1.187972360436));
#5678 = CARTESIAN_POINT('',(1.851616082893,1.176005207095));
#5679 = ( GEOMETRIC_REPRESENTATION_CONTEXT(2) 
PARAMETRIC_REPRESENTATION_CONTEXT() REPRESENTATION_CONTEXT('2D SPACE',''
  ) );
#5680 = PCURVE('',#1790,#5681);
#5681 = DEFINITIONAL_REPRESENTATION('',(#5682),#5697);
#5682 = B_SPLINE_CURVE_WITH_KNOTS('',4,(#5683,#5684,#5685,#5686,#5687,
    #5688,#5689,#5690,#5691,#5692,#5693,#5694,#5695,#5696),
  .UNSPECIFIED.,.F.,.F.,(5,3,3,3,5),(0.499921984454,0.750978266305,
    1.003000090241,1.250981376329,1.499921984454),.UNSPECIFIED.);
#5683 = CARTESIAN_POINT('',(0.974984355438,-1.));
#5684 = CARTESIAN_POINT('',(1.570253567178,-0.752281391838));
#5685 = CARTESIAN_POINT('',(2.181867406153,-0.543828112445));
#5686 = CARTESIAN_POINT('',(2.805926473607,-0.376269499747));
#5687 = CARTESIAN_POINT('',(4.073075823774,-0.124130398944));
#5688 = CARTESIAN_POINT('',(4.716238137176,-3.986974379567E-02));
#5689 = CARTESIAN_POINT('',(5.363577433937,1.495470728715E-03));
#5690 = CARTESIAN_POINT('',(6.647667713171,-1.543855394751E-03));
#5691 = CARTESIAN_POINT('',(7.284430010206,-4.458381249108E-02));
#5692 = CARTESIAN_POINT('',(7.917017988651,-0.129156431202));
#5693 = CARTESIAN_POINT('',(9.168249489796,-0.380264920266));
#5694 = CARTESIAN_POINT('',(9.786837385601,-0.54711808075));
#5695 = CARTESIAN_POINT('',(10.393137246339,-0.7542235502));
#5696 = CARTESIAN_POINT('',(10.98332870113,-1.));
#5697 = ( GEOMETRIC_REPRESENTATION_CONTEXT(2) 
PARAMETRIC_REPRESENTATION_CONTEXT() REPRESENTATION_CONTEXT('2D SPACE',''
  ) );
#5698 = ADVANCED_FACE('',(#5699),#1790,.F.);
#5699 = FACE_BOUND('',#5700,.F.);
#5700 = EDGE_LOOP('',(#5701,#5702,#5703,#5704));
#5701 = ORIENTED_EDGE('',*,*,#1775,.T.);
#5702 = ORIENTED_EDGE('',*,*,#5634,.F.);
#5703 = ORIENTED_EDGE('',*,*,#3059,.T.);
#5704 = ORIENTED_EDGE('',*,*,#5705,.T.);
#5705 = EDGE_CURVE('',#3060,#1747,#5706,.T.);
#5706 = SURFACE_CURVE('',#5707,(#5711,#5718),.PCURVE_S1.);
#5707 = LINE('',#5708,#5709);
#5708 = CARTESIAN_POINT('',(-4.920266376829,18.379090803983,3.5));
#5709 = VECTOR('',#5710,1.);
#5710 = DIRECTION('',(-0.309016994375,0.951056516295,0.));
#5711 = PCURVE('',#1790,#5712);
#5712 = DEFINITIONAL_REPRESENTATION('',(#5713),#5717);
#5713 = LINE('',#5714,#5715);
#5714 = CARTESIAN_POINT('',(0.,-1.5));
#5715 = VECTOR('',#5716,1.);
#5716 = DIRECTION('',(1.,0.));
#5717 = ( GEOMETRIC_REPRESENTATION_CONTEXT(2) 
PARAMETRIC_REPRESENTATION_CONTEXT() REPRESENTATION_CONTEXT('2D SPACE',''
  ) );
#5718 = PCURVE('',#1763,#5719);
#5719 = DEFINITIONAL_REPRESENTATION('',(#5720),#5724);
#5720 = LINE('',#5721,#5722);
#5721 = CARTESIAN_POINT('',(-6.,-1.));
#5722 = VECTOR('',#5723,1.);
#5723 = DIRECTION('',(1.,0.));
#5724 = ( GEOMETRIC_REPRESENTATION_CONTEXT(2) 
PARAMETRIC_REPRESENTATION_CONTEXT() REPRESENTATION_CONTEXT('2D SPACE',''
  ) );
#5725 = ADVANCED_FACE('',(#5726),#1763,.T.);
#5726 = FACE_BOUND('',#5727,.T.);
#5727 = EDGE_LOOP('',(#5728,#5729,#5730,#5731));
#5728 = ORIENTED_EDGE('',*,*,#3080,.T.);
#5729 = ORIENTED_EDGE('',*,*,#5705,.T.);
#5730 = ORIENTED_EDGE('',*,*,#1746,.T.);
#5731 = ORIENTED_EDGE('',*,*,#5732,.T.);
#5732 = EDGE_CURVE('',#1721,#3081,#5733,.T.);
#5733 = SURFACE_CURVE('',#5734,(#5738,#5745),.PCURVE_S1.);
#5734 = LINE('',#5735,#5736);
#5735 = CARTESIAN_POINT('',(-10.53058334191,29.173735010775,3.5));
#5736 = VECTOR('',#5737,1.);
#5737 = DIRECTION('',(0.309016994375,-0.951056516295,0.));
#5738 = PCURVE('',#1763,#5739);
#5739 = DEFINITIONAL_REPRESENTATION('',(#5740),#5744);
#5740 = LINE('',#5741,#5742);
#5741 = CARTESIAN_POINT('',(6.,1.));
#5742 = VECTOR('',#5743,1.);
#5743 = DIRECTION('',(-1.,0.));
#5744 = ( GEOMETRIC_REPRESENTATION_CONTEXT(2) 
PARAMETRIC_REPRESENTATION_CONTEXT() REPRESENTATION_CONTEXT('2D SPACE',''
  ) );
#5745 = PCURVE('',#1735,#5746);
#5746 = DEFINITIONAL_REPRESENTATION('',(#5747),#5751);
#5747 = LINE('',#5748,#5749);
#5748 = CARTESIAN_POINT('',(0.,-1.5));
#5749 = VECTOR('',#5750,1.);
#5750 = DIRECTION('',(1.,0.));
#5751 = ( GEOMETRIC_REPRESENTATION_CONTEXT(2) 
PARAMETRIC_REPRESENTATION_CONTEXT() REPRESENTATION_CONTEXT('2D SPACE',''
  ) );
#5752 = ADVANCED_FACE('',(#5753),#1735,.F.);
#5753 = FACE_BOUND('',#5754,.F.);
#5754 = EDGE_LOOP('',(#5755,#5820,#5821,#5822));
#5755 = ORIENTED_EDGE('',*,*,#5756,.T.);
#5756 = EDGE_CURVE('',#3109,#1692,#5757,.T.);
#5757 = SURFACE_CURVE('',#5758,(#5773,#5791),.PCURVE_S1.);
#5758 = B_SPLINE_CURVE_WITH_KNOTS('',4,(#5759,#5760,#5761,#5762,#5763,
    #5764,#5765,#5766,#5767,#5768,#5769,#5770,#5771,#5772),
  .UNSPECIFIED.,.F.,.F.,(5,3,3,3,5),(0.499921984454,0.750978266305,
    1.003000090241,1.250981376329,1.499921984454),.UNSPECIFIED.);
#5759 = CARTESIAN_POINT('',(-7.123666144499,18.688322039758,4.));
#5760 = CARTESIAN_POINT('',(-7.307614447155,19.254456702533,
    4.247718608162));
#5761 = CARTESIAN_POINT('',(-7.496613517393,19.836136029547,
    4.456171887555));
#5762 = CARTESIAN_POINT('',(-7.68945837473,20.429651472203,
    4.623730500253));
#5763 = CARTESIAN_POINT('',(-8.081029058343,21.634782118798,
    4.875869601056));
#5764 = CARTESIAN_POINT('',(-8.279777143327,22.246465827998,
    4.960130256204));
#5765 = CARTESIAN_POINT('',(-8.479815987152,22.862122084433,
    5.001495470729));
#5766 = CARTESIAN_POINT('',(-8.876621705747,24.083364512009,
    4.998456144605));
#5767 = CARTESIAN_POINT('',(-9.073392076908,24.688961443935,
    4.955416187509));
#5768 = CARTESIAN_POINT('',(-9.268872512684,25.290588362965,
    4.870843568798));
#5769 = CARTESIAN_POINT('',(-9.655524310436,26.480580235524,
    4.619735079734));
#5770 = CARTESIAN_POINT('',(-9.846678482754,27.068892284729,
    4.45288191925));
#5771 = CARTESIAN_POINT('',(-10.0340354434,27.645517718113,4.2457764498)
  );
#5772 = CARTESIAN_POINT('',(-10.21641463287,28.206823147054,4.));
#5773 = PCURVE('',#1735,#5774);
#5774 = DEFINITIONAL_REPRESENTATION('',(#5775),#5790);
#5775 = B_SPLINE_CURVE_WITH_KNOTS('',4,(#5776,#5777,#5778,#5779,#5780,
    #5781,#5782,#5783,#5784,#5785,#5786,#5787,#5788,#5789),
  .UNSPECIFIED.,.F.,.F.,(5,3,3,3,5),(0.499921984454,0.750978266305,
    1.003000090241,1.250981376329,1.499921984454),.UNSPECIFIED.);
#5776 = CARTESIAN_POINT('',(11.025015644562,-1.));
#5777 = CARTESIAN_POINT('',(10.429746432822,-0.752281391838));
#5778 = CARTESIAN_POINT('',(9.818132593847,-0.543828112445));
#5779 = CARTESIAN_POINT('',(9.194073526392,-0.376269499747));
#5780 = CARTESIAN_POINT('',(7.926924176226,-0.124130398944));
#5781 = CARTESIAN_POINT('',(7.28376186282,-3.986974379605E-02));
#5782 = CARTESIAN_POINT('',(6.636422566063,1.495470728704E-03));
#5783 = CARTESIAN_POINT('',(5.352332286829,-1.543855394751E-03));
#5784 = CARTESIAN_POINT('',(4.715569989794,-4.458381249108E-02));
#5785 = CARTESIAN_POINT('',(4.082982011349,-0.129156431202));
#5786 = CARTESIAN_POINT('',(2.831750510204,-0.380264920266));
#5787 = CARTESIAN_POINT('',(2.213162614399,-0.54711808075));
#5788 = CARTESIAN_POINT('',(1.606862753661,-0.7542235502));
#5789 = CARTESIAN_POINT('',(1.01667129887,-1.));
#5790 = ( GEOMETRIC_REPRESENTATION_CONTEXT(2) 
PARAMETRIC_REPRESENTATION_CONTEXT() REPRESENTATION_CONTEXT('2D SPACE',''
  ) );
#5791 = PCURVE('',#1708,#5792);
#5792 = DEFINITIONAL_REPRESENTATION('',(#5793),#5819);
#5793 = B_SPLINE_CURVE_WITH_KNOTS('',3,(#5794,#5795,#5796,#5797,#5798,
    #5799,#5800,#5801,#5802,#5803,#5804,#5805,#5806,#5807,#5808,#5809,
    #5810,#5811,#5812,#5813,#5814,#5815,#5816,#5817,#5818),
  .UNSPECIFIED.,.F.,.F.,(4,1,1,1,1,1,1,1,1,1,1,1,1,1,1,1,1,1,1,1,1,1,4),
  (0.499921984454,0.545376529909,0.590831075363,0.636285620818,
    0.681740166272,0.727194711727,0.772649257182,0.818103802636,
    0.863558348091,0.909012893545,0.954467439,0.999921984454,
    1.045376529909,1.090831075363,1.136285620818,1.181740166272,
    1.227194711727,1.272649257182,1.318103802636,1.363558348091,
    1.409012893545,1.454467439,1.499921984454),.QUASI_UNIFORM_KNOTS.);
#5794 = CARTESIAN_POINT('',(1.93497644896,1.965587446495));
#5795 = CARTESIAN_POINT('',(1.934617183274,1.953627373266));
#5796 = CARTESIAN_POINT('',(1.933908817267,1.929707043089));
#5797 = CARTESIAN_POINT('',(1.932876947056,1.893825933962));
#5798 = CARTESIAN_POINT('',(1.931876000353,1.857944166286));
#5799 = CARTESIAN_POINT('',(1.930906004875,1.822061632319));
#5800 = CARTESIAN_POINT('',(1.929966873887,1.786178242599));
#5801 = CARTESIAN_POINT('',(1.929058405471,1.750294030664));
#5802 = CARTESIAN_POINT('',(1.928180296898,1.714408826912));
#5803 = CARTESIAN_POINT('',(1.92733216891,1.678522682549));
#5804 = CARTESIAN_POINT('',(1.926513571464,1.642635543548));
#5805 = CARTESIAN_POINT('',(1.925723998473,1.606747344803));
#5806 = CARTESIAN_POINT('',(1.924962900567,1.570858101692));
#5807 = CARTESIAN_POINT('',(1.924229692277,1.534967803684));
#5808 = CARTESIAN_POINT('',(1.923523760294,1.499076392225));
#5809 = CARTESIAN_POINT('',(1.9228444741,1.463183924405));
#5810 = CARTESIAN_POINT('',(1.922191188227,1.427290358782));
#5811 = CARTESIAN_POINT('',(1.921563250372,1.391395673395));
#5812 = CARTESIAN_POINT('',(1.920960007719,1.355499962455));
#5813 = CARTESIAN_POINT('',(1.920380805815,1.319603117663));
#5814 = CARTESIAN_POINT('',(1.919824998935,1.283705239869));
#5815 = CARTESIAN_POINT('',(1.919291948305,1.247806322457));
#5816 = CARTESIAN_POINT('',(1.918781024536,1.211906345577));
#5817 = CARTESIAN_POINT('',(1.918454753385,1.187972360436));
#5818 = CARTESIAN_POINT('',(1.918295101415,1.176005207095));
#5819 = ( GEOMETRIC_REPRESENTATION_CONTEXT(2) 
PARAMETRIC_REPRESENTATION_CONTEXT() REPRESENTATION_CONTEXT('2D SPACE',''
  ) );
#5820 = ORIENTED_EDGE('',*,*,#1720,.F.);
#5821 = ORIENTED_EDGE('',*,*,#5732,.T.);
#5822 = ORIENTED_EDGE('',*,*,#3108,.F.);
#5823 = ADVANCED_FACE('',(#5824),#1708,.T.);
#5824 = FACE_BOUND('',#5825,.T.);
#5825 = EDGE_LOOP('',(#5826,#5827,#5828,#5829));
#5826 = ORIENTED_EDGE('',*,*,#3129,.F.);
#5827 = ORIENTED_EDGE('',*,*,#5756,.T.);
#5828 = ORIENTED_EDGE('',*,*,#1691,.T.);
#5829 = ORIENTED_EDGE('',*,*,#5830,.F.);
#5830 = EDGE_CURVE('',#3130,#1666,#5831,.T.);
#5831 = SURFACE_CURVE('',#5832,(#5847,#5876),.PCURVE_S1.);
#5832 = B_SPLINE_CURVE_WITH_KNOTS('',4,(#5833,#5834,#5835,#5836,#5837,
    #5838,#5839,#5840,#5841,#5842,#5843,#5844,#5845,#5846),
  .UNSPECIFIED.,.F.,.F.,(5,3,3,3,5),(0.499921996516,0.750978278367,
    1.003000102303,1.250981388391,1.499921996516),.UNSPECIFIED.);
#5833 = CARTESIAN_POINT('',(-10.93198422452,16.747887058216,4.));
#5834 = CARTESIAN_POINT('',(-11.28187468832,17.229469966741,
    4.247718608162));
#5835 = CARTESIAN_POINT('',(-11.64137228297,17.724275956467,
    4.456171887555));
#5836 = CARTESIAN_POINT('',(-12.00818499938,18.229150347532,
    4.623730500253));
#5837 = CARTESIAN_POINT('',(-12.75299669986,19.254295706227,
    4.875869601056));
#5838 = CARTESIAN_POINT('',(-13.13103802251,19.774624947916,
    4.960130256205));
#5839 = CARTESIAN_POINT('',(-13.51153451437,20.298333440118,
    5.001495470729));
#5840 = CARTESIAN_POINT('',(-14.26630384312,21.337184298329,
    4.998456144605));
#5841 = CARTESIAN_POINT('',(-14.64058333053,21.852335818008,
    4.955416187509));
#5842 = CARTESIAN_POINT('',(-15.01240921504,22.364110243007,
    4.870843568798));
#5843 = CARTESIAN_POINT('',(-15.74786463862,23.376377791331,
    4.619735079734));
#5844 = CARTESIAN_POINT('',(-16.11146148102,23.876825911551,
    4.45288191925));
#5845 = CARTESIAN_POINT('',(-16.46783559763,24.367332802576,4.2457764498
    ));
#5846 = CARTESIAN_POINT('',(-16.81474143078,24.844807719437,4.));
#5847 = PCURVE('',#1708,#5848);
#5848 = DEFINITIONAL_REPRESENTATION('',(#5849),#5875);
#5849 = B_SPLINE_CURVE_WITH_KNOTS('',3,(#5850,#5851,#5852,#5853,#5854,
    #5855,#5856,#5857,#5858,#5859,#5860,#5861,#5862,#5863,#5864,#5865,
    #5866,#5867,#5868,#5869,#5870,#5871,#5872,#5873,#5874),
  .UNSPECIFIED.,.F.,.F.,(4,1,1,1,1,1,1,1,1,1,1,1,1,1,1,1,1,1,1,1,1,1,4),
  (0.499921996516,0.545376541971,0.590831087425,0.63628563288,
    0.681740178334,0.727194723789,0.772649269243,0.818103814698,
    0.863558360152,0.909012905607,0.954467451062,0.999921996516,
    1.045376541971,1.090831087425,1.13628563288,1.181740178334,
    1.227194723789,1.272649269243,1.318103814698,1.363558360152,
    1.409012905607,1.454467451062,1.499921996516),
  .QUASI_UNIFORM_KNOTS.);
#5850 = CARTESIAN_POINT('',(2.149094000707,1.965587446495));
#5851 = CARTESIAN_POINT('',(2.149453266392,1.953627373266));
#5852 = CARTESIAN_POINT('',(2.1501616324,1.929707043089));
#5853 = CARTESIAN_POINT('',(2.15119350261,1.893825933962));
#5854 = CARTESIAN_POINT('',(2.152194449314,1.857944166286));
#5855 = CARTESIAN_POINT('',(2.153164444792,1.822061632319));
#5856 = CARTESIAN_POINT('',(2.154103575779,1.786178242599));
#5857 = CARTESIAN_POINT('',(2.155012044195,1.750294030664));
#5858 = CARTESIAN_POINT('',(2.155890152769,1.714408826912));
#5859 = CARTESIAN_POINT('',(2.156738280756,1.678522682549));
#5860 = CARTESIAN_POINT('',(2.157556878203,1.642635543548));
#5861 = CARTESIAN_POINT('',(2.158346451194,1.606747344803));
#5862 = CARTESIAN_POINT('',(2.1591075491,1.570858101692));
#5863 = CARTESIAN_POINT('',(2.15984075739,1.534967803684));
#5864 = CARTESIAN_POINT('',(2.160546689373,1.499076392225));
#5865 = CARTESIAN_POINT('',(2.161225975567,1.463183924405));
#5866 = CARTESIAN_POINT('',(2.16187926144,1.427290358782));
#5867 = CARTESIAN_POINT('',(2.162507199295,1.391395673395));
#5868 = CARTESIAN_POINT('',(2.163110441948,1.355499962455));
#5869 = CARTESIAN_POINT('',(2.163689643852,1.319603117663));
#5870 = CARTESIAN_POINT('',(2.164245450732,1.283705239869));
#5871 = CARTESIAN_POINT('',(2.164778501362,1.247806322457));
#5872 = CARTESIAN_POINT('',(2.165289425131,1.211906345577));
#5873 = CARTESIAN_POINT('',(2.165615696282,1.187972360436));
#5874 = CARTESIAN_POINT('',(2.165775348252,1.176005207095));
#5875 = ( GEOMETRIC_REPRESENTATION_CONTEXT(2) 
PARAMETRIC_REPRESENTATION_CONTEXT() REPRESENTATION_CONTEXT('2D SPACE',''
  ) );
#5876 = PCURVE('',#1680,#5877);
#5877 = DEFINITIONAL_REPRESENTATION('',(#5878),#5893);
#5878 = B_SPLINE_CURVE_WITH_KNOTS('',4,(#5879,#5880,#5881,#5882,#5883,
    #5884,#5885,#5886,#5887,#5888,#5889,#5890,#5891,#5892),
  .UNSPECIFIED.,.F.,.F.,(5,3,3,3,5),(0.499921996516,0.750978278367,
    1.003000102303,1.250981388391,1.499921996516),.UNSPECIFIED.);
#5879 = CARTESIAN_POINT('',(0.974984355438,-1.));
#5880 = CARTESIAN_POINT('',(1.570253567178,-0.752281391838));
#5881 = CARTESIAN_POINT('',(2.181867406153,-0.543828112445));
#5882 = CARTESIAN_POINT('',(2.805926473608,-0.376269499747));
#5883 = CARTESIAN_POINT('',(4.073075823774,-0.124130398944));
#5884 = CARTESIAN_POINT('',(4.71623813718,-3.986974379547E-02));
#5885 = CARTESIAN_POINT('',(5.363577433937,1.495470728719E-03));
#5886 = CARTESIAN_POINT('',(6.647667713171,-1.543855394752E-03));
#5887 = CARTESIAN_POINT('',(7.284430010206,-4.458381249108E-02));
#5888 = CARTESIAN_POINT('',(7.917017988651,-0.129156431202));
#5889 = CARTESIAN_POINT('',(9.168249489796,-0.380264920266));
#5890 = CARTESIAN_POINT('',(9.786837385601,-0.54711808075));
#5891 = CARTESIAN_POINT('',(10.393137246339,-0.7542235502));
#5892 = CARTESIAN_POINT('',(10.98332870113,-1.));
#5893 = ( GEOMETRIC_REPRESENTATION_CONTEXT(2) 
PARAMETRIC_REPRESENTATION_CONTEXT() REPRESENTATION_CONTEXT('2D SPACE',''
  ) );
#5894 = ADVANCED_FACE('',(#5895),#1680,.F.);
#5895 = FACE_BOUND('',#5896,.F.);
#5896 = EDGE_LOOP('',(#5897,#5898,#5899,#5900));
#5897 = ORIENTED_EDGE('',*,*,#1665,.T.);
#5898 = ORIENTED_EDGE('',*,*,#5830,.F.);
#5899 = ORIENTED_EDGE('',*,*,#3153,.T.);
#5900 = ORIENTED_EDGE('',*,*,#5901,.T.);
#5901 = EDGE_CURVE('',#3154,#1637,#5902,.T.);
#5902 = SURFACE_CURVE('',#5903,(#5907,#5914),.PCURVE_S1.);
#5903 = LINE('',#5904,#5905);
#5904 = CARTESIAN_POINT('',(-10.35890279918,15.959108145416,3.5));
#5905 = VECTOR('',#5906,1.);
#5906 = DIRECTION('',(-0.587785252292,0.809016994375,0.));
#5907 = PCURVE('',#1680,#5908);
#5908 = DEFINITIONAL_REPRESENTATION('',(#5909),#5913);
#5909 = LINE('',#5910,#5911);
#5910 = CARTESIAN_POINT('',(0.,-1.5));
#5911 = VECTOR('',#5912,1.);
#5912 = DIRECTION('',(1.,0.));
#5913 = ( GEOMETRIC_REPRESENTATION_CONTEXT(2) 
PARAMETRIC_REPRESENTATION_CONTEXT() REPRESENTATION_CONTEXT('2D SPACE',''
  ) );
#5914 = PCURVE('',#1653,#5915);
#5915 = DEFINITIONAL_REPRESENTATION('',(#5916),#5920);
#5916 = LINE('',#5917,#5918);
#5917 = CARTESIAN_POINT('',(-6.,-1.));
#5918 = VECTOR('',#5919,1.);
#5919 = DIRECTION('',(1.,0.));
#5920 = ( GEOMETRIC_REPRESENTATION_CONTEXT(2) 
PARAMETRIC_REPRESENTATION_CONTEXT() REPRESENTATION_CONTEXT('2D SPACE',''
  ) );
#5921 = ADVANCED_FACE('',(#5922),#1653,.T.);
#5922 = FACE_BOUND('',#5923,.T.);
#5923 = EDGE_LOOP('',(#5924,#5925,#5926,#5927));
#5924 = ORIENTED_EDGE('',*,*,#3174,.T.);
#5925 = ORIENTED_EDGE('',*,*,#5901,.T.);
#5926 = ORIENTED_EDGE('',*,*,#1636,.T.);
#5927 = ORIENTED_EDGE('',*,*,#5928,.T.);
#5928 = EDGE_CURVE('',#1611,#3175,#5929,.T.);
#5929 = SURFACE_CURVE('',#5930,(#5934,#5941),.PCURVE_S1.);
#5930 = LINE('',#5931,#5932);
#5931 = CARTESIAN_POINT('',(-19.03035981544,24.491741573331,3.5));
#5932 = VECTOR('',#5933,1.);
#5933 = DIRECTION('',(0.587785252292,-0.809016994375,0.));
#5934 = PCURVE('',#1653,#5935);
#5935 = DEFINITIONAL_REPRESENTATION('',(#5936),#5940);
#5936 = LINE('',#5937,#5938);
#5937 = CARTESIAN_POINT('',(6.,1.));
#5938 = VECTOR('',#5939,1.);
#5939 = DIRECTION('',(-1.,0.));
#5940 = ( GEOMETRIC_REPRESENTATION_CONTEXT(2) 
PARAMETRIC_REPRESENTATION_CONTEXT() REPRESENTATION_CONTEXT('2D SPACE',''
  ) );
#5941 = PCURVE('',#1625,#5942);
#5942 = DEFINITIONAL_REPRESENTATION('',(#5943),#5947);
#5943 = LINE('',#5944,#5945);
#5944 = CARTESIAN_POINT('',(0.,-1.5));
#5945 = VECTOR('',#5946,1.);
#5946 = DIRECTION('',(1.,0.));
#5947 = ( GEOMETRIC_REPRESENTATION_CONTEXT(2) 
PARAMETRIC_REPRESENTATION_CONTEXT() REPRESENTATION_CONTEXT('2D SPACE',''
  ) );
#5948 = ADVANCED_FACE('',(#5949),#1625,.F.);
#5949 = FACE_BOUND('',#5950,.F.);
#5950 = EDGE_LOOP('',(#5951,#6016,#6017,#6018));
#5951 = ORIENTED_EDGE('',*,*,#5952,.T.);
#5952 = EDGE_CURVE('',#3203,#1582,#5953,.T.);
#5953 = SURFACE_CURVE('',#5954,(#5969,#5987),.PCURVE_S1.);
#5954 = B_SPLINE_CURVE_WITH_KNOTS('',4,(#5955,#5956,#5957,#5958,#5959,
    #5960,#5961,#5962,#5963,#5964,#5965,#5966,#5967,#5968),
  .UNSPECIFIED.,.F.,.F.,(5,3,3,3,5),(0.499921985714,0.750978267565,
    1.0030000915,1.250981377588,1.499921985714),.UNSPECIFIED.);
#5955 = CARTESIAN_POINT('',(-12.55001821327,15.572316553631,4.));
#5956 = CARTESIAN_POINT('',(-12.89990867707,16.053899462156,
    4.247718608162));
#5957 = CARTESIAN_POINT('',(-13.25940627172,16.548705451882,
    4.456171887555));
#5958 = CARTESIAN_POINT('',(-13.62621898813,17.053579842947,
    4.623730500253));
#5959 = CARTESIAN_POINT('',(-14.37103068861,18.078725201643,
    4.875869601056));
#5960 = CARTESIAN_POINT('',(-14.74907201126,18.599054443327,
    4.960130256205));
#5961 = CARTESIAN_POINT('',(-15.12956850312,19.122762935533,
    5.001495470729));
#5962 = CARTESIAN_POINT('',(-15.88433783187,20.161613793744,
    4.998456144605));
#5963 = CARTESIAN_POINT('',(-16.25861731928,20.676765313423,
    4.955416187509));
#5964 = CARTESIAN_POINT('',(-16.63044320379,21.188539738422,
    4.870843568798));
#5965 = CARTESIAN_POINT('',(-17.36589862737,22.200807286746,
    4.619735079734));
#5966 = CARTESIAN_POINT('',(-17.72949546977,22.701255406966,
    4.45288191925));
#5967 = CARTESIAN_POINT('',(-18.08586958638,23.191762297991,4.2457764498
    ));
#5968 = CARTESIAN_POINT('',(-18.43277541953,23.669237214852,4.));
#5969 = PCURVE('',#1625,#5970);
#5970 = DEFINITIONAL_REPRESENTATION('',(#5971),#5986);
#5971 = B_SPLINE_CURVE_WITH_KNOTS('',4,(#5972,#5973,#5974,#5975,#5976,
    #5977,#5978,#5979,#5980,#5981,#5982,#5983,#5984,#5985),
  .UNSPECIFIED.,.F.,.F.,(5,3,3,3,5),(0.499921985714,0.750978267565,
    1.0030000915,1.250981377588,1.499921985714),.UNSPECIFIED.);
#5972 = CARTESIAN_POINT('',(11.025015644562,-1.));
#5973 = CARTESIAN_POINT('',(10.429746432822,-0.752281391838));
#5974 = CARTESIAN_POINT('',(9.818132593847,-0.543828112445));
#5975 = CARTESIAN_POINT('',(9.194073526393,-0.376269499747));
#5976 = CARTESIAN_POINT('',(7.926924176226,-0.124130398944));
#5977 = CARTESIAN_POINT('',(7.283761862824,-3.986974379538E-02));
#5978 = CARTESIAN_POINT('',(6.636422566063,1.495470728723E-03));
#5979 = CARTESIAN_POINT('',(5.352332286829,-1.543855394751E-03));
#5980 = CARTESIAN_POINT('',(4.715569989794,-4.458381249108E-02));
#5981 = CARTESIAN_POINT('',(4.082982011349,-0.129156431202));
#5982 = CARTESIAN_POINT('',(2.831750510204,-0.380264920266));
#5983 = CARTESIAN_POINT('',(2.213162614399,-0.54711808075));
#5984 = CARTESIAN_POINT('',(1.606862753661,-0.7542235502));
#5985 = CARTESIAN_POINT('',(1.01667129887,-1.));
#5986 = ( GEOMETRIC_REPRESENTATION_CONTEXT(2) 
PARAMETRIC_REPRESENTATION_CONTEXT() REPRESENTATION_CONTEXT('2D SPACE',''
  ) );
#5987 = PCURVE('',#1598,#5988);
#5988 = DEFINITIONAL_REPRESENTATION('',(#5989),#6015);
#5989 = B_SPLINE_CURVE_WITH_KNOTS('',3,(#5990,#5991,#5992,#5993,#5994,
    #5995,#5996,#5997,#5998,#5999,#6000,#6001,#6002,#6003,#6004,#6005,
    #6006,#6007,#6008,#6009,#6010,#6011,#6012,#6013,#6014),
  .UNSPECIFIED.,.F.,.F.,(4,1,1,1,1,1,1,1,1,1,1,1,1,1,1,1,1,1,1,1,1,1,4),
  (0.499921985714,0.545376531168,0.590831076623,0.636285622077,
    0.681740167532,0.727194712986,0.772649258441,0.818103803896,
    0.86355834935,0.909012894805,0.954467440259,0.999921985714,
    1.045376531168,1.090831076623,1.136285622077,1.181740167532,
    1.227194712986,1.272649258441,1.318103803896,1.36355834935,
    1.409012894805,1.454467440259,1.499921985714),
  .QUASI_UNIFORM_KNOTS.);
#5990 = CARTESIAN_POINT('',(2.249135714319,1.965587446495));
#5991 = CARTESIAN_POINT('',(2.248776448633,1.953627373266));
#5992 = CARTESIAN_POINT('',(2.248068082626,1.929707043089));
#5993 = CARTESIAN_POINT('',(2.247036212415,1.893825933962));
#5994 = CARTESIAN_POINT('',(2.246035265712,1.857944166286));
#5995 = CARTESIAN_POINT('',(2.245065270234,1.822061632319));
#5996 = CARTESIAN_POINT('',(2.244126139246,1.786178242599));
#5997 = CARTESIAN_POINT('',(2.24321767083,1.750294030664));
#5998 = CARTESIAN_POINT('',(2.242339562257,1.714408826912));
#5999 = CARTESIAN_POINT('',(2.241491434269,1.678522682549));
#6000 = CARTESIAN_POINT('',(2.240672836823,1.642635543548));
#6001 = CARTESIAN_POINT('',(2.239883263832,1.606747344803));
#6002 = CARTESIAN_POINT('',(2.239122165926,1.570858101692));
#6003 = CARTESIAN_POINT('',(2.238388957636,1.534967803684));
#6004 = CARTESIAN_POINT('',(2.237683025653,1.499076392225));
#6005 = CARTESIAN_POINT('',(2.237003739459,1.463183924405));
#6006 = CARTESIAN_POINT('',(2.236350453586,1.427290358782));
#6007 = CARTESIAN_POINT('',(2.235722515731,1.391395673395));
#6008 = CARTESIAN_POINT('',(2.235119273078,1.355499962455));
#6009 = CARTESIAN_POINT('',(2.234540071174,1.319603117663));
#6010 = CARTESIAN_POINT('',(2.233984264294,1.283705239869));
#6011 = CARTESIAN_POINT('',(2.233451213664,1.247806322457));
#6012 = CARTESIAN_POINT('',(2.232940289895,1.211906345577));
#6013 = CARTESIAN_POINT('',(2.232614018744,1.187972360436));
#6014 = CARTESIAN_POINT('',(2.232454366774,1.176005207095));
#6015 = ( GEOMETRIC_REPRESENTATION_CONTEXT(2) 
PARAMETRIC_REPRESENTATION_CONTEXT() REPRESENTATION_CONTEXT('2D SPACE',''
  ) );
#6016 = ORIENTED_EDGE('',*,*,#1610,.F.);
#6017 = ORIENTED_EDGE('',*,*,#5928,.T.);
#6018 = ORIENTED_EDGE('',*,*,#3202,.F.);
#6019 = ADVANCED_FACE('',(#6020),#1598,.T.);
#6020 = FACE_BOUND('',#6021,.T.);
#6021 = EDGE_LOOP('',(#6022,#6023,#6024,#6025));
#6022 = ORIENTED_EDGE('',*,*,#3223,.F.);
#6023 = ORIENTED_EDGE('',*,*,#5952,.T.);
#6024 = ORIENTED_EDGE('',*,*,#1581,.T.);
#6025 = ORIENTED_EDGE('',*,*,#6026,.F.);
#6026 = EDGE_CURVE('',#3224,#1556,#6027,.T.);
#6027 = SURFACE_CURVE('',#6028,(#6043,#6072),.PCURVE_S1.);
#6028 = B_SPLINE_CURVE_WITH_KNOTS('',4,(#6029,#6030,#6031,#6032,#6033,
    #6034,#6035,#6036,#6037,#6038,#6039,#6040,#6041,#6042),
  .UNSPECIFIED.,.F.,.F.,(5,3,3,3,5),(0.499921998617,0.750978280468,
    1.003000104403,1.250981390491,1.499921998617),.UNSPECIFIED.);
#6029 = CARTESIAN_POINT('',(-15.57231655363,12.550018213274,4.));
#6030 = CARTESIAN_POINT('',(-16.05389946215,12.899908677079,
    4.247718608162));
#6031 = CARTESIAN_POINT('',(-16.54870545188,13.259406271726,
    4.456171887555));
#6032 = CARTESIAN_POINT('',(-17.05357984294,13.626218988135,
    4.623730500253));
#6033 = CARTESIAN_POINT('',(-18.07872520164,14.371030688615,
    4.875869601056));
#6034 = CARTESIAN_POINT('',(-18.59905444332,14.749072011264,
    4.960130256203));
#6035 = CARTESIAN_POINT('',(-19.12276293553,15.129568503129,
    5.001495470729));
#6036 = CARTESIAN_POINT('',(-20.16161379374,15.884337831874,
    4.998456144605));
#6037 = CARTESIAN_POINT('',(-20.67676531342,16.258617319288,
    4.955416187509));
#6038 = CARTESIAN_POINT('',(-21.18853973842,16.630443203795,
    4.870843568798));
#6039 = CARTESIAN_POINT('',(-22.20080728674,17.365898627372,
    4.619735079734));
#6040 = CARTESIAN_POINT('',(-22.70125540696,17.729495469773,
    4.45288191925));
#6041 = CARTESIAN_POINT('',(-23.19176229799,18.085869586382,4.2457764498
    ));
#6042 = CARTESIAN_POINT('',(-23.66923721485,18.432775419537,4.));
#6043 = PCURVE('',#1598,#6044);
#6044 = DEFINITIONAL_REPRESENTATION('',(#6045),#6071);
#6045 = B_SPLINE_CURVE_WITH_KNOTS('',3,(#6046,#6047,#6048,#6049,#6050,
    #6051,#6052,#6053,#6054,#6055,#6056,#6057,#6058,#6059,#6060,#6061,
    #6062,#6063,#6064,#6065,#6066,#6067,#6068,#6069,#6070),
  .UNSPECIFIED.,.F.,.F.,(4,1,1,1,1,1,1,1,1,1,1,1,1,1,1,1,1,1,1,1,1,1,4),
  (0.499921998617,0.545376544071,0.590831089526,0.63628563498,
    0.681740180435,0.727194725889,0.772649271344,0.818103816798,
    0.863558362253,0.909012907708,0.954467453162,0.999921998617,
    1.045376544071,1.090831089526,1.13628563498,1.181740180435,
    1.227194725889,1.272649271344,1.318103816798,1.363558362253,
    1.409012907707,1.454467453162,1.499921998617),
  .QUASI_UNIFORM_KNOTS.);
#6046 = CARTESIAN_POINT('',(2.463253266066,1.965587446495));
#6047 = CARTESIAN_POINT('',(2.463612531751,1.953627373266));
#6048 = CARTESIAN_POINT('',(2.464320897759,1.929707043089));
#6049 = CARTESIAN_POINT('',(2.465352767969,1.893825933962));
#6050 = CARTESIAN_POINT('',(2.466353714673,1.857944166286));
#6051 = CARTESIAN_POINT('',(2.467323710151,1.822061632319));
#6052 = CARTESIAN_POINT('',(2.468262841138,1.786178242599));
#6053 = CARTESIAN_POINT('',(2.469171309554,1.750294030664));
#6054 = CARTESIAN_POINT('',(2.470049418128,1.714408826912));
#6055 = CARTESIAN_POINT('',(2.470897546115,1.678522682549));
#6056 = CARTESIAN_POINT('',(2.471716143562,1.642635543548));
#6057 = CARTESIAN_POINT('',(2.472505716553,1.606747344803));
#6058 = CARTESIAN_POINT('',(2.473266814459,1.570858101692));
#6059 = CARTESIAN_POINT('',(2.474000022749,1.534967803684));
#6060 = CARTESIAN_POINT('',(2.474705954732,1.499076392225));
#6061 = CARTESIAN_POINT('',(2.475385240926,1.463183924405));
#6062 = CARTESIAN_POINT('',(2.476038526799,1.427290358782));
#6063 = CARTESIAN_POINT('',(2.476666464654,1.391395673395));
#6064 = CARTESIAN_POINT('',(2.477269707307,1.355499962455));
#6065 = CARTESIAN_POINT('',(2.477848909211,1.319603117663));
#6066 = CARTESIAN_POINT('',(2.478404716091,1.283705239869));
#6067 = CARTESIAN_POINT('',(2.478937766721,1.247806322457));
#6068 = CARTESIAN_POINT('',(2.47944869049,1.211906345577));
#6069 = CARTESIAN_POINT('',(2.479774961641,1.187972360436));
#6070 = CARTESIAN_POINT('',(2.479934613611,1.176005207095));
#6071 = ( GEOMETRIC_REPRESENTATION_CONTEXT(2) 
PARAMETRIC_REPRESENTATION_CONTEXT() REPRESENTATION_CONTEXT('2D SPACE',''
  ) );
#6072 = PCURVE('',#1570,#6073);
#6073 = DEFINITIONAL_REPRESENTATION('',(#6074),#6089);
#6074 = B_SPLINE_CURVE_WITH_KNOTS('',4,(#6075,#6076,#6077,#6078,#6079,
    #6080,#6081,#6082,#6083,#6084,#6085,#6086,#6087,#6088),
  .UNSPECIFIED.,.F.,.F.,(5,3,3,3,5),(0.499921998617,0.750978280468,
    1.003000104403,1.250981390491,1.499921998617),.UNSPECIFIED.);
#6075 = CARTESIAN_POINT('',(0.974984355438,-1.));
#6076 = CARTESIAN_POINT('',(1.570253567178,-0.752281391838));
#6077 = CARTESIAN_POINT('',(2.181867406153,-0.543828112445));
#6078 = CARTESIAN_POINT('',(2.805926473608,-0.376269499747));
#6079 = CARTESIAN_POINT('',(4.073075823774,-0.124130398944));
#6080 = CARTESIAN_POINT('',(4.716238137178,-3.986974379687E-02));
#6081 = CARTESIAN_POINT('',(5.363577433937,1.495470728686E-03));
#6082 = CARTESIAN_POINT('',(6.647667713171,-1.543855394752E-03));
#6083 = CARTESIAN_POINT('',(7.284430010206,-4.458381249107E-02));
#6084 = CARTESIAN_POINT('',(7.917017988651,-0.129156431202));
#6085 = CARTESIAN_POINT('',(9.168249489796,-0.380264920266));
#6086 = CARTESIAN_POINT('',(9.7868373856,-0.54711808075));
#6087 = CARTESIAN_POINT('',(10.393137246339,-0.7542235502));
#6088 = CARTESIAN_POINT('',(10.98332870113,-1.));
#6089 = ( GEOMETRIC_REPRESENTATION_CONTEXT(2) 
PARAMETRIC_REPRESENTATION_CONTEXT() REPRESENTATION_CONTEXT('2D SPACE',''
  ) );
#6090 = ADVANCED_FACE('',(#6091),#1570,.F.);
#6091 = FACE_BOUND('',#6092,.F.);
#6092 = EDGE_LOOP('',(#6093,#6094,#6095,#6096));
#6093 = ORIENTED_EDGE('',*,*,#1555,.T.);
#6094 = ORIENTED_EDGE('',*,*,#6026,.F.);
#6095 = ORIENTED_EDGE('',*,*,#3247,.T.);
#6096 = ORIENTED_EDGE('',*,*,#6097,.T.);
#6097 = EDGE_CURVE('',#3248,#1527,#6098,.T.);
#6098 = SURFACE_CURVE('',#6099,(#6103,#6110),.PCURVE_S1.);
#6099 = LINE('',#6100,#6101);
#6100 = CARTESIAN_POINT('',(-14.78353764083,11.976936787932,3.5));
#6101 = VECTOR('',#6102,1.);
#6102 = DIRECTION('',(-0.809016994375,0.587785252292,0.));
#6103 = PCURVE('',#1570,#6104);
#6104 = DEFINITIONAL_REPRESENTATION('',(#6105),#6109);
#6105 = LINE('',#6106,#6107);
#6106 = CARTESIAN_POINT('',(0.,-1.5));
#6107 = VECTOR('',#6108,1.);
#6108 = DIRECTION('',(1.,0.));
#6109 = ( GEOMETRIC_REPRESENTATION_CONTEXT(2) 
PARAMETRIC_REPRESENTATION_CONTEXT() REPRESENTATION_CONTEXT('2D SPACE',''
  ) );
#6110 = PCURVE('',#1543,#6111);
#6111 = DEFINITIONAL_REPRESENTATION('',(#6112),#6116);
#6112 = LINE('',#6113,#6114);
#6113 = CARTESIAN_POINT('',(-6.,-1.));
#6114 = VECTOR('',#6115,1.);
#6115 = DIRECTION('',(1.,0.));
#6116 = ( GEOMETRIC_REPRESENTATION_CONTEXT(2) 
PARAMETRIC_REPRESENTATION_CONTEXT() REPRESENTATION_CONTEXT('2D SPACE',''
  ) );
#6117 = ADVANCED_FACE('',(#6118),#1543,.T.);
#6118 = FACE_BOUND('',#6119,.T.);
#6119 = EDGE_LOOP('',(#6120,#6121,#6122,#6123));
#6120 = ORIENTED_EDGE('',*,*,#3268,.T.);
#6121 = ORIENTED_EDGE('',*,*,#6097,.T.);
#6122 = ORIENTED_EDGE('',*,*,#1526,.T.);
#6123 = ORIENTED_EDGE('',*,*,#6124,.T.);
#6124 = EDGE_CURVE('',#1501,#3269,#6125,.T.);
#6125 = SURFACE_CURVE('',#6126,(#6130,#6137),.PCURVE_S1.);
#6126 = LINE('',#6127,#6128);
#6127 = CARTESIAN_POINT('',(-25.66731207791,17.412325826692,3.5));
#6128 = VECTOR('',#6129,1.);
#6129 = DIRECTION('',(0.809016994375,-0.587785252292,0.));
#6130 = PCURVE('',#1543,#6131);
#6131 = DEFINITIONAL_REPRESENTATION('',(#6132),#6136);
#6132 = LINE('',#6133,#6134);
#6133 = CARTESIAN_POINT('',(6.,1.));
#6134 = VECTOR('',#6135,1.);
#6135 = DIRECTION('',(-1.,0.));
#6136 = ( GEOMETRIC_REPRESENTATION_CONTEXT(2) 
PARAMETRIC_REPRESENTATION_CONTEXT() REPRESENTATION_CONTEXT('2D SPACE',''
  ) );
#6137 = PCURVE('',#1515,#6138);
#6138 = DEFINITIONAL_REPRESENTATION('',(#6139),#6143);
#6139 = LINE('',#6140,#6141);
#6140 = CARTESIAN_POINT('',(0.,-1.5));
#6141 = VECTOR('',#6142,1.);
#6142 = DIRECTION('',(1.,0.));
#6143 = ( GEOMETRIC_REPRESENTATION_CONTEXT(2) 
PARAMETRIC_REPRESENTATION_CONTEXT() REPRESENTATION_CONTEXT('2D SPACE',''
  ) );
#6144 = ADVANCED_FACE('',(#6145),#1515,.F.);
#6145 = FACE_BOUND('',#6146,.F.);
#6146 = EDGE_LOOP('',(#6147,#6212,#6213,#6214));
#6147 = ORIENTED_EDGE('',*,*,#6148,.T.);
#6148 = EDGE_CURVE('',#3297,#1472,#6149,.T.);
#6149 = SURFACE_CURVE('',#6150,(#6165,#6183),.PCURVE_S1.);
#6150 = B_SPLINE_CURVE_WITH_KNOTS('',4,(#6151,#6152,#6153,#6154,#6155,
    #6156,#6157,#6158,#6159,#6160,#6161,#6162,#6163,#6164),
  .UNSPECIFIED.,.F.,.F.,(5,3,3,3,5),(0.499921991683,0.750978273534,
    1.003000097469,1.250981383558,1.499921991683),.UNSPECIFIED.);
#6151 = CARTESIAN_POINT('',(-16.74788705821,10.931984224524,4.));
#6152 = CARTESIAN_POINT('',(-17.22946996674,11.281874688329,
    4.247718608162));
#6153 = CARTESIAN_POINT('',(-17.72427595646,11.641372282976,
    4.456171887555));
#6154 = CARTESIAN_POINT('',(-18.22915034753,12.008184999386,
    4.623730500253));
#6155 = CARTESIAN_POINT('',(-19.25429570622,12.752996699866,
    4.875869601056));
#6156 = CARTESIAN_POINT('',(-19.77462494791,13.131038022515,
    4.960130256205));
#6157 = CARTESIAN_POINT('',(-20.29833344011,13.511534514379,
    5.001495470729));
#6158 = CARTESIAN_POINT('',(-21.33718429832,14.266303843125,
    4.998456144605));
#6159 = CARTESIAN_POINT('',(-21.852335818,14.640583330538,4.955416187509
    ));
#6160 = CARTESIAN_POINT('',(-22.364110243,15.012409215045,4.870843568798
    ));
#6161 = CARTESIAN_POINT('',(-23.37637779133,15.747864638622,
    4.619735079734));
#6162 = CARTESIAN_POINT('',(-23.87682591155,16.111461481023,
    4.45288191925));
#6163 = CARTESIAN_POINT('',(-24.36733280257,16.467835597632,4.2457764498
    ));
#6164 = CARTESIAN_POINT('',(-24.84480771943,16.814741430787,4.));
#6165 = PCURVE('',#1515,#6166);
#6166 = DEFINITIONAL_REPRESENTATION('',(#6167),#6182);
#6167 = B_SPLINE_CURVE_WITH_KNOTS('',4,(#6168,#6169,#6170,#6171,#6172,
    #6173,#6174,#6175,#6176,#6177,#6178,#6179,#6180,#6181),
  .UNSPECIFIED.,.F.,.F.,(5,3,3,3,5),(0.499921991683,0.750978273534,
    1.003000097469,1.250981383558,1.499921991683),.UNSPECIFIED.);
#6168 = CARTESIAN_POINT('',(11.025015644562,-1.));
#6169 = CARTESIAN_POINT('',(10.429746432822,-0.752281391838));
#6170 = CARTESIAN_POINT('',(9.818132593847,-0.543828112445));
#6171 = CARTESIAN_POINT('',(9.194073526392,-0.376269499747));
#6172 = CARTESIAN_POINT('',(7.926924176226,-0.124130398944));
#6173 = CARTESIAN_POINT('',(7.283761862825,-3.986974379525E-02));
#6174 = CARTESIAN_POINT('',(6.636422566063,1.495470728727E-03));
#6175 = CARTESIAN_POINT('',(5.352332286829,-1.543855394752E-03));
#6176 = CARTESIAN_POINT('',(4.715569989794,-4.458381249108E-02));
#6177 = CARTESIAN_POINT('',(4.082982011349,-0.129156431202));
#6178 = CARTESIAN_POINT('',(2.831750510204,-0.380264920266));
#6179 = CARTESIAN_POINT('',(2.213162614399,-0.54711808075));
#6180 = CARTESIAN_POINT('',(1.606862753661,-0.7542235502));
#6181 = CARTESIAN_POINT('',(1.01667129887,-1.));
#6182 = ( GEOMETRIC_REPRESENTATION_CONTEXT(2) 
PARAMETRIC_REPRESENTATION_CONTEXT() REPRESENTATION_CONTEXT('2D SPACE',''
  ) );
#6183 = PCURVE('',#1488,#6184);
#6184 = DEFINITIONAL_REPRESENTATION('',(#6185),#6211);
#6185 = B_SPLINE_CURVE_WITH_KNOTS('',3,(#6186,#6187,#6188,#6189,#6190,
    #6191,#6192,#6193,#6194,#6195,#6196,#6197,#6198,#6199,#6200,#6201,
    #6202,#6203,#6204,#6205,#6206,#6207,#6208,#6209,#6210),
  .UNSPECIFIED.,.F.,.F.,(4,1,1,1,1,1,1,1,1,1,1,1,1,1,1,1,1,1,1,1,1,1,4),
  (0.499921991683,0.545376537138,0.590831082592,0.636285628047,
    0.681740173501,0.727194718956,0.77264926441,0.818103809865,
    0.86355835532,0.909012900774,0.954467446229,0.999921991683,
    1.045376537138,1.090831082592,1.136285628047,1.181740173501,
    1.227194718956,1.27264926441,1.318103809865,1.36355835532,
    1.409012900774,1.454467446229,1.499921991683),
  .QUASI_UNIFORM_KNOTS.);
#6186 = CARTESIAN_POINT('',(2.563294979678,1.965587446495));
#6187 = CARTESIAN_POINT('',(2.562935713992,1.953627373266));
#6188 = CARTESIAN_POINT('',(2.562227347985,1.929707043089));
#6189 = CARTESIAN_POINT('',(2.561195477774,1.893825933962));
#6190 = CARTESIAN_POINT('',(2.560194531071,1.857944166286));
#6191 = CARTESIAN_POINT('',(2.559224535593,1.822061632319));
#6192 = CARTESIAN_POINT('',(2.558285404605,1.786178242599));
#6193 = CARTESIAN_POINT('',(2.557376936189,1.750294030664));
#6194 = CARTESIAN_POINT('',(2.556498827616,1.714408826912));
#6195 = CARTESIAN_POINT('',(2.555650699628,1.678522682549));
#6196 = CARTESIAN_POINT('',(2.554832102182,1.642635543548));
#6197 = CARTESIAN_POINT('',(2.554042529191,1.606747344803));
#6198 = CARTESIAN_POINT('',(2.553281431285,1.570858101692));
#6199 = CARTESIAN_POINT('',(2.552548222995,1.534967803684));
#6200 = CARTESIAN_POINT('',(2.551842291012,1.499076392225));
#6201 = CARTESIAN_POINT('',(2.551163004818,1.463183924405));
#6202 = CARTESIAN_POINT('',(2.550509718945,1.427290358782));
#6203 = CARTESIAN_POINT('',(2.54988178109,1.391395673395));
#6204 = CARTESIAN_POINT('',(2.549278538437,1.355499962455));
#6205 = CARTESIAN_POINT('',(2.548699336533,1.319603117663));
#6206 = CARTESIAN_POINT('',(2.548143529653,1.283705239869));
#6207 = CARTESIAN_POINT('',(2.547610479023,1.247806322457));
#6208 = CARTESIAN_POINT('',(2.547099555254,1.211906345577));
#6209 = CARTESIAN_POINT('',(2.546773284103,1.187972360436));
#6210 = CARTESIAN_POINT('',(2.546613632133,1.176005207095));
#6211 = ( GEOMETRIC_REPRESENTATION_CONTEXT(2) 
PARAMETRIC_REPRESENTATION_CONTEXT() REPRESENTATION_CONTEXT('2D SPACE',''
  ) );
#6212 = ORIENTED_EDGE('',*,*,#1500,.F.);
#6213 = ORIENTED_EDGE('',*,*,#6124,.T.);
#6214 = ORIENTED_EDGE('',*,*,#3296,.F.);
#6215 = ADVANCED_FACE('',(#6216),#1488,.T.);
#6216 = FACE_BOUND('',#6217,.T.);
#6217 = EDGE_LOOP('',(#6218,#6219,#6220,#6221));
#6218 = ORIENTED_EDGE('',*,*,#3317,.F.);
#6219 = ORIENTED_EDGE('',*,*,#6148,.T.);
#6220 = ORIENTED_EDGE('',*,*,#1471,.T.);
#6221 = ORIENTED_EDGE('',*,*,#6222,.F.);
#6222 = EDGE_CURVE('',#3318,#1446,#6223,.T.);
#6223 = SURFACE_CURVE('',#6224,(#6239,#6268),.PCURVE_S1.);
#6224 = B_SPLINE_CURVE_WITH_KNOTS('',4,(#6225,#6226,#6227,#6228,#6229,
    #6230,#6231,#6232,#6233,#6234,#6235,#6236,#6237,#6238),
  .UNSPECIFIED.,.F.,.F.,(5,3,3,3,5),(0.499921984454,0.750978266305,
    1.003000090241,1.250981376329,1.499921984454),.UNSPECIFIED.);
#6225 = CARTESIAN_POINT('',(-18.68832203975,7.123666144499,4.));
#6226 = CARTESIAN_POINT('',(-19.25445670253,7.307614447155,
    4.247718608162));
#6227 = CARTESIAN_POINT('',(-19.83613602954,7.496613517393,
    4.456171887555));
#6228 = CARTESIAN_POINT('',(-20.4296514722,7.68945837473,4.623730500253)
  );
#6229 = CARTESIAN_POINT('',(-21.63478211879,8.081029058343,
    4.875869601056));
#6230 = CARTESIAN_POINT('',(-22.24646582799,8.279777143328,
    4.960130256204));
#6231 = CARTESIAN_POINT('',(-22.86212208443,8.479815987152,
    5.001495470729));
#6232 = CARTESIAN_POINT('',(-24.083364512,8.876621705747,4.998456144605)
  );
#6233 = CARTESIAN_POINT('',(-24.68896144393,9.073392076908,
    4.955416187509));
#6234 = CARTESIAN_POINT('',(-25.29058836296,9.268872512684,
    4.870843568798));
#6235 = CARTESIAN_POINT('',(-26.48058023552,9.655524310436,
    4.619735079734));
#6236 = CARTESIAN_POINT('',(-27.06889228472,9.846678482754,4.45288191925
    ));
#6237 = CARTESIAN_POINT('',(-27.64551771811,10.034035443409,4.2457764498
    ));
#6238 = CARTESIAN_POINT('',(-28.20682314705,10.216414632874,4.));
#6239 = PCURVE('',#1488,#6240);
#6240 = DEFINITIONAL_REPRESENTATION('',(#6241),#6267);
#6241 = B_SPLINE_CURVE_WITH_KNOTS('',3,(#6242,#6243,#6244,#6245,#6246,
    #6247,#6248,#6249,#6250,#6251,#6252,#6253,#6254,#6255,#6256,#6257,
    #6258,#6259,#6260,#6261,#6262,#6263,#6264,#6265,#6266),
  .UNSPECIFIED.,.F.,.F.,(4,1,1,1,1,1,1,1,1,1,1,1,1,1,1,1,1,1,1,1,1,1,4),
  (0.499921984454,0.545376529909,0.590831075363,0.636285620818,
    0.681740166272,0.727194711727,0.772649257182,0.818103802636,
    0.863558348091,0.909012893545,0.954467439,0.999921984454,
    1.045376529909,1.090831075363,1.136285620818,1.181740166272,
    1.227194711727,1.272649257182,1.318103802636,1.363558348091,
    1.409012893545,1.454467439,1.499921984454),.QUASI_UNIFORM_KNOTS.);
#6242 = CARTESIAN_POINT('',(2.777412531425,1.965587446495));
#6243 = CARTESIAN_POINT('',(2.77777179711,1.953627373266));
#6244 = CARTESIAN_POINT('',(2.778480163118,1.929707043089));
#6245 = CARTESIAN_POINT('',(2.779512033328,1.893825933962));
#6246 = CARTESIAN_POINT('',(2.780512980032,1.857944166286));
#6247 = CARTESIAN_POINT('',(2.78148297551,1.822061632319));
#6248 = CARTESIAN_POINT('',(2.782422106497,1.786178242599));
#6249 = CARTESIAN_POINT('',(2.783330574913,1.750294030664));
#6250 = CARTESIAN_POINT('',(2.784208683487,1.714408826912));
#6251 = CARTESIAN_POINT('',(2.785056811474,1.678522682549));
#6252 = CARTESIAN_POINT('',(2.78587540892,1.642635543548));
#6253 = CARTESIAN_POINT('',(2.786664981912,1.606747344803));
#6254 = CARTESIAN_POINT('',(2.787426079818,1.570858101692));
#6255 = CARTESIAN_POINT('',(2.788159288108,1.534967803684));
#6256 = CARTESIAN_POINT('',(2.788865220091,1.499076392225));
#6257 = CARTESIAN_POINT('',(2.789544506285,1.463183924405));
#6258 = CARTESIAN_POINT('',(2.790197792158,1.427290358782));
#6259 = CARTESIAN_POINT('',(2.790825730013,1.391395673395));
#6260 = CARTESIAN_POINT('',(2.791428972666,1.355499962455));
#6261 = CARTESIAN_POINT('',(2.79200817457,1.319603117663));
#6262 = CARTESIAN_POINT('',(2.79256398145,1.283705239869));
#6263 = CARTESIAN_POINT('',(2.79309703208,1.247806322457));
#6264 = CARTESIAN_POINT('',(2.793607955849,1.211906345577));
#6265 = CARTESIAN_POINT('',(2.793934227,1.187972360436));
#6266 = CARTESIAN_POINT('',(2.79409387897,1.176005207095));
#6267 = ( GEOMETRIC_REPRESENTATION_CONTEXT(2) 
PARAMETRIC_REPRESENTATION_CONTEXT() REPRESENTATION_CONTEXT('2D SPACE',''
  ) );
#6268 = PCURVE('',#1460,#6269);
#6269 = DEFINITIONAL_REPRESENTATION('',(#6270),#6285);
#6270 = B_SPLINE_CURVE_WITH_KNOTS('',4,(#6271,#6272,#6273,#6274,#6275,
    #6276,#6277,#6278,#6279,#6280,#6281,#6282,#6283,#6284),
  .UNSPECIFIED.,.F.,.F.,(5,3,3,3,5),(0.499921984454,0.750978266305,
    1.003000090241,1.250981376329,1.499921984454),.UNSPECIFIED.);
#6271 = CARTESIAN_POINT('',(0.974984355438,-1.));
#6272 = CARTESIAN_POINT('',(1.570253567178,-0.752281391838));
#6273 = CARTESIAN_POINT('',(2.181867406153,-0.543828112445));
#6274 = CARTESIAN_POINT('',(2.805926473607,-0.376269499747));
#6275 = CARTESIAN_POINT('',(4.073075823774,-0.124130398944));
#6276 = CARTESIAN_POINT('',(4.716238137177,-3.986974379562E-02));
#6277 = CARTESIAN_POINT('',(5.363577433937,1.495470728718E-03));
#6278 = CARTESIAN_POINT('',(6.647667713171,-1.543855394752E-03));
#6279 = CARTESIAN_POINT('',(7.284430010206,-4.458381249107E-02));
#6280 = CARTESIAN_POINT('',(7.917017988651,-0.129156431202));
#6281 = CARTESIAN_POINT('',(9.168249489796,-0.380264920266));
#6282 = CARTESIAN_POINT('',(9.786837385601,-0.54711808075));
#6283 = CARTESIAN_POINT('',(10.393137246339,-0.7542235502));
#6284 = CARTESIAN_POINT('',(10.98332870113,-1.));
#6285 = ( GEOMETRIC_REPRESENTATION_CONTEXT(2) 
PARAMETRIC_REPRESENTATION_CONTEXT() REPRESENTATION_CONTEXT('2D SPACE',''
  ) );
#6286 = ADVANCED_FACE('',(#6287),#1460,.F.);
#6287 = FACE_BOUND('',#6288,.F.);
#6288 = EDGE_LOOP('',(#6289,#6290,#6291,#6292));
#6289 = ORIENTED_EDGE('',*,*,#1445,.T.);
#6290 = ORIENTED_EDGE('',*,*,#6222,.F.);
#6291 = ORIENTED_EDGE('',*,*,#3341,.T.);
#6292 = ORIENTED_EDGE('',*,*,#6293,.T.);
#6293 = EDGE_CURVE('',#3342,#1417,#6294,.T.);
#6294 = SURFACE_CURVE('',#6295,(#6299,#6306),.PCURVE_S1.);
#6295 = LINE('',#6296,#6297);
#6296 = CARTESIAN_POINT('',(-17.76105681523,6.822379409419,3.5));
#6297 = VECTOR('',#6298,1.);
#6298 = DIRECTION('',(-0.951056516295,0.309016994375,0.));
#6299 = PCURVE('',#1460,#6300);
#6300 = DEFINITIONAL_REPRESENTATION('',(#6301),#6305);
#6301 = LINE('',#6302,#6303);
#6302 = CARTESIAN_POINT('',(0.,-1.5));
#6303 = VECTOR('',#6304,1.);
#6304 = DIRECTION('',(1.,0.));
#6305 = ( GEOMETRIC_REPRESENTATION_CONTEXT(2) 
PARAMETRIC_REPRESENTATION_CONTEXT() REPRESENTATION_CONTEXT('2D SPACE',''
  ) );
#6306 = PCURVE('',#1433,#6307);
#6307 = DEFINITIONAL_REPRESENTATION('',(#6308),#6312);
#6308 = LINE('',#6309,#6310);
#6309 = CARTESIAN_POINT('',(-6.,-1.));
#6310 = VECTOR('',#6311,1.);
#6311 = DIRECTION('',(1.,0.));
#6312 = ( GEOMETRIC_REPRESENTATION_CONTEXT(2) 
PARAMETRIC_REPRESENTATION_CONTEXT() REPRESENTATION_CONTEXT('2D SPACE',''
  ) );
#6313 = ADVANCED_FACE('',(#6314),#1433,.T.);
#6314 = FACE_BOUND('',#6315,.T.);
#6315 = EDGE_LOOP('',(#6316,#6317,#6318,#6319));
#6316 = ORIENTED_EDGE('',*,*,#3362,.T.);
#6317 = ORIENTED_EDGE('',*,*,#6293,.T.);
#6318 = ORIENTED_EDGE('',*,*,#1416,.T.);
#6319 = ORIENTED_EDGE('',*,*,#6320,.T.);
#6320 = EDGE_CURVE('',#1391,#3363,#6321,.T.);
#6321 = SURFACE_CURVE('',#6322,(#6326,#6333),.PCURVE_S1.);
#6322 = LINE('',#6323,#6324);
#6323 = CARTESIAN_POINT('',(-29.79176899952,8.628470309328,3.5));
#6324 = VECTOR('',#6325,1.);
#6325 = DIRECTION('',(0.951056516295,-0.309016994375,0.));
#6326 = PCURVE('',#1433,#6327);
#6327 = DEFINITIONAL_REPRESENTATION('',(#6328),#6332);
#6328 = LINE('',#6329,#6330);
#6329 = CARTESIAN_POINT('',(6.,1.));
#6330 = VECTOR('',#6331,1.);
#6331 = DIRECTION('',(-1.,0.));
#6332 = ( GEOMETRIC_REPRESENTATION_CONTEXT(2) 
PARAMETRIC_REPRESENTATION_CONTEXT() REPRESENTATION_CONTEXT('2D SPACE',''
  ) );
#6333 = PCURVE('',#1405,#6334);
#6334 = DEFINITIONAL_REPRESENTATION('',(#6335),#6339);
#6335 = LINE('',#6336,#6337);
#6336 = CARTESIAN_POINT('',(0.,-1.5));
#6337 = VECTOR('',#6338,1.);
#6338 = DIRECTION('',(1.,0.));
#6339 = ( GEOMETRIC_REPRESENTATION_CONTEXT(2) 
PARAMETRIC_REPRESENTATION_CONTEXT() REPRESENTATION_CONTEXT('2D SPACE',''
  ) );
#6340 = ADVANCED_FACE('',(#6341),#1405,.F.);
#6341 = FACE_BOUND('',#6342,.F.);
#6342 = EDGE_LOOP('',(#6343,#6408,#6409,#6410));
#6343 = ORIENTED_EDGE('',*,*,#6344,.T.);
#6344 = EDGE_CURVE('',#3391,#1362,#6345,.T.);
#6345 = SURFACE_CURVE('',#6346,(#6361,#6379),.PCURVE_S1.);
#6346 = B_SPLINE_CURVE_WITH_KNOTS('',4,(#6347,#6348,#6349,#6350,#6351,
    #6352,#6353,#6354,#6355,#6356,#6357,#6358,#6359,#6360),
  .UNSPECIFIED.,.F.,.F.,(5,3,3,3,5),(0.499921996753,0.750978278604,
    1.00300010254,1.250981388628,1.499921996753),.UNSPECIFIED.);
#6347 = CARTESIAN_POINT('',(-19.3063560285,5.221553111909,4.));
#6348 = CARTESIAN_POINT('',(-19.87249069128,5.405501414565,
    4.247718608162));
#6349 = CARTESIAN_POINT('',(-20.45417001829,5.594500484803,
    4.456171887555));
#6350 = CARTESIAN_POINT('',(-21.04768546095,5.78734534214,4.623730500253
    ));
#6351 = CARTESIAN_POINT('',(-22.25281610754,6.178916025753,
    4.875869601056));
#6352 = CARTESIAN_POINT('',(-22.86449981674,6.377664110737,
    4.960130256204));
#6353 = CARTESIAN_POINT('',(-23.48015607318,6.577702954561,
    5.001495470729));
#6354 = CARTESIAN_POINT('',(-24.70139850075,6.974508673156,
    4.998456144605));
#6355 = CARTESIAN_POINT('',(-25.30699543268,7.171279044317,
    4.955416187509));
#6356 = CARTESIAN_POINT('',(-25.90862235171,7.366759480094,
    4.870843568798));
#6357 = CARTESIAN_POINT('',(-27.09861422427,7.753411277845,
    4.619735079734));
#6358 = CARTESIAN_POINT('',(-27.68692627347,7.944565450163,4.45288191925
    ));
#6359 = CARTESIAN_POINT('',(-28.26355170686,8.131922410819,4.2457764498)
  );
#6360 = CARTESIAN_POINT('',(-28.8248571358,8.314301600284,4.));
#6361 = PCURVE('',#1405,#6362);
#6362 = DEFINITIONAL_REPRESENTATION('',(#6363),#6378);
#6363 = B_SPLINE_CURVE_WITH_KNOTS('',4,(#6364,#6365,#6366,#6367,#6368,
    #6369,#6370,#6371,#6372,#6373,#6374,#6375,#6376,#6377),
  .UNSPECIFIED.,.F.,.F.,(5,3,3,3,5),(0.499921996753,0.750978278604,
    1.00300010254,1.250981388628,1.499921996753),.UNSPECIFIED.);
#6364 = CARTESIAN_POINT('',(11.025015644562,-1.));
#6365 = CARTESIAN_POINT('',(10.429746432822,-0.752281391838));
#6366 = CARTESIAN_POINT('',(9.818132593847,-0.543828112445));
#6367 = CARTESIAN_POINT('',(9.194073526392,-0.376269499747));
#6368 = CARTESIAN_POINT('',(7.926924176226,-0.124130398944));
#6369 = CARTESIAN_POINT('',(7.283761862821,-3.986974379602E-02));
#6370 = CARTESIAN_POINT('',(6.636422566063,1.495470728708E-03));
#6371 = CARTESIAN_POINT('',(5.352332286829,-1.543855394752E-03));
#6372 = CARTESIAN_POINT('',(4.715569989794,-4.458381249108E-02));
#6373 = CARTESIAN_POINT('',(4.082982011349,-0.129156431202));
#6374 = CARTESIAN_POINT('',(2.831750510204,-0.380264920266));
#6375 = CARTESIAN_POINT('',(2.213162614399,-0.54711808075));
#6376 = CARTESIAN_POINT('',(1.606862753661,-0.7542235502));
#6377 = CARTESIAN_POINT('',(1.01667129887,-1.));
#6378 = ( GEOMETRIC_REPRESENTATION_CONTEXT(2) 
PARAMETRIC_REPRESENTATION_CONTEXT() REPRESENTATION_CONTEXT('2D SPACE',''
  ) );
#6379 = PCURVE('',#1378,#6380);
#6380 = DEFINITIONAL_REPRESENTATION('',(#6381),#6407);
#6381 = B_SPLINE_CURVE_WITH_KNOTS('',3,(#6382,#6383,#6384,#6385,#6386,
    #6387,#6388,#6389,#6390,#6391,#6392,#6393,#6394,#6395,#6396,#6397,
    #6398,#6399,#6400,#6401,#6402,#6403,#6404,#6405,#6406),
  .UNSPECIFIED.,.F.,.F.,(4,1,1,1,1,1,1,1,1,1,1,1,1,1,1,1,1,1,1,1,1,1,4),
  (0.499921996753,0.545376542208,0.590831087662,0.636285633117,
    0.681740178571,0.727194724026,0.772649269481,0.818103814935,
    0.86355836039,0.909012905844,0.954467451299,0.999921996753,
    1.045376542208,1.090831087662,1.136285633117,1.181740178572,
    1.227194724026,1.272649269481,1.318103814935,1.36355836039,
    1.409012905844,1.454467451299,1.499921996753),
  .QUASI_UNIFORM_KNOTS.);
#6382 = CARTESIAN_POINT('',(2.877454245037,1.965587446495));
#6383 = CARTESIAN_POINT('',(2.877094979351,1.953627373266));
#6384 = CARTESIAN_POINT('',(2.876386613344,1.929707043089));
#6385 = CARTESIAN_POINT('',(2.875354743133,1.893825933962));
#6386 = CARTESIAN_POINT('',(2.87435379643,1.857944166286));
#6387 = CARTESIAN_POINT('',(2.873383800952,1.822061632319));
#6388 = CARTESIAN_POINT('',(2.872444669964,1.786178242599));
#6389 = CARTESIAN_POINT('',(2.871536201548,1.750294030664));
#6390 = CARTESIAN_POINT('',(2.870658092975,1.714408826912));
#6391 = CARTESIAN_POINT('',(2.869809964987,1.678522682549));
#6392 = CARTESIAN_POINT('',(2.868991367541,1.642635543548));
#6393 = CARTESIAN_POINT('',(2.86820179455,1.606747344803));
#6394 = CARTESIAN_POINT('',(2.867440696644,1.570858101692));
#6395 = CARTESIAN_POINT('',(2.866707488354,1.534967803684));
#6396 = CARTESIAN_POINT('',(2.866001556371,1.499076392225));
#6397 = CARTESIAN_POINT('',(2.865322270177,1.463183924405));
#6398 = CARTESIAN_POINT('',(2.864668984304,1.427290358782));
#6399 = CARTESIAN_POINT('',(2.864041046449,1.391395673395));
#6400 = CARTESIAN_POINT('',(2.863437803796,1.355499962455));
#6401 = CARTESIAN_POINT('',(2.862858601892,1.319603117663));
#6402 = CARTESIAN_POINT('',(2.862302795012,1.283705239869));
#6403 = CARTESIAN_POINT('',(2.861769744382,1.247806322457));
#6404 = CARTESIAN_POINT('',(2.861258820613,1.211906345577));
#6405 = CARTESIAN_POINT('',(2.860932549462,1.187972360436));
#6406 = CARTESIAN_POINT('',(2.860772897492,1.176005207095));
#6407 = ( GEOMETRIC_REPRESENTATION_CONTEXT(2) 
PARAMETRIC_REPRESENTATION_CONTEXT() REPRESENTATION_CONTEXT('2D SPACE',''
  ) );
#6408 = ORIENTED_EDGE('',*,*,#1390,.F.);
#6409 = ORIENTED_EDGE('',*,*,#6320,.T.);
#6410 = ORIENTED_EDGE('',*,*,#3390,.F.);
#6411 = ADVANCED_FACE('',(#6412),#1378,.T.);
#6412 = FACE_BOUND('',#6413,.T.);
#6413 = EDGE_LOOP('',(#6414,#6415,#6416,#6417));
#6414 = ORIENTED_EDGE('',*,*,#3411,.F.);
#6415 = ORIENTED_EDGE('',*,*,#6344,.T.);
#6416 = ORIENTED_EDGE('',*,*,#1361,.T.);
#6417 = ORIENTED_EDGE('',*,*,#6418,.F.);
#6418 = EDGE_CURVE('',#3412,#1336,#6419,.T.);
#6419 = SURFACE_CURVE('',#6420,(#6435,#6464),.PCURVE_S1.);
#6420 = B_SPLINE_CURVE_WITH_KNOTS('',4,(#6421,#6422,#6423,#6424,#6425,
    #6426,#6427,#6428,#6429,#6430,#6431,#6432,#6433,#6434),
  .UNSPECIFIED.,.F.,.F.,(5,3,3,3,5),(0.499921985034,0.750978266886,
    1.003000090821,1.250981376909,1.499921985034),.UNSPECIFIED.);
#6421 = CARTESIAN_POINT('',(-19.97498435543,1.,4.));
#6422 = CARTESIAN_POINT('',(-20.57025356717,1.,4.247718608162));
#6423 = CARTESIAN_POINT('',(-21.18186740615,1.,4.456171887555));
#6424 = CARTESIAN_POINT('',(-21.8059264736,1.,4.623730500253));
#6425 = CARTESIAN_POINT('',(-23.07307582377,1.,4.875869601056));
#6426 = CARTESIAN_POINT('',(-23.71623813718,1.,4.960130256204));
#6427 = CARTESIAN_POINT('',(-24.36357743393,1.,5.001495470729));
#6428 = CARTESIAN_POINT('',(-25.64766771317,1.,4.998456144605));
#6429 = CARTESIAN_POINT('',(-26.2844300102,1.,4.955416187509));
#6430 = CARTESIAN_POINT('',(-26.91701798865,1.,4.870843568798));
#6431 = CARTESIAN_POINT('',(-28.16824948979,1.,4.619735079734));
#6432 = CARTESIAN_POINT('',(-28.7868373856,1.,4.45288191925));
#6433 = CARTESIAN_POINT('',(-29.39313724633,1.,4.2457764498));
#6434 = CARTESIAN_POINT('',(-29.98332870113,1.,4.));
#6435 = PCURVE('',#1378,#6436);
#6436 = DEFINITIONAL_REPRESENTATION('',(#6437),#6463);
#6437 = B_SPLINE_CURVE_WITH_KNOTS('',3,(#6438,#6439,#6440,#6441,#6442,
    #6443,#6444,#6445,#6446,#6447,#6448,#6449,#6450,#6451,#6452,#6453,
    #6454,#6455,#6456,#6457,#6458,#6459,#6460,#6461,#6462),
  .UNSPECIFIED.,.F.,.F.,(4,1,1,1,1,1,1,1,1,1,1,1,1,1,1,1,1,1,1,1,1,1,4),
  (0.499921985034,0.545376530489,0.590831075944,0.636285621398,
    0.681740166853,0.727194712307,0.772649257762,0.818103803216,
    0.863558348671,0.909012894125,0.95446743958,0.999921985034,
    1.045376530489,1.090831075944,1.136285621398,1.181740166853,
    1.227194712307,1.272649257762,1.318103803216,1.363558348671,
    1.409012894125,1.45446743958,1.499921985034),.QUASI_UNIFORM_KNOTS.);
#6438 = CARTESIAN_POINT('',(3.091571796784,1.965587446495));
#6439 = CARTESIAN_POINT('',(3.091931062469,1.953627373266));
#6440 = CARTESIAN_POINT('',(3.092639428477,1.929707043089));
#6441 = CARTESIAN_POINT('',(3.093671298687,1.893825933962));
#6442 = CARTESIAN_POINT('',(3.094672245391,1.857944166286));
#6443 = CARTESIAN_POINT('',(3.095642240869,1.822061632319));
#6444 = CARTESIAN_POINT('',(3.096581371856,1.786178242599));
#6445 = CARTESIAN_POINT('',(3.097489840272,1.750294030664));
#6446 = CARTESIAN_POINT('',(3.098367948846,1.714408826912));
#6447 = CARTESIAN_POINT('',(3.099216076833,1.678522682549));
#6448 = CARTESIAN_POINT('',(3.100034674279,1.642635543548));
#6449 = CARTESIAN_POINT('',(3.100824247271,1.606747344803));
#6450 = CARTESIAN_POINT('',(3.101585345177,1.570858101692));
#6451 = CARTESIAN_POINT('',(3.102318553467,1.534967803684));
#6452 = CARTESIAN_POINT('',(3.10302448545,1.499076392225));
#6453 = CARTESIAN_POINT('',(3.103703771644,1.463183924405));
#6454 = CARTESIAN_POINT('',(3.104357057517,1.427290358782));
#6455 = CARTESIAN_POINT('',(3.104984995372,1.391395673395));
#6456 = CARTESIAN_POINT('',(3.105588238025,1.355499962455));
#6457 = CARTESIAN_POINT('',(3.106167439929,1.319603117663));
#6458 = CARTESIAN_POINT('',(3.106723246809,1.283705239869));
#6459 = CARTESIAN_POINT('',(3.107256297439,1.247806322457));
#6460 = CARTESIAN_POINT('',(3.107767221208,1.211906345577));
#6461 = CARTESIAN_POINT('',(3.108093492359,1.187972360436));
#6462 = CARTESIAN_POINT('',(3.108253144328,1.176005207095));
#6463 = ( GEOMETRIC_REPRESENTATION_CONTEXT(2) 
PARAMETRIC_REPRESENTATION_CONTEXT() REPRESENTATION_CONTEXT('2D SPACE',''
  ) );
#6464 = PCURVE('',#1350,#6465);
#6465 = DEFINITIONAL_REPRESENTATION('',(#6466),#6481);
#6466 = B_SPLINE_CURVE_WITH_KNOTS('',4,(#6467,#6468,#6469,#6470,#6471,
    #6472,#6473,#6474,#6475,#6476,#6477,#6478,#6479,#6480),
  .UNSPECIFIED.,.F.,.F.,(5,3,3,3,5),(0.499921985034,0.750978266886,
    1.003000090821,1.250981376909,1.499921985034),.UNSPECIFIED.);
#6467 = CARTESIAN_POINT('',(0.974984355438,-1.));
#6468 = CARTESIAN_POINT('',(1.570253567178,-0.752281391838));
#6469 = CARTESIAN_POINT('',(2.181867406153,-0.543828112445));
#6470 = CARTESIAN_POINT('',(2.805926473607,-0.376269499747));
#6471 = CARTESIAN_POINT('',(4.073075823774,-0.124130398944));
#6472 = CARTESIAN_POINT('',(4.71623813718,-3.986974379622E-02));
#6473 = CARTESIAN_POINT('',(5.363577433937,1.495470728704E-03));
#6474 = CARTESIAN_POINT('',(6.647667713171,-1.543855394752E-03));
#6475 = CARTESIAN_POINT('',(7.284430010206,-4.458381249107E-02));
#6476 = CARTESIAN_POINT('',(7.917017988651,-0.129156431202));
#6477 = CARTESIAN_POINT('',(9.168249489796,-0.380264920266));
#6478 = CARTESIAN_POINT('',(9.786837385601,-0.54711808075));
#6479 = CARTESIAN_POINT('',(10.393137246339,-0.7542235502));
#6480 = CARTESIAN_POINT('',(10.98332870113,-1.));
#6481 = ( GEOMETRIC_REPRESENTATION_CONTEXT(2) 
PARAMETRIC_REPRESENTATION_CONTEXT() REPRESENTATION_CONTEXT('2D SPACE',''
  ) );
#6482 = ADVANCED_FACE('',(#6483),#1350,.F.);
#6483 = FACE_BOUND('',#6484,.F.);
#6484 = EDGE_LOOP('',(#6485,#6486,#6487,#6488));
#6485 = ORIENTED_EDGE('',*,*,#1335,.T.);
#6486 = ORIENTED_EDGE('',*,*,#6418,.F.);
#6487 = ORIENTED_EDGE('',*,*,#3435,.T.);
#6488 = ORIENTED_EDGE('',*,*,#6489,.T.);
#6489 = EDGE_CURVE('',#3436,#1307,#6490,.T.);
#6490 = SURFACE_CURVE('',#6491,(#6495,#6502),.PCURVE_S1.);
#6491 = LINE('',#6492,#6493);
#6492 = CARTESIAN_POINT('',(-19.,1.,3.5));
#6493 = VECTOR('',#6494,1.);
#6494 = DIRECTION('',(-1.,1.224646799147E-16,0.));
#6495 = PCURVE('',#1350,#6496);
#6496 = DEFINITIONAL_REPRESENTATION('',(#6497),#6501);
#6497 = LINE('',#6498,#6499);
#6498 = CARTESIAN_POINT('',(0.,-1.5));
#6499 = VECTOR('',#6500,1.);
#6500 = DIRECTION('',(1.,0.));
#6501 = ( GEOMETRIC_REPRESENTATION_CONTEXT(2) 
PARAMETRIC_REPRESENTATION_CONTEXT() REPRESENTATION_CONTEXT('2D SPACE',''
  ) );
#6502 = PCURVE('',#1323,#6503);
#6503 = DEFINITIONAL_REPRESENTATION('',(#6504),#6508);
#6504 = LINE('',#6505,#6506);
#6505 = CARTESIAN_POINT('',(-6.,-1.));
#6506 = VECTOR('',#6507,1.);
#6507 = DIRECTION('',(1.,0.));
#6508 = ( GEOMETRIC_REPRESENTATION_CONTEXT(2) 
PARAMETRIC_REPRESENTATION_CONTEXT() REPRESENTATION_CONTEXT('2D SPACE',''
  ) );
#6509 = ADVANCED_FACE('',(#6510),#1323,.T.);
#6510 = FACE_BOUND('',#6511,.T.);
#6511 = EDGE_LOOP('',(#6512,#6513,#6514,#6515));
#6512 = ORIENTED_EDGE('',*,*,#3456,.T.);
#6513 = ORIENTED_EDGE('',*,*,#6489,.T.);
#6514 = ORIENTED_EDGE('',*,*,#1306,.T.);
#6515 = ORIENTED_EDGE('',*,*,#6516,.T.);
#6516 = EDGE_CURVE('',#1281,#3457,#6517,.T.);
#6517 = SURFACE_CURVE('',#6518,(#6522,#6529),.PCURVE_S1.);
#6518 = LINE('',#6519,#6520);
#6519 = CARTESIAN_POINT('',(-31.,-1.,3.5));
#6520 = VECTOR('',#6521,1.);
#6521 = DIRECTION('',(1.,-1.224646799147E-16,0.));
#6522 = PCURVE('',#1323,#6523);
#6523 = DEFINITIONAL_REPRESENTATION('',(#6524),#6528);
#6524 = LINE('',#6525,#6526);
#6525 = CARTESIAN_POINT('',(6.,1.));
#6526 = VECTOR('',#6527,1.);
#6527 = DIRECTION('',(-1.,0.));
#6528 = ( GEOMETRIC_REPRESENTATION_CONTEXT(2) 
PARAMETRIC_REPRESENTATION_CONTEXT() REPRESENTATION_CONTEXT('2D SPACE',''
  ) );
#6529 = PCURVE('',#1295,#6530);
#6530 = DEFINITIONAL_REPRESENTATION('',(#6531),#6535);
#6531 = LINE('',#6532,#6533);
#6532 = CARTESIAN_POINT('',(0.,-1.5));
#6533 = VECTOR('',#6534,1.);
#6534 = DIRECTION('',(1.,0.));
#6535 = ( GEOMETRIC_REPRESENTATION_CONTEXT(2) 
PARAMETRIC_REPRESENTATION_CONTEXT() REPRESENTATION_CONTEXT('2D SPACE',''
  ) );
#6536 = ADVANCED_FACE('',(#6537),#1295,.F.);
#6537 = FACE_BOUND('',#6538,.F.);
#6538 = EDGE_LOOP('',(#6539,#6604,#6605,#6606));
#6539 = ORIENTED_EDGE('',*,*,#6540,.T.);
#6540 = EDGE_CURVE('',#3485,#1252,#6541,.T.);
#6541 = SURFACE_CURVE('',#6542,(#6557,#6575),.PCURVE_S1.);
#6542 = B_SPLINE_CURVE_WITH_KNOTS('',4,(#6543,#6544,#6545,#6546,#6547,
    #6548,#6549,#6550,#6551,#6552,#6553,#6554,#6555,#6556),
  .UNSPECIFIED.,.F.,.F.,(5,3,3,3,5),(0.499921984779,0.75097826663,
    1.003000090565,1.250981376654,1.499921984779),.UNSPECIFIED.);
#6543 = CARTESIAN_POINT('',(-19.97498435543,-1.,4.));
#6544 = CARTESIAN_POINT('',(-20.57025356717,-1.,4.247718608162));
#6545 = CARTESIAN_POINT('',(-21.18186740615,-1.,4.456171887555));
#6546 = CARTESIAN_POINT('',(-21.8059264736,-1.,4.623730500253));
#6547 = CARTESIAN_POINT('',(-23.07307582377,-1.,4.875869601056));
#6548 = CARTESIAN_POINT('',(-23.71623813717,-1.,4.960130256204));
#6549 = CARTESIAN_POINT('',(-24.36357743393,-1.,5.001495470729));
#6550 = CARTESIAN_POINT('',(-25.64766771317,-1.,4.998456144605));
#6551 = CARTESIAN_POINT('',(-26.2844300102,-1.,4.955416187509));
#6552 = CARTESIAN_POINT('',(-26.91701798865,-1.,4.870843568798));
#6553 = CARTESIAN_POINT('',(-28.16824948979,-1.,4.619735079734));
#6554 = CARTESIAN_POINT('',(-28.7868373856,-1.,4.45288191925));
#6555 = CARTESIAN_POINT('',(-29.39313724633,-1.,4.2457764498));
#6556 = CARTESIAN_POINT('',(-29.98332870113,-1.,4.));
#6557 = PCURVE('',#1295,#6558);
#6558 = DEFINITIONAL_REPRESENTATION('',(#6559),#6574);
#6559 = B_SPLINE_CURVE_WITH_KNOTS('',4,(#6560,#6561,#6562,#6563,#6564,
    #6565,#6566,#6567,#6568,#6569,#6570,#6571,#6572,#6573),
  .UNSPECIFIED.,.F.,.F.,(5,3,3,3,5),(0.499921984779,0.75097826663,
    1.003000090565,1.250981376654,1.499921984779),.UNSPECIFIED.);
#6560 = CARTESIAN_POINT('',(11.025015644562,-1.));
#6561 = CARTESIAN_POINT('',(10.429746432822,-0.752281391838));
#6562 = CARTESIAN_POINT('',(9.818132593847,-0.543828112445));
#6563 = CARTESIAN_POINT('',(9.194073526392,-0.376269499747));
#6564 = CARTESIAN_POINT('',(7.926924176226,-0.124130398944));
#6565 = CARTESIAN_POINT('',(7.283761862826,-3.986974379581E-02));
#6566 = CARTESIAN_POINT('',(6.636422566063,1.495470728711E-03));
#6567 = CARTESIAN_POINT('',(5.352332286829,-1.543855394752E-03));
#6568 = CARTESIAN_POINT('',(4.715569989794,-4.458381249108E-02));
#6569 = CARTESIAN_POINT('',(4.082982011349,-0.129156431202));
#6570 = CARTESIAN_POINT('',(2.831750510204,-0.380264920266));
#6571 = CARTESIAN_POINT('',(2.213162614399,-0.54711808075));
#6572 = CARTESIAN_POINT('',(1.606862753661,-0.7542235502));
#6573 = CARTESIAN_POINT('',(1.01667129887,-1.));
#6574 = ( GEOMETRIC_REPRESENTATION_CONTEXT(2) 
PARAMETRIC_REPRESENTATION_CONTEXT() REPRESENTATION_CONTEXT('2D SPACE',''
  ) );
#6575 = PCURVE('',#1268,#6576);
#6576 = DEFINITIONAL_REPRESENTATION('',(#6577),#6603);
#6577 = B_SPLINE_CURVE_WITH_KNOTS('',3,(#6578,#6579,#6580,#6581,#6582,
    #6583,#6584,#6585,#6586,#6587,#6588,#6589,#6590,#6591,#6592,#6593,
    #6594,#6595,#6596,#6597,#6598,#6599,#6600,#6601,#6602),
  .UNSPECIFIED.,.F.,.F.,(4,1,1,1,1,1,1,1,1,1,1,1,1,1,1,1,1,1,1,1,1,1,4),
  (0.499921984779,0.545376530233,0.590831075688,0.636285621142,
    0.681740166597,0.727194712052,0.772649257506,0.818103802961,
    0.863558348415,0.90901289387,0.954467439324,0.999921984779,
    1.045376530233,1.090831075688,1.136285621142,1.181740166597,
    1.227194712052,1.272649257506,1.318103802961,1.363558348415,
    1.40901289387,1.454467439324,1.499921984779),.QUASI_UNIFORM_KNOTS.);
#6578 = CARTESIAN_POINT('',(3.191613510396,1.965587446495));
#6579 = CARTESIAN_POINT('',(3.19125424471,1.953627373266));
#6580 = CARTESIAN_POINT('',(3.190545878703,1.929707043089));
#6581 = CARTESIAN_POINT('',(3.189514008492,1.893825933962));
#6582 = CARTESIAN_POINT('',(3.188513061789,1.857944166286));
#6583 = CARTESIAN_POINT('',(3.187543066311,1.822061632319));
#6584 = CARTESIAN_POINT('',(3.186603935323,1.786178242599));
#6585 = CARTESIAN_POINT('',(3.185695466907,1.750294030664));
#6586 = CARTESIAN_POINT('',(3.184817358334,1.714408826912));
#6587 = CARTESIAN_POINT('',(3.183969230346,1.678522682549));
#6588 = CARTESIAN_POINT('',(3.1831506329,1.642635543548));
#6589 = CARTESIAN_POINT('',(3.182361059909,1.606747344803));
#6590 = CARTESIAN_POINT('',(3.181599962003,1.570858101692));
#6591 = CARTESIAN_POINT('',(3.180866753713,1.534967803684));
#6592 = CARTESIAN_POINT('',(3.18016082173,1.499076392225));
#6593 = CARTESIAN_POINT('',(3.179481535536,1.463183924405));
#6594 = CARTESIAN_POINT('',(3.178828249663,1.427290358782));
#6595 = CARTESIAN_POINT('',(3.178200311808,1.391395673395));
#6596 = CARTESIAN_POINT('',(3.177597069155,1.355499962455));
#6597 = CARTESIAN_POINT('',(3.177017867251,1.319603117663));
#6598 = CARTESIAN_POINT('',(3.176462060371,1.283705239869));
#6599 = CARTESIAN_POINT('',(3.175929009741,1.247806322457));
#6600 = CARTESIAN_POINT('',(3.175418085972,1.211906345577));
#6601 = CARTESIAN_POINT('',(3.175091814821,1.187972360436));
#6602 = CARTESIAN_POINT('',(3.174932162851,1.176005207095));
#6603 = ( GEOMETRIC_REPRESENTATION_CONTEXT(2) 
PARAMETRIC_REPRESENTATION_CONTEXT() REPRESENTATION_CONTEXT('2D SPACE',''
  ) );
#6604 = ORIENTED_EDGE('',*,*,#1280,.F.);
#6605 = ORIENTED_EDGE('',*,*,#6516,.T.);
#6606 = ORIENTED_EDGE('',*,*,#3484,.F.);
#6607 = ADVANCED_FACE('',(#6608),#1268,.T.);
#6608 = FACE_BOUND('',#6609,.T.);
#6609 = EDGE_LOOP('',(#6610,#6611,#6612,#6613));
#6610 = ORIENTED_EDGE('',*,*,#3505,.F.);
#6611 = ORIENTED_EDGE('',*,*,#6540,.T.);
#6612 = ORIENTED_EDGE('',*,*,#1251,.T.);
#6613 = ORIENTED_EDGE('',*,*,#6614,.F.);
#6614 = EDGE_CURVE('',#3506,#1226,#6615,.T.);
#6615 = SURFACE_CURVE('',#6616,(#6631,#6660),.PCURVE_S1.);
#6616 = B_SPLINE_CURVE_WITH_KNOTS('',4,(#6617,#6618,#6619,#6620,#6621,
    #6622,#6623,#6624,#6625,#6626,#6627,#6628,#6629,#6630),
  .UNSPECIFIED.,.F.,.F.,(5,3,3,3,5),(0.499921981075,0.750978262926,
    1.003000086861,1.250981372949,1.499921981075),.UNSPECIFIED.);
#6617 = CARTESIAN_POINT('',(-19.3063560285,-5.221553111909,4.));
#6618 = CARTESIAN_POINT('',(-19.87249069128,-5.405501414565,
    4.247718608162));
#6619 = CARTESIAN_POINT('',(-20.45417001829,-5.594500484803,
    4.456171887555));
#6620 = CARTESIAN_POINT('',(-21.04768546095,-5.78734534214,
    4.623730500253));
#6621 = CARTESIAN_POINT('',(-22.25281610754,-6.178916025753,
    4.875869601056));
#6622 = CARTESIAN_POINT('',(-22.86449981674,-6.377664110736,
    4.960130256203));
#6623 = CARTESIAN_POINT('',(-23.48015607318,-6.577702954561,
    5.001495470729));
#6624 = CARTESIAN_POINT('',(-24.70139850075,-6.974508673156,
    4.998456144605));
#6625 = CARTESIAN_POINT('',(-25.30699543268,-7.171279044317,
    4.955416187509));
#6626 = CARTESIAN_POINT('',(-25.90862235171,-7.366759480094,
    4.870843568798));
#6627 = CARTESIAN_POINT('',(-27.09861422427,-7.753411277845,
    4.619735079734));
#6628 = CARTESIAN_POINT('',(-27.68692627347,-7.944565450164,
    4.45288191925));
#6629 = CARTESIAN_POINT('',(-28.26355170686,-8.131922410819,4.2457764498
    ));
#6630 = CARTESIAN_POINT('',(-28.8248571358,-8.314301600284,4.));
#6631 = PCURVE('',#1268,#6632);
#6632 = DEFINITIONAL_REPRESENTATION('',(#6633),#6659);
#6633 = B_SPLINE_CURVE_WITH_KNOTS('',3,(#6634,#6635,#6636,#6637,#6638,
    #6639,#6640,#6641,#6642,#6643,#6644,#6645,#6646,#6647,#6648,#6649,
    #6650,#6651,#6652,#6653,#6654,#6655,#6656,#6657,#6658),
  .UNSPECIFIED.,.F.,.F.,(4,1,1,1,1,1,1,1,1,1,1,1,1,1,1,1,1,1,1,1,1,1,4),
  (0.499921981075,0.545376526529,0.590831071984,0.636285617438,
    0.681740162893,0.727194708347,0.772649253802,0.818103799256,
    0.863558344711,0.909012890166,0.95446743562,0.999921981075,
    1.045376526529,1.090831071984,1.136285617438,1.181740162893,
    1.227194708347,1.272649253802,1.318103799256,1.363558344711,
    1.409012890165,1.45446743562,1.499921981075),.QUASI_UNIFORM_KNOTS.);
#6634 = CARTESIAN_POINT('',(3.405731062143,1.965587446495));
#6635 = CARTESIAN_POINT('',(3.406090327828,1.953627373266));
#6636 = CARTESIAN_POINT('',(3.406798693836,1.929707043089));
#6637 = CARTESIAN_POINT('',(3.407830564046,1.893825933962));
#6638 = CARTESIAN_POINT('',(3.408831510749,1.857944166286));
#6639 = CARTESIAN_POINT('',(3.409801506228,1.822061632319));
#6640 = CARTESIAN_POINT('',(3.410740637215,1.786178242599));
#6641 = CARTESIAN_POINT('',(3.411649105631,1.750294030664));
#6642 = CARTESIAN_POINT('',(3.412527214205,1.714408826912));
#6643 = CARTESIAN_POINT('',(3.413375342192,1.678522682549));
#6644 = CARTESIAN_POINT('',(3.414193939638,1.642635543548));
#6645 = CARTESIAN_POINT('',(3.41498351263,1.606747344803));
#6646 = CARTESIAN_POINT('',(3.415744610536,1.570858101692));
#6647 = CARTESIAN_POINT('',(3.416477818826,1.534967803684));
#6648 = CARTESIAN_POINT('',(3.417183750809,1.499076392225));
#6649 = CARTESIAN_POINT('',(3.417863037003,1.463183924405));
#6650 = CARTESIAN_POINT('',(3.418516322876,1.427290358782));
#6651 = CARTESIAN_POINT('',(3.419144260731,1.391395673395));
#6652 = CARTESIAN_POINT('',(3.419747503384,1.355499962455));
#6653 = CARTESIAN_POINT('',(3.420326705288,1.319603117663));
#6654 = CARTESIAN_POINT('',(3.420882512168,1.283705239869));
#6655 = CARTESIAN_POINT('',(3.421415562798,1.247806322457));
#6656 = CARTESIAN_POINT('',(3.421926486567,1.211906345577));
#6657 = CARTESIAN_POINT('',(3.422252757718,1.187972360436));
#6658 = CARTESIAN_POINT('',(3.422412409687,1.176005207095));
#6659 = ( GEOMETRIC_REPRESENTATION_CONTEXT(2) 
PARAMETRIC_REPRESENTATION_CONTEXT() REPRESENTATION_CONTEXT('2D SPACE',''
  ) );
#6660 = PCURVE('',#1240,#6661);
#6661 = DEFINITIONAL_REPRESENTATION('',(#6662),#6677);
#6662 = B_SPLINE_CURVE_WITH_KNOTS('',4,(#6663,#6664,#6665,#6666,#6667,
    #6668,#6669,#6670,#6671,#6672,#6673,#6674,#6675,#6676),
  .UNSPECIFIED.,.F.,.F.,(5,3,3,3,5),(0.499921981075,0.750978262926,
    1.003000086861,1.250981372949,1.499921981075),.UNSPECIFIED.);
#6663 = CARTESIAN_POINT('',(0.974984355438,-1.));
#6664 = CARTESIAN_POINT('',(1.570253567178,-0.752281391838));
#6665 = CARTESIAN_POINT('',(2.181867406153,-0.543828112445));
#6666 = CARTESIAN_POINT('',(2.805926473607,-0.376269499747));
#6667 = CARTESIAN_POINT('',(4.073075823774,-0.124130398944));
#6668 = CARTESIAN_POINT('',(4.716238137178,-3.986974379656E-02));
#6669 = CARTESIAN_POINT('',(5.363577433937,1.495470728694E-03));
#6670 = CARTESIAN_POINT('',(6.647667713171,-1.543855394752E-03));
#6671 = CARTESIAN_POINT('',(7.284430010206,-4.458381249108E-02));
#6672 = CARTESIAN_POINT('',(7.917017988651,-0.129156431202));
#6673 = CARTESIAN_POINT('',(9.168249489796,-0.380264920266));
#6674 = CARTESIAN_POINT('',(9.786837385601,-0.54711808075));
#6675 = CARTESIAN_POINT('',(10.393137246339,-0.7542235502));
#6676 = CARTESIAN_POINT('',(10.98332870113,-1.));
#6677 = ( GEOMETRIC_REPRESENTATION_CONTEXT(2) 
PARAMETRIC_REPRESENTATION_CONTEXT() REPRESENTATION_CONTEXT('2D SPACE',''
  ) );
#6678 = ADVANCED_FACE('',(#6679),#1240,.F.);
#6679 = FACE_BOUND('',#6680,.F.);
#6680 = EDGE_LOOP('',(#6681,#6682,#6683,#6684));
#6681 = ORIENTED_EDGE('',*,*,#1225,.T.);
#6682 = ORIENTED_EDGE('',*,*,#6614,.F.);
#6683 = ORIENTED_EDGE('',*,*,#3529,.T.);
#6684 = ORIENTED_EDGE('',*,*,#6685,.T.);
#6685 = EDGE_CURVE('',#3530,#1197,#6686,.T.);
#6686 = SURFACE_CURVE('',#6687,(#6691,#6698),.PCURVE_S1.);
#6687 = LINE('',#6688,#6689);
#6688 = CARTESIAN_POINT('',(-18.37909080398,-4.920266376829,3.5));
#6689 = VECTOR('',#6690,1.);
#6690 = DIRECTION('',(-0.951056516295,-0.309016994375,0.));
#6691 = PCURVE('',#1240,#6692);
#6692 = DEFINITIONAL_REPRESENTATION('',(#6693),#6697);
#6693 = LINE('',#6694,#6695);
#6694 = CARTESIAN_POINT('',(-0.,-1.5));
#6695 = VECTOR('',#6696,1.);
#6696 = DIRECTION('',(1.,0.));
#6697 = ( GEOMETRIC_REPRESENTATION_CONTEXT(2) 
PARAMETRIC_REPRESENTATION_CONTEXT() REPRESENTATION_CONTEXT('2D SPACE',''
  ) );
#6698 = PCURVE('',#1213,#6699);
#6699 = DEFINITIONAL_REPRESENTATION('',(#6700),#6704);
#6700 = LINE('',#6701,#6702);
#6701 = CARTESIAN_POINT('',(-6.,-1.));
#6702 = VECTOR('',#6703,1.);
#6703 = DIRECTION('',(1.,0.));
#6704 = ( GEOMETRIC_REPRESENTATION_CONTEXT(2) 
PARAMETRIC_REPRESENTATION_CONTEXT() REPRESENTATION_CONTEXT('2D SPACE',''
  ) );
#6705 = ADVANCED_FACE('',(#6706),#1213,.T.);
#6706 = FACE_BOUND('',#6707,.T.);
#6707 = EDGE_LOOP('',(#6708,#6709,#6710,#6711));
#6708 = ORIENTED_EDGE('',*,*,#3550,.T.);
#6709 = ORIENTED_EDGE('',*,*,#6685,.T.);
#6710 = ORIENTED_EDGE('',*,*,#1196,.T.);
#6711 = ORIENTED_EDGE('',*,*,#6712,.T.);
#6712 = EDGE_CURVE('',#1171,#3551,#6713,.T.);
#6713 = SURFACE_CURVE('',#6714,(#6718,#6725),.PCURVE_S1.);
#6714 = LINE('',#6715,#6716);
#6715 = CARTESIAN_POINT('',(-29.17373501077,-10.53058334191,3.5));
#6716 = VECTOR('',#6717,1.);
#6717 = DIRECTION('',(0.951056516295,0.309016994375,0.));
#6718 = PCURVE('',#1213,#6719);
#6719 = DEFINITIONAL_REPRESENTATION('',(#6720),#6724);
#6720 = LINE('',#6721,#6722);
#6721 = CARTESIAN_POINT('',(6.,1.));
#6722 = VECTOR('',#6723,1.);
#6723 = DIRECTION('',(-1.,0.));
#6724 = ( GEOMETRIC_REPRESENTATION_CONTEXT(2) 
PARAMETRIC_REPRESENTATION_CONTEXT() REPRESENTATION_CONTEXT('2D SPACE',''
  ) );
#6725 = PCURVE('',#1185,#6726);
#6726 = DEFINITIONAL_REPRESENTATION('',(#6727),#6731);
#6727 = LINE('',#6728,#6729);
#6728 = CARTESIAN_POINT('',(0.,-1.5));
#6729 = VECTOR('',#6730,1.);
#6730 = DIRECTION('',(1.,0.));
#6731 = ( GEOMETRIC_REPRESENTATION_CONTEXT(2) 
PARAMETRIC_REPRESENTATION_CONTEXT() REPRESENTATION_CONTEXT('2D SPACE',''
  ) );
#6732 = ADVANCED_FACE('',(#6733),#1185,.F.);
#6733 = FACE_BOUND('',#6734,.F.);
#6734 = EDGE_LOOP('',(#6735,#6800,#6801,#6802));
#6735 = ORIENTED_EDGE('',*,*,#6736,.T.);
#6736 = EDGE_CURVE('',#3579,#1142,#6737,.T.);
#6737 = SURFACE_CURVE('',#6738,(#6753,#6771),.PCURVE_S1.);
#6738 = B_SPLINE_CURVE_WITH_KNOTS('',4,(#6739,#6740,#6741,#6742,#6743,
    #6744,#6745,#6746,#6747,#6748,#6749,#6750,#6751,#6752),
  .UNSPECIFIED.,.F.,.F.,(5,3,3,3,5),(0.499921985059,0.75097826691,
    1.003000090846,1.250981376934,1.499921985059),.UNSPECIFIED.);
#6739 = CARTESIAN_POINT('',(-18.68832203975,-7.123666144499,4.));
#6740 = CARTESIAN_POINT('',(-19.25445670253,-7.307614447155,
    4.247718608162));
#6741 = CARTESIAN_POINT('',(-19.83613602954,-7.496613517393,
    4.456171887555));
#6742 = CARTESIAN_POINT('',(-20.4296514722,-7.68945837473,4.623730500253
    ));
#6743 = CARTESIAN_POINT('',(-21.63478211879,-8.081029058343,
    4.875869601056));
#6744 = CARTESIAN_POINT('',(-22.246465828,-8.279777143327,4.960130256205
    ));
#6745 = CARTESIAN_POINT('',(-22.86212208443,-8.479815987152,
    5.001495470729));
#6746 = CARTESIAN_POINT('',(-24.083364512,-8.876621705747,4.998456144605
    ));
#6747 = CARTESIAN_POINT('',(-24.68896144393,-9.073392076908,
    4.955416187509));
#6748 = CARTESIAN_POINT('',(-25.29058836296,-9.268872512684,
    4.870843568798));
#6749 = CARTESIAN_POINT('',(-26.48058023552,-9.655524310436,
    4.619735079734));
#6750 = CARTESIAN_POINT('',(-27.06889228472,-9.846678482754,
    4.45288191925));
#6751 = CARTESIAN_POINT('',(-27.64551771811,-10.0340354434,4.2457764498)
  );
#6752 = CARTESIAN_POINT('',(-28.20682314705,-10.21641463287,4.));
#6753 = PCURVE('',#1185,#6754);
#6754 = DEFINITIONAL_REPRESENTATION('',(#6755),#6770);
#6755 = B_SPLINE_CURVE_WITH_KNOTS('',4,(#6756,#6757,#6758,#6759,#6760,
    #6761,#6762,#6763,#6764,#6765,#6766,#6767,#6768,#6769),
  .UNSPECIFIED.,.F.,.F.,(5,3,3,3,5),(0.499921985059,0.75097826691,
    1.003000090846,1.250981376934,1.499921985059),.UNSPECIFIED.);
#6756 = CARTESIAN_POINT('',(11.025015644562,-1.));
#6757 = CARTESIAN_POINT('',(10.429746432822,-0.752281391838));
#6758 = CARTESIAN_POINT('',(9.818132593847,-0.543828112445));
#6759 = CARTESIAN_POINT('',(9.194073526393,-0.376269499747));
#6760 = CARTESIAN_POINT('',(7.926924176226,-0.124130398944));
#6761 = CARTESIAN_POINT('',(7.283761862817,-3.986974379495E-02));
#6762 = CARTESIAN_POINT('',(6.636422566063,1.495470728736E-03));
#6763 = CARTESIAN_POINT('',(5.352332286829,-1.543855394752E-03));
#6764 = CARTESIAN_POINT('',(4.715569989794,-4.458381249107E-02));
#6765 = CARTESIAN_POINT('',(4.082982011349,-0.129156431202));
#6766 = CARTESIAN_POINT('',(2.831750510204,-0.380264920266));
#6767 = CARTESIAN_POINT('',(2.213162614399,-0.54711808075));
#6768 = CARTESIAN_POINT('',(1.606862753661,-0.7542235502));
#6769 = CARTESIAN_POINT('',(1.01667129887,-1.));
#6770 = ( GEOMETRIC_REPRESENTATION_CONTEXT(2) 
PARAMETRIC_REPRESENTATION_CONTEXT() REPRESENTATION_CONTEXT('2D SPACE',''
  ) );
#6771 = PCURVE('',#1158,#6772);
#6772 = DEFINITIONAL_REPRESENTATION('',(#6773),#6799);
#6773 = B_SPLINE_CURVE_WITH_KNOTS('',3,(#6774,#6775,#6776,#6777,#6778,
    #6779,#6780,#6781,#6782,#6783,#6784,#6785,#6786,#6787,#6788,#6789,
    #6790,#6791,#6792,#6793,#6794,#6795,#6796,#6797,#6798),
  .UNSPECIFIED.,.F.,.F.,(4,1,1,1,1,1,1,1,1,1,1,1,1,1,1,1,1,1,1,1,1,1,4),
  (0.499921985059,0.545376530514,0.590831075968,0.636285621423,
    0.681740166877,0.727194712332,0.772649257786,0.818103803241,
    0.863558348696,0.90901289415,0.954467439605,0.999921985059,
    1.045376530514,1.090831075968,1.136285621423,1.181740166877,
    1.227194712332,1.272649257786,1.318103803241,1.363558348695,
    1.40901289415,1.454467439605,1.499921985059),.QUASI_UNIFORM_KNOTS.);
#6774 = CARTESIAN_POINT('',(3.505772775755,1.965587446495));
#6775 = CARTESIAN_POINT('',(3.505413510069,1.953627373266));
#6776 = CARTESIAN_POINT('',(3.504705144062,1.929707043089));
#6777 = CARTESIAN_POINT('',(3.503673273851,1.893825933962));
#6778 = CARTESIAN_POINT('',(3.502672327148,1.857944166286));
#6779 = CARTESIAN_POINT('',(3.50170233167,1.822061632319));
#6780 = CARTESIAN_POINT('',(3.500763200682,1.786178242599));
#6781 = CARTESIAN_POINT('',(3.499854732266,1.750294030664));
#6782 = CARTESIAN_POINT('',(3.498976623693,1.714408826912));
#6783 = CARTESIAN_POINT('',(3.498128495705,1.678522682549));
#6784 = CARTESIAN_POINT('',(3.497309898259,1.642635543548));
#6785 = CARTESIAN_POINT('',(3.496520325268,1.606747344803));
#6786 = CARTESIAN_POINT('',(3.495759227362,1.570858101692));
#6787 = CARTESIAN_POINT('',(3.495026019072,1.534967803684));
#6788 = CARTESIAN_POINT('',(3.494320087089,1.499076392225));
#6789 = CARTESIAN_POINT('',(3.493640800895,1.463183924405));
#6790 = CARTESIAN_POINT('',(3.492987515022,1.427290358782));
#6791 = CARTESIAN_POINT('',(3.492359577167,1.391395673395));
#6792 = CARTESIAN_POINT('',(3.491756334514,1.355499962455));
#6793 = CARTESIAN_POINT('',(3.49117713261,1.319603117663));
#6794 = CARTESIAN_POINT('',(3.49062132573,1.283705239869));
#6795 = CARTESIAN_POINT('',(3.490088275099,1.247806322457));
#6796 = CARTESIAN_POINT('',(3.489577351331,1.211906345577));
#6797 = CARTESIAN_POINT('',(3.48925108018,1.187972360436));
#6798 = CARTESIAN_POINT('',(3.48909142821,1.176005207095));
#6799 = ( GEOMETRIC_REPRESENTATION_CONTEXT(2) 
PARAMETRIC_REPRESENTATION_CONTEXT() REPRESENTATION_CONTEXT('2D SPACE',''
  ) );
#6800 = ORIENTED_EDGE('',*,*,#1170,.F.);
#6801 = ORIENTED_EDGE('',*,*,#6712,.T.);
#6802 = ORIENTED_EDGE('',*,*,#3578,.F.);
#6803 = ADVANCED_FACE('',(#6804),#1158,.T.);
#6804 = FACE_BOUND('',#6805,.T.);
#6805 = EDGE_LOOP('',(#6806,#6807,#6808,#6809));
#6806 = ORIENTED_EDGE('',*,*,#3599,.F.);
#6807 = ORIENTED_EDGE('',*,*,#6736,.T.);
#6808 = ORIENTED_EDGE('',*,*,#1141,.T.);
#6809 = ORIENTED_EDGE('',*,*,#6810,.F.);
#6810 = EDGE_CURVE('',#3600,#1116,#6811,.T.);
#6811 = SURFACE_CURVE('',#6812,(#6827,#6856),.PCURVE_S1.);
#6812 = B_SPLINE_CURVE_WITH_KNOTS('',4,(#6813,#6814,#6815,#6816,#6817,
    #6818,#6819,#6820,#6821,#6822,#6823,#6824,#6825,#6826),
  .UNSPECIFIED.,.F.,.F.,(5,3,3,3,5),(0.499921998617,0.750978280468,
    1.003000104403,1.250981390491,1.499921998617),.UNSPECIFIED.);
#6813 = CARTESIAN_POINT('',(-16.74788705821,-10.93198422452,4.));
#6814 = CARTESIAN_POINT('',(-17.22946996674,-11.28187468832,
    4.247718608162));
#6815 = CARTESIAN_POINT('',(-17.72427595646,-11.64137228297,
    4.456171887555));
#6816 = CARTESIAN_POINT('',(-18.22915034753,-12.00818499938,
    4.623730500253));
#6817 = CARTESIAN_POINT('',(-19.25429570622,-12.75299669986,
    4.875869601056));
#6818 = CARTESIAN_POINT('',(-19.77462494791,-13.13103802251,
    4.960130256204));
#6819 = CARTESIAN_POINT('',(-20.29833344011,-13.51153451437,
    5.001495470729));
#6820 = CARTESIAN_POINT('',(-21.33718429832,-14.26630384312,
    4.998456144605));
#6821 = CARTESIAN_POINT('',(-21.852335818,-14.64058333053,4.955416187509
    ));
#6822 = CARTESIAN_POINT('',(-22.364110243,-15.01240921504,4.870843568798
    ));
#6823 = CARTESIAN_POINT('',(-23.37637779133,-15.74786463862,
    4.619735079734));
#6824 = CARTESIAN_POINT('',(-23.87682591155,-16.11146148102,
    4.45288191925));
#6825 = CARTESIAN_POINT('',(-24.36733280257,-16.46783559763,4.2457764498
    ));
#6826 = CARTESIAN_POINT('',(-24.84480771943,-16.81474143078,4.));
#6827 = PCURVE('',#1158,#6828);
#6828 = DEFINITIONAL_REPRESENTATION('',(#6829),#6855);
#6829 = B_SPLINE_CURVE_WITH_KNOTS('',3,(#6830,#6831,#6832,#6833,#6834,
    #6835,#6836,#6837,#6838,#6839,#6840,#6841,#6842,#6843,#6844,#6845,
    #6846,#6847,#6848,#6849,#6850,#6851,#6852,#6853,#6854),
  .UNSPECIFIED.,.F.,.F.,(4,1,1,1,1,1,1,1,1,1,1,1,1,1,1,1,1,1,1,1,1,1,4),
  (0.499921998617,0.545376544071,0.590831089526,0.63628563498,
    0.681740180435,0.727194725889,0.772649271344,0.818103816798,
    0.863558362253,0.909012907708,0.954467453162,0.999921998617,
    1.045376544071,1.090831089526,1.13628563498,1.181740180435,
    1.227194725889,1.272649271344,1.318103816798,1.363558362253,
    1.409012907708,1.454467453162,1.499921998617),
  .QUASI_UNIFORM_KNOTS.);
#6830 = CARTESIAN_POINT('',(3.719890327502,1.965587446495));
#6831 = CARTESIAN_POINT('',(3.720249593187,1.953627373266));
#6832 = CARTESIAN_POINT('',(3.720957959195,1.929707043089));
#6833 = CARTESIAN_POINT('',(3.721989829405,1.893825933962));
#6834 = CARTESIAN_POINT('',(3.722990776108,1.857944166286));
#6835 = CARTESIAN_POINT('',(3.723960771587,1.822061632319));
#6836 = CARTESIAN_POINT('',(3.724899902574,1.786178242599));
#6837 = CARTESIAN_POINT('',(3.72580837099,1.750294030664));
#6838 = CARTESIAN_POINT('',(3.726686479564,1.714408826912));
#6839 = CARTESIAN_POINT('',(3.727534607551,1.678522682549));
#6840 = CARTESIAN_POINT('',(3.728353204997,1.642635543548));
#6841 = CARTESIAN_POINT('',(3.729142777989,1.606747344803));
#6842 = CARTESIAN_POINT('',(3.729903875895,1.570858101692));
#6843 = CARTESIAN_POINT('',(3.730637084185,1.534967803684));
#6844 = CARTESIAN_POINT('',(3.731343016168,1.499076392225));
#6845 = CARTESIAN_POINT('',(3.732022302362,1.463183924405));
#6846 = CARTESIAN_POINT('',(3.732675588235,1.427290358782));
#6847 = CARTESIAN_POINT('',(3.73330352609,1.391395673395));
#6848 = CARTESIAN_POINT('',(3.733906768743,1.355499962455));
#6849 = CARTESIAN_POINT('',(3.734485970647,1.319603117663));
#6850 = CARTESIAN_POINT('',(3.735041777527,1.283705239869));
#6851 = CARTESIAN_POINT('',(3.735574828157,1.247806322457));
#6852 = CARTESIAN_POINT('',(3.736085751926,1.211906345577));
#6853 = CARTESIAN_POINT('',(3.736412023077,1.187972360436));
#6854 = CARTESIAN_POINT('',(3.736571675046,1.176005207095));
#6855 = ( GEOMETRIC_REPRESENTATION_CONTEXT(2) 
PARAMETRIC_REPRESENTATION_CONTEXT() REPRESENTATION_CONTEXT('2D SPACE',''
  ) );
#6856 = PCURVE('',#1130,#6857);
#6857 = DEFINITIONAL_REPRESENTATION('',(#6858),#6873);
#6858 = B_SPLINE_CURVE_WITH_KNOTS('',4,(#6859,#6860,#6861,#6862,#6863,
    #6864,#6865,#6866,#6867,#6868,#6869,#6870,#6871,#6872),
  .UNSPECIFIED.,.F.,.F.,(5,3,3,3,5),(0.499921998617,0.750978280468,
    1.003000104403,1.250981390491,1.499921998617),.UNSPECIFIED.);
#6859 = CARTESIAN_POINT('',(0.974984355438,-1.));
#6860 = CARTESIAN_POINT('',(1.570253567178,-0.752281391838));
#6861 = CARTESIAN_POINT('',(2.181867406153,-0.543828112445));
#6862 = CARTESIAN_POINT('',(2.805926473607,-0.376269499747));
#6863 = CARTESIAN_POINT('',(4.073075823774,-0.124130398944));
#6864 = CARTESIAN_POINT('',(4.716238137177,-3.986974379578E-02));
#6865 = CARTESIAN_POINT('',(5.363577433937,1.495470728713E-03));
#6866 = CARTESIAN_POINT('',(6.647667713171,-1.543855394752E-03));
#6867 = CARTESIAN_POINT('',(7.284430010206,-4.458381249108E-02));
#6868 = CARTESIAN_POINT('',(7.917017988651,-0.129156431202));
#6869 = CARTESIAN_POINT('',(9.168249489796,-0.380264920266));
#6870 = CARTESIAN_POINT('',(9.786837385601,-0.54711808075));
#6871 = CARTESIAN_POINT('',(10.393137246339,-0.7542235502));
#6872 = CARTESIAN_POINT('',(10.98332870113,-1.));
#6873 = ( GEOMETRIC_REPRESENTATION_CONTEXT(2) 
PARAMETRIC_REPRESENTATION_CONTEXT() REPRESENTATION_CONTEXT('2D SPACE',''
  ) );
#6874 = ADVANCED_FACE('',(#6875),#1130,.F.);
#6875 = FACE_BOUND('',#6876,.F.);
#6876 = EDGE_LOOP('',(#6877,#6878,#6879,#6880));
#6877 = ORIENTED_EDGE('',*,*,#1115,.T.);
#6878 = ORIENTED_EDGE('',*,*,#6810,.F.);
#6879 = ORIENTED_EDGE('',*,*,#3623,.T.);
#6880 = ORIENTED_EDGE('',*,*,#6881,.T.);
#6881 = EDGE_CURVE('',#3624,#1087,#6882,.T.);
#6882 = SURFACE_CURVE('',#6883,(#6887,#6894),.PCURVE_S1.);
#6883 = LINE('',#6884,#6885);
#6884 = CARTESIAN_POINT('',(-15.95910814541,-10.35890279918,3.5));
#6885 = VECTOR('',#6886,1.);
#6886 = DIRECTION('',(-0.809016994375,-0.587785252292,0.));
#6887 = PCURVE('',#1130,#6888);
#6888 = DEFINITIONAL_REPRESENTATION('',(#6889),#6893);
#6889 = LINE('',#6890,#6891);
#6890 = CARTESIAN_POINT('',(-0.,-1.5));
#6891 = VECTOR('',#6892,1.);
#6892 = DIRECTION('',(1.,0.));
#6893 = ( GEOMETRIC_REPRESENTATION_CONTEXT(2) 
PARAMETRIC_REPRESENTATION_CONTEXT() REPRESENTATION_CONTEXT('2D SPACE',''
  ) );
#6894 = PCURVE('',#1103,#6895);
#6895 = DEFINITIONAL_REPRESENTATION('',(#6896),#6900);
#6896 = LINE('',#6897,#6898);
#6897 = CARTESIAN_POINT('',(-6.,-1.));
#6898 = VECTOR('',#6899,1.);
#6899 = DIRECTION('',(1.,0.));
#6900 = ( GEOMETRIC_REPRESENTATION_CONTEXT(2) 
PARAMETRIC_REPRESENTATION_CONTEXT() REPRESENTATION_CONTEXT('2D SPACE',''
  ) );
#6901 = ADVANCED_FACE('',(#6902),#1103,.T.);
#6902 = FACE_BOUND('',#6903,.T.);
#6903 = EDGE_LOOP('',(#6904,#6905,#6906,#6907));
#6904 = ORIENTED_EDGE('',*,*,#3644,.T.);
#6905 = ORIENTED_EDGE('',*,*,#6881,.T.);
#6906 = ORIENTED_EDGE('',*,*,#1086,.T.);
#6907 = ORIENTED_EDGE('',*,*,#6908,.T.);
#6908 = EDGE_CURVE('',#1061,#3645,#6909,.T.);
#6909 = SURFACE_CURVE('',#6910,(#6914,#6921),.PCURVE_S1.);
#6910 = LINE('',#6911,#6912);
#6911 = CARTESIAN_POINT('',(-24.49174157333,-19.03035981544,3.5));
#6912 = VECTOR('',#6913,1.);
#6913 = DIRECTION('',(0.809016994375,0.587785252292,0.));
#6914 = PCURVE('',#1103,#6915);
#6915 = DEFINITIONAL_REPRESENTATION('',(#6916),#6920);
#6916 = LINE('',#6917,#6918);
#6917 = CARTESIAN_POINT('',(6.,1.));
#6918 = VECTOR('',#6919,1.);
#6919 = DIRECTION('',(-1.,0.));
#6920 = ( GEOMETRIC_REPRESENTATION_CONTEXT(2) 
PARAMETRIC_REPRESENTATION_CONTEXT() REPRESENTATION_CONTEXT('2D SPACE',''
  ) );
#6921 = PCURVE('',#1075,#6922);
#6922 = DEFINITIONAL_REPRESENTATION('',(#6923),#6927);
#6923 = LINE('',#6924,#6925);
#6924 = CARTESIAN_POINT('',(0.,-1.5));
#6925 = VECTOR('',#6926,1.);
#6926 = DIRECTION('',(1.,0.));
#6927 = ( GEOMETRIC_REPRESENTATION_CONTEXT(2) 
PARAMETRIC_REPRESENTATION_CONTEXT() REPRESENTATION_CONTEXT('2D SPACE',''
  ) );
#6928 = ADVANCED_FACE('',(#6929),#1075,.F.);
#6929 = FACE_BOUND('',#6930,.F.);
#6930 = EDGE_LOOP('',(#6931,#6996,#6997,#6998));
#6931 = ORIENTED_EDGE('',*,*,#6932,.T.);
#6932 = EDGE_CURVE('',#3673,#1032,#6933,.T.);
#6933 = SURFACE_CURVE('',#6934,(#6949,#6967),.PCURVE_S1.);
#6934 = B_SPLINE_CURVE_WITH_KNOTS('',4,(#6935,#6936,#6937,#6938,#6939,
    #6940,#6941,#6942,#6943,#6944,#6945,#6946,#6947,#6948),
  .UNSPECIFIED.,.F.,.F.,(5,3,3,3,5),(0.499921984454,0.750978266305,
    1.003000090241,1.250981376329,1.499921984454),.UNSPECIFIED.);
#6935 = CARTESIAN_POINT('',(-15.57231655363,-12.55001821327,4.));
#6936 = CARTESIAN_POINT('',(-16.05389946215,-12.89990867707,
    4.247718608162));
#6937 = CARTESIAN_POINT('',(-16.54870545188,-13.25940627172,
    4.456171887555));
#6938 = CARTESIAN_POINT('',(-17.05357984294,-13.62621898813,
    4.623730500253));
#6939 = CARTESIAN_POINT('',(-18.07872520164,-14.37103068861,
    4.875869601056));
#6940 = CARTESIAN_POINT('',(-18.59905444333,-14.74907201126,
    4.960130256205));
#6941 = CARTESIAN_POINT('',(-19.12276293553,-15.12956850312,
    5.001495470729));
#6942 = CARTESIAN_POINT('',(-20.16161379374,-15.88433783187,
    4.998456144605));
#6943 = CARTESIAN_POINT('',(-20.67676531342,-16.25861731928,
    4.955416187509));
#6944 = CARTESIAN_POINT('',(-21.18853973842,-16.63044320379,
    4.870843568798));
#6945 = CARTESIAN_POINT('',(-22.20080728674,-17.36589862737,
    4.619735079734));
#6946 = CARTESIAN_POINT('',(-22.70125540696,-17.72949546977,
    4.45288191925));
#6947 = CARTESIAN_POINT('',(-23.19176229799,-18.08586958638,4.2457764498
    ));
#6948 = CARTESIAN_POINT('',(-23.66923721485,-18.43277541953,4.));
#6949 = PCURVE('',#1075,#6950);
#6950 = DEFINITIONAL_REPRESENTATION('',(#6951),#6966);
#6951 = B_SPLINE_CURVE_WITH_KNOTS('',4,(#6952,#6953,#6954,#6955,#6956,
    #6957,#6958,#6959,#6960,#6961,#6962,#6963,#6964,#6965),
  .UNSPECIFIED.,.F.,.F.,(5,3,3,3,5),(0.499921984454,0.750978266305,
    1.003000090241,1.250981376329,1.499921984454),.UNSPECIFIED.);
#6952 = CARTESIAN_POINT('',(11.025015644562,-1.));
#6953 = CARTESIAN_POINT('',(10.429746432822,-0.752281391838));
#6954 = CARTESIAN_POINT('',(9.818132593847,-0.543828112445));
#6955 = CARTESIAN_POINT('',(9.194073526392,-0.376269499747));
#6956 = CARTESIAN_POINT('',(7.926924176226,-0.124130398944));
#6957 = CARTESIAN_POINT('',(7.283761862819,-3.986974379488E-02));
#6958 = CARTESIAN_POINT('',(6.636422566063,1.495470728736E-03));
#6959 = CARTESIAN_POINT('',(5.352332286829,-1.543855394752E-03));
#6960 = CARTESIAN_POINT('',(4.715569989794,-4.458381249107E-02));
#6961 = CARTESIAN_POINT('',(4.082982011349,-0.129156431202));
#6962 = CARTESIAN_POINT('',(2.831750510204,-0.380264920266));
#6963 = CARTESIAN_POINT('',(2.213162614399,-0.54711808075));
#6964 = CARTESIAN_POINT('',(1.606862753661,-0.7542235502));
#6965 = CARTESIAN_POINT('',(1.01667129887,-1.));
#6966 = ( GEOMETRIC_REPRESENTATION_CONTEXT(2) 
PARAMETRIC_REPRESENTATION_CONTEXT() REPRESENTATION_CONTEXT('2D SPACE',''
  ) );
#6967 = PCURVE('',#1048,#6968);
#6968 = DEFINITIONAL_REPRESENTATION('',(#6969),#6995);
#6969 = B_SPLINE_CURVE_WITH_KNOTS('',3,(#6970,#6971,#6972,#6973,#6974,
    #6975,#6976,#6977,#6978,#6979,#6980,#6981,#6982,#6983,#6984,#6985,
    #6986,#6987,#6988,#6989,#6990,#6991,#6992,#6993,#6994),
  .UNSPECIFIED.,.F.,.F.,(4,1,1,1,1,1,1,1,1,1,1,1,1,1,1,1,1,1,1,1,1,1,4),
  (0.499921984454,0.545376529909,0.590831075363,0.636285620818,
    0.681740166272,0.727194711727,0.772649257182,0.818103802636,
    0.863558348091,0.909012893545,0.954467439,0.999921984454,
    1.045376529909,1.090831075363,1.136285620818,1.181740166272,
    1.227194711727,1.272649257182,1.318103802636,1.363558348091,
    1.409012893545,1.454467439,1.499921984454),.QUASI_UNIFORM_KNOTS.);
#6970 = CARTESIAN_POINT('',(3.819932041114,1.965587446495));
#6971 = CARTESIAN_POINT('',(3.819572775428,1.953627373266));
#6972 = CARTESIAN_POINT('',(3.818864409421,1.929707043089));
#6973 = CARTESIAN_POINT('',(3.81783253921,1.893825933962));
#6974 = CARTESIAN_POINT('',(3.816831592507,1.857944166286));
#6975 = CARTESIAN_POINT('',(3.815861597029,1.822061632319));
#6976 = CARTESIAN_POINT('',(3.814922466041,1.786178242599));
#6977 = CARTESIAN_POINT('',(3.814013997625,1.750294030664));
#6978 = CARTESIAN_POINT('',(3.813135889052,1.714408826912));
#6979 = CARTESIAN_POINT('',(3.812287761064,1.678522682549));
#6980 = CARTESIAN_POINT('',(3.811469163618,1.642635543548));
#6981 = CARTESIAN_POINT('',(3.810679590627,1.606747344803));
#6982 = CARTESIAN_POINT('',(3.809918492721,1.570858101692));
#6983 = CARTESIAN_POINT('',(3.809185284431,1.534967803684));
#6984 = CARTESIAN_POINT('',(3.808479352448,1.499076392225));
#6985 = CARTESIAN_POINT('',(3.807800066254,1.463183924405));
#6986 = CARTESIAN_POINT('',(3.807146780381,1.427290358782));
#6987 = CARTESIAN_POINT('',(3.806518842526,1.391395673395));
#6988 = CARTESIAN_POINT('',(3.805915599873,1.355499962455));
#6989 = CARTESIAN_POINT('',(3.805336397969,1.319603117663));
#6990 = CARTESIAN_POINT('',(3.804780591089,1.283705239869));
#6991 = CARTESIAN_POINT('',(3.804247540458,1.247806322457));
#6992 = CARTESIAN_POINT('',(3.80373661669,1.211906345577));
#6993 = CARTESIAN_POINT('',(3.803410345539,1.187972360436));
#6994 = CARTESIAN_POINT('',(3.803250693569,1.176005207095));
#6995 = ( GEOMETRIC_REPRESENTATION_CONTEXT(2) 
PARAMETRIC_REPRESENTATION_CONTEXT() REPRESENTATION_CONTEXT('2D SPACE',''
  ) );
#6996 = ORIENTED_EDGE('',*,*,#1060,.F.);
#6997 = ORIENTED_EDGE('',*,*,#6908,.T.);
#6998 = ORIENTED_EDGE('',*,*,#3672,.F.);
#6999 = ADVANCED_FACE('',(#7000),#1048,.T.);
#7000 = FACE_BOUND('',#7001,.T.);
#7001 = EDGE_LOOP('',(#7002,#7003,#7004,#7005));
#7002 = ORIENTED_EDGE('',*,*,#3693,.F.);
#7003 = ORIENTED_EDGE('',*,*,#6932,.T.);
#7004 = ORIENTED_EDGE('',*,*,#1031,.T.);
#7005 = ORIENTED_EDGE('',*,*,#7006,.F.);
#7006 = EDGE_CURVE('',#3694,#1006,#7007,.T.);
#7007 = SURFACE_CURVE('',#7008,(#7023,#7052),.PCURVE_S1.);
#7008 = B_SPLINE_CURVE_WITH_KNOTS('',4,(#7009,#7010,#7011,#7012,#7013,
    #7014,#7015,#7016,#7017,#7018,#7019,#7020,#7021,#7022),
  .UNSPECIFIED.,.F.,.F.,(5,3,3,3,5),(0.499921998617,0.750978280468,
    1.003000104403,1.250981390491,1.499921998617),.UNSPECIFIED.);
#7009 = CARTESIAN_POINT('',(-12.55001821327,-15.57231655363,4.));
#7010 = CARTESIAN_POINT('',(-12.89990867707,-16.05389946215,
    4.247718608162));
#7011 = CARTESIAN_POINT('',(-13.25940627172,-16.54870545188,
    4.456171887555));
#7012 = CARTESIAN_POINT('',(-13.62621898813,-17.05357984294,
    4.623730500253));
#7013 = CARTESIAN_POINT('',(-14.37103068861,-18.07872520164,
    4.875869601056));
#7014 = CARTESIAN_POINT('',(-14.74907201126,-18.59905444332,
    4.960130256205));
#7015 = CARTESIAN_POINT('',(-15.12956850312,-19.12276293553,
    5.001495470729));
#7016 = CARTESIAN_POINT('',(-15.88433783187,-20.16161379374,
    4.998456144605));
#7017 = CARTESIAN_POINT('',(-16.25861731928,-20.67676531342,
    4.955416187509));
#7018 = CARTESIAN_POINT('',(-16.63044320379,-21.18853973842,
    4.870843568798));
#7019 = CARTESIAN_POINT('',(-17.36589862737,-22.20080728674,
    4.619735079734));
#7020 = CARTESIAN_POINT('',(-17.72949546977,-22.70125540696,
    4.45288191925));
#7021 = CARTESIAN_POINT('',(-18.08586958638,-23.19176229799,4.2457764498
    ));
#7022 = CARTESIAN_POINT('',(-18.43277541953,-23.66923721485,4.));
#7023 = PCURVE('',#1048,#7024);
#7024 = DEFINITIONAL_REPRESENTATION('',(#7025),#7051);
#7025 = B_SPLINE_CURVE_WITH_KNOTS('',3,(#7026,#7027,#7028,#7029,#7030,
    #7031,#7032,#7033,#7034,#7035,#7036,#7037,#7038,#7039,#7040,#7041,
    #7042,#7043,#7044,#7045,#7046,#7047,#7048,#7049,#7050),
  .UNSPECIFIED.,.F.,.F.,(4,1,1,1,1,1,1,1,1,1,1,1,1,1,1,1,1,1,1,1,1,1,4),
  (0.499921998617,0.545376544071,0.590831089526,0.63628563498,
    0.681740180435,0.727194725889,0.772649271344,0.818103816798,
    0.863558362253,0.909012907707,0.954467453162,0.999921998617,
    1.045376544071,1.090831089526,1.13628563498,1.181740180435,
    1.227194725889,1.272649271344,1.318103816798,1.363558362253,
    1.409012907707,1.454467453162,1.499921998617),
  .QUASI_UNIFORM_KNOTS.);
#7026 = CARTESIAN_POINT('',(4.034049592861,1.965587446495));
#7027 = CARTESIAN_POINT('',(4.034408858546,1.953627373266));
#7028 = CARTESIAN_POINT('',(4.035117224554,1.929707043089));
#7029 = CARTESIAN_POINT('',(4.036149094764,1.893825933962));
#7030 = CARTESIAN_POINT('',(4.037150041467,1.857944166286));
#7031 = CARTESIAN_POINT('',(4.038120036946,1.822061632319));
#7032 = CARTESIAN_POINT('',(4.039059167933,1.786178242599));
#7033 = CARTESIAN_POINT('',(4.039967636349,1.750294030664));
#7034 = CARTESIAN_POINT('',(4.040845744923,1.714408826912));
#7035 = CARTESIAN_POINT('',(4.04169387291,1.678522682549));
#7036 = CARTESIAN_POINT('',(4.042512470356,1.642635543548));
#7037 = CARTESIAN_POINT('',(4.043302043348,1.606747344803));
#7038 = CARTESIAN_POINT('',(4.044063141254,1.570858101692));
#7039 = CARTESIAN_POINT('',(4.044796349544,1.534967803684));
#7040 = CARTESIAN_POINT('',(4.045502281527,1.499076392225));
#7041 = CARTESIAN_POINT('',(4.046181567721,1.463183924405));
#7042 = CARTESIAN_POINT('',(4.046834853594,1.427290358782));
#7043 = CARTESIAN_POINT('',(4.047462791449,1.391395673395));
#7044 = CARTESIAN_POINT('',(4.048066034102,1.355499962455));
#7045 = CARTESIAN_POINT('',(4.048645236006,1.319603117663));
#7046 = CARTESIAN_POINT('',(4.049201042886,1.283705239869));
#7047 = CARTESIAN_POINT('',(4.049734093516,1.247806322457));
#7048 = CARTESIAN_POINT('',(4.050245017285,1.211906345577));
#7049 = CARTESIAN_POINT('',(4.050571288436,1.187972360436));
#7050 = CARTESIAN_POINT('',(4.050730940405,1.176005207095));
#7051 = ( GEOMETRIC_REPRESENTATION_CONTEXT(2) 
PARAMETRIC_REPRESENTATION_CONTEXT() REPRESENTATION_CONTEXT('2D SPACE',''
  ) );
#7052 = PCURVE('',#1020,#7053);
#7053 = DEFINITIONAL_REPRESENTATION('',(#7054),#7069);
#7054 = B_SPLINE_CURVE_WITH_KNOTS('',4,(#7055,#7056,#7057,#7058,#7059,
    #7060,#7061,#7062,#7063,#7064,#7065,#7066,#7067,#7068),
  .UNSPECIFIED.,.F.,.F.,(5,3,3,3,5),(0.499921998617,0.750978280468,
    1.003000104403,1.250981390491,1.499921998617),.UNSPECIFIED.);
#7055 = CARTESIAN_POINT('',(0.974984355438,-1.));
#7056 = CARTESIAN_POINT('',(1.570253567178,-0.752281391838));
#7057 = CARTESIAN_POINT('',(2.181867406153,-0.543828112445));
#7058 = CARTESIAN_POINT('',(2.805926473607,-0.376269499747));
#7059 = CARTESIAN_POINT('',(4.073075823774,-0.124130398944));
#7060 = CARTESIAN_POINT('',(4.716238137179,-3.986974379526E-02));
#7061 = CARTESIAN_POINT('',(5.363577433937,1.495470728726E-03));
#7062 = CARTESIAN_POINT('',(6.647667713171,-1.543855394751E-03));
#7063 = CARTESIAN_POINT('',(7.284430010206,-4.458381249108E-02));
#7064 = CARTESIAN_POINT('',(7.917017988651,-0.129156431202));
#7065 = CARTESIAN_POINT('',(9.168249489796,-0.380264920266));
#7066 = CARTESIAN_POINT('',(9.786837385601,-0.54711808075));
#7067 = CARTESIAN_POINT('',(10.393137246339,-0.7542235502));
#7068 = CARTESIAN_POINT('',(10.98332870113,-1.));
#7069 = ( GEOMETRIC_REPRESENTATION_CONTEXT(2) 
PARAMETRIC_REPRESENTATION_CONTEXT() REPRESENTATION_CONTEXT('2D SPACE',''
  ) );
#7070 = ADVANCED_FACE('',(#7071),#1020,.F.);
#7071 = FACE_BOUND('',#7072,.F.);
#7072 = EDGE_LOOP('',(#7073,#7074,#7075,#7076));
#7073 = ORIENTED_EDGE('',*,*,#1005,.T.);
#7074 = ORIENTED_EDGE('',*,*,#7006,.F.);
#7075 = ORIENTED_EDGE('',*,*,#3717,.T.);
#7076 = ORIENTED_EDGE('',*,*,#7077,.T.);
#7077 = EDGE_CURVE('',#3718,#977,#7078,.T.);
#7078 = SURFACE_CURVE('',#7079,(#7083,#7090),.PCURVE_S1.);
#7079 = LINE('',#7080,#7081);
#7080 = CARTESIAN_POINT('',(-11.97693678793,-14.78353764083,3.5));
#7081 = VECTOR('',#7082,1.);
#7082 = DIRECTION('',(-0.587785252292,-0.809016994375,0.));
#7083 = PCURVE('',#1020,#7084);
#7084 = DEFINITIONAL_REPRESENTATION('',(#7085),#7089);
#7085 = LINE('',#7086,#7087);
#7086 = CARTESIAN_POINT('',(-0.,-1.5));
#7087 = VECTOR('',#7088,1.);
#7088 = DIRECTION('',(1.,0.));
#7089 = ( GEOMETRIC_REPRESENTATION_CONTEXT(2) 
PARAMETRIC_REPRESENTATION_CONTEXT() REPRESENTATION_CONTEXT('2D SPACE',''
  ) );
#7090 = PCURVE('',#993,#7091);
#7091 = DEFINITIONAL_REPRESENTATION('',(#7092),#7096);
#7092 = LINE('',#7093,#7094);
#7093 = CARTESIAN_POINT('',(-6.,-1.));
#7094 = VECTOR('',#7095,1.);
#7095 = DIRECTION('',(1.,0.));
#7096 = ( GEOMETRIC_REPRESENTATION_CONTEXT(2) 
PARAMETRIC_REPRESENTATION_CONTEXT() REPRESENTATION_CONTEXT('2D SPACE',''
  ) );
#7097 = ADVANCED_FACE('',(#7098),#993,.T.);
#7098 = FACE_BOUND('',#7099,.T.);
#7099 = EDGE_LOOP('',(#7100,#7101,#7102,#7103));
#7100 = ORIENTED_EDGE('',*,*,#3738,.T.);
#7101 = ORIENTED_EDGE('',*,*,#7077,.T.);
#7102 = ORIENTED_EDGE('',*,*,#976,.T.);
#7103 = ORIENTED_EDGE('',*,*,#7104,.T.);
#7104 = EDGE_CURVE('',#951,#3739,#7105,.T.);
#7105 = SURFACE_CURVE('',#7106,(#7110,#7117),.PCURVE_S1.);
#7106 = LINE('',#7107,#7108);
#7107 = CARTESIAN_POINT('',(-17.41232582669,-25.66731207791,3.5));
#7108 = VECTOR('',#7109,1.);
#7109 = DIRECTION('',(0.587785252292,0.809016994375,0.));
#7110 = PCURVE('',#993,#7111);
#7111 = DEFINITIONAL_REPRESENTATION('',(#7112),#7116);
#7112 = LINE('',#7113,#7114);
#7113 = CARTESIAN_POINT('',(6.,1.));
#7114 = VECTOR('',#7115,1.);
#7115 = DIRECTION('',(-1.,0.));
#7116 = ( GEOMETRIC_REPRESENTATION_CONTEXT(2) 
PARAMETRIC_REPRESENTATION_CONTEXT() REPRESENTATION_CONTEXT('2D SPACE',''
  ) );
#7117 = PCURVE('',#965,#7118);
#7118 = DEFINITIONAL_REPRESENTATION('',(#7119),#7123);
#7119 = LINE('',#7120,#7121);
#7120 = CARTESIAN_POINT('',(0.,-1.5));
#7121 = VECTOR('',#7122,1.);
#7122 = DIRECTION('',(1.,0.));
#7123 = ( GEOMETRIC_REPRESENTATION_CONTEXT(2) 
PARAMETRIC_REPRESENTATION_CONTEXT() REPRESENTATION_CONTEXT('2D SPACE',''
  ) );
#7124 = ADVANCED_FACE('',(#7125),#965,.F.);
#7125 = FACE_BOUND('',#7126,.F.);
#7126 = EDGE_LOOP('',(#7127,#7192,#7193,#7194));
#7127 = ORIENTED_EDGE('',*,*,#7128,.T.);
#7128 = EDGE_CURVE('',#3767,#922,#7129,.T.);
#7129 = SURFACE_CURVE('',#7130,(#7145,#7163),.PCURVE_S1.);
#7130 = B_SPLINE_CURVE_WITH_KNOTS('',4,(#7131,#7132,#7133,#7134,#7135,
    #7136,#7137,#7138,#7139,#7140,#7141,#7142,#7143,#7144),
  .UNSPECIFIED.,.F.,.F.,(5,3,3,3,5),(0.499921996753,0.750978278604,
    1.00300010254,1.250981388628,1.499921996753),.UNSPECIFIED.);
#7131 = CARTESIAN_POINT('',(-10.93198422452,-16.74788705821,4.));
#7132 = CARTESIAN_POINT('',(-11.28187468832,-17.22946996674,
    4.247718608162));
#7133 = CARTESIAN_POINT('',(-11.64137228297,-17.72427595646,
    4.456171887555));
#7134 = CARTESIAN_POINT('',(-12.00818499938,-18.22915034753,
    4.623730500253));
#7135 = CARTESIAN_POINT('',(-12.75299669986,-19.25429570622,
    4.875869601056));
#7136 = CARTESIAN_POINT('',(-13.13103802251,-19.77462494791,
    4.960130256204));
#7137 = CARTESIAN_POINT('',(-13.51153451437,-20.29833344011,
    5.001495470729));
#7138 = CARTESIAN_POINT('',(-14.26630384312,-21.33718429832,
    4.998456144605));
#7139 = CARTESIAN_POINT('',(-14.64058333053,-21.852335818,4.955416187509
    ));
#7140 = CARTESIAN_POINT('',(-15.01240921504,-22.364110243,4.870843568798
    ));
#7141 = CARTESIAN_POINT('',(-15.74786463862,-23.37637779133,
    4.619735079734));
#7142 = CARTESIAN_POINT('',(-16.11146148102,-23.87682591155,
    4.45288191925));
#7143 = CARTESIAN_POINT('',(-16.46783559763,-24.36733280257,4.2457764498
    ));
#7144 = CARTESIAN_POINT('',(-16.81474143078,-24.84480771943,4.));
#7145 = PCURVE('',#965,#7146);
#7146 = DEFINITIONAL_REPRESENTATION('',(#7147),#7162);
#7147 = B_SPLINE_CURVE_WITH_KNOTS('',4,(#7148,#7149,#7150,#7151,#7152,
    #7153,#7154,#7155,#7156,#7157,#7158,#7159,#7160,#7161),
  .UNSPECIFIED.,.F.,.F.,(5,3,3,3,5),(0.499921996753,0.750978278604,
    1.00300010254,1.250981388628,1.499921996753),.UNSPECIFIED.);
#7148 = CARTESIAN_POINT('',(11.025015644562,-1.));
#7149 = CARTESIAN_POINT('',(10.429746432822,-0.752281391838));
#7150 = CARTESIAN_POINT('',(9.818132593847,-0.543828112445));
#7151 = CARTESIAN_POINT('',(9.194073526392,-0.376269499747));
#7152 = CARTESIAN_POINT('',(7.926924176226,-0.124130398944));
#7153 = CARTESIAN_POINT('',(7.283761862822,-3.986974379576E-02));
#7154 = CARTESIAN_POINT('',(6.636422566063,1.495470728715E-03));
#7155 = CARTESIAN_POINT('',(5.352332286829,-1.543855394751E-03));
#7156 = CARTESIAN_POINT('',(4.715569989794,-4.458381249108E-02));
#7157 = CARTESIAN_POINT('',(4.082982011349,-0.129156431202));
#7158 = CARTESIAN_POINT('',(2.831750510204,-0.380264920266));
#7159 = CARTESIAN_POINT('',(2.213162614399,-0.54711808075));
#7160 = CARTESIAN_POINT('',(1.606862753661,-0.7542235502));
#7161 = CARTESIAN_POINT('',(1.01667129887,-1.));
#7162 = ( GEOMETRIC_REPRESENTATION_CONTEXT(2) 
PARAMETRIC_REPRESENTATION_CONTEXT() REPRESENTATION_CONTEXT('2D SPACE',''
  ) );
#7163 = PCURVE('',#938,#7164);
#7164 = DEFINITIONAL_REPRESENTATION('',(#7165),#7191);
#7165 = B_SPLINE_CURVE_WITH_KNOTS('',3,(#7166,#7167,#7168,#7169,#7170,
    #7171,#7172,#7173,#7174,#7175,#7176,#7177,#7178,#7179,#7180,#7181,
    #7182,#7183,#7184,#7185,#7186,#7187,#7188,#7189,#7190),
  .UNSPECIFIED.,.F.,.F.,(4,1,1,1,1,1,1,1,1,1,1,1,1,1,1,1,1,1,1,1,1,1,4),
  (0.499921996753,0.545376542208,0.590831087662,0.636285633117,
    0.681740178571,0.727194724026,0.772649269481,0.818103814935,
    0.86355836039,0.909012905844,0.954467451299,0.999921996753,
    1.045376542208,1.090831087662,1.136285633117,1.181740178571,
    1.227194724026,1.272649269481,1.318103814935,1.36355836039,
    1.409012905844,1.454467451299,1.499921996753),
  .QUASI_UNIFORM_KNOTS.);
#7166 = CARTESIAN_POINT('',(4.134091306473,1.965587446495));
#7167 = CARTESIAN_POINT('',(4.133732040787,1.953627373266));
#7168 = CARTESIAN_POINT('',(4.13302367478,1.929707043089));
#7169 = CARTESIAN_POINT('',(4.131991804569,1.893825933962));
#7170 = CARTESIAN_POINT('',(4.130990857866,1.857944166286));
#7171 = CARTESIAN_POINT('',(4.130020862388,1.822061632319));
#7172 = CARTESIAN_POINT('',(4.1290817314,1.786178242599));
#7173 = CARTESIAN_POINT('',(4.128173262984,1.750294030664));
#7174 = CARTESIAN_POINT('',(4.127295154411,1.714408826912));
#7175 = CARTESIAN_POINT('',(4.126447026423,1.678522682549));
#7176 = CARTESIAN_POINT('',(4.125628428977,1.642635543548));
#7177 = CARTESIAN_POINT('',(4.124838855986,1.606747344803));
#7178 = CARTESIAN_POINT('',(4.12407775808,1.570858101692));
#7179 = CARTESIAN_POINT('',(4.12334454979,1.534967803684));
#7180 = CARTESIAN_POINT('',(4.122638617807,1.499076392225));
#7181 = CARTESIAN_POINT('',(4.121959331613,1.463183924405));
#7182 = CARTESIAN_POINT('',(4.12130604574,1.427290358782));
#7183 = CARTESIAN_POINT('',(4.120678107885,1.391395673395));
#7184 = CARTESIAN_POINT('',(4.120074865232,1.355499962455));
#7185 = CARTESIAN_POINT('',(4.119495663328,1.319603117663));
#7186 = CARTESIAN_POINT('',(4.118939856448,1.283705239869));
#7187 = CARTESIAN_POINT('',(4.118406805817,1.247806322457));
#7188 = CARTESIAN_POINT('',(4.117895882049,1.211906345577));
#7189 = CARTESIAN_POINT('',(4.117569610898,1.187972360436));
#7190 = CARTESIAN_POINT('',(4.117409958928,1.176005207095));
#7191 = ( GEOMETRIC_REPRESENTATION_CONTEXT(2) 
PARAMETRIC_REPRESENTATION_CONTEXT() REPRESENTATION_CONTEXT('2D SPACE',''
  ) );
#7192 = ORIENTED_EDGE('',*,*,#950,.F.);
#7193 = ORIENTED_EDGE('',*,*,#7104,.T.);
#7194 = ORIENTED_EDGE('',*,*,#3766,.F.);
#7195 = ADVANCED_FACE('',(#7196),#938,.T.);
#7196 = FACE_BOUND('',#7197,.T.);
#7197 = EDGE_LOOP('',(#7198,#7199,#7200,#7201));
#7198 = ORIENTED_EDGE('',*,*,#3787,.F.);
#7199 = ORIENTED_EDGE('',*,*,#7128,.T.);
#7200 = ORIENTED_EDGE('',*,*,#921,.T.);
#7201 = ORIENTED_EDGE('',*,*,#7202,.F.);
#7202 = EDGE_CURVE('',#3788,#896,#7203,.T.);
#7203 = SURFACE_CURVE('',#7204,(#7219,#7248),.PCURVE_S1.);
#7204 = B_SPLINE_CURVE_WITH_KNOTS('',4,(#7205,#7206,#7207,#7208,#7209,
    #7210,#7211,#7212,#7213,#7214,#7215,#7216,#7217,#7218),
  .UNSPECIFIED.,.F.,.F.,(5,3,3,3,5),(0.499921998617,0.750978280468,
    1.003000104403,1.250981390491,1.499921998617),.UNSPECIFIED.);
#7205 = CARTESIAN_POINT('',(-7.123666144499,-18.68832203975,4.));
#7206 = CARTESIAN_POINT('',(-7.307614447155,-19.25445670253,
    4.247718608162));
#7207 = CARTESIAN_POINT('',(-7.496613517393,-19.83613602954,
    4.456171887555));
#7208 = CARTESIAN_POINT('',(-7.68945837473,-20.4296514722,4.623730500253
    ));
#7209 = CARTESIAN_POINT('',(-8.081029058343,-21.63478211879,
    4.875869601056));
#7210 = CARTESIAN_POINT('',(-8.279777143326,-22.24646582799,
    4.960130256204));
#7211 = CARTESIAN_POINT('',(-8.479815987152,-22.86212208443,
    5.001495470729));
#7212 = CARTESIAN_POINT('',(-8.876621705747,-24.083364512,4.998456144605
    ));
#7213 = CARTESIAN_POINT('',(-9.073392076908,-24.68896144393,
    4.955416187509));
#7214 = CARTESIAN_POINT('',(-9.268872512684,-25.29058836296,
    4.870843568798));
#7215 = CARTESIAN_POINT('',(-9.655524310436,-26.48058023552,
    4.619735079734));
#7216 = CARTESIAN_POINT('',(-9.846678482754,-27.06889228472,
    4.45288191925));
#7217 = CARTESIAN_POINT('',(-10.0340354434,-27.64551771811,4.2457764498)
  );
#7218 = CARTESIAN_POINT('',(-10.21641463287,-28.20682314705,4.));
#7219 = PCURVE('',#938,#7220);
#7220 = DEFINITIONAL_REPRESENTATION('',(#7221),#7247);
#7221 = B_SPLINE_CURVE_WITH_KNOTS('',3,(#7222,#7223,#7224,#7225,#7226,
    #7227,#7228,#7229,#7230,#7231,#7232,#7233,#7234,#7235,#7236,#7237,
    #7238,#7239,#7240,#7241,#7242,#7243,#7244,#7245,#7246),
  .UNSPECIFIED.,.F.,.F.,(4,1,1,1,1,1,1,1,1,1,1,1,1,1,1,1,1,1,1,1,1,1,4),
  (0.499921998617,0.545376544071,0.590831089526,0.63628563498,
    0.681740180435,0.727194725889,0.772649271344,0.818103816798,
    0.863558362253,0.909012907707,0.954467453162,0.999921998617,
    1.045376544071,1.090831089526,1.13628563498,1.181740180435,
    1.227194725889,1.272649271344,1.318103816798,1.363558362253,
    1.409012907707,1.454467453162,1.499921998617),
  .QUASI_UNIFORM_KNOTS.);
#7222 = CARTESIAN_POINT('',(4.34820885822,1.965587446495));
#7223 = CARTESIAN_POINT('',(4.348568123905,1.953627373266));
#7224 = CARTESIAN_POINT('',(4.349276489913,1.929707043089));
#7225 = CARTESIAN_POINT('',(4.350308360123,1.893825933962));
#7226 = CARTESIAN_POINT('',(4.351309306826,1.857944166286));
#7227 = CARTESIAN_POINT('',(4.352279302305,1.822061632319));
#7228 = CARTESIAN_POINT('',(4.353218433292,1.786178242599));
#7229 = CARTESIAN_POINT('',(4.354126901708,1.750294030664));
#7230 = CARTESIAN_POINT('',(4.355005010282,1.714408826912));
#7231 = CARTESIAN_POINT('',(4.355853138269,1.678522682549));
#7232 = CARTESIAN_POINT('',(4.356671735715,1.642635543548));
#7233 = CARTESIAN_POINT('',(4.357461308707,1.606747344803));
#7234 = CARTESIAN_POINT('',(4.358222406613,1.570858101692));
#7235 = CARTESIAN_POINT('',(4.358955614903,1.534967803684));
#7236 = CARTESIAN_POINT('',(4.359661546886,1.499076392225));
#7237 = CARTESIAN_POINT('',(4.36034083308,1.463183924405));
#7238 = CARTESIAN_POINT('',(4.360994118953,1.427290358782));
#7239 = CARTESIAN_POINT('',(4.361622056808,1.391395673395));
#7240 = CARTESIAN_POINT('',(4.362225299461,1.355499962455));
#7241 = CARTESIAN_POINT('',(4.362804501365,1.319603117663));
#7242 = CARTESIAN_POINT('',(4.363360308245,1.283705239869));
#7243 = CARTESIAN_POINT('',(4.363893358875,1.247806322457));
#7244 = CARTESIAN_POINT('',(4.364404282644,1.211906345577));
#7245 = CARTESIAN_POINT('',(4.364730553795,1.187972360436));
#7246 = CARTESIAN_POINT('',(4.364890205764,1.176005207095));
#7247 = ( GEOMETRIC_REPRESENTATION_CONTEXT(2) 
PARAMETRIC_REPRESENTATION_CONTEXT() REPRESENTATION_CONTEXT('2D SPACE',''
  ) );
#7248 = PCURVE('',#910,#7249);
#7249 = DEFINITIONAL_REPRESENTATION('',(#7250),#7265);
#7250 = B_SPLINE_CURVE_WITH_KNOTS('',4,(#7251,#7252,#7253,#7254,#7255,
    #7256,#7257,#7258,#7259,#7260,#7261,#7262,#7263,#7264),
  .UNSPECIFIED.,.F.,.F.,(5,3,3,3,5),(0.499921998617,0.750978280468,
    1.003000104403,1.250981390491,1.499921998617),.UNSPECIFIED.);
#7251 = CARTESIAN_POINT('',(0.974984355438,-1.));
#7252 = CARTESIAN_POINT('',(1.570253567178,-0.752281391838));
#7253 = CARTESIAN_POINT('',(2.181867406153,-0.543828112445));
#7254 = CARTESIAN_POINT('',(2.805926473607,-0.376269499747));
#7255 = CARTESIAN_POINT('',(4.073075823774,-0.124130398944));
#7256 = CARTESIAN_POINT('',(4.716238137174,-3.986974379556E-02));
#7257 = CARTESIAN_POINT('',(5.363577433937,1.495470728718E-03));
#7258 = CARTESIAN_POINT('',(6.647667713171,-1.543855394752E-03));
#7259 = CARTESIAN_POINT('',(7.284430010206,-4.458381249108E-02));
#7260 = CARTESIAN_POINT('',(7.917017988651,-0.129156431202));
#7261 = CARTESIAN_POINT('',(9.168249489796,-0.380264920266));
#7262 = CARTESIAN_POINT('',(9.786837385601,-0.54711808075));
#7263 = CARTESIAN_POINT('',(10.393137246339,-0.7542235502));
#7264 = CARTESIAN_POINT('',(10.98332870113,-1.));
#7265 = ( GEOMETRIC_REPRESENTATION_CONTEXT(2) 
PARAMETRIC_REPRESENTATION_CONTEXT() REPRESENTATION_CONTEXT('2D SPACE',''
  ) );
#7266 = ADVANCED_FACE('',(#7267),#910,.F.);
#7267 = FACE_BOUND('',#7268,.F.);
#7268 = EDGE_LOOP('',(#7269,#7270,#7271,#7272));
#7269 = ORIENTED_EDGE('',*,*,#895,.T.);
#7270 = ORIENTED_EDGE('',*,*,#7202,.F.);
#7271 = ORIENTED_EDGE('',*,*,#3811,.T.);
#7272 = ORIENTED_EDGE('',*,*,#7273,.T.);
#7273 = EDGE_CURVE('',#3812,#867,#7274,.T.);
#7274 = SURFACE_CURVE('',#7275,(#7279,#7286),.PCURVE_S1.);
#7275 = LINE('',#7276,#7277);
#7276 = CARTESIAN_POINT('',(-6.822379409419,-17.76105681523,3.5));
#7277 = VECTOR('',#7278,1.);
#7278 = DIRECTION('',(-0.309016994375,-0.951056516295,0.));
#7279 = PCURVE('',#910,#7280);
#7280 = DEFINITIONAL_REPRESENTATION('',(#7281),#7285);
#7281 = LINE('',#7282,#7283);
#7282 = CARTESIAN_POINT('',(-0.,-1.5));
#7283 = VECTOR('',#7284,1.);
#7284 = DIRECTION('',(1.,0.));
#7285 = ( GEOMETRIC_REPRESENTATION_CONTEXT(2) 
PARAMETRIC_REPRESENTATION_CONTEXT() REPRESENTATION_CONTEXT('2D SPACE',''
  ) );
#7286 = PCURVE('',#883,#7287);
#7287 = DEFINITIONAL_REPRESENTATION('',(#7288),#7292);
#7288 = LINE('',#7289,#7290);
#7289 = CARTESIAN_POINT('',(-6.,-1.));
#7290 = VECTOR('',#7291,1.);
#7291 = DIRECTION('',(1.,0.));
#7292 = ( GEOMETRIC_REPRESENTATION_CONTEXT(2) 
PARAMETRIC_REPRESENTATION_CONTEXT() REPRESENTATION_CONTEXT('2D SPACE',''
  ) );
#7293 = ADVANCED_FACE('',(#7294),#883,.T.);
#7294 = FACE_BOUND('',#7295,.T.);
#7295 = EDGE_LOOP('',(#7296,#7297,#7298,#7299));
#7296 = ORIENTED_EDGE('',*,*,#3832,.T.);
#7297 = ORIENTED_EDGE('',*,*,#7273,.T.);
#7298 = ORIENTED_EDGE('',*,*,#866,.T.);
#7299 = ORIENTED_EDGE('',*,*,#7300,.T.);
#7300 = EDGE_CURVE('',#841,#3833,#7301,.T.);
#7301 = SURFACE_CURVE('',#7302,(#7306,#7313),.PCURVE_S1.);
#7302 = LINE('',#7303,#7304);
#7303 = CARTESIAN_POINT('',(-8.628470309328,-29.79176899952,3.5));
#7304 = VECTOR('',#7305,1.);
#7305 = DIRECTION('',(0.309016994375,0.951056516295,0.));
#7306 = PCURVE('',#883,#7307);
#7307 = DEFINITIONAL_REPRESENTATION('',(#7308),#7312);
#7308 = LINE('',#7309,#7310);
#7309 = CARTESIAN_POINT('',(6.,1.));
#7310 = VECTOR('',#7311,1.);
#7311 = DIRECTION('',(-1.,0.));
#7312 = ( GEOMETRIC_REPRESENTATION_CONTEXT(2) 
PARAMETRIC_REPRESENTATION_CONTEXT() REPRESENTATION_CONTEXT('2D SPACE',''
  ) );
#7313 = PCURVE('',#855,#7314);
#7314 = DEFINITIONAL_REPRESENTATION('',(#7315),#7319);
#7315 = LINE('',#7316,#7317);
#7316 = CARTESIAN_POINT('',(0.,-1.5));
#7317 = VECTOR('',#7318,1.);
#7318 = DIRECTION('',(1.,0.));
#7319 = ( GEOMETRIC_REPRESENTATION_CONTEXT(2) 
PARAMETRIC_REPRESENTATION_CONTEXT() REPRESENTATION_CONTEXT('2D SPACE',''
  ) );
#7320 = ADVANCED_FACE('',(#7321),#855,.F.);
#7321 = FACE_BOUND('',#7322,.F.);
#7322 = EDGE_LOOP('',(#7323,#7388,#7389,#7390));
#7323 = ORIENTED_EDGE('',*,*,#7324,.T.);
#7324 = EDGE_CURVE('',#3861,#812,#7325,.T.);
#7325 = SURFACE_CURVE('',#7326,(#7341,#7359),.PCURVE_S1.);
#7326 = B_SPLINE_CURVE_WITH_KNOTS('',4,(#7327,#7328,#7329,#7330,#7331,
    #7332,#7333,#7334,#7335,#7336,#7337,#7338,#7339,#7340),
  .UNSPECIFIED.,.F.,.F.,(5,3,3,3,5),(0.499921930346,0.750978212197,
    1.003000036132,1.250981322221,1.499921930346),.UNSPECIFIED.);
#7327 = CARTESIAN_POINT('',(-5.221553111909,-19.3063560285,4.));
#7328 = CARTESIAN_POINT('',(-5.405501414565,-19.87249069128,
    4.247718608162));
#7329 = CARTESIAN_POINT('',(-5.594500484803,-20.45417001829,
    4.456171887555));
#7330 = CARTESIAN_POINT('',(-5.78734534214,-21.04768546095,
    4.623730500253));
#7331 = CARTESIAN_POINT('',(-6.178916025753,-22.25281610754,
    4.875869601056));
#7332 = CARTESIAN_POINT('',(-6.377664110736,-22.86449981674,
    4.960130256205));
#7333 = CARTESIAN_POINT('',(-6.577702954561,-23.48015607318,
    5.001495470729));
#7334 = CARTESIAN_POINT('',(-6.974508673156,-24.70139850075,
    4.998456144605));
#7335 = CARTESIAN_POINT('',(-7.171279044317,-25.30699543268,
    4.955416187509));
#7336 = CARTESIAN_POINT('',(-7.366759480094,-25.90862235171,
    4.870843568798));
#7337 = CARTESIAN_POINT('',(-7.753411277845,-27.09861422427,
    4.619735079734));
#7338 = CARTESIAN_POINT('',(-7.944565450164,-27.68692627347,
    4.45288191925));
#7339 = CARTESIAN_POINT('',(-8.131922410819,-28.26355170686,4.2457764498
    ));
#7340 = CARTESIAN_POINT('',(-8.314301600284,-28.8248571358,4.));
#7341 = PCURVE('',#855,#7342);
#7342 = DEFINITIONAL_REPRESENTATION('',(#7343),#7358);
#7343 = B_SPLINE_CURVE_WITH_KNOTS('',4,(#7344,#7345,#7346,#7347,#7348,
    #7349,#7350,#7351,#7352,#7353,#7354,#7355,#7356,#7357),
  .UNSPECIFIED.,.F.,.F.,(5,3,3,3,5),(0.499921930346,0.750978212197,
    1.003000036132,1.250981322221,1.499921930346),.UNSPECIFIED.);
#7344 = CARTESIAN_POINT('',(11.025015644562,-1.));
#7345 = CARTESIAN_POINT('',(10.429746432822,-0.752281391838));
#7346 = CARTESIAN_POINT('',(9.818132593847,-0.543828112445));
#7347 = CARTESIAN_POINT('',(9.194073526392,-0.376269499747));
#7348 = CARTESIAN_POINT('',(7.926924176226,-0.124130398944));
#7349 = CARTESIAN_POINT('',(7.283761862819,-3.986974379506E-02));
#7350 = CARTESIAN_POINT('',(6.636422566063,1.495470728731E-03));
#7351 = CARTESIAN_POINT('',(5.352332286829,-1.543855394751E-03));
#7352 = CARTESIAN_POINT('',(4.715569989794,-4.458381249108E-02));
#7353 = CARTESIAN_POINT('',(4.082982011349,-0.129156431202));
#7354 = CARTESIAN_POINT('',(2.831750510204,-0.380264920266));
#7355 = CARTESIAN_POINT('',(2.213162614399,-0.54711808075));
#7356 = CARTESIAN_POINT('',(1.606862753661,-0.7542235502));
#7357 = CARTESIAN_POINT('',(1.01667129887,-1.));
#7358 = ( GEOMETRIC_REPRESENTATION_CONTEXT(2) 
PARAMETRIC_REPRESENTATION_CONTEXT() REPRESENTATION_CONTEXT('2D SPACE',''
  ) );
#7359 = PCURVE('',#828,#7360);
#7360 = DEFINITIONAL_REPRESENTATION('',(#7361),#7387);
#7361 = B_SPLINE_CURVE_WITH_KNOTS('',3,(#7362,#7363,#7364,#7365,#7366,
    #7367,#7368,#7369,#7370,#7371,#7372,#7373,#7374,#7375,#7376,#7377,
    #7378,#7379,#7380,#7381,#7382,#7383,#7384,#7385,#7386),
  .UNSPECIFIED.,.F.,.F.,(4,1,1,1,1,1,1,1,1,1,1,1,1,1,1,1,1,1,1,1,1,1,4),
  (0.499921930346,0.5453764758,0.590831021255,0.636285566709,
    0.681740112164,0.727194657619,0.772649203073,0.818103748528,
    0.863558293982,0.909012839437,0.954467384891,0.999921930346,
    1.0453764758,1.090831021255,1.136285566709,1.181740112164,
    1.227194657619,1.272649203073,1.318103748528,1.363558293982,
    1.409012839437,1.454467384891,1.499921930346),
  .QUASI_UNIFORM_KNOTS.);
#7362 = CARTESIAN_POINT('',(4.448250571831,1.965587446495));
#7363 = CARTESIAN_POINT('',(4.447891306146,1.953627373266));
#7364 = CARTESIAN_POINT('',(4.447182940139,1.929707043089));
#7365 = CARTESIAN_POINT('',(4.446151069928,1.893825933962));
#7366 = CARTESIAN_POINT('',(4.445150123225,1.857944166286));
#7367 = CARTESIAN_POINT('',(4.444180127747,1.822061632319));
#7368 = CARTESIAN_POINT('',(4.443240996759,1.786178242599));
#7369 = CARTESIAN_POINT('',(4.442332528343,1.750294030664));
#7370 = CARTESIAN_POINT('',(4.44145441977,1.714408826912));
#7371 = CARTESIAN_POINT('',(4.440606291782,1.678522682549));
#7372 = CARTESIAN_POINT('',(4.439787694336,1.642635543548));
#7373 = CARTESIAN_POINT('',(4.438998121345,1.606747344803));
#7374 = CARTESIAN_POINT('',(4.438237023439,1.570858101692));
#7375 = CARTESIAN_POINT('',(4.437503815148,1.534967803684));
#7376 = CARTESIAN_POINT('',(4.436797883166,1.499076392225));
#7377 = CARTESIAN_POINT('',(4.436118596972,1.463183924405));
#7378 = CARTESIAN_POINT('',(4.435465311099,1.427290358782));
#7379 = CARTESIAN_POINT('',(4.434837373244,1.391395673395));
#7380 = CARTESIAN_POINT('',(4.434234130591,1.355499962455));
#7381 = CARTESIAN_POINT('',(4.433654928687,1.319603117663));
#7382 = CARTESIAN_POINT('',(4.433099121807,1.283705239869));
#7383 = CARTESIAN_POINT('',(4.432566071176,1.247806322457));
#7384 = CARTESIAN_POINT('',(4.432055147408,1.211906345577));
#7385 = CARTESIAN_POINT('',(4.431728876257,1.187972360436));
#7386 = CARTESIAN_POINT('',(4.431569224287,1.176005207095));
#7387 = ( GEOMETRIC_REPRESENTATION_CONTEXT(2) 
PARAMETRIC_REPRESENTATION_CONTEXT() REPRESENTATION_CONTEXT('2D SPACE',''
  ) );
#7388 = ORIENTED_EDGE('',*,*,#840,.F.);
#7389 = ORIENTED_EDGE('',*,*,#7300,.T.);
#7390 = ORIENTED_EDGE('',*,*,#3860,.F.);
#7391 = ADVANCED_FACE('',(#7392),#828,.T.);
#7392 = FACE_BOUND('',#7393,.T.);
#7393 = EDGE_LOOP('',(#7394,#7395,#7396,#7397));
#7394 = ORIENTED_EDGE('',*,*,#3881,.F.);
#7395 = ORIENTED_EDGE('',*,*,#7324,.T.);
#7396 = ORIENTED_EDGE('',*,*,#811,.T.);
#7397 = ORIENTED_EDGE('',*,*,#7398,.F.);
#7398 = EDGE_CURVE('',#3882,#786,#7399,.T.);
#7399 = SURFACE_CURVE('',#7400,(#7415,#7444),.PCURVE_S1.);
#7400 = B_SPLINE_CURVE_WITH_KNOTS('',4,(#7401,#7402,#7403,#7404,#7405,
    #7406,#7407,#7408,#7409,#7410,#7411,#7412,#7413,#7414),
  .UNSPECIFIED.,.F.,.F.,(5,3,3,3,5),(0.499921985034,0.750978266886,
    1.003000090821,1.250981376909,1.499921985034),.UNSPECIFIED.);
#7401 = CARTESIAN_POINT('',(-1.,-19.97498435543,4.));
#7402 = CARTESIAN_POINT('',(-1.,-20.57025356717,4.247718608162));
#7403 = CARTESIAN_POINT('',(-1.,-21.18186740615,4.456171887555));
#7404 = CARTESIAN_POINT('',(-1.,-21.8059264736,4.623730500253));
#7405 = CARTESIAN_POINT('',(-1.,-23.07307582377,4.875869601056));
#7406 = CARTESIAN_POINT('',(-1.,-23.71623813718,4.960130256204));
#7407 = CARTESIAN_POINT('',(-1.,-24.36357743393,5.001495470729));
#7408 = CARTESIAN_POINT('',(-1.,-25.64766771317,4.998456144605));
#7409 = CARTESIAN_POINT('',(-1.,-26.2844300102,4.955416187509));
#7410 = CARTESIAN_POINT('',(-1.,-26.91701798865,4.870843568798));
#7411 = CARTESIAN_POINT('',(-1.,-28.16824948979,4.619735079734));
#7412 = CARTESIAN_POINT('',(-1.,-28.7868373856,4.45288191925));
#7413 = CARTESIAN_POINT('',(-1.,-29.39313724633,4.2457764498));
#7414 = CARTESIAN_POINT('',(-1.,-29.98332870113,4.));
#7415 = PCURVE('',#828,#7416);
#7416 = DEFINITIONAL_REPRESENTATION('',(#7417),#7443);
#7417 = B_SPLINE_CURVE_WITH_KNOTS('',3,(#7418,#7419,#7420,#7421,#7422,
    #7423,#7424,#7425,#7426,#7427,#7428,#7429,#7430,#7431,#7432,#7433,
    #7434,#7435,#7436,#7437,#7438,#7439,#7440,#7441,#7442),
  .UNSPECIFIED.,.F.,.F.,(4,1,1,1,1,1,1,1,1,1,1,1,1,1,1,1,1,1,1,1,1,1,4),
  (0.499921985034,0.545376530489,0.590831075944,0.636285621398,
    0.681740166853,0.727194712307,0.772649257762,0.818103803216,
    0.863558348671,0.909012894125,0.95446743958,0.999921985034,
    1.045376530489,1.090831075943,1.136285621398,1.181740166853,
    1.227194712307,1.272649257762,1.318103803216,1.363558348671,
    1.409012894125,1.45446743958,1.499921985034),.QUASI_UNIFORM_KNOTS.);
#7418 = CARTESIAN_POINT('',(4.662368123579,1.965587446495));
#7419 = CARTESIAN_POINT('',(4.662727389264,1.953627373266));
#7420 = CARTESIAN_POINT('',(4.663435755272,1.929707043089));
#7421 = CARTESIAN_POINT('',(4.664467625482,1.893825933962));
#7422 = CARTESIAN_POINT('',(4.665468572185,1.857944166286));
#7423 = CARTESIAN_POINT('',(4.666438567664,1.822061632319));
#7424 = CARTESIAN_POINT('',(4.667377698651,1.786178242599));
#7425 = CARTESIAN_POINT('',(4.668286167067,1.750294030664));
#7426 = CARTESIAN_POINT('',(4.669164275641,1.714408826912));
#7427 = CARTESIAN_POINT('',(4.670012403628,1.678522682549));
#7428 = CARTESIAN_POINT('',(4.670831001074,1.642635543548));
#7429 = CARTESIAN_POINT('',(4.671620574066,1.606747344803));
#7430 = CARTESIAN_POINT('',(4.672381671972,1.570858101692));
#7431 = CARTESIAN_POINT('',(4.673114880262,1.534967803684));
#7432 = CARTESIAN_POINT('',(4.673820812244,1.499076392225));
#7433 = CARTESIAN_POINT('',(4.674500098439,1.463183924405));
#7434 = CARTESIAN_POINT('',(4.675153384312,1.427290358782));
#7435 = CARTESIAN_POINT('',(4.675781322167,1.391395673395));
#7436 = CARTESIAN_POINT('',(4.67638456482,1.355499962455));
#7437 = CARTESIAN_POINT('',(4.676963766724,1.319603117663));
#7438 = CARTESIAN_POINT('',(4.677519573604,1.283705239869));
#7439 = CARTESIAN_POINT('',(4.678052624234,1.247806322457));
#7440 = CARTESIAN_POINT('',(4.678563548003,1.211906345577));
#7441 = CARTESIAN_POINT('',(4.678889819154,1.187972360436));
#7442 = CARTESIAN_POINT('',(4.679049471123,1.176005207095));
#7443 = ( GEOMETRIC_REPRESENTATION_CONTEXT(2) 
PARAMETRIC_REPRESENTATION_CONTEXT() REPRESENTATION_CONTEXT('2D SPACE',''
  ) );
#7444 = PCURVE('',#800,#7445);
#7445 = DEFINITIONAL_REPRESENTATION('',(#7446),#7461);
#7446 = B_SPLINE_CURVE_WITH_KNOTS('',4,(#7447,#7448,#7449,#7450,#7451,
    #7452,#7453,#7454,#7455,#7456,#7457,#7458,#7459,#7460),
  .UNSPECIFIED.,.F.,.F.,(5,3,3,3,5),(0.499921985034,0.750978266886,
    1.003000090821,1.250981376909,1.499921985034),.UNSPECIFIED.);
#7447 = CARTESIAN_POINT('',(0.974984355438,-1.));
#7448 = CARTESIAN_POINT('',(1.570253567178,-0.752281391838));
#7449 = CARTESIAN_POINT('',(2.181867406153,-0.543828112445));
#7450 = CARTESIAN_POINT('',(2.805926473607,-0.376269499747));
#7451 = CARTESIAN_POINT('',(4.073075823774,-0.124130398944));
#7452 = CARTESIAN_POINT('',(4.716238137182,-3.986974379614E-02));
#7453 = CARTESIAN_POINT('',(5.363577433937,1.495470728704E-03));
#7454 = CARTESIAN_POINT('',(6.647667713171,-1.543855394751E-03));
#7455 = CARTESIAN_POINT('',(7.284430010206,-4.458381249108E-02));
#7456 = CARTESIAN_POINT('',(7.917017988651,-0.129156431202));
#7457 = CARTESIAN_POINT('',(9.168249489796,-0.380264920266));
#7458 = CARTESIAN_POINT('',(9.786837385601,-0.54711808075));
#7459 = CARTESIAN_POINT('',(10.393137246339,-0.7542235502));
#7460 = CARTESIAN_POINT('',(10.98332870113,-1.));
#7461 = ( GEOMETRIC_REPRESENTATION_CONTEXT(2) 
PARAMETRIC_REPRESENTATION_CONTEXT() REPRESENTATION_CONTEXT('2D SPACE',''
  ) );
#7462 = ADVANCED_FACE('',(#7463),#800,.F.);
#7463 = FACE_BOUND('',#7464,.F.);
#7464 = EDGE_LOOP('',(#7465,#7466,#7467,#7468));
#7465 = ORIENTED_EDGE('',*,*,#785,.T.);
#7466 = ORIENTED_EDGE('',*,*,#7398,.F.);
#7467 = ORIENTED_EDGE('',*,*,#3905,.T.);
#7468 = ORIENTED_EDGE('',*,*,#7469,.T.);
#7469 = EDGE_CURVE('',#3906,#757,#7470,.T.);
#7470 = SURFACE_CURVE('',#7471,(#7475,#7482),.PCURVE_S1.);
#7471 = LINE('',#7472,#7473);
#7472 = CARTESIAN_POINT('',(-1.,-19.,3.5));
#7473 = VECTOR('',#7474,1.);
#7474 = DIRECTION('',(-2.22044604925E-16,-1.,0.));
#7475 = PCURVE('',#800,#7476);
#7476 = DEFINITIONAL_REPRESENTATION('',(#7477),#7481);
#7477 = LINE('',#7478,#7479);
#7478 = CARTESIAN_POINT('',(-0.,-1.5));
#7479 = VECTOR('',#7480,1.);
#7480 = DIRECTION('',(1.,0.));
#7481 = ( GEOMETRIC_REPRESENTATION_CONTEXT(2) 
PARAMETRIC_REPRESENTATION_CONTEXT() REPRESENTATION_CONTEXT('2D SPACE',''
  ) );
#7482 = PCURVE('',#773,#7483);
#7483 = DEFINITIONAL_REPRESENTATION('',(#7484),#7488);
#7484 = LINE('',#7485,#7486);
#7485 = CARTESIAN_POINT('',(-6.,-1.));
#7486 = VECTOR('',#7487,1.);
#7487 = DIRECTION('',(1.,0.));
#7488 = ( GEOMETRIC_REPRESENTATION_CONTEXT(2) 
PARAMETRIC_REPRESENTATION_CONTEXT() REPRESENTATION_CONTEXT('2D SPACE',''
  ) );
#7489 = ADVANCED_FACE('',(#7490),#773,.T.);
#7490 = FACE_BOUND('',#7491,.T.);
#7491 = EDGE_LOOP('',(#7492,#7493,#7494,#7495));
#7492 = ORIENTED_EDGE('',*,*,#3926,.T.);
#7493 = ORIENTED_EDGE('',*,*,#7469,.T.);
#7494 = ORIENTED_EDGE('',*,*,#756,.T.);
#7495 = ORIENTED_EDGE('',*,*,#7496,.T.);
#7496 = EDGE_CURVE('',#731,#3927,#7497,.T.);
#7497 = SURFACE_CURVE('',#7498,(#7502,#7509),.PCURVE_S1.);
#7498 = LINE('',#7499,#7500);
#7499 = CARTESIAN_POINT('',(1.,-31.,3.5));
#7500 = VECTOR('',#7501,1.);
#7501 = DIRECTION('',(2.22044604925E-16,1.,0.));
#7502 = PCURVE('',#773,#7503);
#7503 = DEFINITIONAL_REPRESENTATION('',(#7504),#7508);
#7504 = LINE('',#7505,#7506);
#7505 = CARTESIAN_POINT('',(6.,1.));
#7506 = VECTOR('',#7507,1.);
#7507 = DIRECTION('',(-1.,0.));
#7508 = ( GEOMETRIC_REPRESENTATION_CONTEXT(2) 
PARAMETRIC_REPRESENTATION_CONTEXT() REPRESENTATION_CONTEXT('2D SPACE',''
  ) );
#7509 = PCURVE('',#745,#7510);
#7510 = DEFINITIONAL_REPRESENTATION('',(#7511),#7515);
#7511 = LINE('',#7512,#7513);
#7512 = CARTESIAN_POINT('',(0.,-1.5));
#7513 = VECTOR('',#7514,1.);
#7514 = DIRECTION('',(1.,0.));
#7515 = ( GEOMETRIC_REPRESENTATION_CONTEXT(2) 
PARAMETRIC_REPRESENTATION_CONTEXT() REPRESENTATION_CONTEXT('2D SPACE',''
  ) );
#7516 = ADVANCED_FACE('',(#7517),#745,.F.);
#7517 = FACE_BOUND('',#7518,.F.);
#7518 = EDGE_LOOP('',(#7519,#7584,#7585,#7586));
#7519 = ORIENTED_EDGE('',*,*,#7520,.T.);
#7520 = EDGE_CURVE('',#3955,#702,#7521,.T.);
#7521 = SURFACE_CURVE('',#7522,(#7537,#7555),.PCURVE_S1.);
#7522 = B_SPLINE_CURVE_WITH_KNOTS('',4,(#7523,#7524,#7525,#7526,#7527,
    #7528,#7529,#7530,#7531,#7532,#7533,#7534,#7535,#7536),
  .UNSPECIFIED.,.F.,.F.,(5,3,3,3,5),(0.499921970623,0.750978252474,
    1.00300007641,1.250981362498,1.499921970623),.UNSPECIFIED.);
#7523 = CARTESIAN_POINT('',(1.,-19.97498435543,4.));
#7524 = CARTESIAN_POINT('',(1.,-20.57025356717,4.247718608162));
#7525 = CARTESIAN_POINT('',(1.,-21.18186740615,4.456171887555));
#7526 = CARTESIAN_POINT('',(1.,-21.8059264736,4.623730500253));
#7527 = CARTESIAN_POINT('',(1.,-23.07307582377,4.875869601056));
#7528 = CARTESIAN_POINT('',(1.,-23.71623813717,4.960130256205));
#7529 = CARTESIAN_POINT('',(1.,-24.36357743393,5.001495470729));
#7530 = CARTESIAN_POINT('',(1.,-25.64766771317,4.998456144605));
#7531 = CARTESIAN_POINT('',(1.,-26.2844300102,4.955416187509));
#7532 = CARTESIAN_POINT('',(1.,-26.91701798865,4.870843568798));
#7533 = CARTESIAN_POINT('',(1.,-28.16824948979,4.619735079734));
#7534 = CARTESIAN_POINT('',(1.,-28.7868373856,4.45288191925));
#7535 = CARTESIAN_POINT('',(1.,-29.39313724633,4.2457764498));
#7536 = CARTESIAN_POINT('',(1.,-29.98332870113,4.));
#7537 = PCURVE('',#745,#7538);
#7538 = DEFINITIONAL_REPRESENTATION('',(#7539),#7554);
#7539 = B_SPLINE_CURVE_WITH_KNOTS('',4,(#7540,#7541,#7542,#7543,#7544,
    #7545,#7546,#7547,#7548,#7549,#7550,#7551,#7552,#7553),
  .UNSPECIFIED.,.F.,.F.,(5,3,3,3,5),(0.499921970623,0.750978252474,
    1.00300007641,1.250981362498,1.499921970623),.UNSPECIFIED.);
#7540 = CARTESIAN_POINT('',(11.025015644562,-1.));
#7541 = CARTESIAN_POINT('',(10.429746432822,-0.752281391838));
#7542 = CARTESIAN_POINT('',(9.818132593847,-0.543828112445));
#7543 = CARTESIAN_POINT('',(9.194073526393,-0.376269499747));
#7544 = CARTESIAN_POINT('',(7.926924176226,-0.124130398944));
#7545 = CARTESIAN_POINT('',(7.283761862823,-3.986974379545E-02));
#7546 = CARTESIAN_POINT('',(6.636422566063,1.495470728722E-03));
#7547 = CARTESIAN_POINT('',(5.352332286829,-1.543855394751E-03));
#7548 = CARTESIAN_POINT('',(4.715569989794,-4.458381249107E-02));
#7549 = CARTESIAN_POINT('',(4.082982011349,-0.129156431202));
#7550 = CARTESIAN_POINT('',(2.831750510204,-0.380264920266));
#7551 = CARTESIAN_POINT('',(2.213162614399,-0.54711808075));
#7552 = CARTESIAN_POINT('',(1.606862753661,-0.7542235502));
#7553 = CARTESIAN_POINT('',(1.01667129887,-1.));
#7554 = ( GEOMETRIC_REPRESENTATION_CONTEXT(2) 
PARAMETRIC_REPRESENTATION_CONTEXT() REPRESENTATION_CONTEXT('2D SPACE',''
  ) );
#7555 = PCURVE('',#718,#7556);
#7556 = DEFINITIONAL_REPRESENTATION('',(#7557),#7583);
#7557 = B_SPLINE_CURVE_WITH_KNOTS('',3,(#7558,#7559,#7560,#7561,#7562,
    #7563,#7564,#7565,#7566,#7567,#7568,#7569,#7570,#7571,#7572,#7573,
    #7574,#7575,#7576,#7577,#7578,#7579,#7580,#7581,#7582),
  .UNSPECIFIED.,.F.,.F.,(4,1,1,1,1,1,1,1,1,1,1,1,1,1,1,1,1,1,1,1,1,1,4),
  (0.499921970623,0.545376516078,0.590831061532,0.636285606987,
    0.681740152441,0.727194697896,0.77264924335,0.818103788805,
    0.86355833426,0.909012879714,0.954467425169,0.999921970623,
    1.045376516078,1.090831061532,1.136285606987,1.181740152441,
    1.227194697896,1.272649243351,1.318103788805,1.36355833426,
    1.409012879714,1.454467425169,1.499921970623),
  .QUASI_UNIFORM_KNOTS.);
#7558 = CARTESIAN_POINT('',(4.76240983719,1.965587446495));
#7559 = CARTESIAN_POINT('',(4.762050571505,1.953627373266));
#7560 = CARTESIAN_POINT('',(4.761342205498,1.929707043089));
#7561 = CARTESIAN_POINT('',(4.760310335287,1.893825933962));
#7562 = CARTESIAN_POINT('',(4.759309388584,1.857944166286));
#7563 = CARTESIAN_POINT('',(4.758339393106,1.822061632319));
#7564 = CARTESIAN_POINT('',(4.757400262118,1.786178242599));
#7565 = CARTESIAN_POINT('',(4.756491793702,1.750294030664));
#7566 = CARTESIAN_POINT('',(4.755613685129,1.714408826912));
#7567 = CARTESIAN_POINT('',(4.754765557141,1.678522682549));
#7568 = CARTESIAN_POINT('',(4.753946959695,1.642635543548));
#7569 = CARTESIAN_POINT('',(4.753157386704,1.606747344803));
#7570 = CARTESIAN_POINT('',(4.752396288798,1.570858101692));
#7571 = CARTESIAN_POINT('',(4.751663080507,1.534967803684));
#7572 = CARTESIAN_POINT('',(4.750957148525,1.499076392225));
#7573 = CARTESIAN_POINT('',(4.75027786233,1.463183924405));
#7574 = CARTESIAN_POINT('',(4.749624576458,1.427290358782));
#7575 = CARTESIAN_POINT('',(4.748996638603,1.391395673395));
#7576 = CARTESIAN_POINT('',(4.748393395949,1.355499962455));
#7577 = CARTESIAN_POINT('',(4.747814194046,1.319603117663));
#7578 = CARTESIAN_POINT('',(4.747258387166,1.283705239869));
#7579 = CARTESIAN_POINT('',(4.746725336535,1.247806322457));
#7580 = CARTESIAN_POINT('',(4.746214412767,1.211906345577));
#7581 = CARTESIAN_POINT('',(4.745888141616,1.187972360436));
#7582 = CARTESIAN_POINT('',(4.745728489646,1.176005207095));
#7583 = ( GEOMETRIC_REPRESENTATION_CONTEXT(2) 
PARAMETRIC_REPRESENTATION_CONTEXT() REPRESENTATION_CONTEXT('2D SPACE',''
  ) );
#7584 = ORIENTED_EDGE('',*,*,#730,.F.);
#7585 = ORIENTED_EDGE('',*,*,#7496,.T.);
#7586 = ORIENTED_EDGE('',*,*,#3954,.F.);
#7587 = ADVANCED_FACE('',(#7588),#718,.T.);
#7588 = FACE_BOUND('',#7589,.T.);
#7589 = EDGE_LOOP('',(#7590,#7591,#7592,#7593));
#7590 = ORIENTED_EDGE('',*,*,#3975,.F.);
#7591 = ORIENTED_EDGE('',*,*,#7520,.T.);
#7592 = ORIENTED_EDGE('',*,*,#701,.T.);
#7593 = ORIENTED_EDGE('',*,*,#7594,.F.);
#7594 = EDGE_CURVE('',#3976,#676,#7595,.T.);
#7595 = SURFACE_CURVE('',#7596,(#7611,#7640),.PCURVE_S1.);
#7596 = B_SPLINE_CURVE_WITH_KNOTS('',4,(#7597,#7598,#7599,#7600,#7601,
    #7602,#7603,#7604,#7605,#7606,#7607,#7608,#7609,#7610),
  .UNSPECIFIED.,.F.,.F.,(5,3,3,3,5),(0.49992198407,0.750978265921,
    1.003000089857,1.250981375945,1.49992198407),.UNSPECIFIED.);
#7597 = CARTESIAN_POINT('',(5.221553111909,-19.3063560285,4.));
#7598 = CARTESIAN_POINT('',(5.405501414565,-19.87249069128,
    4.247718608162));
#7599 = CARTESIAN_POINT('',(5.594500484803,-20.45417001829,
    4.456171887555));
#7600 = CARTESIAN_POINT('',(5.78734534214,-21.04768546095,4.623730500253
    ));
#7601 = CARTESIAN_POINT('',(6.178916025753,-22.25281610754,
    4.875869601056));
#7602 = CARTESIAN_POINT('',(6.377664110736,-22.86449981674,
    4.960130256204));
#7603 = CARTESIAN_POINT('',(6.577702954561,-23.48015607318,
    5.001495470729));
#7604 = CARTESIAN_POINT('',(6.974508673156,-24.70139850075,
    4.998456144605));
#7605 = CARTESIAN_POINT('',(7.171279044317,-25.30699543268,
    4.955416187509));
#7606 = CARTESIAN_POINT('',(7.366759480094,-25.90862235171,
    4.870843568798));
#7607 = CARTESIAN_POINT('',(7.753411277845,-27.09861422427,
    4.619735079734));
#7608 = CARTESIAN_POINT('',(7.944565450164,-27.68692627347,4.45288191925
    ));
#7609 = CARTESIAN_POINT('',(8.131922410819,-28.26355170686,4.2457764498)
  );
#7610 = CARTESIAN_POINT('',(8.314301600284,-28.8248571358,4.));
#7611 = PCURVE('',#718,#7612);
#7612 = DEFINITIONAL_REPRESENTATION('',(#7613),#7639);
#7613 = B_SPLINE_CURVE_WITH_KNOTS('',3,(#7614,#7615,#7616,#7617,#7618,
    #7619,#7620,#7621,#7622,#7623,#7624,#7625,#7626,#7627,#7628,#7629,
    #7630,#7631,#7632,#7633,#7634,#7635,#7636,#7637,#7638),
  .UNSPECIFIED.,.F.,.F.,(4,1,1,1,1,1,1,1,1,1,1,1,1,1,1,1,1,1,1,1,1,1,4),
  (0.49992198407,0.545376529525,0.590831074979,0.636285620434,
    0.681740165888,0.727194711343,0.772649256797,0.818103802252,
    0.863558347707,0.909012893161,0.954467438616,0.99992198407,
    1.045376529525,1.090831074979,1.136285620434,1.181740165888,
    1.227194711343,1.272649256798,1.318103802252,1.363558347707,
    1.409012893161,1.454467438616,1.49992198407),.QUASI_UNIFORM_KNOTS.);
#7614 = CARTESIAN_POINT('',(4.976527388938,1.965587446495));
#7615 = CARTESIAN_POINT('',(4.976886654623,1.953627373266));
#7616 = CARTESIAN_POINT('',(4.977595020631,1.929707043089));
#7617 = CARTESIAN_POINT('',(4.978626890841,1.893825933962));
#7618 = CARTESIAN_POINT('',(4.979627837544,1.857944166286));
#7619 = CARTESIAN_POINT('',(4.980597833023,1.822061632319));
#7620 = CARTESIAN_POINT('',(4.98153696401,1.786178242599));
#7621 = CARTESIAN_POINT('',(4.982445432426,1.750294030664));
#7622 = CARTESIAN_POINT('',(4.983323541,1.714408826912));
#7623 = CARTESIAN_POINT('',(4.984171668987,1.678522682549));
#7624 = CARTESIAN_POINT('',(4.984990266433,1.642635543548));
#7625 = CARTESIAN_POINT('',(4.985779839425,1.606747344803));
#7626 = CARTESIAN_POINT('',(4.986540937331,1.570858101692));
#7627 = CARTESIAN_POINT('',(4.987274145621,1.534967803684));
#7628 = CARTESIAN_POINT('',(4.987980077603,1.499076392225));
#7629 = CARTESIAN_POINT('',(4.988659363798,1.463183924405));
#7630 = CARTESIAN_POINT('',(4.989312649671,1.427290358782));
#7631 = CARTESIAN_POINT('',(4.989940587526,1.391395673395));
#7632 = CARTESIAN_POINT('',(4.990543830179,1.355499962455));
#7633 = CARTESIAN_POINT('',(4.991123032083,1.319603117663));
#7634 = CARTESIAN_POINT('',(4.991678838963,1.283705239869));
#7635 = CARTESIAN_POINT('',(4.992211889593,1.247806322457));
#7636 = CARTESIAN_POINT('',(4.992722813362,1.211906345577));
#7637 = CARTESIAN_POINT('',(4.993049084512,1.187972360436));
#7638 = CARTESIAN_POINT('',(4.993208736482,1.176005207095));
#7639 = ( GEOMETRIC_REPRESENTATION_CONTEXT(2) 
PARAMETRIC_REPRESENTATION_CONTEXT() REPRESENTATION_CONTEXT('2D SPACE',''
  ) );
#7640 = PCURVE('',#690,#7641);
#7641 = DEFINITIONAL_REPRESENTATION('',(#7642),#7657);
#7642 = B_SPLINE_CURVE_WITH_KNOTS('',4,(#7643,#7644,#7645,#7646,#7647,
    #7648,#7649,#7650,#7651,#7652,#7653,#7654,#7655,#7656),
  .UNSPECIFIED.,.F.,.F.,(5,3,3,3,5),(0.49992198407,0.750978265921,
    1.003000089857,1.250981375945,1.49992198407),.UNSPECIFIED.);
#7643 = CARTESIAN_POINT('',(0.974984355438,-1.));
#7644 = CARTESIAN_POINT('',(1.570253567178,-0.752281391838));
#7645 = CARTESIAN_POINT('',(2.181867406153,-0.543828112445));
#7646 = CARTESIAN_POINT('',(2.805926473607,-0.376269499747));
#7647 = CARTESIAN_POINT('',(4.073075823774,-0.124130398944));
#7648 = CARTESIAN_POINT('',(4.716238137176,-3.986974379648E-02));
#7649 = CARTESIAN_POINT('',(5.363577433937,1.495470728697E-03));
#7650 = CARTESIAN_POINT('',(6.647667713171,-1.543855394751E-03));
#7651 = CARTESIAN_POINT('',(7.284430010206,-4.458381249108E-02));
#7652 = CARTESIAN_POINT('',(7.917017988651,-0.129156431202));
#7653 = CARTESIAN_POINT('',(9.168249489796,-0.380264920266));
#7654 = CARTESIAN_POINT('',(9.786837385601,-0.54711808075));
#7655 = CARTESIAN_POINT('',(10.393137246339,-0.7542235502));
#7656 = CARTESIAN_POINT('',(10.98332870113,-1.));
#7657 = ( GEOMETRIC_REPRESENTATION_CONTEXT(2) 
PARAMETRIC_REPRESENTATION_CONTEXT() REPRESENTATION_CONTEXT('2D SPACE',''
  ) );
#7658 = ADVANCED_FACE('',(#7659),#690,.F.);
#7659 = FACE_BOUND('',#7660,.F.);
#7660 = EDGE_LOOP('',(#7661,#7662,#7663,#7664));
#7661 = ORIENTED_EDGE('',*,*,#675,.T.);
#7662 = ORIENTED_EDGE('',*,*,#7594,.F.);
#7663 = ORIENTED_EDGE('',*,*,#3999,.T.);
#7664 = ORIENTED_EDGE('',*,*,#7665,.T.);
#7665 = EDGE_CURVE('',#4000,#647,#7666,.T.);
#7666 = SURFACE_CURVE('',#7667,(#7671,#7678),.PCURVE_S1.);
#7667 = LINE('',#7668,#7669);
#7668 = CARTESIAN_POINT('',(4.920266376829,-18.37909080398,3.5));
#7669 = VECTOR('',#7670,1.);
#7670 = DIRECTION('',(0.309016994375,-0.951056516295,0.));
#7671 = PCURVE('',#690,#7672);
#7672 = DEFINITIONAL_REPRESENTATION('',(#7673),#7677);
#7673 = LINE('',#7674,#7675);
#7674 = CARTESIAN_POINT('',(0.,-1.5));
#7675 = VECTOR('',#7676,1.);
#7676 = DIRECTION('',(1.,0.));
#7677 = ( GEOMETRIC_REPRESENTATION_CONTEXT(2) 
PARAMETRIC_REPRESENTATION_CONTEXT() REPRESENTATION_CONTEXT('2D SPACE',''
  ) );
#7678 = PCURVE('',#663,#7679);
#7679 = DEFINITIONAL_REPRESENTATION('',(#7680),#7684);
#7680 = LINE('',#7681,#7682);
#7681 = CARTESIAN_POINT('',(-6.,-1.));
#7682 = VECTOR('',#7683,1.);
#7683 = DIRECTION('',(1.,0.));
#7684 = ( GEOMETRIC_REPRESENTATION_CONTEXT(2) 
PARAMETRIC_REPRESENTATION_CONTEXT() REPRESENTATION_CONTEXT('2D SPACE',''
  ) );
#7685 = ADVANCED_FACE('',(#7686),#663,.T.);
#7686 = FACE_BOUND('',#7687,.T.);
#7687 = EDGE_LOOP('',(#7688,#7689,#7690,#7691));
#7688 = ORIENTED_EDGE('',*,*,#4020,.T.);
#7689 = ORIENTED_EDGE('',*,*,#7665,.T.);
#7690 = ORIENTED_EDGE('',*,*,#646,.T.);
#7691 = ORIENTED_EDGE('',*,*,#7692,.T.);
#7692 = EDGE_CURVE('',#621,#4021,#7693,.T.);
#7693 = SURFACE_CURVE('',#7694,(#7698,#7705),.PCURVE_S1.);
#7694 = LINE('',#7695,#7696);
#7695 = CARTESIAN_POINT('',(10.530583341919,-29.17373501077,3.5));
#7696 = VECTOR('',#7697,1.);
#7697 = DIRECTION('',(-0.309016994375,0.951056516295,0.));
#7698 = PCURVE('',#663,#7699);
#7699 = DEFINITIONAL_REPRESENTATION('',(#7700),#7704);
#7700 = LINE('',#7701,#7702);
#7701 = CARTESIAN_POINT('',(6.,1.));
#7702 = VECTOR('',#7703,1.);
#7703 = DIRECTION('',(-1.,0.));
#7704 = ( GEOMETRIC_REPRESENTATION_CONTEXT(2) 
PARAMETRIC_REPRESENTATION_CONTEXT() REPRESENTATION_CONTEXT('2D SPACE',''
  ) );
#7705 = PCURVE('',#635,#7706);
#7706 = DEFINITIONAL_REPRESENTATION('',(#7707),#7711);
#7707 = LINE('',#7708,#7709);
#7708 = CARTESIAN_POINT('',(0.,-1.5));
#7709 = VECTOR('',#7710,1.);
#7710 = DIRECTION('',(1.,0.));
#7711 = ( GEOMETRIC_REPRESENTATION_CONTEXT(2) 
PARAMETRIC_REPRESENTATION_CONTEXT() REPRESENTATION_CONTEXT('2D SPACE',''
  ) );
#7712 = ADVANCED_FACE('',(#7713),#635,.F.);
#7713 = FACE_BOUND('',#7714,.F.);
#7714 = EDGE_LOOP('',(#7715,#7780,#7781,#7782));
#7715 = ORIENTED_EDGE('',*,*,#7716,.T.);
#7716 = EDGE_CURVE('',#4049,#592,#7717,.T.);
#7717 = SURFACE_CURVE('',#7718,(#7733,#7751),.PCURVE_S1.);
#7718 = B_SPLINE_CURVE_WITH_KNOTS('',4,(#7719,#7720,#7721,#7722,#7723,
    #7724,#7725,#7726,#7727,#7728,#7729,#7730,#7731,#7732),
  .UNSPECIFIED.,.F.,.F.,(5,3,3,3,5),(0.499921998112,0.750978279963,
    1.003000103898,1.250981389986,1.499921998112),.UNSPECIFIED.);
#7719 = CARTESIAN_POINT('',(7.123666144499,-18.68832203975,4.));
#7720 = CARTESIAN_POINT('',(7.307614447155,-19.25445670253,
    4.247718608162));
#7721 = CARTESIAN_POINT('',(7.496613517393,-19.83613602954,
    4.456171887555));
#7722 = CARTESIAN_POINT('',(7.68945837473,-20.4296514722,4.623730500253)
  );
#7723 = CARTESIAN_POINT('',(8.081029058343,-21.63478211879,
    4.875869601056));
#7724 = CARTESIAN_POINT('',(8.279777143325,-22.24646582799,
    4.960130256204));
#7725 = CARTESIAN_POINT('',(8.479815987152,-22.86212208443,
    5.001495470729));
#7726 = CARTESIAN_POINT('',(8.876621705747,-24.083364512,4.998456144605)
  );
#7727 = CARTESIAN_POINT('',(9.073392076908,-24.68896144393,
    4.955416187509));
#7728 = CARTESIAN_POINT('',(9.268872512684,-25.29058836296,
    4.870843568798));
#7729 = CARTESIAN_POINT('',(9.655524310436,-26.48058023552,
    4.619735079734));
#7730 = CARTESIAN_POINT('',(9.846678482754,-27.06889228472,4.45288191925
    ));
#7731 = CARTESIAN_POINT('',(10.034035443409,-27.64551771811,4.2457764498
    ));
#7732 = CARTESIAN_POINT('',(10.216414632874,-28.20682314705,4.));
#7733 = PCURVE('',#635,#7734);
#7734 = DEFINITIONAL_REPRESENTATION('',(#7735),#7750);
#7735 = B_SPLINE_CURVE_WITH_KNOTS('',4,(#7736,#7737,#7738,#7739,#7740,
    #7741,#7742,#7743,#7744,#7745,#7746,#7747,#7748,#7749),
  .UNSPECIFIED.,.F.,.F.,(5,3,3,3,5),(0.499921998112,0.750978279963,
    1.003000103898,1.250981389986,1.499921998112),.UNSPECIFIED.);
#7736 = CARTESIAN_POINT('',(11.025015644562,-1.));
#7737 = CARTESIAN_POINT('',(10.429746432822,-0.752281391838));
#7738 = CARTESIAN_POINT('',(9.818132593847,-0.543828112445));
#7739 = CARTESIAN_POINT('',(9.194073526392,-0.376269499747));
#7740 = CARTESIAN_POINT('',(7.926924176226,-0.124130398944));
#7741 = CARTESIAN_POINT('',(7.283761862823,-3.986974379602E-02));
#7742 = CARTESIAN_POINT('',(6.636422566063,1.495470728706E-03));
#7743 = CARTESIAN_POINT('',(5.352332286829,-1.543855394751E-03));
#7744 = CARTESIAN_POINT('',(4.715569989794,-4.458381249108E-02));
#7745 = CARTESIAN_POINT('',(4.082982011349,-0.129156431202));
#7746 = CARTESIAN_POINT('',(2.831750510204,-0.380264920266));
#7747 = CARTESIAN_POINT('',(2.213162614399,-0.54711808075));
#7748 = CARTESIAN_POINT('',(1.606862753661,-0.7542235502));
#7749 = CARTESIAN_POINT('',(1.01667129887,-1.));
#7750 = ( GEOMETRIC_REPRESENTATION_CONTEXT(2) 
PARAMETRIC_REPRESENTATION_CONTEXT() REPRESENTATION_CONTEXT('2D SPACE',''
  ) );
#7751 = PCURVE('',#608,#7752);
#7752 = DEFINITIONAL_REPRESENTATION('',(#7753),#7779);
#7753 = B_SPLINE_CURVE_WITH_KNOTS('',3,(#7754,#7755,#7756,#7757,#7758,
    #7759,#7760,#7761,#7762,#7763,#7764,#7765,#7766,#7767,#7768,#7769,
    #7770,#7771,#7772,#7773,#7774,#7775,#7776,#7777,#7778),
  .UNSPECIFIED.,.F.,.F.,(4,1,1,1,1,1,1,1,1,1,1,1,1,1,1,1,1,1,1,1,1,1,4),
  (0.499921998112,0.545376543566,0.590831089021,0.636285634475,
    0.68174017993,0.727194725384,0.772649270839,0.818103816294,
    0.863558361748,0.909012907203,0.954467452657,0.999921998112,
    1.045376543566,1.090831089021,1.136285634475,1.18174017993,
    1.227194725384,1.272649270839,1.318103816294,1.363558361748,
    1.409012907203,1.454467452657,1.499921998112),
  .QUASI_UNIFORM_KNOTS.);
#7754 = CARTESIAN_POINT('',(5.076569102549,1.965587446495));
#7755 = CARTESIAN_POINT('',(5.076209836864,1.953627373266));
#7756 = CARTESIAN_POINT('',(5.075501470857,1.929707043089));
#7757 = CARTESIAN_POINT('',(5.074469600646,1.893825933962));
#7758 = CARTESIAN_POINT('',(5.073468653943,1.857944166286));
#7759 = CARTESIAN_POINT('',(5.072498658465,1.822061632319));
#7760 = CARTESIAN_POINT('',(5.071559527477,1.786178242599));
#7761 = CARTESIAN_POINT('',(5.070651059061,1.750294030664));
#7762 = CARTESIAN_POINT('',(5.069772950488,1.714408826912));
#7763 = CARTESIAN_POINT('',(5.0689248225,1.678522682549));
#7764 = CARTESIAN_POINT('',(5.068106225054,1.642635543548));
#7765 = CARTESIAN_POINT('',(5.067316652063,1.606747344803));
#7766 = CARTESIAN_POINT('',(5.066555554157,1.570858101692));
#7767 = CARTESIAN_POINT('',(5.065822345866,1.534967803684));
#7768 = CARTESIAN_POINT('',(5.065116413884,1.499076392225));
#7769 = CARTESIAN_POINT('',(5.064437127689,1.463183924405));
#7770 = CARTESIAN_POINT('',(5.063783841817,1.427290358782));
#7771 = CARTESIAN_POINT('',(5.063155903962,1.391395673395));
#7772 = CARTESIAN_POINT('',(5.062552661308,1.355499962455));
#7773 = CARTESIAN_POINT('',(5.061973459405,1.319603117663));
#7774 = CARTESIAN_POINT('',(5.061417652525,1.283705239869));
#7775 = CARTESIAN_POINT('',(5.060884601894,1.247806322457));
#7776 = CARTESIAN_POINT('',(5.060373678126,1.211906345577));
#7777 = CARTESIAN_POINT('',(5.060047406975,1.187972360436));
#7778 = CARTESIAN_POINT('',(5.059887755005,1.176005207095));
#7779 = ( GEOMETRIC_REPRESENTATION_CONTEXT(2) 
PARAMETRIC_REPRESENTATION_CONTEXT() REPRESENTATION_CONTEXT('2D SPACE',''
  ) );
#7780 = ORIENTED_EDGE('',*,*,#620,.F.);
#7781 = ORIENTED_EDGE('',*,*,#7692,.T.);
#7782 = ORIENTED_EDGE('',*,*,#4048,.F.);
#7783 = ADVANCED_FACE('',(#7784),#608,.T.);
#7784 = FACE_BOUND('',#7785,.T.);
#7785 = EDGE_LOOP('',(#7786,#7787,#7788,#7789));
#7786 = ORIENTED_EDGE('',*,*,#4069,.F.);
#7787 = ORIENTED_EDGE('',*,*,#7716,.T.);
#7788 = ORIENTED_EDGE('',*,*,#591,.T.);
#7789 = ORIENTED_EDGE('',*,*,#7790,.F.);
#7790 = EDGE_CURVE('',#4070,#566,#7791,.T.);
#7791 = SURFACE_CURVE('',#7792,(#7807,#7836),.PCURVE_S1.);
#7792 = B_SPLINE_CURVE_WITH_KNOTS('',4,(#7793,#7794,#7795,#7796,#7797,
    #7798,#7799,#7800,#7801,#7802,#7803,#7804,#7805,#7806),
  .UNSPECIFIED.,.F.,.F.,(5,3,3,3,5),(0.499921979392,0.750978261243,
    1.003000085178,1.250981371267,1.499921979392),.UNSPECIFIED.);
#7793 = CARTESIAN_POINT('',(10.931984224524,-16.74788705821,4.));
#7794 = CARTESIAN_POINT('',(11.281874688329,-17.22946996674,
    4.247718608162));
#7795 = CARTESIAN_POINT('',(11.641372282976,-17.72427595646,
    4.456171887555));
#7796 = CARTESIAN_POINT('',(12.008184999386,-18.22915034753,
    4.623730500253));
#7797 = CARTESIAN_POINT('',(12.752996699865,-19.25429570622,
    4.875869601056));
#7798 = CARTESIAN_POINT('',(13.131038022515,-19.77462494791,
    4.960130256204));
#7799 = CARTESIAN_POINT('',(13.511534514379,-20.29833344011,
    5.001495470729));
#7800 = CARTESIAN_POINT('',(14.266303843125,-21.33718429832,
    4.998456144605));
#7801 = CARTESIAN_POINT('',(14.640583330538,-21.852335818,4.955416187509
    ));
#7802 = CARTESIAN_POINT('',(15.012409215045,-22.364110243,4.870843568798
    ));
#7803 = CARTESIAN_POINT('',(15.747864638622,-23.37637779133,
    4.619735079734));
#7804 = CARTESIAN_POINT('',(16.111461481023,-23.87682591155,
    4.45288191925));
#7805 = CARTESIAN_POINT('',(16.467835597632,-24.36733280257,4.2457764498
    ));
#7806 = CARTESIAN_POINT('',(16.814741430787,-24.84480771943,4.));
#7807 = PCURVE('',#608,#7808);
#7808 = DEFINITIONAL_REPRESENTATION('',(#7809),#7835);
#7809 = B_SPLINE_CURVE_WITH_KNOTS('',3,(#7810,#7811,#7812,#7813,#7814,
    #7815,#7816,#7817,#7818,#7819,#7820,#7821,#7822,#7823,#7824,#7825,
    #7826,#7827,#7828,#7829,#7830,#7831,#7832,#7833,#7834),
  .UNSPECIFIED.,.F.,.F.,(4,1,1,1,1,1,1,1,1,1,1,1,1,1,1,1,1,1,1,1,1,1,4),
  (0.499921979392,0.545376524847,0.590831070301,0.636285615756,
    0.68174016121,0.727194706665,0.772649252119,0.818103797574,
    0.863558343028,0.909012888483,0.954467433937,0.999921979392,
    1.045376524847,1.090831070301,1.136285615756,1.18174016121,
    1.227194706665,1.272649252119,1.318103797574,1.363558343028,
    1.409012888483,1.454467433937,1.499921979392),
  .QUASI_UNIFORM_KNOTS.);
#7810 = CARTESIAN_POINT('',(5.290686654297,1.965587446495));
#7811 = CARTESIAN_POINT('',(5.291045919982,1.953627373266));
#7812 = CARTESIAN_POINT('',(5.29175428599,1.929707043089));
#7813 = CARTESIAN_POINT('',(5.2927861562,1.893825933962));
#7814 = CARTESIAN_POINT('',(5.293787102903,1.857944166286));
#7815 = CARTESIAN_POINT('',(5.294757098382,1.822061632319));
#7816 = CARTESIAN_POINT('',(5.295696229369,1.786178242599));
#7817 = CARTESIAN_POINT('',(5.296604697785,1.750294030664));
#7818 = CARTESIAN_POINT('',(5.297482806359,1.714408826912));
#7819 = CARTESIAN_POINT('',(5.298330934346,1.678522682549));
#7820 = CARTESIAN_POINT('',(5.299149531792,1.642635543548));
#7821 = CARTESIAN_POINT('',(5.299939104784,1.606747344803));
#7822 = CARTESIAN_POINT('',(5.30070020269,1.570858101692));
#7823 = CARTESIAN_POINT('',(5.30143341098,1.534967803684));
#7824 = CARTESIAN_POINT('',(5.302139342962,1.499076392225));
#7825 = CARTESIAN_POINT('',(5.302818629157,1.463183924405));
#7826 = CARTESIAN_POINT('',(5.30347191503,1.427290358782));
#7827 = CARTESIAN_POINT('',(5.304099852885,1.391395673395));
#7828 = CARTESIAN_POINT('',(5.304703095538,1.355499962455));
#7829 = CARTESIAN_POINT('',(5.305282297442,1.319603117663));
#7830 = CARTESIAN_POINT('',(5.305838104322,1.283705239869));
#7831 = CARTESIAN_POINT('',(5.306371154952,1.247806322457));
#7832 = CARTESIAN_POINT('',(5.306882078721,1.211906345577));
#7833 = CARTESIAN_POINT('',(5.307208349871,1.187972360436));
#7834 = CARTESIAN_POINT('',(5.307368001841,1.176005207095));
#7835 = ( GEOMETRIC_REPRESENTATION_CONTEXT(2) 
PARAMETRIC_REPRESENTATION_CONTEXT() REPRESENTATION_CONTEXT('2D SPACE',''
  ) );
#7836 = PCURVE('',#580,#7837);
#7837 = DEFINITIONAL_REPRESENTATION('',(#7838),#7853);
#7838 = B_SPLINE_CURVE_WITH_KNOTS('',4,(#7839,#7840,#7841,#7842,#7843,
    #7844,#7845,#7846,#7847,#7848,#7849,#7850,#7851,#7852),
  .UNSPECIFIED.,.F.,.F.,(5,3,3,3,5),(0.499921979392,0.750978261243,
    1.003000085178,1.250981371267,1.499921979392),.UNSPECIFIED.);
#7839 = CARTESIAN_POINT('',(0.974984355438,-1.));
#7840 = CARTESIAN_POINT('',(1.570253567178,-0.752281391838));
#7841 = CARTESIAN_POINT('',(2.181867406153,-0.543828112445));
#7842 = CARTESIAN_POINT('',(2.805926473607,-0.376269499747));
#7843 = CARTESIAN_POINT('',(4.073075823774,-0.124130398944));
#7844 = CARTESIAN_POINT('',(4.716238137178,-3.986974379638E-02));
#7845 = CARTESIAN_POINT('',(5.363577433937,1.495470728696E-03));
#7846 = CARTESIAN_POINT('',(6.647667713171,-1.543855394751E-03));
#7847 = CARTESIAN_POINT('',(7.284430010206,-4.458381249108E-02));
#7848 = CARTESIAN_POINT('',(7.917017988651,-0.129156431202));
#7849 = CARTESIAN_POINT('',(9.168249489796,-0.380264920266));
#7850 = CARTESIAN_POINT('',(9.786837385601,-0.54711808075));
#7851 = CARTESIAN_POINT('',(10.393137246339,-0.7542235502));
#7852 = CARTESIAN_POINT('',(10.98332870113,-1.));
#7853 = ( GEOMETRIC_REPRESENTATION_CONTEXT(2) 
PARAMETRIC_REPRESENTATION_CONTEXT() REPRESENTATION_CONTEXT('2D SPACE',''
  ) );
#7854 = ADVANCED_FACE('',(#7855),#580,.F.);
#7855 = FACE_BOUND('',#7856,.F.);
#7856 = EDGE_LOOP('',(#7857,#7858,#7859,#7860));
#7857 = ORIENTED_EDGE('',*,*,#565,.T.);
#7858 = ORIENTED_EDGE('',*,*,#7790,.F.);
#7859 = ORIENTED_EDGE('',*,*,#4093,.T.);
#7860 = ORIENTED_EDGE('',*,*,#7861,.T.);
#7861 = EDGE_CURVE('',#4094,#537,#7862,.T.);
#7862 = SURFACE_CURVE('',#7863,(#7867,#7874),.PCURVE_S1.);
#7863 = LINE('',#7864,#7865);
#7864 = CARTESIAN_POINT('',(10.358902799182,-15.95910814541,3.5));
#7865 = VECTOR('',#7866,1.);
#7866 = DIRECTION('',(0.587785252292,-0.809016994375,0.));
#7867 = PCURVE('',#580,#7868);
#7868 = DEFINITIONAL_REPRESENTATION('',(#7869),#7873);
#7869 = LINE('',#7870,#7871);
#7870 = CARTESIAN_POINT('',(0.,-1.5));
#7871 = VECTOR('',#7872,1.);
#7872 = DIRECTION('',(1.,0.));
#7873 = ( GEOMETRIC_REPRESENTATION_CONTEXT(2) 
PARAMETRIC_REPRESENTATION_CONTEXT() REPRESENTATION_CONTEXT('2D SPACE',''
  ) );
#7874 = PCURVE('',#553,#7875);
#7875 = DEFINITIONAL_REPRESENTATION('',(#7876),#7880);
#7876 = LINE('',#7877,#7878);
#7877 = CARTESIAN_POINT('',(-6.,-1.));
#7878 = VECTOR('',#7879,1.);
#7879 = DIRECTION('',(1.,0.));
#7880 = ( GEOMETRIC_REPRESENTATION_CONTEXT(2) 
PARAMETRIC_REPRESENTATION_CONTEXT() REPRESENTATION_CONTEXT('2D SPACE',''
  ) );
#7881 = ADVANCED_FACE('',(#7882),#553,.T.);
#7882 = FACE_BOUND('',#7883,.T.);
#7883 = EDGE_LOOP('',(#7884,#7885,#7886,#7887));
#7884 = ORIENTED_EDGE('',*,*,#4114,.T.);
#7885 = ORIENTED_EDGE('',*,*,#7861,.T.);
#7886 = ORIENTED_EDGE('',*,*,#536,.T.);
#7887 = ORIENTED_EDGE('',*,*,#7888,.T.);
#7888 = EDGE_CURVE('',#511,#4115,#7889,.T.);
#7889 = SURFACE_CURVE('',#7890,(#7894,#7901),.PCURVE_S1.);
#7890 = LINE('',#7891,#7892);
#7891 = CARTESIAN_POINT('',(19.030359815442,-24.49174157333,3.5));
#7892 = VECTOR('',#7893,1.);
#7893 = DIRECTION('',(-0.587785252292,0.809016994375,0.));
#7894 = PCURVE('',#553,#7895);
#7895 = DEFINITIONAL_REPRESENTATION('',(#7896),#7900);
#7896 = LINE('',#7897,#7898);
#7897 = CARTESIAN_POINT('',(6.,1.));
#7898 = VECTOR('',#7899,1.);
#7899 = DIRECTION('',(-1.,0.));
#7900 = ( GEOMETRIC_REPRESENTATION_CONTEXT(2) 
PARAMETRIC_REPRESENTATION_CONTEXT() REPRESENTATION_CONTEXT('2D SPACE',''
  ) );
#7901 = PCURVE('',#525,#7902);
#7902 = DEFINITIONAL_REPRESENTATION('',(#7903),#7907);
#7903 = LINE('',#7904,#7905);
#7904 = CARTESIAN_POINT('',(0.,-1.5));
#7905 = VECTOR('',#7906,1.);
#7906 = DIRECTION('',(1.,0.));
#7907 = ( GEOMETRIC_REPRESENTATION_CONTEXT(2) 
PARAMETRIC_REPRESENTATION_CONTEXT() REPRESENTATION_CONTEXT('2D SPACE',''
  ) );
#7908 = ADVANCED_FACE('',(#7909),#525,.F.);
#7909 = FACE_BOUND('',#7910,.F.);
#7910 = EDGE_LOOP('',(#7911,#7976,#7977,#7978));
#7911 = ORIENTED_EDGE('',*,*,#7912,.T.);
#7912 = EDGE_CURVE('',#4143,#482,#7913,.T.);
#7913 = SURFACE_CURVE('',#7914,(#7929,#7947),.PCURVE_S1.);
#7914 = B_SPLINE_CURVE_WITH_KNOTS('',4,(#7915,#7916,#7917,#7918,#7919,
    #7920,#7921,#7922,#7923,#7924,#7925,#7926,#7927,#7928),
  .UNSPECIFIED.,.F.,.F.,(5,3,3,3,5),(0.499921984777,0.750978266629,
    1.003000090564,1.250981376652,1.499921984778),.UNSPECIFIED.);
#7915 = CARTESIAN_POINT('',(12.550018213274,-15.57231655363,4.));
#7916 = CARTESIAN_POINT('',(12.899908677079,-16.05389946215,
    4.247718608162));
#7917 = CARTESIAN_POINT('',(13.259406271726,-16.54870545188,
    4.456171887555));
#7918 = CARTESIAN_POINT('',(13.626218988135,-17.05357984294,
    4.623730500253));
#7919 = CARTESIAN_POINT('',(14.371030688615,-18.07872520164,
    4.875869601056));
#7920 = CARTESIAN_POINT('',(14.749072011265,-18.59905444332,
    4.960130256205));
#7921 = CARTESIAN_POINT('',(15.129568503129,-19.12276293553,
    5.001495470729));
#7922 = CARTESIAN_POINT('',(15.884337831874,-20.16161379374,
    4.998456144605));
#7923 = CARTESIAN_POINT('',(16.258617319288,-20.67676531342,
    4.955416187509));
#7924 = CARTESIAN_POINT('',(16.630443203795,-21.18853973842,
    4.870843568798));
#7925 = CARTESIAN_POINT('',(17.365898627372,-22.20080728674,
    4.619735079734));
#7926 = CARTESIAN_POINT('',(17.729495469773,-22.70125540696,
    4.45288191925));
#7927 = CARTESIAN_POINT('',(18.085869586381,-23.19176229799,4.2457764498
    ));
#7928 = CARTESIAN_POINT('',(18.432775419537,-23.66923721485,4.));
#7929 = PCURVE('',#525,#7930);
#7930 = DEFINITIONAL_REPRESENTATION('',(#7931),#7946);
#7931 = B_SPLINE_CURVE_WITH_KNOTS('',4,(#7932,#7933,#7934,#7935,#7936,
    #7937,#7938,#7939,#7940,#7941,#7942,#7943,#7944,#7945),
  .UNSPECIFIED.,.F.,.F.,(5,3,3,3,5),(0.499921984777,0.750978266629,
    1.003000090564,1.250981376652,1.499921984778),.UNSPECIFIED.);
#7932 = CARTESIAN_POINT('',(11.025015644562,-1.));
#7933 = CARTESIAN_POINT('',(10.429746432822,-0.752281391838));
#7934 = CARTESIAN_POINT('',(9.818132593847,-0.543828112445));
#7935 = CARTESIAN_POINT('',(9.194073526392,-0.376269499747));
#7936 = CARTESIAN_POINT('',(7.926924176226,-0.124130398944));
#7937 = CARTESIAN_POINT('',(7.283761862821,-3.986974379521E-02));
#7938 = CARTESIAN_POINT('',(6.636422566063,1.495470728727E-03));
#7939 = CARTESIAN_POINT('',(5.352332286829,-1.543855394751E-03));
#7940 = CARTESIAN_POINT('',(4.715569989794,-4.458381249108E-02));
#7941 = CARTESIAN_POINT('',(4.082982011349,-0.129156431202));
#7942 = CARTESIAN_POINT('',(2.831750510204,-0.380264920266));
#7943 = CARTESIAN_POINT('',(2.213162614399,-0.54711808075));
#7944 = CARTESIAN_POINT('',(1.606862753661,-0.7542235502));
#7945 = CARTESIAN_POINT('',(1.01667129887,-1.));
#7946 = ( GEOMETRIC_REPRESENTATION_CONTEXT(2) 
PARAMETRIC_REPRESENTATION_CONTEXT() REPRESENTATION_CONTEXT('2D SPACE',''
  ) );
#7947 = PCURVE('',#498,#7948);
#7948 = DEFINITIONAL_REPRESENTATION('',(#7949),#7975);
#7949 = B_SPLINE_CURVE_WITH_KNOTS('',3,(#7950,#7951,#7952,#7953,#7954,
    #7955,#7956,#7957,#7958,#7959,#7960,#7961,#7962,#7963,#7964,#7965,
    #7966,#7967,#7968,#7969,#7970,#7971,#7972,#7973,#7974),
  .UNSPECIFIED.,.F.,.F.,(4,1,1,1,1,1,1,1,1,1,1,1,1,1,1,1,1,1,1,1,1,1,4),
  (0.499921984777,0.545376530232,0.590831075687,0.636285621141,
    0.681740166596,0.72719471205,0.772649257505,0.818103802959,
    0.863558348414,0.909012893868,0.954467439323,0.999921984777,
    1.045376530232,1.090831075687,1.136285621141,1.181740166596,
    1.22719471205,1.272649257505,1.318103802959,1.363558348414,
    1.409012893868,1.454467439323,1.499921984778),
  .QUASI_UNIFORM_KNOTS.);
#7950 = CARTESIAN_POINT('',(5.390728367908,1.965587446495));
#7951 = CARTESIAN_POINT('',(5.390369102223,1.953627373266));
#7952 = CARTESIAN_POINT('',(5.389660736216,1.929707043089));
#7953 = CARTESIAN_POINT('',(5.388628866005,1.893825933962));
#7954 = CARTESIAN_POINT('',(5.387627919302,1.857944166286));
#7955 = CARTESIAN_POINT('',(5.386657923824,1.822061632319));
#7956 = CARTESIAN_POINT('',(5.385718792836,1.786178242599));
#7957 = CARTESIAN_POINT('',(5.38481032442,1.750294030664));
#7958 = CARTESIAN_POINT('',(5.383932215847,1.714408826912));
#7959 = CARTESIAN_POINT('',(5.383084087859,1.678522682549));
#7960 = CARTESIAN_POINT('',(5.382265490413,1.642635543548));
#7961 = CARTESIAN_POINT('',(5.381475917422,1.606747344803));
#7962 = CARTESIAN_POINT('',(5.380714819516,1.570858101692));
#7963 = CARTESIAN_POINT('',(5.379981611225,1.534967803684));
#7964 = CARTESIAN_POINT('',(5.379275679243,1.499076392225));
#7965 = CARTESIAN_POINT('',(5.378596393048,1.463183924405));
#7966 = CARTESIAN_POINT('',(5.377943107176,1.427290358782));
#7967 = CARTESIAN_POINT('',(5.377315169321,1.391395673395));
#7968 = CARTESIAN_POINT('',(5.376711926667,1.355499962455));
#7969 = CARTESIAN_POINT('',(5.376132724764,1.319603117663));
#7970 = CARTESIAN_POINT('',(5.375576917884,1.283705239869));
#7971 = CARTESIAN_POINT('',(5.375043867253,1.247806322457));
#7972 = CARTESIAN_POINT('',(5.374532943485,1.211906345577));
#7973 = CARTESIAN_POINT('',(5.374206672334,1.187972360436));
#7974 = CARTESIAN_POINT('',(5.374047020364,1.176005207095));
#7975 = ( GEOMETRIC_REPRESENTATION_CONTEXT(2) 
PARAMETRIC_REPRESENTATION_CONTEXT() REPRESENTATION_CONTEXT('2D SPACE',''
  ) );
#7976 = ORIENTED_EDGE('',*,*,#510,.F.);
#7977 = ORIENTED_EDGE('',*,*,#7888,.T.);
#7978 = ORIENTED_EDGE('',*,*,#4142,.F.);
#7979 = ADVANCED_FACE('',(#7980),#498,.T.);
#7980 = FACE_BOUND('',#7981,.T.);
#7981 = EDGE_LOOP('',(#7982,#7983,#7984,#7985));
#7982 = ORIENTED_EDGE('',*,*,#4163,.F.);
#7983 = ORIENTED_EDGE('',*,*,#7912,.T.);
#7984 = ORIENTED_EDGE('',*,*,#481,.T.);
#7985 = ORIENTED_EDGE('',*,*,#7986,.F.);
#7986 = EDGE_CURVE('',#4164,#456,#7987,.T.);
#7987 = SURFACE_CURVE('',#7988,(#8003,#8032),.PCURVE_S1.);
#7988 = B_SPLINE_CURVE_WITH_KNOTS('',4,(#7989,#7990,#7991,#7992,#7993,
    #7994,#7995,#7996,#7997,#7998,#7999,#8000,#8001,#8002),
  .UNSPECIFIED.,.F.,.F.,(5,3,3,3,5),(0.499921998617,0.750978280468,
    1.003000104403,1.250981390491,1.499921998617),.UNSPECIFIED.);
#7989 = CARTESIAN_POINT('',(15.572316553631,-12.55001821327,4.));
#7990 = CARTESIAN_POINT('',(16.053899462156,-12.89990867707,
    4.247718608162));
#7991 = CARTESIAN_POINT('',(16.548705451882,-13.25940627172,
    4.456171887555));
#7992 = CARTESIAN_POINT('',(17.053579842947,-13.62621898813,
    4.623730500253));
#7993 = CARTESIAN_POINT('',(18.078725201643,-14.37103068861,
    4.875869601056));
#7994 = CARTESIAN_POINT('',(18.599054443329,-14.74907201126,
    4.960130256204));
#7995 = CARTESIAN_POINT('',(19.122762935533,-15.12956850312,
    5.001495470729));
#7996 = CARTESIAN_POINT('',(20.161613793744,-15.88433783187,
    4.998456144605));
#7997 = CARTESIAN_POINT('',(20.676765313423,-16.25861731928,
    4.955416187509));
#7998 = CARTESIAN_POINT('',(21.188539738422,-16.63044320379,
    4.870843568798));
#7999 = CARTESIAN_POINT('',(22.200807286746,-17.36589862737,
    4.619735079734));
#8000 = CARTESIAN_POINT('',(22.701255406966,-17.72949546977,
    4.45288191925));
#8001 = CARTESIAN_POINT('',(23.191762297991,-18.08586958638,4.2457764498
    ));
#8002 = CARTESIAN_POINT('',(23.669237214852,-18.43277541953,4.));
#8003 = PCURVE('',#498,#8004);
#8004 = DEFINITIONAL_REPRESENTATION('',(#8005),#8031);
#8005 = B_SPLINE_CURVE_WITH_KNOTS('',3,(#8006,#8007,#8008,#8009,#8010,
    #8011,#8012,#8013,#8014,#8015,#8016,#8017,#8018,#8019,#8020,#8021,
    #8022,#8023,#8024,#8025,#8026,#8027,#8028,#8029,#8030),
  .UNSPECIFIED.,.F.,.F.,(4,1,1,1,1,1,1,1,1,1,1,1,1,1,1,1,1,1,1,1,1,1,4),
  (0.499921998617,0.545376544071,0.590831089526,0.63628563498,
    0.681740180435,0.727194725889,0.772649271344,0.818103816798,
    0.863558362253,0.909012907707,0.954467453162,0.999921998617,
    1.045376544071,1.090831089526,1.13628563498,1.181740180435,
    1.227194725889,1.272649271344,1.318103816798,1.363558362253,
    1.409012907708,1.454467453162,1.499921998617),
  .QUASI_UNIFORM_KNOTS.);
#8006 = CARTESIAN_POINT('',(5.604845919656,1.965587446495));
#8007 = CARTESIAN_POINT('',(5.605205185341,1.953627373266));
#8008 = CARTESIAN_POINT('',(5.605913551349,1.929707043089));
#8009 = CARTESIAN_POINT('',(5.606945421559,1.893825933962));
#8010 = CARTESIAN_POINT('',(5.607946368262,1.857944166286));
#8011 = CARTESIAN_POINT('',(5.608916363741,1.822061632319));
#8012 = CARTESIAN_POINT('',(5.609855494728,1.786178242599));
#8013 = CARTESIAN_POINT('',(5.610763963144,1.750294030664));
#8014 = CARTESIAN_POINT('',(5.611642071718,1.714408826912));
#8015 = CARTESIAN_POINT('',(5.612490199705,1.678522682549));
#8016 = CARTESIAN_POINT('',(5.613308797151,1.642635543548));
#8017 = CARTESIAN_POINT('',(5.614098370143,1.606747344803));
#8018 = CARTESIAN_POINT('',(5.614859468049,1.570858101692));
#8019 = CARTESIAN_POINT('',(5.615592676339,1.534967803684));
#8020 = CARTESIAN_POINT('',(5.616298608321,1.499076392225));
#8021 = CARTESIAN_POINT('',(5.616977894516,1.463183924405));
#8022 = CARTESIAN_POINT('',(5.617631180389,1.427290358782));
#8023 = CARTESIAN_POINT('',(5.618259118244,1.391395673395));
#8024 = CARTESIAN_POINT('',(5.618862360897,1.355499962455));
#8025 = CARTESIAN_POINT('',(5.619441562801,1.319603117663));
#8026 = CARTESIAN_POINT('',(5.619997369681,1.283705239869));
#8027 = CARTESIAN_POINT('',(5.620530420311,1.247806322457));
#8028 = CARTESIAN_POINT('',(5.62104134408,1.211906345577));
#8029 = CARTESIAN_POINT('',(5.62136761523,1.187972360436));
#8030 = CARTESIAN_POINT('',(5.6215272672,1.176005207095));
#8031 = ( GEOMETRIC_REPRESENTATION_CONTEXT(2) 
PARAMETRIC_REPRESENTATION_CONTEXT() REPRESENTATION_CONTEXT('2D SPACE',''
  ) );
#8032 = PCURVE('',#470,#8033);
#8033 = DEFINITIONAL_REPRESENTATION('',(#8034),#8049);
#8034 = B_SPLINE_CURVE_WITH_KNOTS('',4,(#8035,#8036,#8037,#8038,#8039,
    #8040,#8041,#8042,#8043,#8044,#8045,#8046,#8047,#8048),
  .UNSPECIFIED.,.F.,.F.,(5,3,3,3,5),(0.499921998617,0.750978280468,
    1.003000104403,1.250981390491,1.499921998617),.UNSPECIFIED.);
#8035 = CARTESIAN_POINT('',(0.974984355438,-1.));
#8036 = CARTESIAN_POINT('',(1.570253567178,-0.752281391838));
#8037 = CARTESIAN_POINT('',(2.181867406153,-0.543828112445));
#8038 = CARTESIAN_POINT('',(2.805926473607,-0.376269499747));
#8039 = CARTESIAN_POINT('',(4.073075823774,-0.124130398944));
#8040 = CARTESIAN_POINT('',(4.71623813718,-3.986974379579E-02));
#8041 = CARTESIAN_POINT('',(5.363577433937,1.495470728711E-03));
#8042 = CARTESIAN_POINT('',(6.647667713171,-1.543855394751E-03));
#8043 = CARTESIAN_POINT('',(7.284430010206,-4.458381249108E-02));
#8044 = CARTESIAN_POINT('',(7.917017988651,-0.129156431202));
#8045 = CARTESIAN_POINT('',(9.168249489796,-0.380264920266));
#8046 = CARTESIAN_POINT('',(9.7868373856,-0.54711808075));
#8047 = CARTESIAN_POINT('',(10.393137246339,-0.7542235502));
#8048 = CARTESIAN_POINT('',(10.98332870113,-1.));
#8049 = ( GEOMETRIC_REPRESENTATION_CONTEXT(2) 
PARAMETRIC_REPRESENTATION_CONTEXT() REPRESENTATION_CONTEXT('2D SPACE',''
  ) );
#8050 = ADVANCED_FACE('',(#8051),#470,.F.);
#8051 = FACE_BOUND('',#8052,.F.);
#8052 = EDGE_LOOP('',(#8053,#8054,#8055,#8056));
#8053 = ORIENTED_EDGE('',*,*,#455,.T.);
#8054 = ORIENTED_EDGE('',*,*,#7986,.F.);
#8055 = ORIENTED_EDGE('',*,*,#4187,.T.);
#8056 = ORIENTED_EDGE('',*,*,#8057,.T.);
#8057 = EDGE_CURVE('',#4188,#427,#8058,.T.);
#8058 = SURFACE_CURVE('',#8059,(#8063,#8070),.PCURVE_S1.);
#8059 = LINE('',#8060,#8061);
#8060 = CARTESIAN_POINT('',(14.783537640832,-11.97693678793,3.5));
#8061 = VECTOR('',#8062,1.);
#8062 = DIRECTION('',(0.809016994375,-0.587785252292,0.));
#8063 = PCURVE('',#470,#8064);
#8064 = DEFINITIONAL_REPRESENTATION('',(#8065),#8069);
#8065 = LINE('',#8066,#8067);
#8066 = CARTESIAN_POINT('',(0.,-1.5));
#8067 = VECTOR('',#8068,1.);
#8068 = DIRECTION('',(1.,0.));
#8069 = ( GEOMETRIC_REPRESENTATION_CONTEXT(2) 
PARAMETRIC_REPRESENTATION_CONTEXT() REPRESENTATION_CONTEXT('2D SPACE',''
  ) );
#8070 = PCURVE('',#443,#8071);
#8071 = DEFINITIONAL_REPRESENTATION('',(#8072),#8076);
#8072 = LINE('',#8073,#8074);
#8073 = CARTESIAN_POINT('',(-6.,-1.));
#8074 = VECTOR('',#8075,1.);
#8075 = DIRECTION('',(1.,0.));
#8076 = ( GEOMETRIC_REPRESENTATION_CONTEXT(2) 
PARAMETRIC_REPRESENTATION_CONTEXT() REPRESENTATION_CONTEXT('2D SPACE',''
  ) );
#8077 = ADVANCED_FACE('',(#8078),#443,.T.);
#8078 = FACE_BOUND('',#8079,.T.);
#8079 = EDGE_LOOP('',(#8080,#8081,#8082,#8083));
#8080 = ORIENTED_EDGE('',*,*,#4208,.T.);
#8081 = ORIENTED_EDGE('',*,*,#8057,.T.);
#8082 = ORIENTED_EDGE('',*,*,#426,.T.);
#8083 = ORIENTED_EDGE('',*,*,#8084,.T.);
#8084 = EDGE_CURVE('',#401,#4209,#8085,.T.);
#8085 = SURFACE_CURVE('',#8086,(#8090,#8097),.PCURVE_S1.);
#8086 = LINE('',#8087,#8088);
#8087 = CARTESIAN_POINT('',(25.667312077916,-17.41232582669,3.5));
#8088 = VECTOR('',#8089,1.);
#8089 = DIRECTION('',(-0.809016994375,0.587785252292,0.));
#8090 = PCURVE('',#443,#8091);
#8091 = DEFINITIONAL_REPRESENTATION('',(#8092),#8096);
#8092 = LINE('',#8093,#8094);
#8093 = CARTESIAN_POINT('',(6.,1.));
#8094 = VECTOR('',#8095,1.);
#8095 = DIRECTION('',(-1.,0.));
#8096 = ( GEOMETRIC_REPRESENTATION_CONTEXT(2) 
PARAMETRIC_REPRESENTATION_CONTEXT() REPRESENTATION_CONTEXT('2D SPACE',''
  ) );
#8097 = PCURVE('',#415,#8098);
#8098 = DEFINITIONAL_REPRESENTATION('',(#8099),#8103);
#8099 = LINE('',#8100,#8101);
#8100 = CARTESIAN_POINT('',(0.,-1.5));
#8101 = VECTOR('',#8102,1.);
#8102 = DIRECTION('',(1.,0.));
#8103 = ( GEOMETRIC_REPRESENTATION_CONTEXT(2) 
PARAMETRIC_REPRESENTATION_CONTEXT() REPRESENTATION_CONTEXT('2D SPACE',''
  ) );
#8104 = ADVANCED_FACE('',(#8105),#415,.F.);
#8105 = FACE_BOUND('',#8106,.F.);
#8106 = EDGE_LOOP('',(#8107,#8172,#8173,#8174));
#8107 = ORIENTED_EDGE('',*,*,#8108,.T.);
#8108 = EDGE_CURVE('',#4237,#372,#8109,.T.);
#8109 = SURFACE_CURVE('',#8110,(#8125,#8143),.PCURVE_S1.);
#8110 = B_SPLINE_CURVE_WITH_KNOTS('',4,(#8111,#8112,#8113,#8114,#8115,
    #8116,#8117,#8118,#8119,#8120,#8121,#8122,#8123,#8124),
  .UNSPECIFIED.,.F.,.F.,(5,3,3,3,5),(0.499921996753,0.750978278604,
    1.00300010254,1.250981388628,1.499921996753),.UNSPECIFIED.);
#8111 = CARTESIAN_POINT('',(16.747887058216,-10.93198422452,4.));
#8112 = CARTESIAN_POINT('',(17.229469966741,-11.28187468832,
    4.247718608162));
#8113 = CARTESIAN_POINT('',(17.724275956467,-11.64137228297,
    4.456171887555));
#8114 = CARTESIAN_POINT('',(18.229150347532,-12.00818499938,
    4.623730500253));
#8115 = CARTESIAN_POINT('',(19.254295706228,-12.75299669986,
    4.875869601056));
#8116 = CARTESIAN_POINT('',(19.774624947912,-13.13103802251,
    4.960130256205));
#8117 = CARTESIAN_POINT('',(20.298333440118,-13.51153451437,
    5.001495470729));
#8118 = CARTESIAN_POINT('',(21.337184298329,-14.26630384312,
    4.998456144605));
#8119 = CARTESIAN_POINT('',(21.852335818008,-14.64058333053,
    4.955416187509));
#8120 = CARTESIAN_POINT('',(22.364110243007,-15.01240921504,
    4.870843568798));
#8121 = CARTESIAN_POINT('',(23.376377791331,-15.74786463862,
    4.619735079734));
#8122 = CARTESIAN_POINT('',(23.876825911551,-16.11146148102,
    4.45288191925));
#8123 = CARTESIAN_POINT('',(24.367332802576,-16.46783559763,4.2457764498
    ));
#8124 = CARTESIAN_POINT('',(24.844807719437,-16.81474143078,4.));
#8125 = PCURVE('',#415,#8126);
#8126 = DEFINITIONAL_REPRESENTATION('',(#8127),#8142);
#8127 = B_SPLINE_CURVE_WITH_KNOTS('',4,(#8128,#8129,#8130,#8131,#8132,
    #8133,#8134,#8135,#8136,#8137,#8138,#8139,#8140,#8141),
  .UNSPECIFIED.,.F.,.F.,(5,3,3,3,5),(0.499921996753,0.750978278604,
    1.00300010254,1.250981388628,1.499921996753),.UNSPECIFIED.);
#8128 = CARTESIAN_POINT('',(11.025015644562,-1.));
#8129 = CARTESIAN_POINT('',(10.429746432822,-0.752281391838));
#8130 = CARTESIAN_POINT('',(9.818132593847,-0.543828112445));
#8131 = CARTESIAN_POINT('',(9.194073526392,-0.376269499747));
#8132 = CARTESIAN_POINT('',(7.926924176226,-0.124130398944));
#8133 = CARTESIAN_POINT('',(7.283761862823,-3.986974379542E-02));
#8134 = CARTESIAN_POINT('',(6.636422566063,1.495470728721E-03));
#8135 = CARTESIAN_POINT('',(5.352332286829,-1.543855394751E-03));
#8136 = CARTESIAN_POINT('',(4.715569989794,-4.458381249108E-02));
#8137 = CARTESIAN_POINT('',(4.082982011349,-0.129156431202));
#8138 = CARTESIAN_POINT('',(2.831750510204,-0.380264920266));
#8139 = CARTESIAN_POINT('',(2.213162614399,-0.54711808075));
#8140 = CARTESIAN_POINT('',(1.606862753661,-0.7542235502));
#8141 = CARTESIAN_POINT('',(1.01667129887,-1.));
#8142 = ( GEOMETRIC_REPRESENTATION_CONTEXT(2) 
PARAMETRIC_REPRESENTATION_CONTEXT() REPRESENTATION_CONTEXT('2D SPACE',''
  ) );
#8143 = PCURVE('',#388,#8144);
#8144 = DEFINITIONAL_REPRESENTATION('',(#8145),#8171);
#8145 = B_SPLINE_CURVE_WITH_KNOTS('',3,(#8146,#8147,#8148,#8149,#8150,
    #8151,#8152,#8153,#8154,#8155,#8156,#8157,#8158,#8159,#8160,#8161,
    #8162,#8163,#8164,#8165,#8166,#8167,#8168,#8169,#8170),
  .UNSPECIFIED.,.F.,.F.,(4,1,1,1,1,1,1,1,1,1,1,1,1,1,1,1,1,1,1,1,1,1,4),
  (0.499921996753,0.545376542208,0.590831087662,0.636285633117,
    0.681740178571,0.727194724026,0.772649269481,0.818103814935,
    0.86355836039,0.909012905844,0.954467451299,0.999921996753,
    1.045376542208,1.090831087662,1.136285633117,1.181740178572,
    1.227194724026,1.272649269481,1.318103814935,1.36355836039,
    1.409012905844,1.454467451299,1.499921996753),
  .QUASI_UNIFORM_KNOTS.);
#8146 = CARTESIAN_POINT('',(5.704887633267,1.965587446495));
#8147 = CARTESIAN_POINT('',(5.704528367582,1.953627373266));
#8148 = CARTESIAN_POINT('',(5.703820001575,1.929707043089));
#8149 = CARTESIAN_POINT('',(5.702788131364,1.893825933962));
#8150 = CARTESIAN_POINT('',(5.701787184661,1.857944166286));
#8151 = CARTESIAN_POINT('',(5.700817189183,1.822061632319));
#8152 = CARTESIAN_POINT('',(5.699878058195,1.786178242599));
#8153 = CARTESIAN_POINT('',(5.698969589779,1.750294030664));
#8154 = CARTESIAN_POINT('',(5.698091481206,1.714408826912));
#8155 = CARTESIAN_POINT('',(5.697243353218,1.678522682549));
#8156 = CARTESIAN_POINT('',(5.696424755772,1.642635543548));
#8157 = CARTESIAN_POINT('',(5.695635182781,1.606747344803));
#8158 = CARTESIAN_POINT('',(5.694874084874,1.570858101692));
#8159 = CARTESIAN_POINT('',(5.694140876584,1.534967803684));
#8160 = CARTESIAN_POINT('',(5.693434944602,1.499076392225));
#8161 = CARTESIAN_POINT('',(5.692755658407,1.463183924405));
#8162 = CARTESIAN_POINT('',(5.692102372535,1.427290358782));
#8163 = CARTESIAN_POINT('',(5.69147443468,1.391395673395));
#8164 = CARTESIAN_POINT('',(5.690871192026,1.355499962455));
#8165 = CARTESIAN_POINT('',(5.690291990123,1.319603117663));
#8166 = CARTESIAN_POINT('',(5.689736183243,1.283705239869));
#8167 = CARTESIAN_POINT('',(5.689203132612,1.247806322457));
#8168 = CARTESIAN_POINT('',(5.688692208844,1.211906345577));
#8169 = CARTESIAN_POINT('',(5.688365937693,1.187972360436));
#8170 = CARTESIAN_POINT('',(5.688206285723,1.176005207095));
#8171 = ( GEOMETRIC_REPRESENTATION_CONTEXT(2) 
PARAMETRIC_REPRESENTATION_CONTEXT() REPRESENTATION_CONTEXT('2D SPACE',''
  ) );
#8172 = ORIENTED_EDGE('',*,*,#400,.F.);
#8173 = ORIENTED_EDGE('',*,*,#8084,.T.);
#8174 = ORIENTED_EDGE('',*,*,#4236,.F.);
#8175 = ADVANCED_FACE('',(#8176),#388,.T.);
#8176 = FACE_BOUND('',#8177,.T.);
#8177 = EDGE_LOOP('',(#8178,#8179,#8180,#8181));
#8178 = ORIENTED_EDGE('',*,*,#4257,.F.);
#8179 = ORIENTED_EDGE('',*,*,#8108,.T.);
#8180 = ORIENTED_EDGE('',*,*,#371,.T.);
#8181 = ORIENTED_EDGE('',*,*,#8182,.F.);
#8182 = EDGE_CURVE('',#4258,#346,#8183,.T.);
#8183 = SURFACE_CURVE('',#8184,(#8199,#8228),.PCURVE_S1.);
#8184 = B_SPLINE_CURVE_WITH_KNOTS('',4,(#8185,#8186,#8187,#8188,#8189,
    #8190,#8191,#8192,#8193,#8194,#8195,#8196,#8197,#8198),
  .UNSPECIFIED.,.F.,.F.,(5,3,3,3,5),(0.499921978987,0.750978260838,
    1.003000084773,1.250981370861,1.499921978986),.UNSPECIFIED.);
#8185 = CARTESIAN_POINT('',(18.688322039758,-7.123666144499,4.));
#8186 = CARTESIAN_POINT('',(19.254456702533,-7.307614447155,
    4.247718608162));
#8187 = CARTESIAN_POINT('',(19.836136029547,-7.496613517393,
    4.456171887555));
#8188 = CARTESIAN_POINT('',(20.429651472202,-7.68945837473,
    4.623730500253));
#8189 = CARTESIAN_POINT('',(21.634782118798,-8.081029058343,
    4.875869601056));
#8190 = CARTESIAN_POINT('',(22.246465827993,-8.279777143326,
    4.960130256205));
#8191 = CARTESIAN_POINT('',(22.862122084432,-8.479815987152,
    5.001495470729));
#8192 = CARTESIAN_POINT('',(24.083364512009,-8.876621705747,
    4.998456144605));
#8193 = CARTESIAN_POINT('',(24.688961443935,-9.073392076908,
    4.955416187509));
#8194 = CARTESIAN_POINT('',(25.290588362965,-9.268872512684,
    4.870843568798));
#8195 = CARTESIAN_POINT('',(26.480580235524,-9.655524310436,
    4.619735079734));
#8196 = CARTESIAN_POINT('',(27.068892284729,-9.846678482754,
    4.45288191925));
#8197 = CARTESIAN_POINT('',(27.645517718113,-10.0340354434,4.2457764498)
  );
#8198 = CARTESIAN_POINT('',(28.206823147054,-10.21641463287,4.));
#8199 = PCURVE('',#388,#8200);
#8200 = DEFINITIONAL_REPRESENTATION('',(#8201),#8227);
#8201 = B_SPLINE_CURVE_WITH_KNOTS('',3,(#8202,#8203,#8204,#8205,#8206,
    #8207,#8208,#8209,#8210,#8211,#8212,#8213,#8214,#8215,#8216,#8217,
    #8218,#8219,#8220,#8221,#8222,#8223,#8224,#8225,#8226),
  .UNSPECIFIED.,.F.,.F.,(4,1,1,1,1,1,1,1,1,1,1,1,1,1,1,1,1,1,1,1,1,1,4),
  (0.499921978987,0.545376524441,0.590831069896,0.63628561535,
    0.681740160805,0.727194706259,0.772649251714,0.818103797168,
    0.863558342623,0.909012888077,0.954467433532,0.999921978987,
    1.045376524441,1.090831069896,1.13628561535,1.181740160805,
    1.227194706259,1.272649251714,1.318103797168,1.363558342623,
    1.409012888077,1.454467433532,1.499921978986),
  .QUASI_UNIFORM_KNOTS.);
#8202 = CARTESIAN_POINT('',(5.919005185015,1.965587446495));
#8203 = CARTESIAN_POINT('',(5.9193644507,1.953627373266));
#8204 = CARTESIAN_POINT('',(5.920072816707,1.929707043089));
#8205 = CARTESIAN_POINT('',(5.921104686918,1.893825933962));
#8206 = CARTESIAN_POINT('',(5.922105633621,1.857944166286));
#8207 = CARTESIAN_POINT('',(5.9230756291,1.822061632319));
#8208 = CARTESIAN_POINT('',(5.924014760087,1.786178242599));
#8209 = CARTESIAN_POINT('',(5.924923228503,1.750294030664));
#8210 = CARTESIAN_POINT('',(5.925801337077,1.714408826912));
#8211 = CARTESIAN_POINT('',(5.926649465064,1.678522682549));
#8212 = CARTESIAN_POINT('',(5.92746806251,1.642635543548));
#8213 = CARTESIAN_POINT('',(5.928257635502,1.606747344803));
#8214 = CARTESIAN_POINT('',(5.929018733408,1.570858101692));
#8215 = CARTESIAN_POINT('',(5.929751941698,1.534967803684));
#8216 = CARTESIAN_POINT('',(5.93045787368,1.499076392225));
#8217 = CARTESIAN_POINT('',(5.931137159875,1.463183924405));
#8218 = CARTESIAN_POINT('',(5.931790445747,1.427290358782));
#8219 = CARTESIAN_POINT('',(5.932418383603,1.391395673395));
#8220 = CARTESIAN_POINT('',(5.933021626256,1.355499962455));
#8221 = CARTESIAN_POINT('',(5.93360082816,1.319603117663));
#8222 = CARTESIAN_POINT('',(5.93415663504,1.283705239869));
#8223 = CARTESIAN_POINT('',(5.93468968567,1.247806322457));
#8224 = CARTESIAN_POINT('',(5.935200609439,1.211906345577));
#8225 = CARTESIAN_POINT('',(5.935526880589,1.187972360436));
#8226 = CARTESIAN_POINT('',(5.935686532559,1.176005207095));
#8227 = ( GEOMETRIC_REPRESENTATION_CONTEXT(2) 
PARAMETRIC_REPRESENTATION_CONTEXT() REPRESENTATION_CONTEXT('2D SPACE',''
  ) );
#8228 = PCURVE('',#360,#8229);
#8229 = DEFINITIONAL_REPRESENTATION('',(#8230),#8245);
#8230 = B_SPLINE_CURVE_WITH_KNOTS('',4,(#8231,#8232,#8233,#8234,#8235,
    #8236,#8237,#8238,#8239,#8240,#8241,#8242,#8243,#8244),
  .UNSPECIFIED.,.F.,.F.,(5,3,3,3,5),(0.499921978987,0.750978260838,
    1.003000084773,1.250981370861,1.499921978986),.UNSPECIFIED.);
#8231 = CARTESIAN_POINT('',(0.974984355438,-1.));
#8232 = CARTESIAN_POINT('',(1.570253567178,-0.752281391838));
#8233 = CARTESIAN_POINT('',(2.181867406153,-0.543828112445));
#8234 = CARTESIAN_POINT('',(2.805926473607,-0.376269499747));
#8235 = CARTESIAN_POINT('',(4.073075823774,-0.124130398944));
#8236 = CARTESIAN_POINT('',(4.716238137176,-3.986974379546E-02));
#8237 = CARTESIAN_POINT('',(5.363577433937,1.49547072872E-03));
#8238 = CARTESIAN_POINT('',(6.647667713171,-1.543855394751E-03));
#8239 = CARTESIAN_POINT('',(7.284430010206,-4.458381249108E-02));
#8240 = CARTESIAN_POINT('',(7.917017988651,-0.129156431202));
#8241 = CARTESIAN_POINT('',(9.168249489796,-0.380264920266));
#8242 = CARTESIAN_POINT('',(9.7868373856,-0.54711808075));
#8243 = CARTESIAN_POINT('',(10.393137246339,-0.7542235502));
#8244 = CARTESIAN_POINT('',(10.98332870113,-1.));
#8245 = ( GEOMETRIC_REPRESENTATION_CONTEXT(2) 
PARAMETRIC_REPRESENTATION_CONTEXT() REPRESENTATION_CONTEXT('2D SPACE',''
  ) );
#8246 = ADVANCED_FACE('',(#8247),#360,.F.);
#8247 = FACE_BOUND('',#8248,.F.);
#8248 = EDGE_LOOP('',(#8249,#8250,#8251,#8252));
#8249 = ORIENTED_EDGE('',*,*,#345,.T.);
#8250 = ORIENTED_EDGE('',*,*,#8182,.F.);
#8251 = ORIENTED_EDGE('',*,*,#4281,.T.);
#8252 = ORIENTED_EDGE('',*,*,#8253,.T.);
#8253 = EDGE_CURVE('',#4282,#317,#8254,.T.);
#8254 = SURFACE_CURVE('',#8255,(#8259,#8266),.PCURVE_S1.);
#8255 = LINE('',#8256,#8257);
#8256 = CARTESIAN_POINT('',(17.761056815233,-6.822379409419,3.5));
#8257 = VECTOR('',#8258,1.);
#8258 = DIRECTION('',(0.951056516295,-0.309016994375,0.));
#8259 = PCURVE('',#360,#8260);
#8260 = DEFINITIONAL_REPRESENTATION('',(#8261),#8265);
#8261 = LINE('',#8262,#8263);
#8262 = CARTESIAN_POINT('',(0.,-1.5));
#8263 = VECTOR('',#8264,1.);
#8264 = DIRECTION('',(1.,0.));
#8265 = ( GEOMETRIC_REPRESENTATION_CONTEXT(2) 
PARAMETRIC_REPRESENTATION_CONTEXT() REPRESENTATION_CONTEXT('2D SPACE',''
  ) );
#8266 = PCURVE('',#333,#8267);
#8267 = DEFINITIONAL_REPRESENTATION('',(#8268),#8272);
#8268 = LINE('',#8269,#8270);
#8269 = CARTESIAN_POINT('',(-6.,-1.));
#8270 = VECTOR('',#8271,1.);
#8271 = DIRECTION('',(1.,0.));
#8272 = ( GEOMETRIC_REPRESENTATION_CONTEXT(2) 
PARAMETRIC_REPRESENTATION_CONTEXT() REPRESENTATION_CONTEXT('2D SPACE',''
  ) );
#8273 = ADVANCED_FACE('',(#8274),#333,.T.);
#8274 = FACE_BOUND('',#8275,.T.);
#8275 = EDGE_LOOP('',(#8276,#8277,#8278,#8279));
#8276 = ORIENTED_EDGE('',*,*,#4302,.T.);
#8277 = ORIENTED_EDGE('',*,*,#8253,.T.);
#8278 = ORIENTED_EDGE('',*,*,#316,.T.);
#8279 = ORIENTED_EDGE('',*,*,#8280,.T.);
#8280 = EDGE_CURVE('',#291,#4303,#8281,.T.);
#8281 = SURFACE_CURVE('',#8282,(#8286,#8293),.PCURVE_S1.);
#8282 = LINE('',#8283,#8284);
#8283 = CARTESIAN_POINT('',(29.791768999525,-8.628470309328,3.5));
#8284 = VECTOR('',#8285,1.);
#8285 = DIRECTION('',(-0.951056516295,0.309016994375,0.));
#8286 = PCURVE('',#333,#8287);
#8287 = DEFINITIONAL_REPRESENTATION('',(#8288),#8292);
#8288 = LINE('',#8289,#8290);
#8289 = CARTESIAN_POINT('',(6.,1.));
#8290 = VECTOR('',#8291,1.);
#8291 = DIRECTION('',(-1.,0.));
#8292 = ( GEOMETRIC_REPRESENTATION_CONTEXT(2) 
PARAMETRIC_REPRESENTATION_CONTEXT() REPRESENTATION_CONTEXT('2D SPACE',''
  ) );
#8293 = PCURVE('',#305,#8294);
#8294 = DEFINITIONAL_REPRESENTATION('',(#8295),#8299);
#8295 = LINE('',#8296,#8297);
#8296 = CARTESIAN_POINT('',(0.,-1.5));
#8297 = VECTOR('',#8298,1.);
#8298 = DIRECTION('',(1.,0.));
#8299 = ( GEOMETRIC_REPRESENTATION_CONTEXT(2) 
PARAMETRIC_REPRESENTATION_CONTEXT() REPRESENTATION_CONTEXT('2D SPACE',''
  ) );
#8300 = ADVANCED_FACE('',(#8301),#305,.F.);
#8301 = FACE_BOUND('',#8302,.F.);
#8302 = EDGE_LOOP('',(#8303,#8368,#8369,#8370));
#8303 = ORIENTED_EDGE('',*,*,#8304,.T.);
#8304 = EDGE_CURVE('',#4331,#262,#8305,.T.);
#8305 = SURFACE_CURVE('',#8306,(#8321,#8339),.PCURVE_S1.);
#8306 = B_SPLINE_CURVE_WITH_KNOTS('',4,(#8307,#8308,#8309,#8310,#8311,
    #8312,#8313,#8314,#8315,#8316,#8317,#8318,#8319,#8320),
  .UNSPECIFIED.,.F.,.F.,(5,3,3,3,5),(0.499921987637,0.750978269488,
    1.003000093423,1.250981379511,1.499921987636),.UNSPECIFIED.);
#8307 = CARTESIAN_POINT('',(19.306356028508,-5.221553111909,4.));
#8308 = CARTESIAN_POINT('',(19.872490691283,-5.405501414565,
    4.247718608162));
#8309 = CARTESIAN_POINT('',(20.454170018296,-5.594500484803,
    4.456171887555));
#8310 = CARTESIAN_POINT('',(21.047685460952,-5.78734534214,
    4.623730500253));
#8311 = CARTESIAN_POINT('',(22.252816107548,-6.178916025753,
    4.875869601056));
#8312 = CARTESIAN_POINT('',(22.864499816744,-6.377664110736,
    4.960130256204));
#8313 = CARTESIAN_POINT('',(23.480156073182,-6.577702954561,
    5.001495470729));
#8314 = CARTESIAN_POINT('',(24.701398500759,-6.974508673156,
    4.998456144605));
#8315 = CARTESIAN_POINT('',(25.306995432685,-7.171279044317,
    4.955416187509));
#8316 = CARTESIAN_POINT('',(25.908622351715,-7.366759480094,
    4.870843568798));
#8317 = CARTESIAN_POINT('',(27.098614224273,-7.753411277845,
    4.619735079734));
#8318 = CARTESIAN_POINT('',(27.686926273479,-7.944565450164,
    4.45288191925));
#8319 = CARTESIAN_POINT('',(28.263551706863,-8.131922410819,4.2457764498
    ));
#8320 = CARTESIAN_POINT('',(28.824857135804,-8.314301600284,4.));
#8321 = PCURVE('',#305,#8322);
#8322 = DEFINITIONAL_REPRESENTATION('',(#8323),#8338);
#8323 = B_SPLINE_CURVE_WITH_KNOTS('',4,(#8324,#8325,#8326,#8327,#8328,
    #8329,#8330,#8331,#8332,#8333,#8334,#8335,#8336,#8337),
  .UNSPECIFIED.,.F.,.F.,(5,3,3,3,5),(0.499921987637,0.750978269488,
    1.003000093423,1.250981379511,1.499921987636),.UNSPECIFIED.);
#8324 = CARTESIAN_POINT('',(11.025015644562,-1.));
#8325 = CARTESIAN_POINT('',(10.429746432822,-0.752281391838));
#8326 = CARTESIAN_POINT('',(9.818132593847,-0.543828112445));
#8327 = CARTESIAN_POINT('',(9.194073526393,-0.376269499747));
#8328 = CARTESIAN_POINT('',(7.926924176226,-0.124130398944));
#8329 = CARTESIAN_POINT('',(7.283761862823,-3.986974379603E-02));
#8330 = CARTESIAN_POINT('',(6.636422566063,1.495470728709E-03));
#8331 = CARTESIAN_POINT('',(5.352332286829,-1.543855394751E-03));
#8332 = CARTESIAN_POINT('',(4.715569989794,-4.458381249108E-02));
#8333 = CARTESIAN_POINT('',(4.082982011349,-0.129156431202));
#8334 = CARTESIAN_POINT('',(2.831750510204,-0.380264920266));
#8335 = CARTESIAN_POINT('',(2.213162614399,-0.54711808075));
#8336 = CARTESIAN_POINT('',(1.606862753661,-0.7542235502));
#8337 = CARTESIAN_POINT('',(1.01667129887,-1.));
#8338 = ( GEOMETRIC_REPRESENTATION_CONTEXT(2) 
PARAMETRIC_REPRESENTATION_CONTEXT() REPRESENTATION_CONTEXT('2D SPACE',''
  ) );
#8339 = PCURVE('',#278,#8340);
#8340 = DEFINITIONAL_REPRESENTATION('',(#8341),#8367);
#8341 = B_SPLINE_CURVE_WITH_KNOTS('',3,(#8342,#8343,#8344,#8345,#8346,
    #8347,#8348,#8349,#8350,#8351,#8352,#8353,#8354,#8355,#8356,#8357,
    #8358,#8359,#8360,#8361,#8362,#8363,#8364,#8365,#8366),
  .UNSPECIFIED.,.F.,.F.,(4,1,1,1,1,1,1,1,1,1,1,1,1,1,1,1,1,1,1,1,1,1,4),
  (0.499921987637,0.545376533091,0.590831078546,0.636285624,
    0.681740169455,0.727194714909,0.772649260364,0.818103805818,
    0.863558351273,0.909012896727,0.954467442182,0.999921987636,
    1.045376533091,1.090831078546,1.136285624,1.181740169455,
    1.227194714909,1.272649260364,1.318103805818,1.363558351273,
    1.409012896727,1.454467442182,1.499921987636),
  .QUASI_UNIFORM_KNOTS.);
#8342 = CARTESIAN_POINT('',(6.019046898626,1.965587446495));
#8343 = CARTESIAN_POINT('',(6.018687632941,1.953627373266));
#8344 = CARTESIAN_POINT('',(6.017979266934,1.929707043089));
#8345 = CARTESIAN_POINT('',(6.016947396723,1.893825933962));
#8346 = CARTESIAN_POINT('',(6.01594645002,1.857944166286));
#8347 = CARTESIAN_POINT('',(6.014976454542,1.822061632319));
#8348 = CARTESIAN_POINT('',(6.014037323554,1.786178242599));
#8349 = CARTESIAN_POINT('',(6.013128855138,1.750294030664));
#8350 = CARTESIAN_POINT('',(6.012250746565,1.714408826912));
#8351 = CARTESIAN_POINT('',(6.011402618577,1.678522682549));
#8352 = CARTESIAN_POINT('',(6.010584021131,1.642635543548));
#8353 = CARTESIAN_POINT('',(6.00979444814,1.606747344803));
#8354 = CARTESIAN_POINT('',(6.009033350233,1.570858101692));
#8355 = CARTESIAN_POINT('',(6.008300141943,1.534967803684));
#8356 = CARTESIAN_POINT('',(6.007594209961,1.499076392225));
#8357 = CARTESIAN_POINT('',(6.006914923766,1.463183924405));
#8358 = CARTESIAN_POINT('',(6.006261637894,1.427290358782));
#8359 = CARTESIAN_POINT('',(6.005633700039,1.391395673395));
#8360 = CARTESIAN_POINT('',(6.005030457385,1.355499962455));
#8361 = CARTESIAN_POINT('',(6.004451255482,1.319603117663));
#8362 = CARTESIAN_POINT('',(6.003895448602,1.283705239869));
#8363 = CARTESIAN_POINT('',(6.003362397971,1.247806322457));
#8364 = CARTESIAN_POINT('',(6.002851474202,1.211906345577));
#8365 = CARTESIAN_POINT('',(6.002525203052,1.187972360436));
#8366 = CARTESIAN_POINT('',(6.002365551082,1.176005207095));
#8367 = ( GEOMETRIC_REPRESENTATION_CONTEXT(2) 
PARAMETRIC_REPRESENTATION_CONTEXT() REPRESENTATION_CONTEXT('2D SPACE',''
  ) );
#8368 = ORIENTED_EDGE('',*,*,#290,.F.);
#8369 = ORIENTED_EDGE('',*,*,#8280,.T.);
#8370 = ORIENTED_EDGE('',*,*,#4330,.F.);
#8371 = ADVANCED_FACE('',(#8372),#278,.T.);
#8372 = FACE_BOUND('',#8373,.T.);
#8373 = EDGE_LOOP('',(#8374,#8375,#8376,#8377));
#8374 = ORIENTED_EDGE('',*,*,#4351,.F.);
#8375 = ORIENTED_EDGE('',*,*,#8304,.T.);
#8376 = ORIENTED_EDGE('',*,*,#261,.T.);
#8377 = ORIENTED_EDGE('',*,*,#8378,.F.);
#8378 = EDGE_CURVE('',#4352,#236,#8379,.T.);
#8379 = SURFACE_CURVE('',#8380,(#8395,#8424),.PCURVE_S1.);
#8380 = B_SPLINE_CURVE_WITH_KNOTS('',4,(#8381,#8382,#8383,#8384,#8385,
    #8386,#8387,#8388,#8389,#8390,#8391,#8392,#8393,#8394),
  .UNSPECIFIED.,.F.,.F.,(5,3,3,3,5),(0.499921976806,0.750978258657,
    1.003000082592,1.250981368681,1.499921976806),.UNSPECIFIED.);
#8381 = CARTESIAN_POINT('',(19.974984355438,-1.,4.));
#8382 = CARTESIAN_POINT('',(20.570253567178,-1.,4.247718608162));
#8383 = CARTESIAN_POINT('',(21.181867406153,-1.,4.456171887555));
#8384 = CARTESIAN_POINT('',(21.805926473608,-1.,4.623730500253));
#8385 = CARTESIAN_POINT('',(23.073075823774,-1.,4.875869601056));
#8386 = CARTESIAN_POINT('',(23.716238137175,-1.,4.960130256205));
#8387 = CARTESIAN_POINT('',(24.363577433937,-1.,5.001495470729));
#8388 = CARTESIAN_POINT('',(25.647667713171,-1.,4.998456144605));
#8389 = CARTESIAN_POINT('',(26.284430010206,-1.,4.955416187509));
#8390 = CARTESIAN_POINT('',(26.917017988651,-1.,4.870843568798));
#8391 = CARTESIAN_POINT('',(28.168249489796,-1.,4.619735079734));
#8392 = CARTESIAN_POINT('',(28.7868373856,-1.,4.45288191925));
#8393 = CARTESIAN_POINT('',(29.393137246339,-1.,4.2457764498));
#8394 = CARTESIAN_POINT('',(29.98332870113,-1.,4.));
#8395 = PCURVE('',#278,#8396);
#8396 = DEFINITIONAL_REPRESENTATION('',(#8397),#8423);
#8397 = B_SPLINE_CURVE_WITH_KNOTS('',3,(#8398,#8399,#8400,#8401,#8402,
    #8403,#8404,#8405,#8406,#8407,#8408,#8409,#8410,#8411,#8412,#8413,
    #8414,#8415,#8416,#8417,#8418,#8419,#8420,#8421,#8422),
  .UNSPECIFIED.,.F.,.F.,(4,1,1,1,1,1,1,1,1,1,1,1,1,1,1,1,1,1,1,1,1,1,4),
  (0.499921976806,0.54537652226,0.590831067715,0.636285613169,
    0.681740158624,0.727194704079,0.772649249533,0.818103794988,
    0.863558340442,0.909012885897,0.954467431351,0.999921976806,
    1.04537652226,1.090831067715,1.13628561317,1.181740158624,
    1.227194704079,1.272649249533,1.318103794988,1.363558340442,
    1.409012885897,1.454467431351,1.499921976806),
  .QUASI_UNIFORM_KNOTS.);
#8398 = CARTESIAN_POINT('',(6.233164450374,1.965587446495));
#8399 = CARTESIAN_POINT('',(6.233523716059,1.953627373266));
#8400 = CARTESIAN_POINT('',(6.234232082066,1.929707043089));
#8401 = CARTESIAN_POINT('',(6.235263952277,1.893825933962));
#8402 = CARTESIAN_POINT('',(6.23626489898,1.857944166286));
#8403 = CARTESIAN_POINT('',(6.237234894459,1.822061632319));
#8404 = CARTESIAN_POINT('',(6.238174025446,1.786178242599));
#8405 = CARTESIAN_POINT('',(6.239082493862,1.750294030664));
#8406 = CARTESIAN_POINT('',(6.239960602436,1.714408826912));
#8407 = CARTESIAN_POINT('',(6.240808730423,1.678522682549));
#8408 = CARTESIAN_POINT('',(6.241627327869,1.642635543548));
#8409 = CARTESIAN_POINT('',(6.242416900861,1.606747344803));
#8410 = CARTESIAN_POINT('',(6.243177998767,1.570858101692));
#8411 = CARTESIAN_POINT('',(6.243911207057,1.534967803684));
#8412 = CARTESIAN_POINT('',(6.244617139039,1.499076392225));
#8413 = CARTESIAN_POINT('',(6.245296425234,1.463183924405));
#8414 = CARTESIAN_POINT('',(6.245949711106,1.427290358782));
#8415 = CARTESIAN_POINT('',(6.246577648962,1.391395673395));
#8416 = CARTESIAN_POINT('',(6.247180891615,1.355499962455));
#8417 = CARTESIAN_POINT('',(6.247760093519,1.319603117663));
#8418 = CARTESIAN_POINT('',(6.248315900399,1.283705239869));
#8419 = CARTESIAN_POINT('',(6.248848951029,1.247806322457));
#8420 = CARTESIAN_POINT('',(6.249359874798,1.211906345577));
#8421 = CARTESIAN_POINT('',(6.249686145948,1.187972360436));
#8422 = CARTESIAN_POINT('',(6.249845797918,1.176005207095));
#8423 = ( GEOMETRIC_REPRESENTATION_CONTEXT(2) 
PARAMETRIC_REPRESENTATION_CONTEXT() REPRESENTATION_CONTEXT('2D SPACE',''
  ) );
#8424 = PCURVE('',#250,#8425);
#8425 = DEFINITIONAL_REPRESENTATION('',(#8426),#8441);
#8426 = B_SPLINE_CURVE_WITH_KNOTS('',4,(#8427,#8428,#8429,#8430,#8431,
    #8432,#8433,#8434,#8435,#8436,#8437,#8438,#8439,#8440),
  .UNSPECIFIED.,.F.,.F.,(5,3,3,3,5),(0.499921976806,0.750978258657,
    1.003000082592,1.250981368681,1.499921976806),.UNSPECIFIED.);
#8427 = CARTESIAN_POINT('',(0.974984355438,-1.));
#8428 = CARTESIAN_POINT('',(1.570253567178,-0.752281391838));
#8429 = CARTESIAN_POINT('',(2.181867406153,-0.543828112445));
#8430 = CARTESIAN_POINT('',(2.805926473608,-0.376269499747));
#8431 = CARTESIAN_POINT('',(4.073075823774,-0.124130398944));
#8432 = CARTESIAN_POINT('',(4.716238137175,-3.986974379525E-02));
#8433 = CARTESIAN_POINT('',(5.363577433937,1.495470728726E-03));
#8434 = CARTESIAN_POINT('',(6.647667713171,-1.543855394752E-03));
#8435 = CARTESIAN_POINT('',(7.284430010206,-4.458381249108E-02));
#8436 = CARTESIAN_POINT('',(7.917017988651,-0.129156431202));
#8437 = CARTESIAN_POINT('',(9.168249489796,-0.380264920266));
#8438 = CARTESIAN_POINT('',(9.7868373856,-0.54711808075));
#8439 = CARTESIAN_POINT('',(10.393137246339,-0.7542235502));
#8440 = CARTESIAN_POINT('',(10.98332870113,-1.));
#8441 = ( GEOMETRIC_REPRESENTATION_CONTEXT(2) 
PARAMETRIC_REPRESENTATION_CONTEXT() REPRESENTATION_CONTEXT('2D SPACE',''
  ) );
#8442 = ADVANCED_FACE('',(#8443),#250,.F.);
#8443 = FACE_BOUND('',#8444,.F.);
#8444 = EDGE_LOOP('',(#8445,#8446,#8447,#8448));
#8445 = ORIENTED_EDGE('',*,*,#235,.T.);
#8446 = ORIENTED_EDGE('',*,*,#8378,.F.);
#8447 = ORIENTED_EDGE('',*,*,#4375,.T.);
#8448 = ORIENTED_EDGE('',*,*,#4532,.T.);
#8449 = ADVANCED_FACE('',(#8450),#2471,.F.);
#8450 = FACE_BOUND('',#8451,.F.);
#8451 = EDGE_LOOP('',(#8452));
#8452 = ORIENTED_EDGE('',*,*,#2456,.T.);
#8453 = ADVANCED_FACE('',(#8454),#2526,.F.);
#8454 = FACE_BOUND('',#8455,.F.);
#8455 = EDGE_LOOP('',(#8456));
#8456 = ORIENTED_EDGE('',*,*,#2511,.T.);
#8457 = ADVANCED_FACE('',(#8458),#4515,.F.);
#8458 = FACE_BOUND('',#8459,.F.);
#8459 = EDGE_LOOP('',(#8460));
#8460 = ORIENTED_EDGE('',*,*,#4500,.T.);
#8461 = ( GEOMETRIC_REPRESENTATION_CONTEXT(3) 
GLOBAL_UNCERTAINTY_ASSIGNED_CONTEXT((#8465)) 
GLOBAL_UNIT_ASSIGNED_CONTEXT((#8462,#8463,#8464)) REPRESENTATION_CONTEXT
('Context #1','3D Context with UNIT and UNCERTAINTY') );
#8462 = ( LENGTH_UNIT() NAMED_UNIT(*) SI_UNIT(.MILLI.,.METRE.) );
#8463 = ( NAMED_UNIT(*) PLANE_ANGLE_UNIT() SI_UNIT($,.RADIAN.) );
#8464 = ( NAMED_UNIT(*) SI_UNIT($,.STERADIAN.) SOLID_ANGLE_UNIT() );
#8465 = UNCERTAINTY_MEASURE_WITH_UNIT(LENGTH_MEASURE(5.E-07),#8462,
  'distance_accuracy_value','confusion accuracy');
#8466 = PRODUCT_RELATED_PRODUCT_CATEGORY('part',$,(#7));
ENDSEC;
END-ISO-10303-21;
