ISO-10303-21;
HEADER;
FILE_DESCRIPTION(('Open CASCADE Model'),'2;1');
FILE_NAME('Open CASCADE Shape Model','2026-08-07T02:34:19',('Author'),(
    'Open CASCADE'),'Open CASCADE STEP processor 7.7','Open CASCADE 7.7'
  ,'Unknown');
FILE_SCHEMA(('AUTOMOTIVE_DESIGN { 1 0 10303 214 1 1 1 1 }'));
ENDSEC;
DATA;
#1 = APPLICATION_PROTOCOL_DEFINITION('international standard',
  'automotive_design',2000,#2);
#2 = APPLICATION_CONTEXT(
  'core data for automotive mechanical design processes');
#3 = SHAPE_DEFINITION_REPRESENTATION(#4,#10);
#4 = PRODUCT_DEFINITION_SHAPE('','',#5);
#5 = PRODUCT_DEFINITION('design','',#6,#9);
#6 = PRODUCT_DEFINITION_FORMATION('','',#7);
#7 = PRODUCT('Open CASCADE STEP translator 7.7 33',
  'Open CASCADE STEP translator 7.7 33','',(#8));
#8 = PRODUCT_CONTEXT('',#2,'mechanical');
#9 = PRODUCT_DEFINITION_CONTEXT('part definition',#2,'design');
#10 = ADVANCED_BREP_SHAPE_REPRESENTATION('',(#11,#15),#12728);
#11 = AXIS2_PLACEMENT_3D('',#12,#13,#14);
#12 = CARTESIAN_POINT('',(0.,0.,0.));
#13 = DIRECTION('',(0.,0.,1.));
#14 = DIRECTION('',(1.,0.,-0.));
#15 = MANIFOLD_SOLID_BREP('',#16);
#16 = CLOSED_SHELL('',(#17,#354,#615,#621,#840,#1080,#1341,#1602,#1821,
    #2061,#2301,#2541,#2760,#3000,#3240,#3480,#3741,#3981,#4200,#4419,
    #4638,#4857,#5142,#5204,#5259,#5885,#5910,#5917,#6929,#6933,#9700,
    #9935,#12245,#12290,#12338,#12423,#12450,#12477,#12504,#12531,#12558
    ,#12585,#12612,#12639,#12667,#12724));
#17 = ADVANCED_FACE('',(#18),#31,.T.);
#18 = FACE_BOUND('',#19,.F.);
#19 = EDGE_LOOP('',(#20,#53,#76,#105,#272,#300,#325,#353));
#20 = ORIENTED_EDGE('',*,*,#21,.F.);
#21 = EDGE_CURVE('',#22,#22,#24,.T.);
#22 = VERTEX_POINT('',#23);
#23 = CARTESIAN_POINT('',(6.,0.,0.));
#24 = SURFACE_CURVE('',#25,(#30,#42),.PCURVE_S1.);
#25 = CIRCLE('',#26,6.);
#26 = AXIS2_PLACEMENT_3D('',#27,#28,#29);
#27 = CARTESIAN_POINT('',(0.,0.,0.));
#28 = DIRECTION('',(0.,0.,1.));
#29 = DIRECTION('',(1.,0.,0.));
#30 = PCURVE('',#31,#36);
#31 = CYLINDRICAL_SURFACE('',#32,6.);
#32 = AXIS2_PLACEMENT_3D('',#33,#34,#35);
#33 = CARTESIAN_POINT('',(0.,0.,0.));
#34 = DIRECTION('',(-0.,-0.,-1.));
#35 = DIRECTION('',(1.,0.,0.));
#36 = DEFINITIONAL_REPRESENTATION('',(#37),#41);
#37 = LINE('',#38,#39);
#38 = CARTESIAN_POINT('',(-0.,0.));
#39 = VECTOR('',#40,1.);
#40 = DIRECTION('',(-1.,0.));
#41 = ( GEOMETRIC_REPRESENTATION_CONTEXT(2) 
PARAMETRIC_REPRESENTATION_CONTEXT() REPRESENTATION_CONTEXT('2D SPACE',''
  ) );
#42 = PCURVE('',#43,#48);
#43 = CYLINDRICAL_SURFACE('',#44,6.);
#44 = AXIS2_PLACEMENT_3D('',#45,#46,#47);
#45 = CARTESIAN_POINT('',(0.,0.,0.));
#46 = DIRECTION('',(0.,0.,1.));
#47 = DIRECTION('',(1.,0.,0.));
#48 = DEFINITIONAL_REPRESENTATION('',(#49),#52);
#49 = B_SPLINE_CURVE_WITH_KNOTS('',1,(#50,#51),.UNSPECIFIED.,.F.,.F.,(2,
    2),(0.,6.28318530718),.PIECEWISE_BEZIER_KNOTS.);
#50 = CARTESIAN_POINT('',(0.,0.));
#51 = CARTESIAN_POINT('',(6.28318530718,0.));
#52 = ( GEOMETRIC_REPRESENTATION_CONTEXT(2) 
PARAMETRIC_REPRESENTATION_CONTEXT() REPRESENTATION_CONTEXT('2D SPACE',''
  ) );
#53 = ORIENTED_EDGE('',*,*,#54,.T.);
#54 = EDGE_CURVE('',#22,#55,#57,.T.);
#55 = VERTEX_POINT('',#56);
#56 = CARTESIAN_POINT('',(6.,7.960962350988E-16,20.));
#57 = SEAM_CURVE('',#58,(#62,#69),.PCURVE_S1.);
#58 = LINE('',#59,#60);
#59 = CARTESIAN_POINT('',(6.,0.,0.));
#60 = VECTOR('',#61,1.);
#61 = DIRECTION('',(0.,0.,1.));
#62 = PCURVE('',#31,#63);
#63 = DEFINITIONAL_REPRESENTATION('',(#64),#68);
#64 = LINE('',#65,#66);
#65 = CARTESIAN_POINT('',(-6.28318530718,0.));
#66 = VECTOR('',#67,1.);
#67 = DIRECTION('',(-0.,-1.));
#68 = ( GEOMETRIC_REPRESENTATION_CONTEXT(2) 
PARAMETRIC_REPRESENTATION_CONTEXT() REPRESENTATION_CONTEXT('2D SPACE',''
  ) );
#69 = PCURVE('',#31,#70);
#70 = DEFINITIONAL_REPRESENTATION('',(#71),#75);
#71 = LINE('',#72,#73);
#72 = CARTESIAN_POINT('',(-0.,0.));
#73 = VECTOR('',#74,1.);
#74 = DIRECTION('',(-0.,-1.));
#75 = ( GEOMETRIC_REPRESENTATION_CONTEXT(2) 
PARAMETRIC_REPRESENTATION_CONTEXT() REPRESENTATION_CONTEXT('2D SPACE',''
  ) );
#76 = ORIENTED_EDGE('',*,*,#77,.F.);
#77 = EDGE_CURVE('',#78,#55,#80,.T.);
#78 = VERTEX_POINT('',#79);
#79 = CARTESIAN_POINT('',(-4.415520573468,4.062410376276,20.));
#80 = SURFACE_CURVE('',#81,(#86,#93),.PCURVE_S1.);
#81 = CIRCLE('',#82,6.);
#82 = AXIS2_PLACEMENT_3D('',#83,#84,#85);
#83 = CARTESIAN_POINT('',(0.,0.,20.));
#84 = DIRECTION('',(0.,0.,-1.));
#85 = DIRECTION('',(1.,0.,0.));
#86 = PCURVE('',#31,#87);
#87 = DEFINITIONAL_REPRESENTATION('',(#88),#92);
#88 = LINE('',#89,#90);
#89 = CARTESIAN_POINT('',(-6.28318530718,-20.));
#90 = VECTOR('',#91,1.);
#91 = DIRECTION('',(1.,-0.));
#92 = ( GEOMETRIC_REPRESENTATION_CONTEXT(2) 
PARAMETRIC_REPRESENTATION_CONTEXT() REPRESENTATION_CONTEXT('2D SPACE',''
  ) );
#93 = PCURVE('',#94,#99);
#94 = CYLINDRICAL_SURFACE('',#95,6.);
#95 = AXIS2_PLACEMENT_3D('',#96,#97,#98);
#96 = CARTESIAN_POINT('',(0.,0.,0.));
#97 = DIRECTION('',(-0.,-0.,-1.));
#98 = DIRECTION('',(1.,0.,0.));
#99 = DEFINITIONAL_REPRESENTATION('',(#100),#104);
#100 = LINE('',#101,#102);
#101 = CARTESIAN_POINT('',(-6.28318530718,-20.));
#102 = VECTOR('',#103,1.);
#103 = DIRECTION('',(1.,-0.));
#104 = ( GEOMETRIC_REPRESENTATION_CONTEXT(2) 
PARAMETRIC_REPRESENTATION_CONTEXT() REPRESENTATION_CONTEXT('2D SPACE',''
  ) );
#105 = ORIENTED_EDGE('',*,*,#106,.T.);
#106 = EDGE_CURVE('',#78,#107,#109,.T.);
#107 = VERTEX_POINT('',#108);
#108 = CARTESIAN_POINT('',(6.,0.,21.082162602636));
#109 = SURFACE_CURVE('',#110,(#162,#217),.PCURVE_S1.);
#110 = B_SPLINE_CURVE_WITH_KNOTS('',8,(#111,#112,#113,#114,#115,#116,
    #117,#118,#119,#120,#121,#122,#123,#124,#125,#126,#127,#128,#129,
    #130,#131,#132,#133,#134,#135,#136,#137,#138,#139,#140,#141,#142,
    #143,#144,#145,#146,#147,#148,#149,#150,#151,#152,#153,#154,#155,
    #156,#157,#158,#159,#160,#161),.UNSPECIFIED.,.F.,.F.,(9,7,7,7,7,7,7,
    9),(0.,0.156310130088,0.309516410914,0.466087646766,0.648932129914,
    0.720586935936,0.867279211436,1.),.UNSPECIFIED.);
#111 = CARTESIAN_POINT('',(5.182312258339,3.02384517743,19.479273079603)
  );
#112 = CARTESIAN_POINT('',(4.842434539032,3.606332827343,19.510579721395
    ));
#113 = CARTESIAN_POINT('',(4.427375396745,4.145772755452,19.541918270922
    ));
#114 = CARTESIAN_POINT('',(3.943974074344,4.629817769928,19.573236093326
    ));
#115 = CARTESIAN_POINT('',(3.401161568053,5.048741851934,19.604541926315
    ));
#116 = CARTESIAN_POINT('',(2.809000274618,5.394409692433,19.635850196917
    ));
#117 = CARTESIAN_POINT('',(2.178809793489,5.660552960666,19.667171464533
    ));
#118 = CARTESIAN_POINT('',(1.52295791253,5.84255293119,19.698511678279)
  );
#119 = CARTESIAN_POINT('',(0.201176860119,6.03294868447,19.760504529843)
  );
#120 = CARTESIAN_POINT('',(-0.465574361242,6.044904372747,
    19.791218422672));
#121 = CARTESIAN_POINT('',(-1.131754982622,5.972414867214,19.82191356161
    ));
#122 = CARTESIAN_POINT('',(-1.784983010707,5.816295558517,
    19.852596509561));
#123 = CARTESIAN_POINT('',(-2.413343411165,5.579110119103,
    19.883279177631));
#124 = CARTESIAN_POINT('',(-3.005527039115,5.265403904291,19.91397441714
    ));
#125 = CARTESIAN_POINT('',(-3.55078704716,4.881474274323,19.944687647362
    ));
#126 = CARTESIAN_POINT('',(-4.538978509643,3.981702581964,
    20.006727517451));
#127 = CARTESIAN_POINT('',(-4.980513627622,3.462133903173,20.03812264369
    ));
#128 = CARTESIAN_POINT('',(-5.353360390988,2.88708788409,20.069501295581
    ));
#129 = CARTESIAN_POINT('',(-5.649807620477,2.267418597514,
    20.100867976104));
#130 = CARTESIAN_POINT('',(-5.863978903739,1.614743323051,
    20.132232398576));
#131 = CARTESIAN_POINT('',(-5.992112377865,0.941518000192,
    20.163605699791));
#132 = CARTESIAN_POINT('',(-6.032274529071,0.260857186251,
    20.194996851476));
#133 = CARTESIAN_POINT('',(-5.931444708855,-1.200150998176,
    20.26297380815));
#134 = CARTESIAN_POINT('',(-5.758748337348,-1.98058667137,
    20.299664567116));
#135 = CARTESIAN_POINT('',(-5.468478846306,-2.731072293263,
    20.336312251572));
#136 = CARTESIAN_POINT('',(-5.067664791827,-3.431578943573,
    20.372940585103));
#137 = CARTESIAN_POINT('',(-4.566016951697,-4.063800694519,
    20.409573625774));
#138 = CARTESIAN_POINT('',(-3.976929834727,-4.611932664106,
    20.446220384858));
#139 = CARTESIAN_POINT('',(-3.316382547378,-5.062015579316,
    20.48291150639));
#140 = CARTESIAN_POINT('',(-2.327253491084,-5.538905749172,
    20.533884722437));
#141 = CARTESIAN_POINT('',(-2.040809796634,-5.656795004312,
    20.548239082635));
#142 = CARTESIAN_POINT('',(-1.74758429611,-5.757734214354,
    20.562594046905));
#143 = CARTESIAN_POINT('',(-1.448767876879,-5.841266480002,
    20.576948045712));
#144 = CARTESIAN_POINT('',(-1.145569469691,-5.907043406472,
    20.591300211349));
#145 = CARTESIAN_POINT('',(-0.8392137429,-5.954820629691,20.60565050854)
  );
#146 = CARTESIAN_POINT('',(-0.530938796679,-5.984453342501,
    20.619999865043));
#147 = CARTESIAN_POINT('',(0.410480622654,-6.019308762582,
    20.663728628782));
#148 = CARTESIAN_POINT('',(1.046306262587,-5.966497756509,
    20.693133686364));
#149 = CARTESIAN_POINT('',(1.673928602566,-5.836810196965,
    20.722527753636));
#150 = CARTESIAN_POINT('',(2.28261030564,-5.631993277578,20.751909652955
    ));
#151 = CARTESIAN_POINT('',(2.862147497162,-5.355238489448,
    20.781290190397));
#152 = CARTESIAN_POINT('',(3.402973927537,-5.011347085579,20.81068000631
    ));
#153 = CARTESIAN_POINT('',(3.896133127076,-4.606585649126,
    20.840083010041));
#154 = CARTESIAN_POINT('',(4.729767458362,-3.735924285973,
    20.896038905287));
#155 = CARTESIAN_POINT('',(5.080922890981,-3.27888022661,20.922637546462
    ));
#156 = CARTESIAN_POINT('',(5.381272544906,-2.784381424755,
    20.949230594129));
#157 = CARTESIAN_POINT('',(5.626299860751,-2.259152236588,
    20.975817623066));
#158 = CARTESIAN_POINT('',(5.812524809715,-1.710342940214,
    21.002402598454));
#159 = CARTESIAN_POINT('',(5.937548806763,-1.145516158444,
    21.028990703707));
#160 = CARTESIAN_POINT('',(5.999999999433,-0.57259795763,21.055584359195
    ));
#161 = CARTESIAN_POINT('',(6.,-1.7763568394E-15,21.082162602636));
#162 = PCURVE('',#31,#163);
#163 = DEFINITIONAL_REPRESENTATION('',(#164),#216);
#164 = B_SPLINE_CURVE_WITH_KNOTS('',8,(#165,#166,#167,#168,#169,#170,
    #171,#172,#173,#174,#175,#176,#177,#178,#179,#180,#181,#182,#183,
    #184,#185,#186,#187,#188,#189,#190,#191,#192,#193,#194,#195,#196,
    #197,#198,#199,#200,#201,#202,#203,#204,#205,#206,#207,#208,#209,
    #210,#211,#212,#213,#214,#215),.UNSPECIFIED.,.F.,.F.,(9,7,7,7,7,7,7,
    9),(0.,0.156310130088,0.309516410914,0.466087646766,0.648932129914,
    0.720586935936,0.867279211436,1.),.UNSPECIFIED.);
#165 = CARTESIAN_POINT('',(-0.528193893702,-19.4792730796));
#166 = CARTESIAN_POINT('',(-0.640593074005,-19.51057972139));
#167 = CARTESIAN_POINT('',(-0.75311008261,-19.54191827092));
#168 = CARTESIAN_POINT('',(-0.865558713201,-19.57323609332));
#169 = CARTESIAN_POINT('',(-0.977964241102,-19.60454192631));
#170 = CARTESIAN_POINT('',(-1.09036954467,-19.63585019691));
#171 = CARTESIAN_POINT('',(-1.202817784277,-19.66717146453));
#172 = CARTESIAN_POINT('',(-1.31533425332,-19.69851167827));
#173 = CARTESIAN_POINT('',(-1.537904822241,-19.76050452984));
#174 = CARTESIAN_POINT('',(-1.648178704964,-19.79121842267));
#175 = CARTESIAN_POINT('',(-1.758390742573,-19.82191356161));
#176 = CARTESIAN_POINT('',(-1.868565514989,-19.85259650956));
#177 = CARTESIAN_POINT('',(-1.978741446253,-19.88327917763));
#178 = CARTESIAN_POINT('',(-2.088958386725,-19.91397441714));
#179 = CARTESIAN_POINT('',(-2.199233801377,-19.94468764736));
#180 = CARTESIAN_POINT('',(-2.421976270067,-20.00672751745));
#181 = CARTESIAN_POINT('',(-2.53468897345,-20.03812264369));
#182 = CARTESIAN_POINT('',(-2.647337838318,-20.06950129558));
#183 = CARTESIAN_POINT('',(-2.759942927184,-20.1008679761));
#184 = CARTESIAN_POINT('',(-2.872546491781,-20.13223239857));
#185 = CARTESIAN_POINT('',(-2.985190618152,-20.16360569979));
#186 = CARTESIAN_POINT('',(-3.097903785229,-20.19499685147));
#187 = CARTESIAN_POINT('',(-3.341984348409,-20.26297380815));
#188 = CARTESIAN_POINT('',(-3.473729086744,-20.29966456711));
#189 = CARTESIAN_POINT('',(-3.60531350421,-20.33631225157));
#190 = CARTESIAN_POINT('',(-3.73681911129,-20.3729405851));
#191 = CARTESIAN_POINT('',(-3.868324297271,-20.40957362577));
#192 = CARTESIAN_POINT('',(-3.999907418168,-20.44622038485));
#193 = CARTESIAN_POINT('',(-4.131651486064,-20.48291150639));
#194 = CARTESIAN_POINT('',(-4.314666400765,-20.53388472243));
#195 = CARTESIAN_POINT('',(-4.366202828542,-20.54823908263));
#196 = CARTESIAN_POINT('',(-4.41773915879,-20.5625940469));
#197 = CARTESIAN_POINT('',(-4.469272028044,-20.57694804571));
#198 = CARTESIAN_POINT('',(-4.52080134918,-20.59130021134));
#199 = CARTESIAN_POINT('',(-4.572328657118,-20.60565050854));
#200 = CARTESIAN_POINT('',(-4.623855454524,-20.61999986504));
#201 = CARTESIAN_POINT('',(-4.780866195789,-20.66372862878));
#202 = CARTESIAN_POINT('',(-4.886438775346,-20.69313368636));
#203 = CARTESIAN_POINT('',(-4.991960553909,-20.72252775363));
#204 = CARTESIAN_POINT('',(-5.097450533603,-20.75190965295));
#205 = CARTESIAN_POINT('',(-5.202941720648,-20.78129019039));
#206 = CARTESIAN_POINT('',(-5.308466744342,-20.81068000631));
#207 = CARTESIAN_POINT('',(-5.414036336191,-20.84008301004));
#208 = CARTESIAN_POINT('',(-5.614936906373,-20.89603890528));
#209 = CARTESIAN_POINT('',(-5.710432656928,-20.92263754646));
#210 = CARTESIAN_POINT('',(-5.805905859453,-20.94923059412));
#211 = CARTESIAN_POINT('',(-5.901356781464,-20.97581762306));
#212 = CARTESIAN_POINT('',(-5.996803459557,-21.00240259845));
#213 = CARTESIAN_POINT('',(-6.092266001307,-21.0289907037));
#214 = CARTESIAN_POINT('',(-6.187752314241,-21.05558435919));
#215 = CARTESIAN_POINT('',(-6.28318530718,-21.08216260263));
#216 = ( GEOMETRIC_REPRESENTATION_CONTEXT(2) 
PARAMETRIC_REPRESENTATION_CONTEXT() REPRESENTATION_CONTEXT('2D SPACE',''
  ) );
#217 = PCURVE('',#94,#218);
#218 = DEFINITIONAL_REPRESENTATION('',(#219),#271);
#219 = B_SPLINE_CURVE_WITH_KNOTS('',8,(#220,#221,#222,#223,#224,#225,
    #226,#227,#228,#229,#230,#231,#232,#233,#234,#235,#236,#237,#238,
    #239,#240,#241,#242,#243,#244,#245,#246,#247,#248,#249,#250,#251,
    #252,#253,#254,#255,#256,#257,#258,#259,#260,#261,#262,#263,#264,
    #265,#266,#267,#268,#269,#270),.UNSPECIFIED.,.F.,.F.,(9,7,7,7,7,7,7,
    9),(0.,0.156310130088,0.309516410914,0.466087646766,0.648932129914,
    0.720586935936,0.867279211436,1.),.UNSPECIFIED.);
#220 = CARTESIAN_POINT('',(-0.528193893702,-19.4792730796));
#221 = CARTESIAN_POINT('',(-0.640593074005,-19.51057972139));
#222 = CARTESIAN_POINT('',(-0.75311008261,-19.54191827092));
#223 = CARTESIAN_POINT('',(-0.865558713201,-19.57323609332));
#224 = CARTESIAN_POINT('',(-0.977964241102,-19.60454192631));
#225 = CARTESIAN_POINT('',(-1.09036954467,-19.63585019691));
#226 = CARTESIAN_POINT('',(-1.202817784277,-19.66717146453));
#227 = CARTESIAN_POINT('',(-1.31533425332,-19.69851167827));
#228 = CARTESIAN_POINT('',(-1.537904822241,-19.76050452984));
#229 = CARTESIAN_POINT('',(-1.648178704964,-19.79121842267));
#230 = CARTESIAN_POINT('',(-1.758390742573,-19.82191356161));
#231 = CARTESIAN_POINT('',(-1.868565514989,-19.85259650956));
#232 = CARTESIAN_POINT('',(-1.978741446253,-19.88327917763));
#233 = CARTESIAN_POINT('',(-2.088958386725,-19.91397441714));
#234 = CARTESIAN_POINT('',(-2.199233801377,-19.94468764736));
#235 = CARTESIAN_POINT('',(-2.421976270067,-20.00672751745));
#236 = CARTESIAN_POINT('',(-2.53468897345,-20.03812264369));
#237 = CARTESIAN_POINT('',(-2.647337838318,-20.06950129558));
#238 = CARTESIAN_POINT('',(-2.759942927184,-20.1008679761));
#239 = CARTESIAN_POINT('',(-2.872546491781,-20.13223239857));
#240 = CARTESIAN_POINT('',(-2.985190618152,-20.16360569979));
#241 = CARTESIAN_POINT('',(-3.097903785229,-20.19499685147));
#242 = CARTESIAN_POINT('',(-3.341984348409,-20.26297380815));
#243 = CARTESIAN_POINT('',(-3.473729086744,-20.29966456711));
#244 = CARTESIAN_POINT('',(-3.60531350421,-20.33631225157));
#245 = CARTESIAN_POINT('',(-3.73681911129,-20.3729405851));
#246 = CARTESIAN_POINT('',(-3.868324297271,-20.40957362577));
#247 = CARTESIAN_POINT('',(-3.999907418168,-20.44622038485));
#248 = CARTESIAN_POINT('',(-4.131651486064,-20.48291150639));
#249 = CARTESIAN_POINT('',(-4.314666400765,-20.53388472243));
#250 = CARTESIAN_POINT('',(-4.366202828542,-20.54823908263));
#251 = CARTESIAN_POINT('',(-4.41773915879,-20.5625940469));
#252 = CARTESIAN_POINT('',(-4.469272028044,-20.57694804571));
#253 = CARTESIAN_POINT('',(-4.52080134918,-20.59130021134));
#254 = CARTESIAN_POINT('',(-4.572328657118,-20.60565050854));
#255 = CARTESIAN_POINT('',(-4.623855454524,-20.61999986504));
#256 = CARTESIAN_POINT('',(-4.780866195789,-20.66372862878));
#257 = CARTESIAN_POINT('',(-4.886438775346,-20.69313368636));
#258 = CARTESIAN_POINT('',(-4.991960553909,-20.72252775363));
#259 = CARTESIAN_POINT('',(-5.097450533603,-20.75190965295));
#260 = CARTESIAN_POINT('',(-5.202941720648,-20.78129019039));
#261 = CARTESIAN_POINT('',(-5.308466744342,-20.81068000631));
#262 = CARTESIAN_POINT('',(-5.414036336191,-20.84008301004));
#263 = CARTESIAN_POINT('',(-5.614936906373,-20.89603890528));
#264 = CARTESIAN_POINT('',(-5.710432656928,-20.92263754646));
#265 = CARTESIAN_POINT('',(-5.805905859453,-20.94923059412));
#266 = CARTESIAN_POINT('',(-5.901356781464,-20.97581762306));
#267 = CARTESIAN_POINT('',(-5.996803459557,-21.00240259845));
#268 = CARTESIAN_POINT('',(-6.092266001307,-21.0289907037));
#269 = CARTESIAN_POINT('',(-6.187752314241,-21.05558435919));
#270 = CARTESIAN_POINT('',(-6.28318530718,-21.08216260263));
#271 = ( GEOMETRIC_REPRESENTATION_CONTEXT(2) 
PARAMETRIC_REPRESENTATION_CONTEXT() REPRESENTATION_CONTEXT('2D SPACE',''
  ) );
#272 = ORIENTED_EDGE('',*,*,#273,.F.);
#273 = EDGE_CURVE('',#274,#107,#276,.T.);
#274 = VERTEX_POINT('',#275);
#275 = CARTESIAN_POINT('',(6.,0.,20.667839250636));
#276 = SURFACE_CURVE('',#277,(#281,#288),.PCURVE_S1.);
#277 = LINE('',#278,#279);
#278 = CARTESIAN_POINT('',(6.,0.,0.));
#279 = VECTOR('',#280,1.);
#280 = DIRECTION('',(0.,0.,1.));
#281 = PCURVE('',#31,#282);
#282 = DEFINITIONAL_REPRESENTATION('',(#283),#287);
#283 = LINE('',#284,#285);
#284 = CARTESIAN_POINT('',(-6.28318530718,0.));
#285 = VECTOR('',#286,1.);
#286 = DIRECTION('',(-0.,-1.));
#287 = ( GEOMETRIC_REPRESENTATION_CONTEXT(2) 
PARAMETRIC_REPRESENTATION_CONTEXT() REPRESENTATION_CONTEXT('2D SPACE',''
  ) );
#288 = PCURVE('',#289,#294);
#289 = CYLINDRICAL_SURFACE('',#290,6.);
#290 = AXIS2_PLACEMENT_3D('',#291,#292,#293);
#291 = CARTESIAN_POINT('',(0.,0.,0.));
#292 = DIRECTION('',(-0.,-0.,-1.));
#293 = DIRECTION('',(1.,0.,0.));
#294 = DEFINITIONAL_REPRESENTATION('',(#295),#299);
#295 = LINE('',#296,#297);
#296 = CARTESIAN_POINT('',(-0.,0.));
#297 = VECTOR('',#298,1.);
#298 = DIRECTION('',(-0.,-1.));
#299 = ( GEOMETRIC_REPRESENTATION_CONTEXT(2) 
PARAMETRIC_REPRESENTATION_CONTEXT() REPRESENTATION_CONTEXT('2D SPACE',''
  ) );
#300 = ORIENTED_EDGE('',*,*,#301,.F.);
#301 = EDGE_CURVE('',#302,#274,#304,.T.);
#302 = VERTEX_POINT('',#303);
#303 = CARTESIAN_POINT('',(5.999920253854,-3.09345662731E-02,
    20.666403242141));
#304 = SURFACE_CURVE('',#305,(#308,#314),.PCURVE_S1.);
#305 = B_SPLINE_CURVE_WITH_KNOTS('',1,(#306,#307),.UNSPECIFIED.,.F.,.F.,
  (2,2),(0.,1.),.PIECEWISE_BEZIER_KNOTS.);
#306 = CARTESIAN_POINT('',(5.999920253854,-3.09345662731E-02,
    20.666403242141));
#307 = CARTESIAN_POINT('',(6.,-3.781697177629E-16,20.667839250636));
#308 = PCURVE('',#31,#309);
#309 = DEFINITIONAL_REPRESENTATION('',(#310),#313);
#310 = B_SPLINE_CURVE_WITH_KNOTS('',1,(#311,#312),.UNSPECIFIED.,.F.,.F.,
  (2,2),(0.,1.),.PIECEWISE_BEZIER_KNOTS.);
#311 = CARTESIAN_POINT('',(-6.278029523292,-20.66640324214));
#312 = CARTESIAN_POINT('',(-6.28318530718,-20.66783925063));
#313 = ( GEOMETRIC_REPRESENTATION_CONTEXT(2) 
PARAMETRIC_REPRESENTATION_CONTEXT() REPRESENTATION_CONTEXT('2D SPACE',''
  ) );
#314 = PCURVE('',#315,#320);
#315 = CYLINDRICAL_SURFACE('',#316,6.);
#316 = AXIS2_PLACEMENT_3D('',#317,#318,#319);
#317 = CARTESIAN_POINT('',(0.,0.,0.));
#318 = DIRECTION('',(-0.,-0.,-1.));
#319 = DIRECTION('',(1.,0.,0.));
#320 = DEFINITIONAL_REPRESENTATION('',(#321),#324);
#321 = B_SPLINE_CURVE_WITH_KNOTS('',1,(#322,#323),.UNSPECIFIED.,.F.,.F.,
  (2,2),(0.,1.),.PIECEWISE_BEZIER_KNOTS.);
#322 = CARTESIAN_POINT('',(-6.278029523292,-20.66640324214));
#323 = CARTESIAN_POINT('',(-6.28318530718,-20.66783925063));
#324 = ( GEOMETRIC_REPRESENTATION_CONTEXT(2) 
PARAMETRIC_REPRESENTATION_CONTEXT() REPRESENTATION_CONTEXT('2D SPACE',''
  ) );
#325 = ORIENTED_EDGE('',*,*,#326,.T.);
#326 = EDGE_CURVE('',#302,#55,#327,.T.);
#327 = SURFACE_CURVE('',#328,(#333,#343),.PCURVE_S1.);
#328 = ELLIPSE('',#329,129.39328338275,6.);
#329 = AXIS2_PLACEMENT_3D('',#330,#331,#332);
#330 = CARTESIAN_POINT('',(0.,0.,20.));
#331 = DIRECTION('',(-2.373193869888E-16,0.99892432102,
    4.637025851065E-02));
#332 = DIRECTION('',(-1.101641144648E-17,4.637025851065E-02,
    -0.99892432102));
#333 = PCURVE('',#31,#334);
#334 = DEFINITIONAL_REPRESENTATION('',(#335),#342);
#335 = B_SPLINE_CURVE_WITH_KNOTS('',5,(#336,#337,#338,#339,#340,#341),
  .UNSPECIFIED.,.F.,.F.,(6,6),(4.705880192413,4.712388980385),
  .PIECEWISE_BEZIER_KNOTS.);
#336 = CARTESIAN_POINT('',(-6.276676519208,-20.8412815766));
#337 = CARTESIAN_POINT('',(-6.277978276802,-20.67302763731));
#338 = CARTESIAN_POINT('',(-6.279280034397,-20.504771916));
#339 = CARTESIAN_POINT('',(-6.280581791991,-20.33651500667));
#340 = CARTESIAN_POINT('',(-6.281883549585,-20.16825750333));
#341 = CARTESIAN_POINT('',(-6.28318530718,-20.));
#342 = ( GEOMETRIC_REPRESENTATION_CONTEXT(2) 
PARAMETRIC_REPRESENTATION_CONTEXT() REPRESENTATION_CONTEXT('2D SPACE',''
  ) );
#343 = PCURVE('',#315,#344);
#344 = DEFINITIONAL_REPRESENTATION('',(#345),#352);
#345 = B_SPLINE_CURVE_WITH_KNOTS('',5,(#346,#347,#348,#349,#350,#351),
  .UNSPECIFIED.,.F.,.F.,(6,6),(4.705880192413,4.712388980385),
  .PIECEWISE_BEZIER_KNOTS.);
#346 = CARTESIAN_POINT('',(-6.276676519208,-20.8412815766));
#347 = CARTESIAN_POINT('',(-6.277978276802,-20.67302763731));
#348 = CARTESIAN_POINT('',(-6.279280034397,-20.504771916));
#349 = CARTESIAN_POINT('',(-6.280581791991,-20.33651500667));
#350 = CARTESIAN_POINT('',(-6.281883549585,-20.16825750333));
#351 = CARTESIAN_POINT('',(-6.28318530718,-20.));
#352 = ( GEOMETRIC_REPRESENTATION_CONTEXT(2) 
PARAMETRIC_REPRESENTATION_CONTEXT() REPRESENTATION_CONTEXT('2D SPACE',''
  ) );
#353 = ORIENTED_EDGE('',*,*,#54,.F.);
#354 = ADVANCED_FACE('',(#355),#94,.T.);
#355 = FACE_BOUND('',#356,.F.);
#356 = EDGE_LOOP('',(#357,#358,#379,#588,#614));
#357 = ORIENTED_EDGE('',*,*,#77,.T.);
#358 = ORIENTED_EDGE('',*,*,#359,.T.);
#359 = EDGE_CURVE('',#55,#274,#360,.T.);
#360 = SURFACE_CURVE('',#361,(#365,#372),.PCURVE_S1.);
#361 = LINE('',#362,#363);
#362 = CARTESIAN_POINT('',(6.,0.,0.));
#363 = VECTOR('',#364,1.);
#364 = DIRECTION('',(0.,0.,1.));
#365 = PCURVE('',#94,#366);
#366 = DEFINITIONAL_REPRESENTATION('',(#367),#371);
#367 = LINE('',#368,#369);
#368 = CARTESIAN_POINT('',(-0.,0.));
#369 = VECTOR('',#370,1.);
#370 = DIRECTION('',(-0.,-1.));
#371 = ( GEOMETRIC_REPRESENTATION_CONTEXT(2) 
PARAMETRIC_REPRESENTATION_CONTEXT() REPRESENTATION_CONTEXT('2D SPACE',''
  ) );
#372 = PCURVE('',#315,#373);
#373 = DEFINITIONAL_REPRESENTATION('',(#374),#378);
#374 = LINE('',#375,#376);
#375 = CARTESIAN_POINT('',(-6.28318530718,0.));
#376 = VECTOR('',#377,1.);
#377 = DIRECTION('',(-0.,-1.));
#378 = ( GEOMETRIC_REPRESENTATION_CONTEXT(2) 
PARAMETRIC_REPRESENTATION_CONTEXT() REPRESENTATION_CONTEXT('2D SPACE',''
  ) );
#379 = ORIENTED_EDGE('',*,*,#380,.T.);
#380 = EDGE_CURVE('',#274,#381,#383,.T.);
#381 = VERTEX_POINT('',#382);
#382 = CARTESIAN_POINT('',(6.,0.,22.417837470418));
#383 = SURFACE_CURVE('',#384,(#450,#519),.PCURVE_S1.);
#384 = B_SPLINE_CURVE_WITH_KNOTS('',8,(#385,#386,#387,#388,#389,#390,
    #391,#392,#393,#394,#395,#396,#397,#398,#399,#400,#401,#402,#403,
    #404,#405,#406,#407,#408,#409,#410,#411,#412,#413,#414,#415,#416,
    #417,#418,#419,#420,#421,#422,#423,#424,#425,#426,#427,#428,#429,
    #430,#431,#432,#433,#434,#435,#436,#437,#438,#439,#440,#441,#442,
    #443,#444,#445,#446,#447,#448,#449),.UNSPECIFIED.,.F.,.F.,(9,7,7,7,7
    ,7,7,7,7,9),(0.,0.131348741866,0.255299156795,0.366366320378,
    0.479989973092,0.633468031915,0.710451903297,0.792354170541,
    0.919829490153,1.),.UNSPECIFIED.);
#385 = CARTESIAN_POINT('',(6.,0.,20.667839250636));
#386 = CARTESIAN_POINT('',(6.,0.618810260617,20.69656491216));
#387 = CARTESIAN_POINT('',(5.927061583204,1.238031241723,20.725313928486
    ));
#388 = CARTESIAN_POINT('',(5.781016381243,1.846951452233,20.754042559012
    ));
#389 = CARTESIAN_POINT('',(5.563793952251,2.435593872993,20.78276382348)
  );
#390 = CARTESIAN_POINT('',(5.278663148348,2.994522095121,20.811488025971
    ));
#391 = CARTESIAN_POINT('',(4.930332692366,3.514923909161,20.840222525244
    ));
#392 = CARTESIAN_POINT('',(4.524826094876,3.988586610838,20.868969575254
    ));
#393 = CARTESIAN_POINT('',(3.641186224978,4.804447990414,20.924799595167
    ));
#394 = CARTESIAN_POINT('',(3.167956875553,5.152985902267,20.951914957435
    ));
#395 = CARTESIAN_POINT('',(2.656949586651,5.447898720519,20.979020284622
    ));
#396 = CARTESIAN_POINT('',(2.11530325456,5.684609375254,21.006119666773)
  );
#397 = CARTESIAN_POINT('',(1.550624851806,5.859596456943,21.033221399374
    ));
#398 = CARTESIAN_POINT('',(0.970989760382,5.970488349517,21.060332440187
    ));
#399 = CARTESIAN_POINT('',(0.384896000876,6.016039255975,21.087453649883
    ));
#400 = CARTESIAN_POINT('',(-0.721500324817,5.979392377482,
    21.138842248799));
#401 = CARTESIAN_POINT('',(-1.242889247629,5.90996062186,21.16314018399)
  );
#402 = CARTESIAN_POINT('',(-1.75640714623,5.788548081328,21.187434963473
    ));
#403 = CARTESIAN_POINT('',(-2.256012571081,5.616285243969,
    21.211726519541));
#404 = CARTESIAN_POINT('',(-2.735960066646,5.395072049734,
    21.236017904245));
#405 = CARTESIAN_POINT('',(-3.190781890893,5.127508056342,21.26031219009
    ));
#406 = CARTESIAN_POINT('',(-3.61532891774,4.816960605316,21.284609430797
    ));
#407 = CARTESIAN_POINT('',(-4.403434987408,4.11050098508,21.333738998281
    ));
#408 = CARTESIAN_POINT('',(-4.765772350505,3.712423700216,
    21.358596156183));
#409 = CARTESIAN_POINT('',(-5.086726970644,3.278028764193,
    21.383448657423));
#410 = CARTESIAN_POINT('',(-5.362122482739,2.812433844055,
    21.408296773142));
#411 = CARTESIAN_POINT('',(-5.588591561952,2.32118237711,21.433145226322
    ));
#412 = CARTESIAN_POINT('',(-5.763499100641,1.810188302127,
    21.457998937236));
#413 = CARTESIAN_POINT('',(-5.885012743525,1.28576506033,21.482858891158
    ));
#414 = CARTESIAN_POINT('',(-6.043298713684,3.735338834516E-02,
    21.541275832379));
#415 = CARTESIAN_POINT('',(-6.035581972541,-0.693560281747,
    21.574892422718));
#416 = CARTESIAN_POINT('',(-5.926476576731,-1.420577148396,
    21.608481664673));
#417 = CARTESIAN_POINT('',(-5.717791095497,-2.127467810126,
    21.642053527228));
#418 = CARTESIAN_POINT('',(-5.413651473422,-2.798825418406,
    21.675621374686));
#419 = CARTESIAN_POINT('',(-5.021023695694,-3.42030631624,
    21.709204565289));
#420 = CARTESIAN_POINT('',(-4.549126103061,-3.978487979312,
    21.742818114268));
#421 = CARTESIAN_POINT('',(-3.741628522947,-4.704442608174,
    21.793225290553));
#422 = CARTESIAN_POINT('',(-3.455087890224,-4.928339067439,
    21.810065752465));
#423 = CARTESIAN_POINT('',(-3.153300980892,-5.132242321798,
    21.826906637037));
#424 = CARTESIAN_POINT('',(-2.8379123789,-5.314938189589,21.843746689009
    ));
#425 = CARTESIAN_POINT('',(-2.510654677858,-5.47538892755,
    21.860585343409));
#426 = CARTESIAN_POINT('',(-2.173348481038,-5.612733230823,
    21.877422725551));
#427 = CARTESIAN_POINT('',(-1.827902401374,-5.726286232955,
    21.894259651036));
#428 = CARTESIAN_POINT('',(-1.102261152127,-5.910495050229,
    21.929011356002));
#429 = CARTESIAN_POINT('',(-0.721178088213,-5.977960390771,
    21.946927601015));
#430 = CARTESIAN_POINT('',(-0.335493639031,-6.017327574312,
    21.964844651591));
#431 = CARTESIAN_POINT('',(5.236568284275E-02,-6.02824004528,
    21.982761352341));
#432 = CARTESIAN_POINT('',(0.439976621567,-6.01059264573,22.000677101686
    ));
#433 = CARTESIAN_POINT('',(0.82491917804,-5.964531615347,22.018591851866
    ));
#434 = CARTESIAN_POINT('',(1.204776609895,-5.890454591444,
    22.036506108929));
#435 = CARTESIAN_POINT('',(2.156686662409,-5.631119936036,22.08230413998
    ));
#436 = CARTESIAN_POINT('',(2.718545498186,-5.406818860552,
    22.110206072496));
#437 = CARTESIAN_POINT('',(3.253229590541,-5.118531421145,22.13809868576
    ));
#438 = CARTESIAN_POINT('',(3.752363357179,-4.770303724239,
    22.165983647472));
#439 = CARTESIAN_POINT('',(4.208351215332,-4.367224391671,
    22.193866756964));
#440 = CARTESIAN_POINT('',(4.614456381375,-3.915477899054,
    22.221756000822));
#441 = CARTESIAN_POINT('',(4.964776545145,-3.422252601585,
    22.249655064554));
#442 = CARTESIAN_POINT('',(5.437075005019,-2.565332212227,
    22.295072185071));
#443 = CARTESIAN_POINT('',(5.595672707523,-2.22126167022,22.312612701831
    ));
#444 = CARTESIAN_POINT('',(5.729328248988,-1.866073619118,
    22.330152666814));
#445 = CARTESIAN_POINT('',(5.837140509313,-1.50192455309,22.347690360625
    ));
#446 = CARTESIAN_POINT('',(5.918450232326,-1.131009148131,
    22.365226355969));
#447 = CARTESIAN_POINT('',(5.972814265737,-0.755549710262,
    22.382762099714));
#448 = CARTESIAN_POINT('',(5.999999999129,-0.37779093813,22.400298921715
    ));
#449 = CARTESIAN_POINT('',(6.,-1.7763568394E-15,22.417837470418));
#450 = PCURVE('',#94,#451);
#451 = DEFINITIONAL_REPRESENTATION('',(#452),#518);
#452 = B_SPLINE_CURVE_WITH_KNOTS('',8,(#453,#454,#455,#456,#457,#458,
    #459,#460,#461,#462,#463,#464,#465,#466,#467,#468,#469,#470,#471,
    #472,#473,#474,#475,#476,#477,#478,#479,#480,#481,#482,#483,#484,
    #485,#486,#487,#488,#489,#490,#491,#492,#493,#494,#495,#496,#497,
    #498,#499,#500,#501,#502,#503,#504,#505,#506,#507,#508,#509,#510,
    #511,#512,#513,#514,#515,#516,#517),.UNSPECIFIED.,.F.,.F.,(9,7,7,7,7
    ,7,7,7,7,9),(0.,0.131348741866,0.255299156795,0.366366320378,
    0.479989973092,0.633468031915,0.710451903297,0.792354170541,
    0.919829490153,1.),.UNSPECIFIED.);
#453 = CARTESIAN_POINT('',(0.,-20.66783925063));
#454 = CARTESIAN_POINT('',(-0.103135043436,-20.69656491216));
#455 = CARTESIAN_POINT('',(-0.20633842561,-20.72531392848));
#456 = CARTESIAN_POINT('',(-0.309497469608,-20.75404255901));
#457 = CARTESIAN_POINT('',(-0.412626778587,-20.78276382347));
#458 = CARTESIAN_POINT('',(-0.515758135796,-20.81148802597));
#459 = CARTESIAN_POINT('',(-0.618921770031,-20.84022252524));
#460 = CARTESIAN_POINT('',(-0.722130372348,-20.86896957525));
#461 = CARTESIAN_POINT('',(-0.922577733848,-20.92479959516));
#462 = CARTESIAN_POINT('',(-1.019932533959,-20.95191495743));
#463 = CARTESIAN_POINT('',(-1.117255438413,-20.97902028462));
#464 = CARTESIAN_POINT('',(-1.214561601938,-21.00611966677));
#465 = CARTESIAN_POINT('',(-1.311876898769,-21.03322139937));
#466 = CARTESIAN_POINT('',(-1.409222344418,-21.06033244018));
#467 = CARTESIAN_POINT('',(-1.506599708139,-21.08745364988));
#468 = CARTESIAN_POINT('',(-1.69110022178,-21.13884224879));
#469 = CARTESIAN_POINT('',(-1.778333847435,-21.16314018399));
#470 = CARTESIAN_POINT('',(-1.865553245179,-21.18743496347));
#471 = CARTESIAN_POINT('',(-1.952759828081,-21.21172651954));
#472 = CARTESIAN_POINT('',(-2.039967152566,-21.23601790424));
#473 = CARTESIAN_POINT('',(-2.127188320966,-21.26031219009));
#474 = CARTESIAN_POINT('',(-2.214423931464,-21.28460943079));
#475 = CARTESIAN_POINT('',(-2.390822814371,-21.33373899828));
#476 = CARTESIAN_POINT('',(-2.480075387107,-21.35859615618));
#477 = CARTESIAN_POINT('',(-2.569313950096,-21.38344865742));
#478 = CARTESIAN_POINT('',(-2.658537572866,-21.40829677314));
#479 = CARTESIAN_POINT('',(-2.747760535701,-21.43314522632));
#480 = CARTESIAN_POINT('',(-2.836998704918,-21.45799893723));
#481 = CARTESIAN_POINT('',(-2.926255814587,-21.48285889115));
#482 = CARTESIAN_POINT('',(-3.135990180386,-21.54127583237));
#483 = CARTESIAN_POINT('',(-3.256679407637,-21.57489242271));
#484 = CARTESIAN_POINT('',(-3.377269019308,-21.60848166467));
#485 = CARTESIAN_POINT('',(-3.497799482377,-21.64205352722));
#486 = CARTESIAN_POINT('',(-3.618327824423,-21.67562137468));
#487 = CARTESIAN_POINT('',(-3.738911081084,-21.70920456528));
#488 = CARTESIAN_POINT('',(-3.859595417592,-21.74281811426));
#489 = CARTESIAN_POINT('',(-4.040569822248,-21.79322529055));
#490 = CARTESIAN_POINT('',(-4.101028648858,-21.81006575246));
#491 = CARTESIAN_POINT('',(-4.161490005456,-21.82690663703));
#492 = CARTESIAN_POINT('',(-4.221951506919,-21.843746689));
#493 = CARTESIAN_POINT('',(-4.282411700347,-21.8605853434));
#494 = CARTESIAN_POINT('',(-4.342870065061,-21.87742272555));
#495 = CARTESIAN_POINT('',(-4.403327012602,-21.89425965103));
#496 = CARTESIAN_POINT('',(-4.528103269131,-21.929011356));
#497 = CARTESIAN_POINT('',(-4.592425789609,-21.94692760101));
#498 = CARTESIAN_POINT('',(-4.656750200799,-21.96484465159));
#499 = CARTESIAN_POINT('',(-4.721075441457,-21.98276135234));
#500 = CARTESIAN_POINT('',(-4.785400636464,-22.00067710168));
#501 = CARTESIAN_POINT('',(-4.849725096819,-22.01859185186));
#502 = CARTESIAN_POINT('',(-4.914048319647,-22.03650610892));
#503 = CARTESIAN_POINT('',(-5.07848229927,-22.08230413998));
#504 = CARTESIAN_POINT('',(-5.178658877785,-22.11020607249));
#505 = CARTESIAN_POINT('',(-5.278798333115,-22.13809868576));
#506 = CARTESIAN_POINT('',(-5.378911136967,-22.16598364747));
#507 = CARTESIAN_POINT('',(-5.47902396364,-22.19386675696));
#508 = CARTESIAN_POINT('',(-5.579163429969,-22.22175600082));
#509 = CARTESIAN_POINT('',(-5.679339845365,-22.24965506455));
#510 = CARTESIAN_POINT('',(-5.842416036564,-22.29507218507));
#511 = CARTESIAN_POINT('',(-5.905397145758,-22.31261270183));
#512 = CARTESIAN_POINT('',(-5.968375146425,-22.33015266681));
#513 = CARTESIAN_POINT('',(-6.031343254263,-22.34769036062));
#514 = CARTESIAN_POINT('',(-6.094303243692,-22.36522635596));
#515 = CARTESIAN_POINT('',(-6.157260450941,-22.38276209971));
#516 = CARTESIAN_POINT('',(-6.220220150825,-22.40029892171));
#517 = CARTESIAN_POINT('',(-6.28318530718,-22.41783747041));
#518 = ( GEOMETRIC_REPRESENTATION_CONTEXT(2) 
PARAMETRIC_REPRESENTATION_CONTEXT() REPRESENTATION_CONTEXT('2D SPACE',''
  ) );
#519 = PCURVE('',#289,#520);
#520 = DEFINITIONAL_REPRESENTATION('',(#521),#587);
#521 = B_SPLINE_CURVE_WITH_KNOTS('',8,(#522,#523,#524,#525,#526,#527,
    #528,#529,#530,#531,#532,#533,#534,#535,#536,#537,#538,#539,#540,
    #541,#542,#543,#544,#545,#546,#547,#548,#549,#550,#551,#552,#553,
    #554,#555,#556,#557,#558,#559,#560,#561,#562,#563,#564,#565,#566,
    #567,#568,#569,#570,#571,#572,#573,#574,#575,#576,#577,#578,#579,
    #580,#581,#582,#583,#584,#585,#586),.UNSPECIFIED.,.F.,.F.,(9,7,7,7,7
    ,7,7,7,7,9),(0.,0.131348741866,0.255299156795,0.366366320378,
    0.479989973092,0.633468031915,0.710451903297,0.792354170541,
    0.919829490153,1.),.UNSPECIFIED.);
#522 = CARTESIAN_POINT('',(0.,-20.66783925063));
#523 = CARTESIAN_POINT('',(-0.103135043436,-20.69656491216));
#524 = CARTESIAN_POINT('',(-0.20633842561,-20.72531392848));
#525 = CARTESIAN_POINT('',(-0.309497469608,-20.75404255901));
#526 = CARTESIAN_POINT('',(-0.412626778587,-20.78276382347));
#527 = CARTESIAN_POINT('',(-0.515758135796,-20.81148802597));
#528 = CARTESIAN_POINT('',(-0.618921770031,-20.84022252524));
#529 = CARTESIAN_POINT('',(-0.722130372348,-20.86896957525));
#530 = CARTESIAN_POINT('',(-0.922577733848,-20.92479959516));
#531 = CARTESIAN_POINT('',(-1.019932533959,-20.95191495743));
#532 = CARTESIAN_POINT('',(-1.117255438413,-20.97902028462));
#533 = CARTESIAN_POINT('',(-1.214561601938,-21.00611966677));
#534 = CARTESIAN_POINT('',(-1.311876898769,-21.03322139937));
#535 = CARTESIAN_POINT('',(-1.409222344418,-21.06033244018));
#536 = CARTESIAN_POINT('',(-1.506599708139,-21.08745364988));
#537 = CARTESIAN_POINT('',(-1.69110022178,-21.13884224879));
#538 = CARTESIAN_POINT('',(-1.778333847435,-21.16314018399));
#539 = CARTESIAN_POINT('',(-1.865553245179,-21.18743496347));
#540 = CARTESIAN_POINT('',(-1.952759828081,-21.21172651954));
#541 = CARTESIAN_POINT('',(-2.039967152566,-21.23601790424));
#542 = CARTESIAN_POINT('',(-2.127188320966,-21.26031219009));
#543 = CARTESIAN_POINT('',(-2.214423931464,-21.28460943079));
#544 = CARTESIAN_POINT('',(-2.390822814371,-21.33373899828));
#545 = CARTESIAN_POINT('',(-2.480075387107,-21.35859615618));
#546 = CARTESIAN_POINT('',(-2.569313950096,-21.38344865742));
#547 = CARTESIAN_POINT('',(-2.658537572866,-21.40829677314));
#548 = CARTESIAN_POINT('',(-2.747760535701,-21.43314522632));
#549 = CARTESIAN_POINT('',(-2.836998704918,-21.45799893723));
#550 = CARTESIAN_POINT('',(-2.926255814587,-21.48285889115));
#551 = CARTESIAN_POINT('',(-3.135990180386,-21.54127583237));
#552 = CARTESIAN_POINT('',(-3.256679407637,-21.57489242271));
#553 = CARTESIAN_POINT('',(-3.377269019308,-21.60848166467));
#554 = CARTESIAN_POINT('',(-3.497799482377,-21.64205352722));
#555 = CARTESIAN_POINT('',(-3.618327824423,-21.67562137468));
#556 = CARTESIAN_POINT('',(-3.738911081084,-21.70920456528));
#557 = CARTESIAN_POINT('',(-3.859595417592,-21.74281811426));
#558 = CARTESIAN_POINT('',(-4.040569822248,-21.79322529055));
#559 = CARTESIAN_POINT('',(-4.101028648858,-21.81006575246));
#560 = CARTESIAN_POINT('',(-4.161490005456,-21.82690663703));
#561 = CARTESIAN_POINT('',(-4.221951506919,-21.843746689));
#562 = CARTESIAN_POINT('',(-4.282411700347,-21.8605853434));
#563 = CARTESIAN_POINT('',(-4.342870065061,-21.87742272555));
#564 = CARTESIAN_POINT('',(-4.403327012602,-21.89425965103));
#565 = CARTESIAN_POINT('',(-4.528103269131,-21.929011356));
#566 = CARTESIAN_POINT('',(-4.592425789609,-21.94692760101));
#567 = CARTESIAN_POINT('',(-4.656750200799,-21.96484465159));
#568 = CARTESIAN_POINT('',(-4.721075441457,-21.98276135234));
#569 = CARTESIAN_POINT('',(-4.785400636464,-22.00067710168));
#570 = CARTESIAN_POINT('',(-4.849725096819,-22.01859185186));
#571 = CARTESIAN_POINT('',(-4.914048319647,-22.03650610892));
#572 = CARTESIAN_POINT('',(-5.07848229927,-22.08230413998));
#573 = CARTESIAN_POINT('',(-5.178658877785,-22.11020607249));
#574 = CARTESIAN_POINT('',(-5.278798333115,-22.13809868576));
#575 = CARTESIAN_POINT('',(-5.378911136967,-22.16598364747));
#576 = CARTESIAN_POINT('',(-5.47902396364,-22.19386675696));
#577 = CARTESIAN_POINT('',(-5.579163429969,-22.22175600082));
#578 = CARTESIAN_POINT('',(-5.679339845365,-22.24965506455));
#579 = CARTESIAN_POINT('',(-5.842416036564,-22.29507218507));
#580 = CARTESIAN_POINT('',(-5.905397145758,-22.31261270183));
#581 = CARTESIAN_POINT('',(-5.968375146425,-22.33015266681));
#582 = CARTESIAN_POINT('',(-6.031343254263,-22.34769036062));
#583 = CARTESIAN_POINT('',(-6.094303243692,-22.36522635596));
#584 = CARTESIAN_POINT('',(-6.157260450941,-22.38276209971));
#585 = CARTESIAN_POINT('',(-6.220220150825,-22.40029892171));
#586 = CARTESIAN_POINT('',(-6.28318530718,-22.41783747041));
#587 = ( GEOMETRIC_REPRESENTATION_CONTEXT(2) 
PARAMETRIC_REPRESENTATION_CONTEXT() REPRESENTATION_CONTEXT('2D SPACE',''
  ) );
#588 = ORIENTED_EDGE('',*,*,#589,.F.);
#589 = EDGE_CURVE('',#107,#381,#590,.T.);
#590 = SURFACE_CURVE('',#591,(#595,#602),.PCURVE_S1.);
#591 = LINE('',#592,#593);
#592 = CARTESIAN_POINT('',(6.,0.,0.));
#593 = VECTOR('',#594,1.);
#594 = DIRECTION('',(0.,0.,1.));
#595 = PCURVE('',#94,#596);
#596 = DEFINITIONAL_REPRESENTATION('',(#597),#601);
#597 = LINE('',#598,#599);
#598 = CARTESIAN_POINT('',(-6.28318530718,0.));
#599 = VECTOR('',#600,1.);
#600 = DIRECTION('',(-0.,-1.));
#601 = ( GEOMETRIC_REPRESENTATION_CONTEXT(2) 
PARAMETRIC_REPRESENTATION_CONTEXT() REPRESENTATION_CONTEXT('2D SPACE',''
  ) );
#602 = PCURVE('',#603,#608);
#603 = CYLINDRICAL_SURFACE('',#604,6.);
#604 = AXIS2_PLACEMENT_3D('',#605,#606,#607);
#605 = CARTESIAN_POINT('',(0.,0.,0.));
#606 = DIRECTION('',(-0.,-0.,-1.));
#607 = DIRECTION('',(1.,0.,0.));
#608 = DEFINITIONAL_REPRESENTATION('',(#609),#613);
#609 = LINE('',#610,#611);
#610 = CARTESIAN_POINT('',(-0.,0.));
#611 = VECTOR('',#612,1.);
#612 = DIRECTION('',(-0.,-1.));
#613 = ( GEOMETRIC_REPRESENTATION_CONTEXT(2) 
PARAMETRIC_REPRESENTATION_CONTEXT() REPRESENTATION_CONTEXT('2D SPACE',''
  ) );
#614 = ORIENTED_EDGE('',*,*,#106,.F.);
#615 = ADVANCED_FACE('',(#616),#315,.T.);
#616 = FACE_BOUND('',#617,.F.);
#617 = EDGE_LOOP('',(#618,#619,#620));
#618 = ORIENTED_EDGE('',*,*,#359,.F.);
#619 = ORIENTED_EDGE('',*,*,#326,.F.);
#620 = ORIENTED_EDGE('',*,*,#301,.T.);
#621 = ADVANCED_FACE('',(#622),#289,.T.);
#622 = FACE_BOUND('',#623,.F.);
#623 = EDGE_LOOP('',(#624,#625,#626,#814));
#624 = ORIENTED_EDGE('',*,*,#380,.F.);
#625 = ORIENTED_EDGE('',*,*,#273,.T.);
#626 = ORIENTED_EDGE('',*,*,#627,.T.);
#627 = EDGE_CURVE('',#107,#628,#630,.T.);
#628 = VERTEX_POINT('',#629);
#629 = CARTESIAN_POINT('',(6.,0.,22.832158303066));
#630 = SURFACE_CURVE('',#631,(#690,#752),.PCURVE_S1.);
#631 = B_SPLINE_CURVE_WITH_KNOTS('',8,(#632,#633,#634,#635,#636,#637,
    #638,#639,#640,#641,#642,#643,#644,#645,#646,#647,#648,#649,#650,
    #651,#652,#653,#654,#655,#656,#657,#658,#659,#660,#661,#662,#663,
    #664,#665,#666,#667,#668,#669,#670,#671,#672,#673,#674,#675,#676,
    #677,#678,#679,#680,#681,#682,#683,#684,#685,#686,#687,#688,#689),
  .UNSPECIFIED.,.F.,.F.,(9,7,7,7,7,7,7,7,9),(0.,9.296690019873E-02,
    0.235768355075,0.356408456981,0.476094801139,0.590503593429,
    0.744337340072,0.890962911122,1.),.UNSPECIFIED.);
#632 = CARTESIAN_POINT('',(6.,-8.881784197001E-16,21.082162602636));
#633 = CARTESIAN_POINT('',(6.,0.437990738281,21.102492791146));
#634 = CARTESIAN_POINT('',(5.963459645412,0.876067390997,21.12282654913)
  );
#635 = CARTESIAN_POINT('',(5.890355140897,1.310557366692,21.143159108632
    ));
#636 = CARTESIAN_POINT('',(5.781127078416,1.737902659162,21.163490362741
    ));
#637 = CARTESIAN_POINT('',(5.636610038465,2.154645423666,21.183822374362
    ));
#638 = CARTESIAN_POINT('',(5.458011519483,2.557430110424,21.204156771409
    ));
#639 = CARTESIAN_POINT('',(5.246940195413,2.943022155403,21.224492028406
    ));
#640 = CARTESIAN_POINT('',(4.634594861337,3.869493278652,21.276046312912
    ));
#641 = CARTESIAN_POINT('',(4.191371504824,4.383787802876,21.307310215023
    ));
#642 = CARTESIAN_POINT('',(3.683275755307,4.839293345045,21.338557117381
    ));
#643 = CARTESIAN_POINT('',(3.119728394052,5.226822751815,21.369790701195
    ));
#644 = CARTESIAN_POINT('',(2.511167512146,5.538871258239,21.40102065619)
  );
#645 = CARTESIAN_POINT('',(1.869154809269,5.769860234171,21.432259008657
    ));
#646 = CARTESIAN_POINT('',(1.206162205591,5.915888551295,21.46351543398)
  );
#647 = CARTESIAN_POINT('',(-2.993111381793E-02,6.026782002285,
    21.521121586333));
#648 = CARTESIAN_POINT('',(-0.601769800507,6.016311376622,
    21.547515173085));
#649 = CARTESIAN_POINT('',(-1.171211252653,5.943754044287,
    21.573901768182));
#650 = CARTESIAN_POINT('',(-1.730407572211,5.809728124435,21.60028404118
    ));
#651 = CARTESIAN_POINT('',(-2.27181056996,5.615946003143,21.626667566398
    ));
#652 = CARTESIAN_POINT('',(-2.788157867459,5.365101118493,
    21.653056855144));
#653 = CARTESIAN_POINT('',(-3.272529523103,5.060979309358,
    21.679452251481));
#654 = CARTESIAN_POINT('',(-4.160997194156,4.359355118329,
    21.732003733261));
#655 = CARTESIAN_POINT('',(-4.566140616412,3.962261782615,
    21.758187393394));
#656 = CARTESIAN_POINT('',(-4.927616955225,3.522383339076,
    21.784357823934));
#657 = CARTESIAN_POINT('',(-5.240298712089,3.045412746605,21.81053077094
    ));
#658 = CARTESIAN_POINT('',(-5.499925396904,2.537609555008,
    21.836717024083));
#659 = CARTESIAN_POINT('',(-5.703174743169,2.005744125927,
    21.862875549332));
#660 = CARTESIAN_POINT('',(-5.847616232749,1.457128036745,
    21.889062561097));
#661 = CARTESIAN_POINT('',(-6.012969316233,0.366913745945,
    21.940250292947));
#662 = CARTESIAN_POINT('',(-6.039132853153,-0.174499218825,
    21.965282435828));
#663 = CARTESIAN_POINT('',(-6.009492978406,-0.717585073533,
    21.990310465435));
#664 = CARTESIAN_POINT('',(-5.924092131577,-1.25560434128,
    22.015332760133));
#665 = CARTESIAN_POINT('',(-5.783889840582,-1.782006867224,
    22.040353907807));
#666 = CARTESIAN_POINT('',(-5.590667307334,-2.29042471696,
    22.065379593884));
#667 = CARTESIAN_POINT('',(-5.347107688898,-2.774697934229,
    22.090410927726));
#668 = CARTESIAN_POINT('',(-4.667024053865,-3.839806024304,
    22.149073385445));
#669 = CARTESIAN_POINT('',(-4.192111016784,-4.397690301576,
    22.182765931762));
#670 = CARTESIAN_POINT('',(-3.641448359902,-4.887365324818,
    22.216432126767));
#671 = CARTESIAN_POINT('',(-3.026898374689,-5.29743869485,
    22.250081980596));
#672 = CARTESIAN_POINT('',(-2.36158872628,-5.618656211331,
    22.283728672781));
#673 = CARTESIAN_POINT('',(-1.660162274903,-5.844424770439,
    22.317388597528));
#674 = CARTESIAN_POINT('',(-0.938412057355,-5.970316192183,22.3510762729
    ));
#675 = CARTESIAN_POINT('',(0.476267354508,-6.020829524172,
    22.416782657723));
#676 = CARTESIAN_POINT('',(1.170672814508,-5.95466724936,22.448884862293
    ));
#677 = CARTESIAN_POINT('',(1.853911684677,-5.796787740585,
    22.480967006579));
#678 = CARTESIAN_POINT('',(2.512029038795,-5.549817128613,
    22.513038442508));
#679 = CARTESIAN_POINT('',(3.131894314886,-5.218331739359,
    22.545111919359));
#680 = CARTESIAN_POINT('',(3.701402779387,-4.809175822601,
    22.577198365885));
#681 = CARTESIAN_POINT('',(4.209367945856,-4.33110078895,22.6093050405)
  );
#682 = CARTESIAN_POINT('',(4.971454218389,-3.398314859214,
    22.665219992281));
#683 = CARTESIAN_POINT('',(5.257616374328,-2.968605737095,
    22.689071172631));
#684 = CARTESIAN_POINT('',(5.501135503141,-2.511583729645,
    22.712917274779));
#685 = CARTESIAN_POINT('',(5.699072432727,-2.032199751485,
    22.736760903563));
#686 = CARTESIAN_POINT('',(5.849141812838,-1.535690734337,22.76060682921
    ));
#687 = CARTESIAN_POINT('',(5.949746912181,-1.027574481,22.784458548612)
  );
#688 = CARTESIAN_POINT('',(6.000000010843,-0.513642328497,
    22.808314836455));
#689 = CARTESIAN_POINT('',(6.,-3.552713678801E-15,22.832158303066));
#690 = PCURVE('',#289,#691);
#691 = DEFINITIONAL_REPRESENTATION('',(#692),#751);
#692 = B_SPLINE_CURVE_WITH_KNOTS('',8,(#693,#694,#695,#696,#697,#698,
    #699,#700,#701,#702,#703,#704,#705,#706,#707,#708,#709,#710,#711,
    #712,#713,#714,#715,#716,#717,#718,#719,#720,#721,#722,#723,#724,
    #725,#726,#727,#728,#729,#730,#731,#732,#733,#734,#735,#736,#737,
    #738,#739,#740,#741,#742,#743,#744,#745,#746,#747,#748,#749,#750),
  .UNSPECIFIED.,.F.,.F.,(9,7,7,7,7,7,7,7,9),(0.,9.296690019873E-02,
    0.235768355075,0.356408456981,0.476094801139,0.590503593429,
    0.744337340072,0.890962911122,1.),.UNSPECIFIED.);
#693 = CARTESIAN_POINT('',(0.,-21.08216260263));
#694 = CARTESIAN_POINT('',(-7.299845638023E-02,-21.10249279114));
#695 = CARTESIAN_POINT('',(-0.146010900121,-21.12282654913));
#696 = CARTESIAN_POINT('',(-0.219019452437,-21.14315910863));
#697 = CARTESIAN_POINT('',(-0.292022468745,-21.16349036274));
#698 = CARTESIAN_POINT('',(-0.365026207602,-21.18382237436));
#699 = CARTESIAN_POINT('',(-0.438035863902,-21.2041567714));
#700 = CARTESIAN_POINT('',(-0.511045966349,-21.2244920284));
#701 = CARTESIAN_POINT('',(-0.696137201388,-21.27604631291));
#702 = CARTESIAN_POINT('',(-0.808376634431,-21.30731021502));
#703 = CARTESIAN_POINT('',(-0.920552235146,-21.33855711738));
#704 = CARTESIAN_POINT('',(-1.032681886389,-21.36979070119));
#705 = CARTESIAN_POINT('',(-1.144806984386,-21.40102065619));
#706 = CARTESIAN_POINT('',(-1.256970227248,-21.43225900865));
#707 = CARTESIAN_POINT('',(-1.369201467117,-21.46351543398));
#708 = CARTESIAN_POINT('',(-1.576044406175,-21.52112158633));
#709 = CARTESIAN_POINT('',(-1.67081373546,-21.54751517308));
#710 = CARTESIAN_POINT('',(-1.765555375422,-21.57390176818));
#711 = CARTESIAN_POINT('',(-1.860276354828,-21.60028404118));
#712 = CARTESIAN_POINT('',(-1.954998014814,-21.62666756639));
#713 = CARTESIAN_POINT('',(-2.049740930623,-21.65305685514));
#714 = CARTESIAN_POINT('',(-2.144509927814,-21.67945225148));
#715 = CARTESIAN_POINT('',(-2.333193327245,-21.73200373326));
#716 = CARTESIAN_POINT('',(-2.427202490441,-21.75818739339));
#717 = CARTESIAN_POINT('',(-2.521184009754,-21.78435782393));
#718 = CARTESIAN_POINT('',(-2.615146956543,-21.81053077094));
#719 = CARTESIAN_POINT('',(-2.709109680201,-21.83671702408));
#720 = CARTESIAN_POINT('',(-2.803095737053,-21.86287554933));
#721 = CARTESIAN_POINT('',(-2.897107772323,-21.88906256109));
#722 = CARTESIAN_POINT('',(-3.080888200044,-21.94025029294));
#723 = CARTESIAN_POINT('',(-3.170757299536,-21.96528243582));
#724 = CARTESIAN_POINT('',(-3.260611460774,-21.99031046543));
#725 = CARTESIAN_POINT('',(-3.350450605112,-22.01533276013));
#726 = CARTESIAN_POINT('',(-3.440289553468,-22.0403539078));
#727 = CARTESIAN_POINT('',(-3.530144192891,-22.06537959388));
#728 = CARTESIAN_POINT('',(-3.620017552767,-22.09041092772));
#729 = CARTESIAN_POINT('',(-3.830636283744,-22.14907338544));
#730 = CARTESIAN_POINT('',(-3.951600562216,-22.18276593176));
#731 = CARTESIAN_POINT('',(-4.07246589243,-22.21643212676));
#732 = CARTESIAN_POINT('',(-4.193272503144,-22.25008198059));
#733 = CARTESIAN_POINT('',(-4.314077976973,-22.28372867278));
#734 = CARTESIAN_POINT('',(-4.434939089777,-22.31738859752));
#735 = CARTESIAN_POINT('',(-4.55590246276,-22.3510762729));
#736 = CARTESIAN_POINT('',(-4.791832621626,-22.41678265772));
#737 = CARTESIAN_POINT('',(-4.90709938628,-22.44888486229));
#738 = CARTESIAN_POINT('',(-5.022288452991,-22.48096700658));
#739 = CARTESIAN_POINT('',(-5.137430158882,-22.5130384425));
#740 = CARTESIAN_POINT('',(-5.252572182994,-22.54511191936));
#741 = CARTESIAN_POINT('',(-5.367761983121,-22.57719836588));
#742 = CARTESIAN_POINT('',(-5.483029731995,-22.6093050405));
#743 = CARTESIAN_POINT('',(-5.683782833361,-22.66521999228));
#744 = CARTESIAN_POINT('',(-5.769419638134,-22.68907117263));
#745 = CARTESIAN_POINT('',(-5.855041542089,-22.71291727477));
#746 = CARTESIAN_POINT('',(-5.940657104758,-22.73676090356));
#747 = CARTESIAN_POINT('',(-6.026280735242,-22.76060682921));
#748 = CARTESIAN_POINT('',(-6.111922917035,-22.78445854861));
#749 = CARTESIAN_POINT('',(-6.19757825243,-22.80831483645));
#750 = CARTESIAN_POINT('',(-6.28318530718,-22.83215830306));
#751 = ( GEOMETRIC_REPRESENTATION_CONTEXT(2) 
PARAMETRIC_REPRESENTATION_CONTEXT() REPRESENTATION_CONTEXT('2D SPACE',''
  ) );
#752 = PCURVE('',#603,#753);
#753 = DEFINITIONAL_REPRESENTATION('',(#754),#813);
#754 = B_SPLINE_CURVE_WITH_KNOTS('',8,(#755,#756,#757,#758,#759,#760,
    #761,#762,#763,#764,#765,#766,#767,#768,#769,#770,#771,#772,#773,
    #774,#775,#776,#777,#778,#779,#780,#781,#782,#783,#784,#785,#786,
    #787,#788,#789,#790,#791,#792,#793,#794,#795,#796,#797,#798,#799,
    #800,#801,#802,#803,#804,#805,#806,#807,#808,#809,#810,#811,#812),
  .UNSPECIFIED.,.F.,.F.,(9,7,7,7,7,7,7,7,9),(0.,9.296690019873E-02,
    0.235768355075,0.356408456981,0.476094801139,0.590503593429,
    0.744337340072,0.890962911122,1.),.UNSPECIFIED.);
#755 = CARTESIAN_POINT('',(0.,-21.08216260263));
#756 = CARTESIAN_POINT('',(-7.299845638023E-02,-21.10249279114));
#757 = CARTESIAN_POINT('',(-0.146010900121,-21.12282654913));
#758 = CARTESIAN_POINT('',(-0.219019452437,-21.14315910863));
#759 = CARTESIAN_POINT('',(-0.292022468745,-21.16349036274));
#760 = CARTESIAN_POINT('',(-0.365026207602,-21.18382237436));
#761 = CARTESIAN_POINT('',(-0.438035863902,-21.2041567714));
#762 = CARTESIAN_POINT('',(-0.511045966349,-21.2244920284));
#763 = CARTESIAN_POINT('',(-0.696137201388,-21.27604631291));
#764 = CARTESIAN_POINT('',(-0.808376634431,-21.30731021502));
#765 = CARTESIAN_POINT('',(-0.920552235146,-21.33855711738));
#766 = CARTESIAN_POINT('',(-1.032681886389,-21.36979070119));
#767 = CARTESIAN_POINT('',(-1.144806984386,-21.40102065619));
#768 = CARTESIAN_POINT('',(-1.256970227248,-21.43225900865));
#769 = CARTESIAN_POINT('',(-1.369201467117,-21.46351543398));
#770 = CARTESIAN_POINT('',(-1.576044406175,-21.52112158633));
#771 = CARTESIAN_POINT('',(-1.67081373546,-21.54751517308));
#772 = CARTESIAN_POINT('',(-1.765555375422,-21.57390176818));
#773 = CARTESIAN_POINT('',(-1.860276354828,-21.60028404118));
#774 = CARTESIAN_POINT('',(-1.954998014814,-21.62666756639));
#775 = CARTESIAN_POINT('',(-2.049740930623,-21.65305685514));
#776 = CARTESIAN_POINT('',(-2.144509927814,-21.67945225148));
#777 = CARTESIAN_POINT('',(-2.333193327245,-21.73200373326));
#778 = CARTESIAN_POINT('',(-2.427202490441,-21.75818739339));
#779 = CARTESIAN_POINT('',(-2.521184009754,-21.78435782393));
#780 = CARTESIAN_POINT('',(-2.615146956543,-21.81053077094));
#781 = CARTESIAN_POINT('',(-2.709109680201,-21.83671702408));
#782 = CARTESIAN_POINT('',(-2.803095737053,-21.86287554933));
#783 = CARTESIAN_POINT('',(-2.897107772323,-21.88906256109));
#784 = CARTESIAN_POINT('',(-3.080888200044,-21.94025029294));
#785 = CARTESIAN_POINT('',(-3.170757299536,-21.96528243582));
#786 = CARTESIAN_POINT('',(-3.260611460774,-21.99031046543));
#787 = CARTESIAN_POINT('',(-3.350450605112,-22.01533276013));
#788 = CARTESIAN_POINT('',(-3.440289553468,-22.0403539078));
#789 = CARTESIAN_POINT('',(-3.530144192891,-22.06537959388));
#790 = CARTESIAN_POINT('',(-3.620017552767,-22.09041092772));
#791 = CARTESIAN_POINT('',(-3.830636283744,-22.14907338544));
#792 = CARTESIAN_POINT('',(-3.951600562216,-22.18276593176));
#793 = CARTESIAN_POINT('',(-4.07246589243,-22.21643212676));
#794 = CARTESIAN_POINT('',(-4.193272503144,-22.25008198059));
#795 = CARTESIAN_POINT('',(-4.314077976973,-22.28372867278));
#796 = CARTESIAN_POINT('',(-4.434939089777,-22.31738859752));
#797 = CARTESIAN_POINT('',(-4.55590246276,-22.3510762729));
#798 = CARTESIAN_POINT('',(-4.791832621626,-22.41678265772));
#799 = CARTESIAN_POINT('',(-4.90709938628,-22.44888486229));
#800 = CARTESIAN_POINT('',(-5.022288452991,-22.48096700658));
#801 = CARTESIAN_POINT('',(-5.137430158882,-22.5130384425));
#802 = CARTESIAN_POINT('',(-5.252572182994,-22.54511191936));
#803 = CARTESIAN_POINT('',(-5.367761983121,-22.57719836588));
#804 = CARTESIAN_POINT('',(-5.483029731995,-22.6093050405));
#805 = CARTESIAN_POINT('',(-5.683782833361,-22.66521999228));
#806 = CARTESIAN_POINT('',(-5.769419638134,-22.68907117263));
#807 = CARTESIAN_POINT('',(-5.855041542089,-22.71291727477));
#808 = CARTESIAN_POINT('',(-5.940657104758,-22.73676090356));
#809 = CARTESIAN_POINT('',(-6.026280735242,-22.76060682921));
#810 = CARTESIAN_POINT('',(-6.111922917035,-22.78445854861));
#811 = CARTESIAN_POINT('',(-6.19757825243,-22.80831483645));
#812 = CARTESIAN_POINT('',(-6.28318530718,-22.83215830306));
#813 = ( GEOMETRIC_REPRESENTATION_CONTEXT(2) 
PARAMETRIC_REPRESENTATION_CONTEXT() REPRESENTATION_CONTEXT('2D SPACE',''
  ) );
#814 = ORIENTED_EDGE('',*,*,#815,.F.);
#815 = EDGE_CURVE('',#381,#628,#816,.T.);
#816 = SURFACE_CURVE('',#817,(#821,#828),.PCURVE_S1.);
#817 = LINE('',#818,#819);
#818 = CARTESIAN_POINT('',(6.,0.,0.));
#819 = VECTOR('',#820,1.);
#820 = DIRECTION('',(0.,0.,1.));
#821 = PCURVE('',#289,#822);
#822 = DEFINITIONAL_REPRESENTATION('',(#823),#827);
#823 = LINE('',#824,#825);
#824 = CARTESIAN_POINT('',(-6.28318530718,0.));
#825 = VECTOR('',#826,1.);
#826 = DIRECTION('',(-0.,-1.));
#827 = ( GEOMETRIC_REPRESENTATION_CONTEXT(2) 
PARAMETRIC_REPRESENTATION_CONTEXT() REPRESENTATION_CONTEXT('2D SPACE',''
  ) );
#828 = PCURVE('',#829,#834);
#829 = CYLINDRICAL_SURFACE('',#830,6.);
#830 = AXIS2_PLACEMENT_3D('',#831,#832,#833);
#831 = CARTESIAN_POINT('',(0.,0.,0.));
#832 = DIRECTION('',(-0.,-0.,-1.));
#833 = DIRECTION('',(1.,0.,0.));
#834 = DEFINITIONAL_REPRESENTATION('',(#835),#839);
#835 = LINE('',#836,#837);
#836 = CARTESIAN_POINT('',(-0.,0.));
#837 = VECTOR('',#838,1.);
#838 = DIRECTION('',(-0.,-1.));
#839 = ( GEOMETRIC_REPRESENTATION_CONTEXT(2) 
PARAMETRIC_REPRESENTATION_CONTEXT() REPRESENTATION_CONTEXT('2D SPACE',''
  ) );
#840 = ADVANCED_FACE('',(#841),#603,.T.);
#841 = FACE_BOUND('',#842,.F.);
#842 = EDGE_LOOP('',(#843,#844,#845,#1054));
#843 = ORIENTED_EDGE('',*,*,#627,.F.);
#844 = ORIENTED_EDGE('',*,*,#589,.T.);
#845 = ORIENTED_EDGE('',*,*,#846,.T.);
#846 = EDGE_CURVE('',#381,#847,#849,.T.);
#847 = VERTEX_POINT('',#848);
#848 = CARTESIAN_POINT('',(6.,0.,24.167840390188));
#849 = SURFACE_CURVE('',#850,(#916,#985),.PCURVE_S1.);
#850 = B_SPLINE_CURVE_WITH_KNOTS('',8,(#851,#852,#853,#854,#855,#856,
    #857,#858,#859,#860,#861,#862,#863,#864,#865,#866,#867,#868,#869,
    #870,#871,#872,#873,#874,#875,#876,#877,#878,#879,#880,#881,#882,
    #883,#884,#885,#886,#887,#888,#889,#890,#891,#892,#893,#894,#895,
    #896,#897,#898,#899,#900,#901,#902,#903,#904,#905,#906,#907,#908,
    #909,#910,#911,#912,#913,#914,#915),.UNSPECIFIED.,.F.,.F.,(9,7,7,7,7
    ,7,7,7,7,9),(0.,8.526004643857E-02,0.211506462245,0.364513754198,
    0.434779483289,0.497448343502,0.627575470453,0.780283006251,
    0.872676867696,1.),.UNSPECIFIED.);
#851 = CARTESIAN_POINT('',(6.,8.881784197001E-16,22.417837470418));
#852 = CARTESIAN_POINT('',(6.,0.401625346069,22.436482507102));
#853 = CARTESIAN_POINT('',(5.969275563716,0.80331431806,22.45513068038)
  );
#854 = CARTESIAN_POINT('',(5.907810211221,1.202249880365,22.47377853528)
  );
#855 = CARTESIAN_POINT('',(5.81591080534,1.595687337768,22.492425479088)
  );
#856 = CARTESIAN_POINT('',(5.694165289809,1.980945742739,22.511072331002
    ));
#857 = CARTESIAN_POINT('',(5.543431495319,2.35540890973,22.529719702763)
  );
#858 = CARTESIAN_POINT('',(5.364857013416,2.716536036495,22.548366210235
    ));
#859 = CARTESIAN_POINT('',(4.856490431548,3.573243154856,22.594607624391
    ));
#860 = CARTESIAN_POINT('',(4.49490193901,4.050627897236,22.622228728762)
  );
#861 = CARTESIAN_POINT('',(4.07987504605,4.48574592187,22.649840900296)
  );
#862 = CARTESIAN_POINT('',(3.617359444167,4.871764464249,22.677446287616
    ));
#863 = CARTESIAN_POINT('',(3.114073394629,5.202864954301,22.705052662534
    ));
#864 = CARTESIAN_POINT('',(2.577530294698,5.474310657826,22.732667062929
    ));
#865 = CARTESIAN_POINT('',(2.015958929344,5.682389302277,22.760291736501
    ));
#866 = CARTESIAN_POINT('',(0.738924582027,5.997786500179,22.821355989776
    ));
#867 = CARTESIAN_POINT('',(1.452601480172E-02,6.074778854129,
    22.854860783527));
#868 = CARTESIAN_POINT('',(-0.717731996162,6.051307729112,
    22.888337417253));
#869 = CARTESIAN_POINT('',(-1.441704364487,5.927271418206,
    22.921796583046));
#870 = CARTESIAN_POINT('',(-2.141763721467,5.704935992594,
    22.955252640435));
#871 = CARTESIAN_POINT('',(-2.80298612955,5.389466890946,22.988726875147
    ));
#872 = CARTESIAN_POINT('',(-3.411077858792,4.988383516901,
    23.022230287694));
#873 = CARTESIAN_POINT('',(-4.202210449334,4.295459234452,
    23.071051887195));
#874 = CARTESIAN_POINT('',(-4.437460477478,4.061662625891,
    23.086417574334));
#875 = CARTESIAN_POINT('',(-4.6577977321,3.81319554885,23.101782547167)
  );
#876 = CARTESIAN_POINT('',(-4.862150104597,3.551184329402,
    23.117145869427));
#877 = CARTESIAN_POINT('',(-5.049560696312,3.276824056293,
    23.132507538886));
#878 = CARTESIAN_POINT('',(-5.21918781853,2.991378580942,23.147868487356
    ));
#879 = CARTESIAN_POINT('',(-5.370304992482,2.696180517442,
    23.163230580688));
#880 = CARTESIAN_POINT('',(-5.620025995051,2.12190058451,23.192301338064
    ));
#881 = CARTESIAN_POINT('',(-5.722547334002,1.844489256047,
    23.206008715104));
#882 = CARTESIAN_POINT('',(-5.809412151489,1.561439892057,23.21971704926
    ));
#883 = CARTESIAN_POINT('',(-5.880255437787,1.273805125429,
    23.233425197987));
#884 = CARTESIAN_POINT('',(-5.934799988145,0.982647587054,
    23.247132576821));
#885 = CARTESIAN_POINT('',(-5.972856402788,0.689039905824,
    23.260839159388));
#886 = CARTESIAN_POINT('',(-5.99432308692,0.394064708636,23.274545477398
    ));
#887 = CARTESIAN_POINT('',(-6.009284240863,-0.514249756159,
    23.316714462207));
#888 = CARTESIAN_POINT('',(-5.947790066022,-1.128964013449,23.3451987926
    ));
#889 = CARTESIAN_POINT('',(-5.814339907881,-1.73484808225,
    23.373672802973));
#890 = CARTESIAN_POINT('',(-5.610645537192,-2.322130296139,
    23.402138324818));
#891 = CARTESIAN_POINT('',(-5.339728033903,-2.881566455151,
    23.430601127073));
#892 = CARTESIAN_POINT('',(-5.005996834155,-3.404500426921,
    23.459070007818));
#893 = CARTESIAN_POINT('',(-4.615134852143,-3.882845882652,
    23.487549618361));
#894 = CARTESIAN_POINT('',(-3.657919340718,-4.810133755007,
    23.549410112783));
#895 = CARTESIAN_POINT('',(-3.071807405299,-5.240611724173,
    23.582853267858));
#896 = CARTESIAN_POINT('',(-2.428525367425,-5.588543714096,
    23.616270656486));
#897 = CARTESIAN_POINT('',(-1.741880841138,-5.845747983985,
    23.649675581417));
#898 = CARTESIAN_POINT('',(-1.026435808453,-6.006334292208,
    23.683083237804));
#899 = CARTESIAN_POINT('',(-0.297601569544,-6.067252316117,
    23.716506384186));
#900 = CARTESIAN_POINT('',(0.428572135545,-6.027773757403,
    23.749955493631));
#901 = CARTESIAN_POINT('',(1.562597489833,-5.809286979598,
    23.803565827041));
#902 = CARTESIAN_POINT('',(1.983253137171,-5.691477288187,23.82377420653
    ));
#903 = CARTESIAN_POINT('',(2.393606925221,-5.538888380669,
    23.843980107438));
#904 = CARTESIAN_POINT('',(2.790348783038,-5.352589504814,
    23.864185006156));
#905 = CARTESIAN_POINT('',(3.170311534001,-5.134001480309,
    23.884391730905));
#906 = CARTESIAN_POINT('',(3.530475383148,-4.884889198899,
    23.904602164026));
#907 = CARTESIAN_POINT('',(3.86799720571,-4.607394992073,23.924814581941
    ));
#908 = CARTESIAN_POINT('',(4.610583998187,-3.886175682821,
    23.972865531175));
#909 = CARTESIAN_POINT('',(4.993404345062,-3.418821766977,
    24.000727868381));
#910 = CARTESIAN_POINT('',(5.321654415852,-2.908722362629,24.02858105058
    ));
#911 = CARTESIAN_POINT('',(5.589992765249,-2.363416340644,
    24.056428742737));
#912 = CARTESIAN_POINT('',(5.794236477149,-1.790986543157,
    24.084277440793));
#913 = CARTESIAN_POINT('',(5.931472774178,-1.200069020232,
    24.112133163282));
#914 = CARTESIAN_POINT('',(6.,-0.599806325167,24.139997566361));
#915 = CARTESIAN_POINT('',(6.,0.,24.167840390188));
#916 = PCURVE('',#603,#917);
#917 = DEFINITIONAL_REPRESENTATION('',(#918),#984);
#918 = B_SPLINE_CURVE_WITH_KNOTS('',8,(#919,#920,#921,#922,#923,#924,
    #925,#926,#927,#928,#929,#930,#931,#932,#933,#934,#935,#936,#937,
    #938,#939,#940,#941,#942,#943,#944,#945,#946,#947,#948,#949,#950,
    #951,#952,#953,#954,#955,#956,#957,#958,#959,#960,#961,#962,#963,
    #964,#965,#966,#967,#968,#969,#970,#971,#972,#973,#974,#975,#976,
    #977,#978,#979,#980,#981,#982,#983),.UNSPECIFIED.,.F.,.F.,(9,7,7,7,7
    ,7,7,7,7,9),(0.,8.526004643857E-02,0.211506462245,0.364513754198,
    0.434779483289,0.497448343502,0.627575470453,0.780283006251,
    0.872676867696,1.),.UNSPECIFIED.);
#919 = CARTESIAN_POINT('',(0.,-22.41783747041));
#920 = CARTESIAN_POINT('',(-6.693755767819E-02,-22.4364825071));
#921 = CARTESIAN_POINT('',(-0.133885537565,-22.45513068038));
#922 = CARTESIAN_POINT('',(-0.200832270999,-22.47377853528));
#923 = CARTESIAN_POINT('',(-0.2677766194,-22.49242547908));
#924 = CARTESIAN_POINT('',(-0.334722369167,-22.511072331));
#925 = CARTESIAN_POINT('',(-0.401672177055,-22.52971970276));
#926 = CARTESIAN_POINT('',(-0.468621065988,-22.54836621023));
#927 = CARTESIAN_POINT('',(-0.634651825204,-22.59460762439));
#928 = CARTESIAN_POINT('',(-0.733829894972,-22.62222872876));
#929 = CARTESIAN_POINT('',(-0.832978554885,-22.64984090029));
#930 = CARTESIAN_POINT('',(-0.932102609672,-22.67744628761));
#931 = CARTESIAN_POINT('',(-1.031225994743,-22.70505266253));
#932 = CARTESIAN_POINT('',(-1.130372856714,-22.73266706292));
#933 = CARTESIAN_POINT('',(-1.229552999803,-22.7602917365));
#934 = CARTESIAN_POINT('',(-1.44878728067,-22.82135598977));
#935 = CARTESIAN_POINT('',(-1.569074847528,-22.85486078352));
#936 = CARTESIAN_POINT('',(-1.689263498638,-22.88833741725));
#937 = CARTESIAN_POINT('',(-1.809395359337,-22.92179658304));
#938 = CARTESIAN_POINT('',(-1.929526711146,-22.95525264043));
#939 = CARTESIAN_POINT('',(-2.049713625073,-22.98872687514));
#940 = CARTESIAN_POINT('',(-2.169997006855,-23.02223028769));
#941 = CARTESIAN_POINT('',(-2.345277324967,-23.07105188719));
#942 = CARTESIAN_POINT('',(-2.400443350498,-23.08641757433));
#943 = CARTESIAN_POINT('',(-2.45560883328,-23.10178254716));
#944 = CARTESIAN_POINT('',(-2.510771336851,-23.11714586942));
#945 = CARTESIAN_POINT('',(-2.565930498526,-23.13250753888));
#946 = CARTESIAN_POINT('',(-2.621088029391,-23.14786848735));
#947 = CARTESIAN_POINT('',(-2.676247714307,-23.16323058068));
#948 = CARTESIAN_POINT('',(-2.780618583552,-23.19230133806));
#949 = CARTESIAN_POINT('',(-2.829830969144,-23.2060087151));
#950 = CARTESIAN_POINT('',(-2.879047520322,-23.21971704926));
#951 = CARTESIAN_POINT('',(-2.928264713554,-23.23342519798));
#952 = CARTESIAN_POINT('',(-2.977480550146,-23.24713257682));
#953 = CARTESIAN_POINT('',(-3.026694556234,-23.26083915938));
#954 = CARTESIAN_POINT('',(-3.075907782788,-23.27454547739));
#955 = CARTESIAN_POINT('',(-3.227314061379,-23.3167144622));
#956 = CARTESIAN_POINT('',(-3.329583650371,-23.3451987926));
#957 = CARTESIAN_POINT('',(-3.431811123276,-23.37367280297));
#958 = CARTESIAN_POINT('',(-3.534006292966,-23.40213832481));
#959 = CARTESIAN_POINT('',(-3.636198134618,-23.43060112707));
#960 = CARTESIAN_POINT('',(-3.738417165986,-23.45907000781));
#961 = CARTESIAN_POINT('',(-3.840677517399,-23.48754961836));
#962 = CARTESIAN_POINT('',(-4.062796375316,-23.54941011278));
#963 = CARTESIAN_POINT('',(-4.182878373485,-23.58285326785));
#964 = CARTESIAN_POINT('',(-4.302862768435,-23.61627065648));
#965 = CARTESIAN_POINT('',(-4.422791975866,-23.64967558141));
#966 = CARTESIAN_POINT('',(-4.542722967965,-23.6830832378));
#967 = CARTESIAN_POINT('',(-4.662711417385,-23.71650638418));
#968 = CARTESIAN_POINT('',(-4.78279913395,-23.74995549363));
#969 = CARTESIAN_POINT('',(-4.975279289944,-23.80356582704));
#970 = CARTESIAN_POINT('',(-5.04783691382,-23.82377420653));
#971 = CARTESIAN_POINT('',(-5.120388116057,-23.84398010743));
#972 = CARTESIAN_POINT('',(-5.19293763213,-23.86418500615));
#973 = CARTESIAN_POINT('',(-5.26549456824,-23.8843917309));
#974 = CARTESIAN_POINT('',(-5.338064445219,-23.90460216402));
#975 = CARTESIAN_POINT('',(-5.41064003243,-23.92481458194));
#976 = CARTESIAN_POINT('',(-5.583169614145,-23.97286553117));
#977 = CARTESIAN_POINT('',(-5.683207451055,-24.00072786838));
#978 = CARTESIAN_POINT('',(-5.783207880444,-24.02858105058));
#979 = CARTESIAN_POINT('',(-5.883184691674,-24.05642874273));
#980 = CARTESIAN_POINT('',(-5.98316478231,-24.08427744079));
#981 = CARTESIAN_POINT('',(-6.083173891694,-24.11213316328));
#982 = CARTESIAN_POINT('',(-6.183217586318,-24.13999756636));
#983 = CARTESIAN_POINT('',(-6.28318530718,-24.16784039018));
#984 = ( GEOMETRIC_REPRESENTATION_CONTEXT(2) 
PARAMETRIC_REPRESENTATION_CONTEXT() REPRESENTATION_CONTEXT('2D SPACE',''
  ) );
#985 = PCURVE('',#829,#986);
#986 = DEFINITIONAL_REPRESENTATION('',(#987),#1053);
#987 = B_SPLINE_CURVE_WITH_KNOTS('',8,(#988,#989,#990,#991,#992,#993,
    #994,#995,#996,#997,#998,#999,#1000,#1001,#1002,#1003,#1004,#1005,
    #1006,#1007,#1008,#1009,#1010,#1011,#1012,#1013,#1014,#1015,#1016,
    #1017,#1018,#1019,#1020,#1021,#1022,#1023,#1024,#1025,#1026,#1027,
    #1028,#1029,#1030,#1031,#1032,#1033,#1034,#1035,#1036,#1037,#1038,
    #1039,#1040,#1041,#1042,#1043,#1044,#1045,#1046,#1047,#1048,#1049,
    #1050,#1051,#1052),.UNSPECIFIED.,.F.,.F.,(9,7,7,7,7,7,7,7,7,9),(0.,
    8.526004643857E-02,0.211506462245,0.364513754198,0.434779483289,
    0.497448343502,0.627575470453,0.780283006251,0.872676867696,1.),
  .UNSPECIFIED.);
#988 = CARTESIAN_POINT('',(0.,-22.41783747041));
#989 = CARTESIAN_POINT('',(-6.693755767819E-02,-22.4364825071));
#990 = CARTESIAN_POINT('',(-0.133885537565,-22.45513068038));
#991 = CARTESIAN_POINT('',(-0.200832270999,-22.47377853528));
#992 = CARTESIAN_POINT('',(-0.2677766194,-22.49242547908));
#993 = CARTESIAN_POINT('',(-0.334722369167,-22.511072331));
#994 = CARTESIAN_POINT('',(-0.401672177055,-22.52971970276));
#995 = CARTESIAN_POINT('',(-0.468621065988,-22.54836621023));
#996 = CARTESIAN_POINT('',(-0.634651825204,-22.59460762439));
#997 = CARTESIAN_POINT('',(-0.733829894972,-22.62222872876));
#998 = CARTESIAN_POINT('',(-0.832978554885,-22.64984090029));
#999 = CARTESIAN_POINT('',(-0.932102609672,-22.67744628761));
#1000 = CARTESIAN_POINT('',(-1.031225994743,-22.70505266253));
#1001 = CARTESIAN_POINT('',(-1.130372856714,-22.73266706292));
#1002 = CARTESIAN_POINT('',(-1.229552999803,-22.7602917365));
#1003 = CARTESIAN_POINT('',(-1.44878728067,-22.82135598977));
#1004 = CARTESIAN_POINT('',(-1.569074847528,-22.85486078352));
#1005 = CARTESIAN_POINT('',(-1.689263498638,-22.88833741725));
#1006 = CARTESIAN_POINT('',(-1.809395359337,-22.92179658304));
#1007 = CARTESIAN_POINT('',(-1.929526711146,-22.95525264043));
#1008 = CARTESIAN_POINT('',(-2.049713625073,-22.98872687514));
#1009 = CARTESIAN_POINT('',(-2.169997006855,-23.02223028769));
#1010 = CARTESIAN_POINT('',(-2.345277324967,-23.07105188719));
#1011 = CARTESIAN_POINT('',(-2.400443350498,-23.08641757433));
#1012 = CARTESIAN_POINT('',(-2.45560883328,-23.10178254716));
#1013 = CARTESIAN_POINT('',(-2.510771336851,-23.11714586942));
#1014 = CARTESIAN_POINT('',(-2.565930498526,-23.13250753888));
#1015 = CARTESIAN_POINT('',(-2.621088029391,-23.14786848735));
#1016 = CARTESIAN_POINT('',(-2.676247714307,-23.16323058068));
#1017 = CARTESIAN_POINT('',(-2.780618583552,-23.19230133806));
#1018 = CARTESIAN_POINT('',(-2.829830969144,-23.2060087151));
#1019 = CARTESIAN_POINT('',(-2.879047520322,-23.21971704926));
#1020 = CARTESIAN_POINT('',(-2.928264713554,-23.23342519798));
#1021 = CARTESIAN_POINT('',(-2.977480550146,-23.24713257682));
#1022 = CARTESIAN_POINT('',(-3.026694556234,-23.26083915938));
#1023 = CARTESIAN_POINT('',(-3.075907782788,-23.27454547739));
#1024 = CARTESIAN_POINT('',(-3.227314061379,-23.3167144622));
#1025 = CARTESIAN_POINT('',(-3.329583650371,-23.3451987926));
#1026 = CARTESIAN_POINT('',(-3.431811123276,-23.37367280297));
#1027 = CARTESIAN_POINT('',(-3.534006292966,-23.40213832481));
#1028 = CARTESIAN_POINT('',(-3.636198134618,-23.43060112707));
#1029 = CARTESIAN_POINT('',(-3.738417165986,-23.45907000781));
#1030 = CARTESIAN_POINT('',(-3.840677517399,-23.48754961836));
#1031 = CARTESIAN_POINT('',(-4.062796375316,-23.54941011278));
#1032 = CARTESIAN_POINT('',(-4.182878373485,-23.58285326785));
#1033 = CARTESIAN_POINT('',(-4.302862768435,-23.61627065648));
#1034 = CARTESIAN_POINT('',(-4.422791975866,-23.64967558141));
#1035 = CARTESIAN_POINT('',(-4.542722967965,-23.6830832378));
#1036 = CARTESIAN_POINT('',(-4.662711417385,-23.71650638418));
#1037 = CARTESIAN_POINT('',(-4.78279913395,-23.74995549363));
#1038 = CARTESIAN_POINT('',(-4.975279289944,-23.80356582704));
#1039 = CARTESIAN_POINT('',(-5.04783691382,-23.82377420653));
#1040 = CARTESIAN_POINT('',(-5.120388116057,-23.84398010743));
#1041 = CARTESIAN_POINT('',(-5.19293763213,-23.86418500615));
#1042 = CARTESIAN_POINT('',(-5.26549456824,-23.8843917309));
#1043 = CARTESIAN_POINT('',(-5.338064445219,-23.90460216402));
#1044 = CARTESIAN_POINT('',(-5.41064003243,-23.92481458194));
#1045 = CARTESIAN_POINT('',(-5.583169614145,-23.97286553117));
#1046 = CARTESIAN_POINT('',(-5.683207451055,-24.00072786838));
#1047 = CARTESIAN_POINT('',(-5.783207880444,-24.02858105058));
#1048 = CARTESIAN_POINT('',(-5.883184691674,-24.05642874273));
#1049 = CARTESIAN_POINT('',(-5.98316478231,-24.08427744079));
#1050 = CARTESIAN_POINT('',(-6.083173891694,-24.11213316328));
#1051 = CARTESIAN_POINT('',(-6.183217586318,-24.13999756636));
#1052 = CARTESIAN_POINT('',(-6.28318530718,-24.16784039018));
#1053 = ( GEOMETRIC_REPRESENTATION_CONTEXT(2) 
PARAMETRIC_REPRESENTATION_CONTEXT() REPRESENTATION_CONTEXT('2D SPACE',''
  ) );
#1054 = ORIENTED_EDGE('',*,*,#1055,.F.);
#1055 = EDGE_CURVE('',#628,#847,#1056,.T.);
#1056 = SURFACE_CURVE('',#1057,(#1061,#1068),.PCURVE_S1.);
#1057 = LINE('',#1058,#1059);
#1058 = CARTESIAN_POINT('',(6.,0.,0.));
#1059 = VECTOR('',#1060,1.);
#1060 = DIRECTION('',(0.,0.,1.));
#1061 = PCURVE('',#603,#1062);
#1062 = DEFINITIONAL_REPRESENTATION('',(#1063),#1067);
#1063 = LINE('',#1064,#1065);
#1064 = CARTESIAN_POINT('',(-6.28318530718,0.));
#1065 = VECTOR('',#1066,1.);
#1066 = DIRECTION('',(-0.,-1.));
#1067 = ( GEOMETRIC_REPRESENTATION_CONTEXT(2) 
PARAMETRIC_REPRESENTATION_CONTEXT() REPRESENTATION_CONTEXT('2D SPACE',''
  ) );
#1068 = PCURVE('',#1069,#1074);
#1069 = CYLINDRICAL_SURFACE('',#1070,6.);
#1070 = AXIS2_PLACEMENT_3D('',#1071,#1072,#1073);
#1071 = CARTESIAN_POINT('',(0.,0.,0.));
#1072 = DIRECTION('',(-0.,-0.,-1.));
#1073 = DIRECTION('',(1.,0.,0.));
#1074 = DEFINITIONAL_REPRESENTATION('',(#1075),#1079);
#1075 = LINE('',#1076,#1077);
#1076 = CARTESIAN_POINT('',(-0.,0.));
#1077 = VECTOR('',#1078,1.);
#1078 = DIRECTION('',(-0.,-1.));
#1079 = ( GEOMETRIC_REPRESENTATION_CONTEXT(2) 
PARAMETRIC_REPRESENTATION_CONTEXT() REPRESENTATION_CONTEXT('2D SPACE',''
  ) );
#1080 = ADVANCED_FACE('',(#1081),#829,.T.);
#1081 = FACE_BOUND('',#1082,.F.);
#1082 = EDGE_LOOP('',(#1083,#1084,#1085,#1315));
#1083 = ORIENTED_EDGE('',*,*,#846,.F.);
#1084 = ORIENTED_EDGE('',*,*,#815,.T.);
#1085 = ORIENTED_EDGE('',*,*,#1086,.T.);
#1086 = EDGE_CURVE('',#628,#1087,#1089,.T.);
#1087 = VERTEX_POINT('',#1088);
#1088 = CARTESIAN_POINT('',(6.,0.,24.582159783203));
#1089 = SURFACE_CURVE('',#1090,(#1163,#1239),.PCURVE_S1.);
#1090 = B_SPLINE_CURVE_WITH_KNOTS('',8,(#1091,#1092,#1093,#1094,#1095,
    #1096,#1097,#1098,#1099,#1100,#1101,#1102,#1103,#1104,#1105,#1106,
    #1107,#1108,#1109,#1110,#1111,#1112,#1113,#1114,#1115,#1116,#1117,
    #1118,#1119,#1120,#1121,#1122,#1123,#1124,#1125,#1126,#1127,#1128,
    #1129,#1130,#1131,#1132,#1133,#1134,#1135,#1136,#1137,#1138,#1139,
    #1140,#1141,#1142,#1143,#1144,#1145,#1146,#1147,#1148,#1149,#1150,
    #1151,#1152,#1153,#1154,#1155,#1156,#1157,#1158,#1159,#1160,#1161,
    #1162),.UNSPECIFIED.,.F.,.F.,(9,7,7,7,7,7,7,7,7,7,9),(0.,
    0.115278152586,0.163247836789,0.2513354588,0.379736517469,
    0.534525309132,0.692155688534,0.770764345333,0.807740593656,
    0.923162337869,1.),.UNSPECIFIED.);
#1091 = CARTESIAN_POINT('',(6.,1.7763568394E-15,22.832158303066));
#1092 = CARTESIAN_POINT('',(6.,0.543060789868,22.857367389642));
#1093 = CARTESIAN_POINT('',(5.943824683423,1.086425847756,
    22.882591343249));
#1094 = CARTESIAN_POINT('',(5.831370351945,1.622892756025,
    22.907810155106));
#1095 = CARTESIAN_POINT('',(5.663735573117,2.145655368905,
    22.933023543837));
#1096 = CARTESIAN_POINT('',(5.442916829796,2.648248905354,
    22.958234639145));
#1097 = CARTESIAN_POINT('',(5.171712164338,3.124527494183,
    22.983448384829));
#1098 = CARTESIAN_POINT('',(4.853794915022,3.568707607201,
    23.008669164922));
#1099 = CARTESIAN_POINT('',(4.344167908675,4.144790259202,
    23.044373817403));
#1100 = CARTESIAN_POINT('',(4.187131957015,4.3076237347,23.054865828976)
  );
#1101 = CARTESIAN_POINT('',(4.023123522387,4.463650474429,
    23.065358456771));
#1102 = CARTESIAN_POINT('',(3.852481154039,4.612527404721,
    23.075851717141));
#1103 = CARTESIAN_POINT('',(3.675570215313,4.753929146457,
    23.086345377499));
#1104 = CARTESIAN_POINT('',(3.492782883646,4.887548015064,
    23.096838956317));
#1105 = CARTESIAN_POINT('',(3.304538150572,5.013094020518,
    23.107331723129));
#1106 = CARTESIAN_POINT('',(2.756401635822,5.345512959051,
    23.137087471497));
#1107 = CARTESIAN_POINT('',(2.384468924357,5.532693032363,
    23.156353199026));
#1108 = CARTESIAN_POINT('',(1.998145218076,5.690233037901,
    23.175620059643));
#1109 = CARTESIAN_POINT('',(1.600187676502,5.816852862939,
    23.194887951273));
#1110 = CARTESIAN_POINT('',(1.193449087926,5.911594331397,
    23.214156491241));
#1111 = CARTESIAN_POINT('',(0.780877869408,5.973821203841,
    23.233425016272));
#1112 = CARTESIAN_POINT('',(0.365518066777,6.003219177487,
    23.252692582493));
#1113 = CARTESIAN_POINT('',(-0.654428737475,5.994805920345,
    23.300040180709));
#1114 = CARTESIAN_POINT('',(-1.259132894591,5.920105905324,
    23.32813754694));
#1115 = CARTESIAN_POINT('',(-1.853642618446,5.775641302734,
    23.35622346512));
#1116 = CARTESIAN_POINT('',(-2.428656369529,5.563238027767,
    23.384303039639));
#1117 = CARTESIAN_POINT('',(-2.975365834702,5.285954974205,
    23.412384844223));
#1118 = CARTESIAN_POINT('',(-3.485525734047,4.948161600788,
    23.440475569424));
#1119 = CARTESIAN_POINT('',(-3.95144090876,4.555443113172,
    23.468577409321));
#1120 = CARTESIAN_POINT('',(-4.866522331151,3.584518796,23.530512162972)
  );
#1121 = CARTESIAN_POINT('',(-5.2936973149,2.983581658864,23.564412238997
    ));
#1122 = CARTESIAN_POINT('',(-5.635091088324,2.325233650808,
    23.598281557905));
#1123 = CARTESIAN_POINT('',(-5.882439040664,1.624020897937,
    23.632132918693));
#1124 = CARTESIAN_POINT('',(-6.029889537426,0.895223412851,
    23.66598532839));
#1125 = CARTESIAN_POINT('',(-6.074619787942,0.154962441169,
    23.699856706146));
#1126 = CARTESIAN_POINT('',(-6.016258748132,-0.580027235501,
    23.733759089384));
#1127 = CARTESIAN_POINT('',(-5.699273954399,-2.017370061468,
    23.802088981155));
#1128 = CARTESIAN_POINT('',(-5.436506120108,-2.721085758229,
    23.83661946123));
#1129 = CARTESIAN_POINT('',(-5.074489300998,-3.384425605651,
    23.871117625726));
#1130 = CARTESIAN_POINT('',(-4.621121067985,-3.991573378747,
    23.905596167541));
#1131 = CARTESIAN_POINT('',(-4.086353650032,-4.528407097618,
    23.940070699867));
#1132 = CARTESIAN_POINT('',(-3.482713699109,-4.983029129412,
    23.974561393351));
#1133 = CARTESIAN_POINT('',(-2.824698884943,-5.345333690247,
    24.009085100189));
#1134 = CARTESIAN_POINT('',(-1.784234785112,-5.740528161695,
    24.060748333296));
#1135 = CARTESIAN_POINT('',(-1.428810030898,-5.847581246034,
    24.077936312004));
#1136 = CARTESIAN_POINT('',(-1.066175278866,-5.929445346725,
    24.095122294612));
#1137 = CARTESIAN_POINT('',(-0.69837723794,-5.985581420591,
    24.112308019945));
#1138 = CARTESIAN_POINT('',(-0.327506999506,-6.015637941103,
    24.129495245867));
#1139 = CARTESIAN_POINT('',(4.430194279216E-02,-6.019454238485,
    24.146684883331));
#1140 = CARTESIAN_POINT('',(0.414875136643,-5.99708153116,24.16387599254
    ));
#1141 = CARTESIAN_POINT('',(0.954686807245,-5.926120975631,
    24.189149905255));
#1142 = CARTESIAN_POINT('',(1.126624223757,-5.897690835629,
    24.197235162283));
#1143 = CARTESIAN_POINT('',(1.297588953059,-5.863560368851,
    24.205320472817));
#1144 = CARTESIAN_POINT('',(1.467362189055,-5.823768405772,
    24.213405916221));
#1145 = CARTESIAN_POINT('',(1.635727694086,-5.778363467008,
    24.22149159074));
#1146 = CARTESIAN_POINT('',(1.802471798926,-5.727403763315,
    24.229577613501));
#1147 = CARTESIAN_POINT('',(1.967383402783,-5.670957195591,
    24.237664120514));
#1148 = CARTESIAN_POINT('',(2.638656155314,-5.416017703902,
    24.270995377622));
#1149 = CARTESIAN_POINT('',(3.127256711875,-5.170194512928,
    24.296249741152));
#1150 = CARTESIAN_POINT('',(3.589348094734,-4.874095543523,
    24.321496048039));
#1151 = CARTESIAN_POINT('',(4.018971360119,-4.531169908353,
    24.346763295477));
#1152 = CARTESIAN_POINT('',(4.410757949984,-4.145544310332,
    24.371976016923));
#1153 = CARTESIAN_POINT('',(4.75992191122,-3.722075810084,
    24.397240090235));
#1154 = CARTESIAN_POINT('',(5.062310494998,-3.266293370182,
    24.422494219009));
#1155 = CARTESIAN_POINT('',(5.482665608355,-2.464022370317,
    24.464540160374));
#1156 = CARTESIAN_POINT('',(5.628580660252,-2.131759316232,
    24.48134658249));
#1157 = CARTESIAN_POINT('',(5.751429980093,-1.789716666138,
    24.498151158854));
#1158 = CARTESIAN_POINT('',(5.850461712885,-1.439788461626,
    24.514952844971));
#1159 = CARTESIAN_POINT('',(5.925121808397,-1.083898509345,
    24.531752631726));
#1160 = CARTESIAN_POINT('',(5.975034948165,-0.723991936563,
    24.548552469577));
#1161 = CARTESIAN_POINT('',(6.,-0.362031693151,24.565354384145));
#1162 = CARTESIAN_POINT('',(6.,-2.6645352591E-15,24.582159783203));
#1163 = PCURVE('',#829,#1164);
#1164 = DEFINITIONAL_REPRESENTATION('',(#1165),#1238);
#1165 = B_SPLINE_CURVE_WITH_KNOTS('',8,(#1166,#1167,#1168,#1169,#1170,
    #1171,#1172,#1173,#1174,#1175,#1176,#1177,#1178,#1179,#1180,#1181,
    #1182,#1183,#1184,#1185,#1186,#1187,#1188,#1189,#1190,#1191,#1192,
    #1193,#1194,#1195,#1196,#1197,#1198,#1199,#1200,#1201,#1202,#1203,
    #1204,#1205,#1206,#1207,#1208,#1209,#1210,#1211,#1212,#1213,#1214,
    #1215,#1216,#1217,#1218,#1219,#1220,#1221,#1222,#1223,#1224,#1225,
    #1226,#1227,#1228,#1229,#1230,#1231,#1232,#1233,#1234,#1235,#1236,
    #1237),.UNSPECIFIED.,.F.,.F.,(9,7,7,7,7,7,7,7,7,7,9),(0.,
    0.115278152586,0.163247836789,0.2513354588,0.379736517469,
    0.534525309132,0.692155688534,0.770764345333,0.807740593656,
    0.923162337869,1.),.UNSPECIFIED.);
#1166 = CARTESIAN_POINT('',(0.,-22.83215830306));
#1167 = CARTESIAN_POINT('',(-9.051013164471E-02,-22.85736738964));
#1168 = CARTESIAN_POINT('',(-0.181070986728,-22.88259134324));
#1169 = CARTESIAN_POINT('',(-0.27161199794,-22.9078101551));
#1170 = CARTESIAN_POINT('',(-0.362133721432,-22.93302354383));
#1171 = CARTESIAN_POINT('',(-0.45265265165,-22.95823463914));
#1172 = CARTESIAN_POINT('',(-0.543186581006,-22.98344838482));
#1173 = CARTESIAN_POINT('',(-0.633741999082,-23.00866916492));
#1174 = CARTESIAN_POINT('',(-0.761933577451,-23.0443738174));
#1175 = CARTESIAN_POINT('',(-0.799601447838,-23.05486582897));
#1176 = CARTESIAN_POINT('',(-0.837271461347,-23.06535845677));
#1177 = CARTESIAN_POINT('',(-0.874944914764,-23.07585171714));
#1178 = CARTESIAN_POINT('',(-0.912621577518,-23.08634537749));
#1179 = CARTESIAN_POINT('',(-0.950299691683,-23.09683895631));
#1180 = CARTESIAN_POINT('',(-0.987975971976,-23.10733172312));
#1181 = CARTESIAN_POINT('',(-1.094819053889,-23.13708747149));
#1182 = CARTESIAN_POINT('',(-1.16399179591,-23.15635319902));
#1183 = CARTESIAN_POINT('',(-1.233165796722,-23.17562005964));
#1184 = CARTESIAN_POINT('',(-1.302341898471,-23.19488795127));
#1185 = CARTESIAN_POINT('',(-1.371519820544,-23.21415649124));
#1186 = CARTESIAN_POINT('',(-1.440698159571,-23.23342501627));
#1187 = CARTESIAN_POINT('',(-1.509874389427,-23.25269258249));
#1188 = CARTESIAN_POINT('',(-1.679871306588,-23.3000401807));
#1189 = CARTESIAN_POINT('',(-1.780754505849,-23.32813754694));
#1190 = CARTESIAN_POINT('',(-1.881597134969,-23.35622346512));
#1191 = CARTESIAN_POINT('',(-1.982412933771,-23.38430303963));
#1192 = CARTESIAN_POINT('',(-2.083231547285,-23.41238484422));
#1193 = CARTESIAN_POINT('',(-2.184081078509,-23.44047556942));
#1194 = CARTESIAN_POINT('',(-2.284972303713,-23.46857740932));
#1195 = CARTESIAN_POINT('',(-2.507337621208,-23.53051216297));
#1196 = CARTESIAN_POINT('',(-2.629054324737,-23.56441223899));
#1197 = CARTESIAN_POINT('',(-2.750667707868,-23.5982815579));
#1198 = CARTESIAN_POINT('',(-2.872223094775,-23.63213291869));
#1199 = CARTESIAN_POINT('',(-2.993779376387,-23.66598532839));
#1200 = CARTESIAN_POINT('',(-3.115394175234,-23.69985670614));
#1201 = CARTESIAN_POINT('',(-3.237112327822,-23.73375908938));
#1202 = CARTESIAN_POINT('',(-3.482425832389,-23.80208898115));
#1203 = CARTESIAN_POINT('',(-3.60639071791,-23.83661946123));
#1204 = CARTESIAN_POINT('',(-3.730239698901,-23.87111762572));
#1205 = CARTESIAN_POINT('',(-3.854025251827,-23.90559616754));
#1206 = CARTESIAN_POINT('',(-3.977810264194,-23.94007069986));
#1207 = CARTESIAN_POINT('',(-4.101657991398,-23.97456139335));
#1208 = CARTESIAN_POINT('',(-4.225621189909,-24.00908510018));
#1209 = CARTESIAN_POINT('',(-4.411119334052,-24.06074833329));
#1210 = CARTESIAN_POINT('',(-4.472831975291,-24.077936312));
#1211 = CARTESIAN_POINT('',(-4.534535962056,-24.09512229461));
#1212 = CARTESIAN_POINT('',(-4.596237651366,-24.11230801994));
#1213 = CARTESIAN_POINT('',(-4.657943935241,-24.12949524586));
#1214 = CARTESIAN_POINT('',(-4.719658987312,-24.14668488333));
#1215 = CARTESIAN_POINT('',(-4.781380274052,-24.16387599254));
#1216 = CARTESIAN_POINT('',(-4.872122895447,-24.18914990525));
#1217 = CARTESIAN_POINT('',(-4.901152182108,-24.19723516228));
#1218 = CARTESIAN_POINT('',(-4.930181928013,-24.20532047281));
#1219 = CARTESIAN_POINT('',(-4.959212405858,-24.21340591622));
#1220 = CARTESIAN_POINT('',(-4.988243923639,-24.22149159074));
#1221 = CARTESIAN_POINT('',(-5.017276824651,-24.2295776135));
#1222 = CARTESIAN_POINT('',(-5.046311487491,-24.23766412051));
#1223 = CARTESIAN_POINT('',(-5.165987120014,-24.27099537762));
#1224 = CARTESIAN_POINT('',(-5.256661409277,-24.29624974115));
#1225 = CARTESIAN_POINT('',(-5.347315307417,-24.32149604803));
#1226 = CARTESIAN_POINT('',(-5.437953469741,-24.34676329547));
#1227 = CARTESIAN_POINT('',(-5.528595920893,-24.37197601692));
#1228 = CARTESIAN_POINT('',(-5.619255110007,-24.39724009023));
#1229 = CARTESIAN_POINT('',(-5.709932312902,-24.422494219));
#1230 = CARTESIAN_POINT('',(-5.860886424634,-24.46454016037));
#1231 = CARTESIAN_POINT('',(-5.921224994534,-24.48134658249));
#1232 = CARTESIAN_POINT('',(-5.981557994703,-24.49815115885));
#1233 = CARTESIAN_POINT('',(-6.04188212192,-24.51495284497));
#1234 = CARTESIAN_POINT('',(-6.102200702777,-24.53175263172));
#1235 = CARTESIAN_POINT('',(-6.162520057907,-24.54855246957));
#1236 = CARTESIAN_POINT('',(-6.222846691654,-24.56535438414));
#1237 = CARTESIAN_POINT('',(-6.28318530718,-24.5821597832));
#1238 = ( GEOMETRIC_REPRESENTATION_CONTEXT(2) 
PARAMETRIC_REPRESENTATION_CONTEXT() REPRESENTATION_CONTEXT('2D SPACE',''
  ) );
#1239 = PCURVE('',#1069,#1240);
#1240 = DEFINITIONAL_REPRESENTATION('',(#1241),#1314);
#1241 = B_SPLINE_CURVE_WITH_KNOTS('',8,(#1242,#1243,#1244,#1245,#1246,
    #1247,#1248,#1249,#1250,#1251,#1252,#1253,#1254,#1255,#1256,#1257,
    #1258,#1259,#1260,#1261,#1262,#1263,#1264,#1265,#1266,#1267,#1268,
    #1269,#1270,#1271,#1272,#1273,#1274,#1275,#1276,#1277,#1278,#1279,
    #1280,#1281,#1282,#1283,#1284,#1285,#1286,#1287,#1288,#1289,#1290,
    #1291,#1292,#1293,#1294,#1295,#1296,#1297,#1298,#1299,#1300,#1301,
    #1302,#1303,#1304,#1305,#1306,#1307,#1308,#1309,#1310,#1311,#1312,
    #1313),.UNSPECIFIED.,.F.,.F.,(9,7,7,7,7,7,7,7,7,7,9),(0.,
    0.115278152586,0.163247836789,0.2513354588,0.379736517469,
    0.534525309132,0.692155688534,0.770764345333,0.807740593656,
    0.923162337869,1.),.UNSPECIFIED.);
#1242 = CARTESIAN_POINT('',(0.,-22.83215830306));
#1243 = CARTESIAN_POINT('',(-9.051013164471E-02,-22.85736738964));
#1244 = CARTESIAN_POINT('',(-0.181070986728,-22.88259134324));
#1245 = CARTESIAN_POINT('',(-0.27161199794,-22.9078101551));
#1246 = CARTESIAN_POINT('',(-0.362133721432,-22.93302354383));
#1247 = CARTESIAN_POINT('',(-0.45265265165,-22.95823463914));
#1248 = CARTESIAN_POINT('',(-0.543186581006,-22.98344838482));
#1249 = CARTESIAN_POINT('',(-0.633741999082,-23.00866916492));
#1250 = CARTESIAN_POINT('',(-0.761933577451,-23.0443738174));
#1251 = CARTESIAN_POINT('',(-0.799601447838,-23.05486582897));
#1252 = CARTESIAN_POINT('',(-0.837271461347,-23.06535845677));
#1253 = CARTESIAN_POINT('',(-0.874944914764,-23.07585171714));
#1254 = CARTESIAN_POINT('',(-0.912621577518,-23.08634537749));
#1255 = CARTESIAN_POINT('',(-0.950299691683,-23.09683895631));
#1256 = CARTESIAN_POINT('',(-0.987975971976,-23.10733172312));
#1257 = CARTESIAN_POINT('',(-1.094819053889,-23.13708747149));
#1258 = CARTESIAN_POINT('',(-1.16399179591,-23.15635319902));
#1259 = CARTESIAN_POINT('',(-1.233165796722,-23.17562005964));
#1260 = CARTESIAN_POINT('',(-1.302341898471,-23.19488795127));
#1261 = CARTESIAN_POINT('',(-1.371519820544,-23.21415649124));
#1262 = CARTESIAN_POINT('',(-1.440698159571,-23.23342501627));
#1263 = CARTESIAN_POINT('',(-1.509874389427,-23.25269258249));
#1264 = CARTESIAN_POINT('',(-1.679871306588,-23.3000401807));
#1265 = CARTESIAN_POINT('',(-1.780754505849,-23.32813754694));
#1266 = CARTESIAN_POINT('',(-1.881597134969,-23.35622346512));
#1267 = CARTESIAN_POINT('',(-1.982412933771,-23.38430303963));
#1268 = CARTESIAN_POINT('',(-2.083231547285,-23.41238484422));
#1269 = CARTESIAN_POINT('',(-2.184081078509,-23.44047556942));
#1270 = CARTESIAN_POINT('',(-2.284972303713,-23.46857740932));
#1271 = CARTESIAN_POINT('',(-2.507337621208,-23.53051216297));
#1272 = CARTESIAN_POINT('',(-2.629054324737,-23.56441223899));
#1273 = CARTESIAN_POINT('',(-2.750667707868,-23.5982815579));
#1274 = CARTESIAN_POINT('',(-2.872223094775,-23.63213291869));
#1275 = CARTESIAN_POINT('',(-2.993779376387,-23.66598532839));
#1276 = CARTESIAN_POINT('',(-3.115394175234,-23.69985670614));
#1277 = CARTESIAN_POINT('',(-3.237112327822,-23.73375908938));
#1278 = CARTESIAN_POINT('',(-3.482425832389,-23.80208898115));
#1279 = CARTESIAN_POINT('',(-3.60639071791,-23.83661946123));
#1280 = CARTESIAN_POINT('',(-3.730239698901,-23.87111762572));
#1281 = CARTESIAN_POINT('',(-3.854025251827,-23.90559616754));
#1282 = CARTESIAN_POINT('',(-3.977810264194,-23.94007069986));
#1283 = CARTESIAN_POINT('',(-4.101657991398,-23.97456139335));
#1284 = CARTESIAN_POINT('',(-4.225621189909,-24.00908510018));
#1285 = CARTESIAN_POINT('',(-4.411119334052,-24.06074833329));
#1286 = CARTESIAN_POINT('',(-4.472831975291,-24.077936312));
#1287 = CARTESIAN_POINT('',(-4.534535962056,-24.09512229461));
#1288 = CARTESIAN_POINT('',(-4.596237651366,-24.11230801994));
#1289 = CARTESIAN_POINT('',(-4.657943935241,-24.12949524586));
#1290 = CARTESIAN_POINT('',(-4.719658987312,-24.14668488333));
#1291 = CARTESIAN_POINT('',(-4.781380274052,-24.16387599254));
#1292 = CARTESIAN_POINT('',(-4.872122895447,-24.18914990525));
#1293 = CARTESIAN_POINT('',(-4.901152182108,-24.19723516228));
#1294 = CARTESIAN_POINT('',(-4.930181928013,-24.20532047281));
#1295 = CARTESIAN_POINT('',(-4.959212405858,-24.21340591622));
#1296 = CARTESIAN_POINT('',(-4.988243923639,-24.22149159074));
#1297 = CARTESIAN_POINT('',(-5.017276824651,-24.2295776135));
#1298 = CARTESIAN_POINT('',(-5.046311487491,-24.23766412051));
#1299 = CARTESIAN_POINT('',(-5.165987120014,-24.27099537762));
#1300 = CARTESIAN_POINT('',(-5.256661409277,-24.29624974115));
#1301 = CARTESIAN_POINT('',(-5.347315307417,-24.32149604803));
#1302 = CARTESIAN_POINT('',(-5.437953469741,-24.34676329547));
#1303 = CARTESIAN_POINT('',(-5.528595920893,-24.37197601692));
#1304 = CARTESIAN_POINT('',(-5.619255110007,-24.39724009023));
#1305 = CARTESIAN_POINT('',(-5.709932312902,-24.422494219));
#1306 = CARTESIAN_POINT('',(-5.860886424634,-24.46454016037));
#1307 = CARTESIAN_POINT('',(-5.921224994534,-24.48134658249));
#1308 = CARTESIAN_POINT('',(-5.981557994703,-24.49815115885));
#1309 = CARTESIAN_POINT('',(-6.04188212192,-24.51495284497));
#1310 = CARTESIAN_POINT('',(-6.102200702777,-24.53175263172));
#1311 = CARTESIAN_POINT('',(-6.162520057907,-24.54855246957));
#1312 = CARTESIAN_POINT('',(-6.222846691654,-24.56535438414));
#1313 = CARTESIAN_POINT('',(-6.28318530718,-24.5821597832));
#1314 = ( GEOMETRIC_REPRESENTATION_CONTEXT(2) 
PARAMETRIC_REPRESENTATION_CONTEXT() REPRESENTATION_CONTEXT('2D SPACE',''
  ) );
#1315 = ORIENTED_EDGE('',*,*,#1316,.F.);
#1316 = EDGE_CURVE('',#847,#1087,#1317,.T.);
#1317 = SURFACE_CURVE('',#1318,(#1322,#1329),.PCURVE_S1.);
#1318 = LINE('',#1319,#1320);
#1319 = CARTESIAN_POINT('',(6.,0.,0.));
#1320 = VECTOR('',#1321,1.);
#1321 = DIRECTION('',(0.,0.,1.));
#1322 = PCURVE('',#829,#1323);
#1323 = DEFINITIONAL_REPRESENTATION('',(#1324),#1328);
#1324 = LINE('',#1325,#1326);
#1325 = CARTESIAN_POINT('',(-6.28318530718,0.));
#1326 = VECTOR('',#1327,1.);
#1327 = DIRECTION('',(-0.,-1.));
#1328 = ( GEOMETRIC_REPRESENTATION_CONTEXT(2) 
PARAMETRIC_REPRESENTATION_CONTEXT() REPRESENTATION_CONTEXT('2D SPACE',''
  ) );
#1329 = PCURVE('',#1330,#1335);
#1330 = CYLINDRICAL_SURFACE('',#1331,6.);
#1331 = AXIS2_PLACEMENT_3D('',#1332,#1333,#1334);
#1332 = CARTESIAN_POINT('',(0.,0.,0.));
#1333 = DIRECTION('',(-0.,-0.,-1.));
#1334 = DIRECTION('',(1.,0.,0.));
#1335 = DEFINITIONAL_REPRESENTATION('',(#1336),#1340);
#1336 = LINE('',#1337,#1338);
#1337 = CARTESIAN_POINT('',(-0.,0.));
#1338 = VECTOR('',#1339,1.);
#1339 = DIRECTION('',(-0.,-1.));
#1340 = ( GEOMETRIC_REPRESENTATION_CONTEXT(2) 
PARAMETRIC_REPRESENTATION_CONTEXT() REPRESENTATION_CONTEXT('2D SPACE',''
  ) );
#1341 = ADVANCED_FACE('',(#1342),#1069,.T.);
#1342 = FACE_BOUND('',#1343,.F.);
#1343 = EDGE_LOOP('',(#1344,#1345,#1346,#1576));
#1344 = ORIENTED_EDGE('',*,*,#1086,.F.);
#1345 = ORIENTED_EDGE('',*,*,#1055,.T.);
#1346 = ORIENTED_EDGE('',*,*,#1347,.T.);
#1347 = EDGE_CURVE('',#847,#1348,#1350,.T.);
#1348 = VERTEX_POINT('',#1349);
#1349 = CARTESIAN_POINT('',(6.,0.,25.917841870325));
#1350 = SURFACE_CURVE('',#1351,(#1424,#1500),.PCURVE_S1.);
#1351 = B_SPLINE_CURVE_WITH_KNOTS('',8,(#1352,#1353,#1354,#1355,#1356,
    #1357,#1358,#1359,#1360,#1361,#1362,#1363,#1364,#1365,#1366,#1367,
    #1368,#1369,#1370,#1371,#1372,#1373,#1374,#1375,#1376,#1377,#1378,
    #1379,#1380,#1381,#1382,#1383,#1384,#1385,#1386,#1387,#1388,#1389,
    #1390,#1391,#1392,#1393,#1394,#1395,#1396,#1397,#1398,#1399,#1400,
    #1401,#1402,#1403,#1404,#1405,#1406,#1407,#1408,#1409,#1410,#1411,
    #1412,#1413,#1414,#1415,#1416,#1417,#1418,#1419,#1420,#1421,#1422,
    #1423),.UNSPECIFIED.,.F.,.F.,(9,7,7,7,7,7,7,7,7,7,9),(0.,
    0.11803444872,0.178740850398,0.243668685717,0.337429350844,
    0.416329095401,0.531565266927,0.687584925208,0.832598515232,
    0.909484127059,1.),.UNSPECIFIED.);
#1352 = CARTESIAN_POINT('',(6.,0.,24.167840390188));
#1353 = CARTESIAN_POINT('',(6.,0.55598028313,24.193648822719));
#1354 = CARTESIAN_POINT('',(5.941121080783,1.11227702299,24.219471573156
    ));
#1355 = CARTESIAN_POINT('',(5.823246418159,1.661161879851,
    24.245288109198));
#1356 = CARTESIAN_POINT('',(5.647603823485,2.195356095598,
    24.271100236629));
#1357 = CARTESIAN_POINT('',(5.416343198234,2.707924574024,
    24.296913695718));
#1358 = CARTESIAN_POINT('',(5.132566467257,3.192303506624,
    24.322733053418));
#1359 = CARTESIAN_POINT('',(4.80028396342,3.642306970396,24.348555437192
    ));
#1360 = CARTESIAN_POINT('',(4.231645211726,4.263208595617,
    24.387636066187));
#1361 = CARTESIAN_POINT('',(4.026996399814,4.463600544638,24.40091072364
    ));
#1362 = CARTESIAN_POINT('',(3.811518341093,4.652750029107,
    24.414186650531));
#1363 = CARTESIAN_POINT('',(3.585944014537,4.829966630928,
    24.427463510061));
#1364 = CARTESIAN_POINT('',(3.351048649481,4.994624862176,
    24.440740921243));
#1365 = CARTESIAN_POINT('',(3.107649725623,5.146164165098,
    24.454018458895));
#1366 = CARTESIAN_POINT('',(2.856606973017,5.284088912116,24.46729565364
    ));
#1367 = CARTESIAN_POINT('',(2.323111810195,5.540462296814,
    24.494771547167));
#1368 = CARTESIAN_POINT('',(2.039700778087,5.656887302613,
    24.508969351606));
#1369 = CARTESIAN_POINT('',(1.749672963908,5.756719347803,
    24.523166987074));
#1370 = CARTESIAN_POINT('',(1.454147565443,5.839527608594,
    24.537365404583));
#1371 = CARTESIAN_POINT('',(1.154279290105,5.904974512816,
    24.551564924313));
#1372 = CARTESIAN_POINT('',(0.851258354944,5.952815739922,
    24.565765235612));
#1373 = CARTESIAN_POINT('',(0.546310486639,5.982900220985,
    24.579965396994));
#1374 = CARTESIAN_POINT('',(-0.200631993871,6.012888820381,
    24.614667447444));
#1375 = CARTESIAN_POINT('',(-0.643643741029,5.993485651512,
    24.635180173581));
#1376 = CARTESIAN_POINT('',(-1.084487569418,5.93675168196,
    24.655692401618));
#1377 = CARTESIAN_POINT('',(-1.519450214632,5.843003698645,
    24.676201330693));
#1378 = CARTESIAN_POINT('',(-1.944946130756,5.712982878589,
    24.696708151897));
#1379 = CARTESIAN_POINT('',(-2.357516758652,5.547807371709,
    24.717215350191));
#1380 = CARTESIAN_POINT('',(-2.75383883018,5.348978813363,
    24.737724128356));
#1381 = CARTESIAN_POINT('',(-3.447906062644,4.924446327186,
    24.775489319067));
#1382 = CARTESIAN_POINT('',(-3.751397922062,4.707948799975,
    24.792750206668));
#1383 = CARTESIAN_POINT('',(-4.039278891039,4.470114324364,
    24.810010942033));
#1384 = CARTESIAN_POINT('',(-4.309793581861,4.21228471484,
    24.827270659453));
#1385 = CARTESIAN_POINT('',(-4.561347131501,3.935953153554,
    24.844529905711));
#1386 = CARTESIAN_POINT('',(-4.792497149189,3.642751862247,
    24.861789377191));
#1387 = CARTESIAN_POINT('',(-5.001960094716,3.334453753573,
    24.879048789657));
#1388 = CARTESIAN_POINT('',(-5.461273854556,2.543474810537,
    24.921510539011));
#1389 = CARTESIAN_POINT('',(-5.685508712357,2.045508827446,
    24.946729714691));
#1390 = CARTESIAN_POINT('',(-5.857646134679,1.525244228538,
    24.971944378727));
#1391 = CARTESIAN_POINT('',(-5.975207627917,0.989116149904,
    24.997153629614));
#1392 = CARTESIAN_POINT('',(-6.036669108184,0.443724969502,
    25.022360823006));
#1393 = CARTESIAN_POINT('',(-6.041367611164,-0.104198118769,
    25.047570079412));
#1394 = CARTESIAN_POINT('',(-5.989582939663,-0.647792863337,
    25.072782620313));
#1395 = CARTESIAN_POINT('',(-5.738236701096,-1.900768243393,
    25.132100649293));
#1396 = CARTESIAN_POINT('',(-5.492548732978,-2.602298273084,
    25.16626935857));
#1397 = CARTESIAN_POINT('',(-5.148872000738,-3.266333285427,
    25.200407588938));
#1398 = CARTESIAN_POINT('',(-4.714517976003,-3.877368815578,
    25.234530536075));
#1399 = CARTESIAN_POINT('',(-4.19882379571,-4.421497343189,
    25.268656435519));
#1400 = CARTESIAN_POINT('',(-3.613638109256,-4.88688038252,
    25.302799735239));
#1401 = CARTESIAN_POINT('',(-2.972752794998,-5.263368292355,
    25.336972674221));
#1402 = CARTESIAN_POINT('',(-1.662202655623,-5.805501418931,
    25.402809878194));
#1403 = CARTESIAN_POINT('',(-0.996136998738,-5.984816816756,
    25.434562256172));
#1404 = CARTESIAN_POINT('',(-0.308882498301,-6.076281478253,
    25.466290723886));
#1405 = CARTESIAN_POINT('',(0.386043803872,-6.07757798444,
    25.498005817005));
#1406 = CARTESIAN_POINT('',(1.07521002639,-5.988363084143,
    25.529722092075));
#1407 = CARTESIAN_POINT('',(1.745327825361,-5.810671370238,
    25.561455946572));
#1408 = CARTESIAN_POINT('',(2.383273100984,-5.548580876858,
    25.593204124154));
#1409 = CARTESIAN_POINT('',(3.290975695523,-5.029978458939,
    25.641728827448));
#1410 = CARTESIAN_POINT('',(3.593132363865,-4.828558785756,
    25.658543507538));
#1411 = CARTESIAN_POINT('',(3.881143725815,-4.606432602781,
    25.675360167433));
#1412 = CARTESIAN_POINT('',(4.15334894632,-4.364770119438,
    25.692178357119));
#1413 = CARTESIAN_POINT('',(4.408221333227,-4.104886628929,
    25.708997057206));
#1414 = CARTESIAN_POINT('',(4.64437022001,-3.828240561237,
    25.725815130653));
#1415 = CARTESIAN_POINT('',(4.860542848495,-3.53643153612,
    25.742631774503));
#1416 = CARTESIAN_POINT('',(5.285293989256,-2.871853648572,
    25.77924316246));
#1417 = CARTESIAN_POINT('',(5.485815780207,-2.493764639249,
    25.799043822305));
#1418 = CARTESIAN_POINT('',(5.655363583583,-2.099798295401,25.8188440991
    ));
#1419 = CARTESIAN_POINT('',(5.792473661912,-1.69293983729,
    25.838643233772));
#1420 = CARTESIAN_POINT('',(5.896046356217,-1.276285115632,
    25.858442514626));
#1421 = CARTESIAN_POINT('',(5.965345861131,-0.853032929058,
    25.87824323174));
#1422 = CARTESIAN_POINT('',(6.,-0.42647734157,25.898044631365));
#1423 = CARTESIAN_POINT('',(6.,5.329070518201E-15,25.917841870325));
#1424 = PCURVE('',#1069,#1425);
#1425 = DEFINITIONAL_REPRESENTATION('',(#1426),#1499);
#1426 = B_SPLINE_CURVE_WITH_KNOTS('',8,(#1427,#1428,#1429,#1430,#1431,
    #1432,#1433,#1434,#1435,#1436,#1437,#1438,#1439,#1440,#1441,#1442,
    #1443,#1444,#1445,#1446,#1447,#1448,#1449,#1450,#1451,#1452,#1453,
    #1454,#1455,#1456,#1457,#1458,#1459,#1460,#1461,#1462,#1463,#1464,
    #1465,#1466,#1467,#1468,#1469,#1470,#1471,#1472,#1473,#1474,#1475,
    #1476,#1477,#1478,#1479,#1480,#1481,#1482,#1483,#1484,#1485,#1486,
    #1487,#1488,#1489,#1490,#1491,#1492,#1493,#1494,#1495,#1496,#1497,
    #1498),.UNSPECIFIED.,.F.,.F.,(9,7,7,7,7,7,7,7,7,7,9),(0.,
    0.11803444872,0.178740850398,0.243668685717,0.337429350844,
    0.416329095401,0.531565266927,0.687584925208,0.832598515232,
    0.909484127059,1.),.UNSPECIFIED.);
#1427 = CARTESIAN_POINT('',(0.,-24.16784039018));
#1428 = CARTESIAN_POINT('',(-9.266338052171E-02,-24.19364882271));
#1429 = CARTESIAN_POINT('',(-0.185379458439,-24.21947157315));
#1430 = CARTESIAN_POINT('',(-0.278072967239,-24.24528810919));
#1431 = CARTESIAN_POINT('',(-0.370747558051,-24.27110023662));
#1432 = CARTESIAN_POINT('',(-0.463421308518,-24.29691369571));
#1433 = CARTESIAN_POINT('',(-0.556112508835,-24.32273305341));
#1434 = CARTESIAN_POINT('',(-0.648825852538,-24.34855543719));
#1435 = CARTESIAN_POINT('',(-0.789149769298,-24.38763606618));
#1436 = CARTESIAN_POINT('',(-0.836815041581,-24.40091072364));
#1437 = CARTESIAN_POINT('',(-0.88448370633,-24.41418665053));
#1438 = CARTESIAN_POINT('',(-0.932153441151,-24.42746351006));
#1439 = CARTESIAN_POINT('',(-0.979822761563,-24.44074092124));
#1440 = CARTESIAN_POINT('',(-1.027491020989,-24.45401845889));
#1441 = CARTESIAN_POINT('',(-1.075158410763,-24.46729565364));
#1442 = CARTESIAN_POINT('',(-1.173808240568,-24.49477154716));
#1443 = CARTESIAN_POINT('',(-1.224785544942,-24.5089693516));
#1444 = CARTESIAN_POINT('',(-1.275762599629,-24.52316698707));
#1445 = CARTESIAN_POINT('',(-1.326742128931,-24.53736540458));
#1446 = CARTESIAN_POINT('',(-1.377724855069,-24.55156492431));
#1447 = CARTESIAN_POINT('',(-1.428709498189,-24.56576523561));
#1448 = CARTESIAN_POINT('',(-1.479692776354,-24.57996539699));
#1449 = CARTESIAN_POINT('',(-1.604283482411,-24.61466744744));
#1450 = CARTESIAN_POINT('',(-1.677929341481,-24.63518017358));
#1451 = CARTESIAN_POINT('',(-1.751573468445,-24.65569240161));
#1452 = CARTESIAN_POINT('',(-1.825207378308,-24.67620133069));
#1453 = CARTESIAN_POINT('',(-1.898836269681,-24.69670815189));
#1454 = CARTESIAN_POINT('',(-1.972468848665,-24.71721535019));
#1455 = CARTESIAN_POINT('',(-2.046108322366,-24.73772412835));
#1456 = CARTESIAN_POINT('',(-2.181709571439,-24.77548931906));
#1457 = CARTESIAN_POINT('',(-2.243687348264,-24.79275020666));
#1458 = CARTESIAN_POINT('',(-2.305664056342,-24.81001094203));
#1459 = CARTESIAN_POINT('',(-2.367635854696,-24.82727065945));
#1460 = CARTESIAN_POINT('',(-2.429604190218,-24.84452990571));
#1461 = CARTESIAN_POINT('',(-2.491571417585,-24.86178937719));
#1462 = CARTESIAN_POINT('',(-2.553536746397,-24.87904878965));
#1463 = CARTESIAN_POINT('',(-2.70598134638,-24.92151053901));
#1464 = CARTESIAN_POINT('',(-2.796519689212,-24.94672971469));
#1465 = CARTESIAN_POINT('',(-2.887040610261,-24.97194437872));
#1466 = CARTESIAN_POINT('',(-2.977543473141,-24.99715362961));
#1467 = CARTESIAN_POINT('',(-3.068042821882,-25.022360823));
#1468 = CARTESIAN_POINT('',(-3.158554384821,-25.04757007941));
#1469 = CARTESIAN_POINT('',(-3.249081416179,-25.07278262031));
#1470 = CARTESIAN_POINT('',(-3.462070867839,-25.13210064929));
#1471 = CARTESIAN_POINT('',(-3.58476197456,-25.16626935856));
#1472 = CARTESIAN_POINT('',(-3.707343117637,-25.20040758893));
#1473 = CARTESIAN_POINT('',(-3.829862512842,-25.23453053607));
#1474 = CARTESIAN_POINT('',(-3.952380661294,-25.26865643551));
#1475 = CARTESIAN_POINT('',(-4.074958663418,-25.30279973523));
#1476 = CARTESIAN_POINT('',(-4.197646282333,-25.33697267422));
#1477 = CARTESIAN_POINT('',(-4.434022277234,-25.40280987819));
#1478 = CARTESIAN_POINT('',(-4.54802647372,-25.43456225617));
#1479 = CARTESIAN_POINT('',(-4.661948782454,-25.46629072388));
#1480 = CARTESIAN_POINT('',(-4.775823265979,-25.498005817));
#1481 = CARTESIAN_POINT('',(-4.889695065013,-25.52972209207));
#1482 = CARTESIAN_POINT('',(-5.003612396964,-25.56145594657));
#1483 = CARTESIAN_POINT('',(-5.1176006777,-25.59320412415));
#1484 = CARTESIAN_POINT('',(-5.291834912441,-25.64172882744));
#1485 = CARTESIAN_POINT('',(-5.352214294911,-25.65854350753));
#1486 = CARTESIAN_POINT('',(-5.41259388733,-25.67536016743));
#1487 = CARTESIAN_POINT('',(-5.472972076552,-25.69217835711));
#1488 = CARTESIAN_POINT('',(-5.533350919179,-25.7089970572));
#1489 = CARTESIAN_POINT('',(-5.593732481408,-25.72581513065));
#1490 = CARTESIAN_POINT('',(-5.654115178895,-25.7426317745));
#1491 = CARTESIAN_POINT('',(-5.785568307444,-25.77924316246));
#1492 = CARTESIAN_POINT('',(-5.856663001369,-25.7990438223));
#1493 = CARTESIAN_POINT('',(-5.92775444117,-25.8188440991));
#1494 = CARTESIAN_POINT('',(-5.998839497336,-25.83864323377));
#1495 = CARTESIAN_POINT('',(-6.069923633095,-25.85844251462));
#1496 = CARTESIAN_POINT('',(-6.141012869456,-25.87824323174));
#1497 = CARTESIAN_POINT('',(-6.212105750251,-25.89804463136));
#1498 = CARTESIAN_POINT('',(-6.28318530718,-25.91784187032));
#1499 = ( GEOMETRIC_REPRESENTATION_CONTEXT(2) 
PARAMETRIC_REPRESENTATION_CONTEXT() REPRESENTATION_CONTEXT('2D SPACE',''
  ) );
#1500 = PCURVE('',#1330,#1501);
#1501 = DEFINITIONAL_REPRESENTATION('',(#1502),#1575);
#1502 = B_SPLINE_CURVE_WITH_KNOTS('',8,(#1503,#1504,#1505,#1506,#1507,
    #1508,#1509,#1510,#1511,#1512,#1513,#1514,#1515,#1516,#1517,#1518,
    #1519,#1520,#1521,#1522,#1523,#1524,#1525,#1526,#1527,#1528,#1529,
    #1530,#1531,#1532,#1533,#1534,#1535,#1536,#1537,#1538,#1539,#1540,
    #1541,#1542,#1543,#1544,#1545,#1546,#1547,#1548,#1549,#1550,#1551,
    #1552,#1553,#1554,#1555,#1556,#1557,#1558,#1559,#1560,#1561,#1562,
    #1563,#1564,#1565,#1566,#1567,#1568,#1569,#1570,#1571,#1572,#1573,
    #1574),.UNSPECIFIED.,.F.,.F.,(9,7,7,7,7,7,7,7,7,7,9),(0.,
    0.11803444872,0.178740850398,0.243668685717,0.337429350844,
    0.416329095401,0.531565266927,0.687584925208,0.832598515232,
    0.909484127059,1.),.UNSPECIFIED.);
#1503 = CARTESIAN_POINT('',(0.,-24.16784039018));
#1504 = CARTESIAN_POINT('',(-9.266338052171E-02,-24.19364882271));
#1505 = CARTESIAN_POINT('',(-0.185379458439,-24.21947157315));
#1506 = CARTESIAN_POINT('',(-0.278072967239,-24.24528810919));
#1507 = CARTESIAN_POINT('',(-0.370747558051,-24.27110023662));
#1508 = CARTESIAN_POINT('',(-0.463421308518,-24.29691369571));
#1509 = CARTESIAN_POINT('',(-0.556112508835,-24.32273305341));
#1510 = CARTESIAN_POINT('',(-0.648825852538,-24.34855543719));
#1511 = CARTESIAN_POINT('',(-0.789149769298,-24.38763606618));
#1512 = CARTESIAN_POINT('',(-0.836815041581,-24.40091072364));
#1513 = CARTESIAN_POINT('',(-0.88448370633,-24.41418665053));
#1514 = CARTESIAN_POINT('',(-0.932153441151,-24.42746351006));
#1515 = CARTESIAN_POINT('',(-0.979822761563,-24.44074092124));
#1516 = CARTESIAN_POINT('',(-1.027491020989,-24.45401845889));
#1517 = CARTESIAN_POINT('',(-1.075158410763,-24.46729565364));
#1518 = CARTESIAN_POINT('',(-1.173808240568,-24.49477154716));
#1519 = CARTESIAN_POINT('',(-1.224785544942,-24.5089693516));
#1520 = CARTESIAN_POINT('',(-1.275762599629,-24.52316698707));
#1521 = CARTESIAN_POINT('',(-1.326742128931,-24.53736540458));
#1522 = CARTESIAN_POINT('',(-1.377724855069,-24.55156492431));
#1523 = CARTESIAN_POINT('',(-1.428709498189,-24.56576523561));
#1524 = CARTESIAN_POINT('',(-1.479692776354,-24.57996539699));
#1525 = CARTESIAN_POINT('',(-1.604283482411,-24.61466744744));
#1526 = CARTESIAN_POINT('',(-1.677929341481,-24.63518017358));
#1527 = CARTESIAN_POINT('',(-1.751573468445,-24.65569240161));
#1528 = CARTESIAN_POINT('',(-1.825207378308,-24.67620133069));
#1529 = CARTESIAN_POINT('',(-1.898836269681,-24.69670815189));
#1530 = CARTESIAN_POINT('',(-1.972468848665,-24.71721535019));
#1531 = CARTESIAN_POINT('',(-2.046108322366,-24.73772412835));
#1532 = CARTESIAN_POINT('',(-2.181709571439,-24.77548931906));
#1533 = CARTESIAN_POINT('',(-2.243687348264,-24.79275020666));
#1534 = CARTESIAN_POINT('',(-2.305664056342,-24.81001094203));
#1535 = CARTESIAN_POINT('',(-2.367635854696,-24.82727065945));
#1536 = CARTESIAN_POINT('',(-2.429604190218,-24.84452990571));
#1537 = CARTESIAN_POINT('',(-2.491571417585,-24.86178937719));
#1538 = CARTESIAN_POINT('',(-2.553536746397,-24.87904878965));
#1539 = CARTESIAN_POINT('',(-2.70598134638,-24.92151053901));
#1540 = CARTESIAN_POINT('',(-2.796519689212,-24.94672971469));
#1541 = CARTESIAN_POINT('',(-2.887040610261,-24.97194437872));
#1542 = CARTESIAN_POINT('',(-2.977543473141,-24.99715362961));
#1543 = CARTESIAN_POINT('',(-3.068042821882,-25.022360823));
#1544 = CARTESIAN_POINT('',(-3.158554384821,-25.04757007941));
#1545 = CARTESIAN_POINT('',(-3.249081416179,-25.07278262031));
#1546 = CARTESIAN_POINT('',(-3.462070867839,-25.13210064929));
#1547 = CARTESIAN_POINT('',(-3.58476197456,-25.16626935856));
#1548 = CARTESIAN_POINT('',(-3.707343117637,-25.20040758893));
#1549 = CARTESIAN_POINT('',(-3.829862512842,-25.23453053607));
#1550 = CARTESIAN_POINT('',(-3.952380661294,-25.26865643551));
#1551 = CARTESIAN_POINT('',(-4.074958663418,-25.30279973523));
#1552 = CARTESIAN_POINT('',(-4.197646282333,-25.33697267422));
#1553 = CARTESIAN_POINT('',(-4.434022277234,-25.40280987819));
#1554 = CARTESIAN_POINT('',(-4.54802647372,-25.43456225617));
#1555 = CARTESIAN_POINT('',(-4.661948782454,-25.46629072388));
#1556 = CARTESIAN_POINT('',(-4.775823265979,-25.498005817));
#1557 = CARTESIAN_POINT('',(-4.889695065013,-25.52972209207));
#1558 = CARTESIAN_POINT('',(-5.003612396964,-25.56145594657));
#1559 = CARTESIAN_POINT('',(-5.1176006777,-25.59320412415));
#1560 = CARTESIAN_POINT('',(-5.291834912441,-25.64172882744));
#1561 = CARTESIAN_POINT('',(-5.352214294911,-25.65854350753));
#1562 = CARTESIAN_POINT('',(-5.41259388733,-25.67536016743));
#1563 = CARTESIAN_POINT('',(-5.472972076552,-25.69217835711));
#1564 = CARTESIAN_POINT('',(-5.533350919179,-25.7089970572));
#1565 = CARTESIAN_POINT('',(-5.593732481408,-25.72581513065));
#1566 = CARTESIAN_POINT('',(-5.654115178895,-25.7426317745));
#1567 = CARTESIAN_POINT('',(-5.785568307444,-25.77924316246));
#1568 = CARTESIAN_POINT('',(-5.856663001369,-25.7990438223));
#1569 = CARTESIAN_POINT('',(-5.92775444117,-25.8188440991));
#1570 = CARTESIAN_POINT('',(-5.998839497336,-25.83864323377));
#1571 = CARTESIAN_POINT('',(-6.069923633095,-25.85844251462));
#1572 = CARTESIAN_POINT('',(-6.141012869456,-25.87824323174));
#1573 = CARTESIAN_POINT('',(-6.212105750251,-25.89804463136));
#1574 = CARTESIAN_POINT('',(-6.28318530718,-25.91784187032));
#1575 = ( GEOMETRIC_REPRESENTATION_CONTEXT(2) 
PARAMETRIC_REPRESENTATION_CONTEXT() REPRESENTATION_CONTEXT('2D SPACE',''
  ) );
#1576 = ORIENTED_EDGE('',*,*,#1577,.F.);
#1577 = EDGE_CURVE('',#1087,#1348,#1578,.T.);
#1578 = SURFACE_CURVE('',#1579,(#1583,#1590),.PCURVE_S1.);
#1579 = LINE('',#1580,#1581);
#1580 = CARTESIAN_POINT('',(6.,0.,0.));
#1581 = VECTOR('',#1582,1.);
#1582 = DIRECTION('',(0.,0.,1.));
#1583 = PCURVE('',#1069,#1584);
#1584 = DEFINITIONAL_REPRESENTATION('',(#1585),#1589);
#1585 = LINE('',#1586,#1587);
#1586 = CARTESIAN_POINT('',(-6.28318530718,0.));
#1587 = VECTOR('',#1588,1.);
#1588 = DIRECTION('',(-0.,-1.));
#1589 = ( GEOMETRIC_REPRESENTATION_CONTEXT(2) 
PARAMETRIC_REPRESENTATION_CONTEXT() REPRESENTATION_CONTEXT('2D SPACE',''
  ) );
#1590 = PCURVE('',#1591,#1596);
#1591 = CYLINDRICAL_SURFACE('',#1592,6.);
#1592 = AXIS2_PLACEMENT_3D('',#1593,#1594,#1595);
#1593 = CARTESIAN_POINT('',(0.,0.,0.));
#1594 = DIRECTION('',(-0.,-0.,-1.));
#1595 = DIRECTION('',(1.,0.,0.));
#1596 = DEFINITIONAL_REPRESENTATION('',(#1597),#1601);
#1597 = LINE('',#1598,#1599);
#1598 = CARTESIAN_POINT('',(-0.,0.));
#1599 = VECTOR('',#1600,1.);
#1600 = DIRECTION('',(-0.,-1.));
#1601 = ( GEOMETRIC_REPRESENTATION_CONTEXT(2) 
PARAMETRIC_REPRESENTATION_CONTEXT() REPRESENTATION_CONTEXT('2D SPACE',''
  ) );
#1602 = ADVANCED_FACE('',(#1603),#1330,.T.);
#1603 = FACE_BOUND('',#1604,.F.);
#1604 = EDGE_LOOP('',(#1605,#1606,#1607,#1795));
#1605 = ORIENTED_EDGE('',*,*,#1347,.F.);
#1606 = ORIENTED_EDGE('',*,*,#1316,.T.);
#1607 = ORIENTED_EDGE('',*,*,#1608,.T.);
#1608 = EDGE_CURVE('',#1087,#1609,#1611,.T.);
#1609 = VERTEX_POINT('',#1610);
#1610 = CARTESIAN_POINT('',(6.,0.,26.332162702967));
#1611 = SURFACE_CURVE('',#1612,(#1671,#1733),.PCURVE_S1.);
#1612 = B_SPLINE_CURVE_WITH_KNOTS('',8,(#1613,#1614,#1615,#1616,#1617,
    #1618,#1619,#1620,#1621,#1622,#1623,#1624,#1625,#1626,#1627,#1628,
    #1629,#1630,#1631,#1632,#1633,#1634,#1635,#1636,#1637,#1638,#1639,
    #1640,#1641,#1642,#1643,#1644,#1645,#1646,#1647,#1648,#1649,#1650,
    #1651,#1652,#1653,#1654,#1655,#1656,#1657,#1658,#1659,#1660,#1661,
    #1662,#1663,#1664,#1665,#1666,#1667,#1668,#1669,#1670),
  .UNSPECIFIED.,.F.,.F.,(9,7,7,7,7,7,7,7,9),(0.,0.117711793059,
    0.274275619332,0.395611304993,0.489964382802,0.601688854535,
    0.726635945503,0.832719831633,1.),.UNSPECIFIED.);
#1613 = CARTESIAN_POINT('',(6.,-2.6645352591E-15,24.582159783203));
#1614 = CARTESIAN_POINT('',(6.,0.554488220353,24.607898954642));
#1615 = CARTESIAN_POINT('',(5.941436693964,1.109175059486,
    24.633647694276));
#1616 = CARTESIAN_POINT('',(5.824236994638,1.656511275498,
    24.659391042098));
#1617 = CARTESIAN_POINT('',(5.649589631638,2.189324625871,
    24.685131816533));
#1618 = CARTESIAN_POINT('',(5.419595153539,2.70074372663,24.710874851388
    ));
#1619 = CARTESIAN_POINT('',(5.137302412232,3.184233679943,
    24.736623961518));
#1620 = CARTESIAN_POINT('',(4.806692678862,3.63361199898,24.762378573678
    ));
#1621 = CARTESIAN_POINT('',(3.936084619092,4.588147948218,
    24.822348885726));
#1622 = CARTESIAN_POINT('',(3.361814344129,5.06405118329,24.856632475534
    ));
#1623 = CARTESIAN_POINT('',(2.722494594827,5.456729027034,
    24.890884227885));
#1624 = CARTESIAN_POINT('',(2.032538061046,5.756569313564,
    24.925118768294));
#1625 = CARTESIAN_POINT('',(1.307280695885,5.95641083877,24.959356024027
    ));
#1626 = CARTESIAN_POINT('',(0.563155741158,6.052209483789,24.99361283328
    ));
#1627 = CARTESIAN_POINT('',(-0.182610395416,6.042396145404,
    25.027901873329));
#1628 = CARTESIAN_POINT('',(-1.476461447387,5.843520623773,
    25.088673422518));
#1629 = CARTESIAN_POINT('',(-2.032236463996,5.695139439323,
    25.11522179111));
#1630 = CARTESIAN_POINT('',(-2.570539680162,5.486369276566,
    25.141760590978));
#1631 = CARTESIAN_POINT('',(-3.083774620618,5.219783886545,
    25.168290620544));
#1632 = CARTESIAN_POINT('',(-3.564898349198,4.898904091667,
    25.194817801958));
#1633 = CARTESIAN_POINT('',(-4.007457343791,4.528213165072,
    25.221349749529));
#1634 = CARTESIAN_POINT('',(-4.40558397556,4.113096129414,
    25.247890673028));
#1635 = CARTESIAN_POINT('',(-5.025429389387,3.307964752638,
    25.295055327022));
#1636 = CARTESIAN_POINT('',(-5.266768536273,2.9327933485,25.315688350548
    ));
#1637 = CARTESIAN_POINT('',(-5.475970595109,2.537672167296,
    25.336318580363));
#1638 = CARTESIAN_POINT('',(-5.651164235583,2.125811734171,
    25.356946946844));
#1639 = CARTESIAN_POINT('',(-5.790862753109,1.700586245782,
    25.377576265651));
#1640 = CARTESIAN_POINT('',(-5.893947461065,1.265520274982,
    25.39820869828));
#1641 = CARTESIAN_POINT('',(-5.959703296766,0.824292232902,
    25.41884335146));
#1642 = CARTESIAN_POINT('',(-6.021302517894,-0.144443001025,
    25.463903001468));
#1643 = CARTESIAN_POINT('',(-6.002070903512,-0.673274640949,
    25.488343108639));
#1644 = CARTESIAN_POINT('',(-5.929696686155,-1.199218078359,
    25.512788297767));
#1645 = CARTESIAN_POINT('',(-5.804756376387,-1.716020820317,
    25.537202221031));
#1646 = CARTESIAN_POINT('',(-5.628612808956,-2.217660685186,
    25.561659426485));
#1647 = CARTESIAN_POINT('',(-5.403412823768,-2.698368529896,
    25.586087594576));
#1648 = CARTESIAN_POINT('',(-5.132046921415,-3.152637765063,
    25.610525554376));
#1649 = CARTESIAN_POINT('',(-4.467653259652,-4.048031421834,
    25.662280127842));
#1650 = CARTESIAN_POINT('',(-4.063684006976,-4.48170062003,
    25.689621656766));
#1651 = CARTESIAN_POINT('',(-3.611865416375,-4.868867535309,
    25.716956702011));
#1652 = CARTESIAN_POINT('',(-3.118582360941,-5.203545192316,
    25.744282878099));
#1653 = CARTESIAN_POINT('',(-2.590866344953,-5.480772073298,
    25.771607472646));
#1654 = CARTESIAN_POINT('',(-2.036407911777,-5.696684897908,
    25.798938405769));
#1655 = CARTESIAN_POINT('',(-1.463500129914,-5.848473813676,
    25.826278794487));
#1656 = CARTESIAN_POINT('',(-0.386919567942,-6.00833198776,
    25.876801928062));
#1657 = CARTESIAN_POINT('',(0.114603320235,-6.034706194596,
    25.900010570036));
#1658 = CARTESIAN_POINT('',(0.617851767204,-6.013177773664,
    25.923217691504));
#1659 = CARTESIAN_POINT('',(1.117474712161,-5.943719360301,
    25.946423347194));
#1660 = CARTESIAN_POINT('',(1.608231602404,-5.82698438006,
    25.969629854214));
#1661 = CARTESIAN_POINT('',(2.084991907818,-5.664252679845,
    25.99283935665));
#1662 = CARTESIAN_POINT('',(2.542754534244,-5.45749058014,
    26.016051076868));
#1663 = CARTESIAN_POINT('',(3.661004504412,-4.818525303386,
    26.075835305424));
#1664 = CARTESIAN_POINT('',(4.288037607062,-4.323974196085,
    26.112493991121));
#1665 = CARTESIAN_POINT('',(4.837100989672,-3.736720179785,
    26.149107229551));
#1666 = CARTESIAN_POINT('',(5.293224208061,-3.071812668024,
    26.185697635626));
#1667 = CARTESIAN_POINT('',(5.644199235437,-2.345924087543,
    26.22229103916));
#1668 = CARTESIAN_POINT('',(5.881667114036,-1.577930276327,
    26.258908293089));
#1669 = CARTESIAN_POINT('',(6.,-0.788187222719,26.29557193542));
#1670 = CARTESIAN_POINT('',(6.,-1.7763568394E-15,26.332162702967));
#1671 = PCURVE('',#1330,#1672);
#1672 = DEFINITIONAL_REPRESENTATION('',(#1673),#1732);
#1673 = B_SPLINE_CURVE_WITH_KNOTS('',8,(#1674,#1675,#1676,#1677,#1678,
    #1679,#1680,#1681,#1682,#1683,#1684,#1685,#1686,#1687,#1688,#1689,
    #1690,#1691,#1692,#1693,#1694,#1695,#1696,#1697,#1698,#1699,#1700,
    #1701,#1702,#1703,#1704,#1705,#1706,#1707,#1708,#1709,#1710,#1711,
    #1712,#1713,#1714,#1715,#1716,#1717,#1718,#1719,#1720,#1721,#1722,
    #1723,#1724,#1725,#1726,#1727,#1728,#1729,#1730,#1731),
  .UNSPECIFIED.,.F.,.F.,(9,7,7,7,7,7,7,7,9),(0.,0.117711793059,
    0.274275619332,0.395611304993,0.489964382802,0.601688854535,
    0.726635945503,0.832719831633,1.),.UNSPECIFIED.);
#1674 = CARTESIAN_POINT('',(0.,-24.5821597832));
#1675 = CARTESIAN_POINT('',(-9.241470339214E-02,-24.60789895464));
#1676 = CARTESIAN_POINT('',(-0.184862476144,-24.63364769427));
#1677 = CARTESIAN_POINT('',(-0.27728808499,-24.65939104209));
#1678 = CARTESIAN_POINT('',(-0.369701292094,-24.68513181653));
#1679 = CARTESIAN_POINT('',(-0.46212212416,-24.71087485138));
#1680 = CARTESIAN_POINT('',(-0.554567200754,-24.73662396151));
#1681 = CARTESIAN_POINT('',(-0.647035560405,-24.76237857367));
#1682 = CARTESIAN_POINT('',(-0.862358139608,-24.82234888572));
#1683 = CARTESIAN_POINT('',(-0.985458600611,-24.85663247553));
#1684 = CARTESIAN_POINT('',(-1.108449657471,-24.89088422788));
#1685 = CARTESIAN_POINT('',(-1.231378814036,-24.92511876829));
#1686 = CARTESIAN_POINT('',(-1.354307322902,-24.95935602402));
#1687 = CARTESIAN_POINT('',(-1.477295637995,-24.99361283328));
#1688 = CARTESIAN_POINT('',(-1.600395187825,-25.02790187332));
#1689 = CARTESIAN_POINT('',(-1.818569558569,-25.08867342251));
#1690 = CARTESIAN_POINT('',(-1.913880564374,-25.11522179111));
#1691 = CARTESIAN_POINT('',(-2.009160028922,-25.14176059097));
#1692 = CARTESIAN_POINT('',(-2.104413039412,-25.16829062054));
#1693 = CARTESIAN_POINT('',(-2.19966140892,-25.19481780195));
#1694 = CARTESIAN_POINT('',(-2.294929489409,-25.22134974952));
#1695 = CARTESIAN_POINT('',(-2.390229235702,-25.24789067302));
#1696 = CARTESIAN_POINT('',(-2.559578059707,-25.29505532702));
#1697 = CARTESIAN_POINT('',(-2.633661396101,-25.31568835054));
#1698 = CARTESIAN_POINT('',(-2.707732543898,-25.33631858036));
#1699 = CARTESIAN_POINT('',(-2.781794599334,-25.35694694684));
#1700 = CARTESIAN_POINT('',(-2.855858505129,-25.37757626565));
#1701 = CARTESIAN_POINT('',(-2.929933717274,-25.39820869828));
#1702 = CARTESIAN_POINT('',(-3.004018648142,-25.41884335146));
#1703 = CARTESIAN_POINT('',(-3.165800601666,-25.46390300146));
#1704 = CARTESIAN_POINT('',(-3.253558132057,-25.48834310863));
#1705 = CARTESIAN_POINT('',(-3.341301571568,-25.51278829776));
#1706 = CARTESIAN_POINT('',(-3.429029098574,-25.53720222103));
#1707 = CARTESIAN_POINT('',(-3.516752874699,-25.56165942648));
#1708 = CARTESIAN_POINT('',(-3.604487516251,-25.58608759457));
#1709 = CARTESIAN_POINT('',(-3.692239594826,-25.61052555437));
#1710 = CARTESIAN_POINT('',(-3.878067228399,-25.66228012784));
#1711 = CARTESIAN_POINT('',(-3.97623149461,-25.68962165676));
#1712 = CARTESIAN_POINT('',(-4.074363099061,-25.71695670201));
#1713 = CARTESIAN_POINT('',(-4.172470535767,-25.74428287809));
#1714 = CARTESIAN_POINT('',(-4.270578184294,-25.77160747264));
#1715 = CARTESIAN_POINT('',(-4.368710334994,-25.79893840576));
#1716 = CARTESIAN_POINT('',(-4.46687505479,-25.82627879448));
#1717 = CARTESIAN_POINT('',(-4.648272434889,-25.87680192806));
#1718 = CARTESIAN_POINT('',(-4.731598708196,-25.90001057003));
#1719 = CARTESIAN_POINT('',(-4.814917319945,-25.9232176915));
#1720 = CARTESIAN_POINT('',(-4.898229038449,-25.94642334719));
#1721 = CARTESIAN_POINT('',(-4.981544113281,-25.96962985421));
#1722 = CARTESIAN_POINT('',(-5.064872165829,-25.99283935665));
#1723 = CARTESIAN_POINT('',(-5.148211028598,-26.01605107686));
#1724 = CARTESIAN_POINT('',(-5.36286576563,-26.07583530542));
#1725 = CARTESIAN_POINT('',(-5.494494943396,-26.11249399112));
#1726 = CARTESIAN_POINT('',(-5.625966340231,-26.14910722955));
#1727 = CARTESIAN_POINT('',(-5.757354641974,-26.18569763562));
#1728 = CARTESIAN_POINT('',(-5.88873903961,-26.22229103916));
#1729 = CARTESIAN_POINT('',(-6.020197846485,-26.25890829308));
#1730 = CARTESIAN_POINT('',(-6.15182077006,-26.29557193542));
#1731 = CARTESIAN_POINT('',(-6.28318530718,-26.33216270296));
#1732 = ( GEOMETRIC_REPRESENTATION_CONTEXT(2) 
PARAMETRIC_REPRESENTATION_CONTEXT() REPRESENTATION_CONTEXT('2D SPACE',''
  ) );
#1733 = PCURVE('',#1591,#1734);
#1734 = DEFINITIONAL_REPRESENTATION('',(#1735),#1794);
#1735 = B_SPLINE_CURVE_WITH_KNOTS('',8,(#1736,#1737,#1738,#1739,#1740,
    #1741,#1742,#1743,#1744,#1745,#1746,#1747,#1748,#1749,#1750,#1751,
    #1752,#1753,#1754,#1755,#1756,#1757,#1758,#1759,#1760,#1761,#1762,
    #1763,#1764,#1765,#1766,#1767,#1768,#1769,#1770,#1771,#1772,#1773,
    #1774,#1775,#1776,#1777,#1778,#1779,#1780,#1781,#1782,#1783,#1784,
    #1785,#1786,#1787,#1788,#1789,#1790,#1791,#1792,#1793),
  .UNSPECIFIED.,.F.,.F.,(9,7,7,7,7,7,7,7,9),(0.,0.117711793059,
    0.274275619332,0.395611304993,0.489964382802,0.601688854535,
    0.726635945503,0.832719831633,1.),.UNSPECIFIED.);
#1736 = CARTESIAN_POINT('',(0.,-24.5821597832));
#1737 = CARTESIAN_POINT('',(-9.241470339214E-02,-24.60789895464));
#1738 = CARTESIAN_POINT('',(-0.184862476144,-24.63364769427));
#1739 = CARTESIAN_POINT('',(-0.27728808499,-24.65939104209));
#1740 = CARTESIAN_POINT('',(-0.369701292094,-24.68513181653));
#1741 = CARTESIAN_POINT('',(-0.46212212416,-24.71087485138));
#1742 = CARTESIAN_POINT('',(-0.554567200754,-24.73662396151));
#1743 = CARTESIAN_POINT('',(-0.647035560405,-24.76237857367));
#1744 = CARTESIAN_POINT('',(-0.862358139608,-24.82234888572));
#1745 = CARTESIAN_POINT('',(-0.985458600611,-24.85663247553));
#1746 = CARTESIAN_POINT('',(-1.108449657471,-24.89088422788));
#1747 = CARTESIAN_POINT('',(-1.231378814036,-24.92511876829));
#1748 = CARTESIAN_POINT('',(-1.354307322902,-24.95935602402));
#1749 = CARTESIAN_POINT('',(-1.477295637995,-24.99361283328));
#1750 = CARTESIAN_POINT('',(-1.600395187825,-25.02790187332));
#1751 = CARTESIAN_POINT('',(-1.818569558569,-25.08867342251));
#1752 = CARTESIAN_POINT('',(-1.913880564374,-25.11522179111));
#1753 = CARTESIAN_POINT('',(-2.009160028922,-25.14176059097));
#1754 = CARTESIAN_POINT('',(-2.104413039412,-25.16829062054));
#1755 = CARTESIAN_POINT('',(-2.19966140892,-25.19481780195));
#1756 = CARTESIAN_POINT('',(-2.294929489409,-25.22134974952));
#1757 = CARTESIAN_POINT('',(-2.390229235702,-25.24789067302));
#1758 = CARTESIAN_POINT('',(-2.559578059707,-25.29505532702));
#1759 = CARTESIAN_POINT('',(-2.633661396101,-25.31568835054));
#1760 = CARTESIAN_POINT('',(-2.707732543898,-25.33631858036));
#1761 = CARTESIAN_POINT('',(-2.781794599334,-25.35694694684));
#1762 = CARTESIAN_POINT('',(-2.855858505129,-25.37757626565));
#1763 = CARTESIAN_POINT('',(-2.929933717274,-25.39820869828));
#1764 = CARTESIAN_POINT('',(-3.004018648142,-25.41884335146));
#1765 = CARTESIAN_POINT('',(-3.165800601666,-25.46390300146));
#1766 = CARTESIAN_POINT('',(-3.253558132057,-25.48834310863));
#1767 = CARTESIAN_POINT('',(-3.341301571568,-25.51278829776));
#1768 = CARTESIAN_POINT('',(-3.429029098574,-25.53720222103));
#1769 = CARTESIAN_POINT('',(-3.516752874699,-25.56165942648));
#1770 = CARTESIAN_POINT('',(-3.604487516251,-25.58608759457));
#1771 = CARTESIAN_POINT('',(-3.692239594826,-25.61052555437));
#1772 = CARTESIAN_POINT('',(-3.878067228399,-25.66228012784));
#1773 = CARTESIAN_POINT('',(-3.97623149461,-25.68962165676));
#1774 = CARTESIAN_POINT('',(-4.074363099061,-25.71695670201));
#1775 = CARTESIAN_POINT('',(-4.172470535767,-25.74428287809));
#1776 = CARTESIAN_POINT('',(-4.270578184294,-25.77160747264));
#1777 = CARTESIAN_POINT('',(-4.368710334994,-25.79893840576));
#1778 = CARTESIAN_POINT('',(-4.46687505479,-25.82627879448));
#1779 = CARTESIAN_POINT('',(-4.648272434889,-25.87680192806));
#1780 = CARTESIAN_POINT('',(-4.731598708196,-25.90001057003));
#1781 = CARTESIAN_POINT('',(-4.814917319945,-25.9232176915));
#1782 = CARTESIAN_POINT('',(-4.898229038449,-25.94642334719));
#1783 = CARTESIAN_POINT('',(-4.981544113281,-25.96962985421));
#1784 = CARTESIAN_POINT('',(-5.064872165829,-25.99283935665));
#1785 = CARTESIAN_POINT('',(-5.148211028598,-26.01605107686));
#1786 = CARTESIAN_POINT('',(-5.36286576563,-26.07583530542));
#1787 = CARTESIAN_POINT('',(-5.494494943396,-26.11249399112));
#1788 = CARTESIAN_POINT('',(-5.625966340231,-26.14910722955));
#1789 = CARTESIAN_POINT('',(-5.757354641974,-26.18569763562));
#1790 = CARTESIAN_POINT('',(-5.88873903961,-26.22229103916));
#1791 = CARTESIAN_POINT('',(-6.020197846485,-26.25890829308));
#1792 = CARTESIAN_POINT('',(-6.15182077006,-26.29557193542));
#1793 = CARTESIAN_POINT('',(-6.28318530718,-26.33216270296));
#1794 = ( GEOMETRIC_REPRESENTATION_CONTEXT(2) 
PARAMETRIC_REPRESENTATION_CONTEXT() REPRESENTATION_CONTEXT('2D SPACE',''
  ) );
#1795 = ORIENTED_EDGE('',*,*,#1796,.F.);
#1796 = EDGE_CURVE('',#1348,#1609,#1797,.T.);
#1797 = SURFACE_CURVE('',#1798,(#1802,#1809),.PCURVE_S1.);
#1798 = LINE('',#1799,#1800);
#1799 = CARTESIAN_POINT('',(6.,0.,0.));
#1800 = VECTOR('',#1801,1.);
#1801 = DIRECTION('',(0.,0.,1.));
#1802 = PCURVE('',#1330,#1803);
#1803 = DEFINITIONAL_REPRESENTATION('',(#1804),#1808);
#1804 = LINE('',#1805,#1806);
#1805 = CARTESIAN_POINT('',(-6.28318530718,0.));
#1806 = VECTOR('',#1807,1.);
#1807 = DIRECTION('',(-0.,-1.));
#1808 = ( GEOMETRIC_REPRESENTATION_CONTEXT(2) 
PARAMETRIC_REPRESENTATION_CONTEXT() REPRESENTATION_CONTEXT('2D SPACE',''
  ) );
#1809 = PCURVE('',#1810,#1815);
#1810 = CYLINDRICAL_SURFACE('',#1811,6.);
#1811 = AXIS2_PLACEMENT_3D('',#1812,#1813,#1814);
#1812 = CARTESIAN_POINT('',(0.,0.,0.));
#1813 = DIRECTION('',(-0.,-0.,-1.));
#1814 = DIRECTION('',(1.,0.,0.));
#1815 = DEFINITIONAL_REPRESENTATION('',(#1816),#1820);
#1816 = LINE('',#1817,#1818);
#1817 = CARTESIAN_POINT('',(-0.,0.));
#1818 = VECTOR('',#1819,1.);
#1819 = DIRECTION('',(-0.,-1.));
#1820 = ( GEOMETRIC_REPRESENTATION_CONTEXT(2) 
PARAMETRIC_REPRESENTATION_CONTEXT() REPRESENTATION_CONTEXT('2D SPACE',''
  ) );
#1821 = ADVANCED_FACE('',(#1822),#1591,.T.);
#1822 = FACE_BOUND('',#1823,.F.);
#1823 = EDGE_LOOP('',(#1824,#1825,#1826,#2035));
#1824 = ORIENTED_EDGE('',*,*,#1608,.F.);
#1825 = ORIENTED_EDGE('',*,*,#1577,.T.);
#1826 = ORIENTED_EDGE('',*,*,#1827,.T.);
#1827 = EDGE_CURVE('',#1348,#1828,#1830,.T.);
#1828 = VERTEX_POINT('',#1829);
#1829 = CARTESIAN_POINT('',(6.,0.,27.66783757075));
#1830 = SURFACE_CURVE('',#1831,(#1897,#1966),.PCURVE_S1.);
#1831 = B_SPLINE_CURVE_WITH_KNOTS('',8,(#1832,#1833,#1834,#1835,#1836,
    #1837,#1838,#1839,#1840,#1841,#1842,#1843,#1844,#1845,#1846,#1847,
    #1848,#1849,#1850,#1851,#1852,#1853,#1854,#1855,#1856,#1857,#1858,
    #1859,#1860,#1861,#1862,#1863,#1864,#1865,#1866,#1867,#1868,#1869,
    #1870,#1871,#1872,#1873,#1874,#1875,#1876,#1877,#1878,#1879,#1880,
    #1881,#1882,#1883,#1884,#1885,#1886,#1887,#1888,#1889,#1890,#1891,
    #1892,#1893,#1894,#1895,#1896),.UNSPECIFIED.,.F.,.F.,(9,7,7,7,7,7,7,
    7,7,9),(0.,0.113568195108,0.220892685608,0.335064038646,
    0.484771348841,0.529682746278,0.620323506659,0.731774640778,
    0.876495354254,1.),.UNSPECIFIED.);
#1832 = CARTESIAN_POINT('',(6.,5.329070518201E-15,25.917841870325));
#1833 = CARTESIAN_POINT('',(6.,0.534811499494,25.942668021733));
#1834 = CARTESIAN_POINT('',(5.945518378699,1.069866922404,
    25.967504804646));
#1835 = CARTESIAN_POINT('',(5.836474236378,1.598344556778,
    25.992335839367));
#1836 = CARTESIAN_POINT('',(5.673885217112,2.11376372019,26.017162241967
    ));
#1837 = CARTESIAN_POINT('',(5.459615340261,2.609939014569,
    26.041989102535));
#1838 = CARTESIAN_POINT('',(5.196296981726,3.080963391723,
    26.066821232777));
#1839 = CARTESIAN_POINT('',(4.887410175867,3.521253878407,
    26.091658996761));
#1840 = CARTESIAN_POINT('',(4.206831724688,4.307898612157,
    26.139946204743));
#1841 = CARTESIAN_POINT('',(3.839216430755,4.658445420239,
    26.163418932785));
#1842 = CARTESIAN_POINT('',(3.438362355474,4.972937130433,
    26.186889826084));
#1843 = CARTESIAN_POINT('',(3.008471602398,5.247744302984,26.21035805894
    ));
#1844 = CARTESIAN_POINT('',(2.554111591386,5.479867921305,
    26.233825955492));
#1845 = CARTESIAN_POINT('',(2.080172773782,5.666887497326,
    26.257296249892));
#1846 = CARTESIAN_POINT('',(1.591889965764,5.807012272522,
    26.280769239859));
#1847 = CARTESIAN_POINT('',(0.566208742539,5.997378853248,
    26.329193746159));
#1848 = CARTESIAN_POINT('',(2.717730528682E-02,6.041406474841,
    26.354167054657));
#1849 = CARTESIAN_POINT('',(-0.515370748992,6.029968712264,
    26.379135665698));
#1850 = CARTESIAN_POINT('',(-1.054744982925,5.962880774172,
    26.404100094681));
#1851 = CARTESIAN_POINT('',(-1.584410183196,5.840873665586,
    26.429065199824));
#1852 = CARTESIAN_POINT('',(-2.097983642007,5.665499430766,
    26.45403595548));
#1853 = CARTESIAN_POINT('',(-2.589256043612,5.43921009189,26.47901312807
    ));
#1854 = CARTESIAN_POINT('',(-3.659435968842,4.806855991835,
    26.536716695849));
#1855 = CARTESIAN_POINT('',(-4.219221120427,4.366054108847,
    26.569499605495));
#1856 = CARTESIAN_POINT('',(-4.717356738687,3.851127728365,
    26.602259461411));
#1857 = CARTESIAN_POINT('',(-5.14287735595,3.272542970887,
    26.635003644057));
#1858 = CARTESIAN_POINT('',(-5.486730418458,2.642019890067,
    26.667743904622));
#1859 = CARTESIAN_POINT('',(-5.742170479774,1.972720127963,
    26.70049723755));
#1860 = CARTESIAN_POINT('',(-5.904378501975,1.278953742525,
    26.733276665997));
#1861 = CARTESIAN_POINT('',(-5.992541254604,0.366352918793,
    26.775838306894));
#1862 = CARTESIAN_POINT('',(-6.004400538174,0.154941400813,
    26.785659860079));
#1863 = CARTESIAN_POINT('',(-6.007733471081,-5.689724386088E-02,
    26.795481851661));
#1864 = CARTESIAN_POINT('',(-6.002522617466,-0.268770110388,
    26.805304625448));
#1865 = CARTESIAN_POINT('',(-5.988773766487,-0.480278460134,
    26.815128200563));
#1866 = CARTESIAN_POINT('',(-5.966515932317,-0.691017720668,
    26.824952271437));
#1867 = CARTESIAN_POINT('',(-5.935801354145,-0.900577485769,
    26.834776207816));
#1868 = CARTESIAN_POINT('',(-5.817801732394,-1.528257196854,
    26.86442365088));
#1869 = CARTESIAN_POINT('',(-5.704742482568,-1.941623998167,
    26.884252238206));
#1870 = CARTESIAN_POINT('',(-5.558138920053,-2.345284321146,
    26.904070109073));
#1871 = CARTESIAN_POINT('',(-5.379001128801,-2.73606629124,
    26.923894877398));
#1872 = CARTESIAN_POINT('',(-5.168665037721,-3.11097047858,
    26.943723688208));
#1873 = CARTESIAN_POINT('',(-4.928770184086,-3.467159267321,
    26.963547795189));
#1874 = CARTESIAN_POINT('',(-4.661274689243,-3.801965662571,
    26.983375089065));
#1875 = CARTESIAN_POINT('',(-4.008492890987,-4.495307753575,
    27.027579133085));
#1876 = CARTESIAN_POINT('',(-3.610095177562,-4.841820407582,
    27.051966711425));
#1877 = CARTESIAN_POINT('',(-3.177672116421,-5.147731097539,
    27.076350052381));
#1878 = CARTESIAN_POINT('',(-2.716122183898,-5.409222405741,
    27.100730418693));
#1879 = CARTESIAN_POINT('',(-2.230727035698,-5.62321761143,
    27.125111102921));
#1880 = CARTESIAN_POINT('',(-1.727109596709,-5.787320058989,
    27.14949509806));
#1881 = CARTESIAN_POINT('',(-1.211256254498,-5.899886664674,
    27.173883028997));
#1882 = CARTESIAN_POINT('',(-1.214296898606E-02,-6.038617061575,
    27.229915782911));
#1883 = CARTESIAN_POINT('',(0.676370770934,-6.029103272114,
    27.261611980193));
#1884 = CARTESIAN_POINT('',(1.361347603318,-5.929592281201,
    27.293287588763));
#1885 = CARTESIAN_POINT('',(2.0291162849,-5.741513545349,27.32494907969)
  );
#1886 = CARTESIAN_POINT('',(2.666709837628,-5.468234296846,
    27.356610765786));
#1887 = CARTESIAN_POINT('',(3.261983435355,-5.115337308835,
    27.388285245881));
#1888 = CARTESIAN_POINT('',(3.803539088752,-4.690235169417,
    27.419981378241));
#1889 = CARTESIAN_POINT('',(4.689184318761,-3.788187286545,
    27.47866831117));
#1890 = CARTESIAN_POINT('',(5.051168719777,-3.327382295698,
    27.505706405787));
#1891 = CARTESIAN_POINT('',(5.361014010729,-2.827378075853,
    27.532734038923));
#1892 = CARTESIAN_POINT('',(5.613945993638,-2.295179767588,
    27.559752150609));
#1893 = CARTESIAN_POINT('',(5.806276881766,-1.738244222188,
    27.586767146427));
#1894 = CARTESIAN_POINT('',(5.935452710263,-1.164466762782,
    27.613787189887));
#1895 = CARTESIAN_POINT('',(6.,-0.582127972233,27.640816973334));
#1896 = CARTESIAN_POINT('',(6.,-1.7763568394E-15,27.66783757075));
#1897 = PCURVE('',#1591,#1898);
#1898 = DEFINITIONAL_REPRESENTATION('',(#1899),#1965);
#1899 = B_SPLINE_CURVE_WITH_KNOTS('',8,(#1900,#1901,#1902,#1903,#1904,
    #1905,#1906,#1907,#1908,#1909,#1910,#1911,#1912,#1913,#1914,#1915,
    #1916,#1917,#1918,#1919,#1920,#1921,#1922,#1923,#1924,#1925,#1926,
    #1927,#1928,#1929,#1930,#1931,#1932,#1933,#1934,#1935,#1936,#1937,
    #1938,#1939,#1940,#1941,#1942,#1943,#1944,#1945,#1946,#1947,#1948,
    #1949,#1950,#1951,#1952,#1953,#1954,#1955,#1956,#1957,#1958,#1959,
    #1960,#1961,#1962,#1963,#1964),.UNSPECIFIED.,.F.,.F.,(9,7,7,7,7,7,7,
    7,7,9),(0.,0.113568195108,0.220892685608,0.335064038646,
    0.484771348841,0.529682746278,0.620323506659,0.731774640778,
    0.876495354254,1.),.UNSPECIFIED.);
#1900 = CARTESIAN_POINT('',(0.,-25.91784187032));
#1901 = CARTESIAN_POINT('',(-8.913524991567E-02,-25.94266802173));
#1902 = CARTESIAN_POINT('',(-0.178311180153,-25.96750480464));
#1903 = CARTESIAN_POINT('',(-0.26746987144,-25.99233583936));
#1904 = CARTESIAN_POINT('',(-0.356614510512,-26.01716224196));
#1905 = CARTESIAN_POINT('',(-0.44576048817,-26.04198910253));
#1906 = CARTESIAN_POINT('',(-0.534922287712,-26.06682123277));
#1907 = CARTESIAN_POINT('',(-0.624100488354,-26.09165899676));
#1908 = CARTESIAN_POINT('',(-0.79746562689,-26.13994620474));
#1909 = CARTESIAN_POINT('',(-0.881736532752,-26.16341893278));
#1910 = CARTESIAN_POINT('',(-0.965998215123,-26.18688982608));
#1911 = CARTESIAN_POINT('',(-1.050249205394,-26.21035805894));
#1912 = CARTESIAN_POINT('',(-1.134500140401,-26.23382595549));
#1913 = CARTESIAN_POINT('',(-1.218762708962,-26.25729624989));
#1914 = CARTESIAN_POINT('',(-1.303038471296,-26.28076923985));
#1915 = CARTESIAN_POINT('',(-1.47690475187,-26.32919374615));
#1916 = CARTESIAN_POINT('',(-1.566573915696,-26.35416705465));
#1917 = CARTESIAN_POINT('',(-1.656229173399,-26.37913566569));
#1918 = CARTESIAN_POINT('',(-1.745870558965,-26.40410009468));
#1919 = CARTESIAN_POINT('',(-1.83551276958,-26.42906519982));
#1920 = CARTESIAN_POINT('',(-1.925171693961,-26.45403595548));
#1921 = CARTESIAN_POINT('',(-2.014850119708,-26.47901312807));
#1922 = CARTESIAN_POINT('',(-2.222024012062,-26.53671669584));
#1923 = CARTESIAN_POINT('',(-2.33972052359,-26.56949960549));
#1924 = CARTESIAN_POINT('',(-2.457332368796,-26.60225946141));
#1925 = CARTESIAN_POINT('',(-2.574890475758,-26.63500364405));
#1926 = CARTESIAN_POINT('',(-2.692445274664,-26.66774390462));
#1927 = CARTESIAN_POINT('',(-2.810049008589,-26.70049723755));
#1928 = CARTESIAN_POINT('',(-2.927740190176,-26.73327666599));
#1929 = CARTESIAN_POINT('',(-3.080548433702,-26.77583830689));
#1930 = CARTESIAN_POINT('',(-3.115810189297,-26.78565986007));
#1931 = CARTESIAN_POINT('',(-3.151073249786,-26.79548185166));
#1932 = CARTESIAN_POINT('',(-3.186338999179,-26.80530462544));
#1933 = CARTESIAN_POINT('',(-3.221607695924,-26.81512820056));
#1934 = CARTESIAN_POINT('',(-3.256878472904,-26.82495227143));
#1935 = CARTESIAN_POINT('',(-3.292149337438,-26.83477620781));
#1936 = CARTESIAN_POINT('',(-3.398595167485,-26.86442365088));
#1937 = CARTESIAN_POINT('',(-3.469784976234,-26.8842522382));
#1938 = CARTESIAN_POINT('',(-3.540967325184,-26.90407010907));
#1939 = CARTESIAN_POINT('',(-3.61214177294,-26.92389487739));
#1940 = CARTESIAN_POINT('',(-3.683315062925,-26.9437236882));
#1941 = CARTESIAN_POINT('',(-3.75449475517,-26.96354779518));
#1942 = CARTESIAN_POINT('',(-3.825683429908,-26.98337508906));
#1943 = CARTESIAN_POINT('',(-3.984397649961,-27.02757913308));
#1944 = CARTESIAN_POINT('',(-4.071962210151,-27.05196671142));
#1945 = CARTESIAN_POINT('',(-4.159508987296,-27.07635005238));
#1946 = CARTESIAN_POINT('',(-4.247040365785,-27.10073041869));
#1947 = CARTESIAN_POINT('',(-4.334571244307,-27.12511110292));
#1948 = CARTESIAN_POINT('',(-4.422116378165,-27.14949509806));
#1949 = CARTESIAN_POINT('',(-4.50967844743,-27.17388302899));
#1950 = CARTESIAN_POINT('',(-4.710863740307,-27.22991578291));
#1951 = CARTESIAN_POINT('',(-4.824673177758,-27.26161198019));
#1952 = CARTESIAN_POINT('',(-4.938412268749,-27.29328758876));
#1953 = CARTESIAN_POINT('',(-5.052099137348,-27.32494907969));
#1954 = CARTESIAN_POINT('',(-5.1657773146,-27.35661076578));
#1955 = CARTESIAN_POINT('',(-5.279493627507,-27.38828524588));
#1956 = CARTESIAN_POINT('',(-5.393284352496,-27.41998137824));
#1957 = CARTESIAN_POINT('',(-5.603974874381,-27.47866831117));
#1958 = CARTESIAN_POINT('',(-5.701044245635,-27.50570640578));
#1959 = CARTESIAN_POINT('',(-5.798079162245,-27.53273403892));
#1960 = CARTESIAN_POINT('',(-5.895085309044,-27.5597521506));
#1961 = CARTESIAN_POINT('',(-5.992085971405,-27.58676714642));
#1962 = CARTESIAN_POINT('',(-6.089107576609,-27.61378718988));
#1963 = CARTESIAN_POINT('',(-6.186163978474,-27.64081697333));
#1964 = CARTESIAN_POINT('',(-6.28318530718,-27.66783757075));
#1965 = ( GEOMETRIC_REPRESENTATION_CONTEXT(2) 
PARAMETRIC_REPRESENTATION_CONTEXT() REPRESENTATION_CONTEXT('2D SPACE',''
  ) );
#1966 = PCURVE('',#1810,#1967);
#1967 = DEFINITIONAL_REPRESENTATION('',(#1968),#2034);
#1968 = B_SPLINE_CURVE_WITH_KNOTS('',8,(#1969,#1970,#1971,#1972,#1973,
    #1974,#1975,#1976,#1977,#1978,#1979,#1980,#1981,#1982,#1983,#1984,
    #1985,#1986,#1987,#1988,#1989,#1990,#1991,#1992,#1993,#1994,#1995,
    #1996,#1997,#1998,#1999,#2000,#2001,#2002,#2003,#2004,#2005,#2006,
    #2007,#2008,#2009,#2010,#2011,#2012,#2013,#2014,#2015,#2016,#2017,
    #2018,#2019,#2020,#2021,#2022,#2023,#2024,#2025,#2026,#2027,#2028,
    #2029,#2030,#2031,#2032,#2033),.UNSPECIFIED.,.F.,.F.,(9,7,7,7,7,7,7,
    7,7,9),(0.,0.113568195108,0.220892685608,0.335064038646,
    0.484771348841,0.529682746278,0.620323506659,0.731774640778,
    0.876495354254,1.),.UNSPECIFIED.);
#1969 = CARTESIAN_POINT('',(0.,-25.91784187032));
#1970 = CARTESIAN_POINT('',(-8.913524991567E-02,-25.94266802173));
#1971 = CARTESIAN_POINT('',(-0.178311180153,-25.96750480464));
#1972 = CARTESIAN_POINT('',(-0.26746987144,-25.99233583936));
#1973 = CARTESIAN_POINT('',(-0.356614510512,-26.01716224196));
#1974 = CARTESIAN_POINT('',(-0.44576048817,-26.04198910253));
#1975 = CARTESIAN_POINT('',(-0.534922287712,-26.06682123277));
#1976 = CARTESIAN_POINT('',(-0.624100488354,-26.09165899676));
#1977 = CARTESIAN_POINT('',(-0.79746562689,-26.13994620474));
#1978 = CARTESIAN_POINT('',(-0.881736532752,-26.16341893278));
#1979 = CARTESIAN_POINT('',(-0.965998215123,-26.18688982608));
#1980 = CARTESIAN_POINT('',(-1.050249205394,-26.21035805894));
#1981 = CARTESIAN_POINT('',(-1.134500140401,-26.23382595549));
#1982 = CARTESIAN_POINT('',(-1.218762708962,-26.25729624989));
#1983 = CARTESIAN_POINT('',(-1.303038471296,-26.28076923985));
#1984 = CARTESIAN_POINT('',(-1.47690475187,-26.32919374615));
#1985 = CARTESIAN_POINT('',(-1.566573915696,-26.35416705465));
#1986 = CARTESIAN_POINT('',(-1.656229173399,-26.37913566569));
#1987 = CARTESIAN_POINT('',(-1.745870558965,-26.40410009468));
#1988 = CARTESIAN_POINT('',(-1.83551276958,-26.42906519982));
#1989 = CARTESIAN_POINT('',(-1.925171693961,-26.45403595548));
#1990 = CARTESIAN_POINT('',(-2.014850119708,-26.47901312807));
#1991 = CARTESIAN_POINT('',(-2.222024012062,-26.53671669584));
#1992 = CARTESIAN_POINT('',(-2.33972052359,-26.56949960549));
#1993 = CARTESIAN_POINT('',(-2.457332368796,-26.60225946141));
#1994 = CARTESIAN_POINT('',(-2.574890475758,-26.63500364405));
#1995 = CARTESIAN_POINT('',(-2.692445274664,-26.66774390462));
#1996 = CARTESIAN_POINT('',(-2.810049008589,-26.70049723755));
#1997 = CARTESIAN_POINT('',(-2.927740190176,-26.73327666599));
#1998 = CARTESIAN_POINT('',(-3.080548433702,-26.77583830689));
#1999 = CARTESIAN_POINT('',(-3.115810189297,-26.78565986007));
#2000 = CARTESIAN_POINT('',(-3.151073249786,-26.79548185166));
#2001 = CARTESIAN_POINT('',(-3.186338999179,-26.80530462544));
#2002 = CARTESIAN_POINT('',(-3.221607695924,-26.81512820056));
#2003 = CARTESIAN_POINT('',(-3.256878472904,-26.82495227143));
#2004 = CARTESIAN_POINT('',(-3.292149337438,-26.83477620781));
#2005 = CARTESIAN_POINT('',(-3.398595167485,-26.86442365088));
#2006 = CARTESIAN_POINT('',(-3.469784976234,-26.8842522382));
#2007 = CARTESIAN_POINT('',(-3.540967325184,-26.90407010907));
#2008 = CARTESIAN_POINT('',(-3.61214177294,-26.92389487739));
#2009 = CARTESIAN_POINT('',(-3.683315062925,-26.9437236882));
#2010 = CARTESIAN_POINT('',(-3.75449475517,-26.96354779518));
#2011 = CARTESIAN_POINT('',(-3.825683429908,-26.98337508906));
#2012 = CARTESIAN_POINT('',(-3.984397649961,-27.02757913308));
#2013 = CARTESIAN_POINT('',(-4.071962210151,-27.05196671142));
#2014 = CARTESIAN_POINT('',(-4.159508987296,-27.07635005238));
#2015 = CARTESIAN_POINT('',(-4.247040365785,-27.10073041869));
#2016 = CARTESIAN_POINT('',(-4.334571244307,-27.12511110292));
#2017 = CARTESIAN_POINT('',(-4.422116378165,-27.14949509806));
#2018 = CARTESIAN_POINT('',(-4.50967844743,-27.17388302899));
#2019 = CARTESIAN_POINT('',(-4.710863740307,-27.22991578291));
#2020 = CARTESIAN_POINT('',(-4.824673177758,-27.26161198019));
#2021 = CARTESIAN_POINT('',(-4.938412268749,-27.29328758876));
#2022 = CARTESIAN_POINT('',(-5.052099137348,-27.32494907969));
#2023 = CARTESIAN_POINT('',(-5.1657773146,-27.35661076578));
#2024 = CARTESIAN_POINT('',(-5.279493627507,-27.38828524588));
#2025 = CARTESIAN_POINT('',(-5.393284352496,-27.41998137824));
#2026 = CARTESIAN_POINT('',(-5.603974874381,-27.47866831117));
#2027 = CARTESIAN_POINT('',(-5.701044245635,-27.50570640578));
#2028 = CARTESIAN_POINT('',(-5.798079162245,-27.53273403892));
#2029 = CARTESIAN_POINT('',(-5.895085309044,-27.5597521506));
#2030 = CARTESIAN_POINT('',(-5.992085971405,-27.58676714642));
#2031 = CARTESIAN_POINT('',(-6.089107576609,-27.61378718988));
#2032 = CARTESIAN_POINT('',(-6.186163978474,-27.64081697333));
#2033 = CARTESIAN_POINT('',(-6.28318530718,-27.66783757075));
#2034 = ( GEOMETRIC_REPRESENTATION_CONTEXT(2) 
PARAMETRIC_REPRESENTATION_CONTEXT() REPRESENTATION_CONTEXT('2D SPACE',''
  ) );
#2035 = ORIENTED_EDGE('',*,*,#2036,.F.);
#2036 = EDGE_CURVE('',#1609,#1828,#2037,.T.);
#2037 = SURFACE_CURVE('',#2038,(#2042,#2049),.PCURVE_S1.);
#2038 = LINE('',#2039,#2040);
#2039 = CARTESIAN_POINT('',(6.,0.,0.));
#2040 = VECTOR('',#2041,1.);
#2041 = DIRECTION('',(0.,0.,1.));
#2042 = PCURVE('',#1591,#2043);
#2043 = DEFINITIONAL_REPRESENTATION('',(#2044),#2048);
#2044 = LINE('',#2045,#2046);
#2045 = CARTESIAN_POINT('',(-6.28318530718,0.));
#2046 = VECTOR('',#2047,1.);
#2047 = DIRECTION('',(-0.,-1.));
#2048 = ( GEOMETRIC_REPRESENTATION_CONTEXT(2) 
PARAMETRIC_REPRESENTATION_CONTEXT() REPRESENTATION_CONTEXT('2D SPACE',''
  ) );
#2049 = PCURVE('',#2050,#2055);
#2050 = CYLINDRICAL_SURFACE('',#2051,6.);
#2051 = AXIS2_PLACEMENT_3D('',#2052,#2053,#2054);
#2052 = CARTESIAN_POINT('',(0.,0.,0.));
#2053 = DIRECTION('',(-0.,-0.,-1.));
#2054 = DIRECTION('',(1.,0.,0.));
#2055 = DEFINITIONAL_REPRESENTATION('',(#2056),#2060);
#2056 = LINE('',#2057,#2058);
#2057 = CARTESIAN_POINT('',(-0.,0.));
#2058 = VECTOR('',#2059,1.);
#2059 = DIRECTION('',(-0.,-1.));
#2060 = ( GEOMETRIC_REPRESENTATION_CONTEXT(2) 
PARAMETRIC_REPRESENTATION_CONTEXT() REPRESENTATION_CONTEXT('2D SPACE',''
  ) );
#2061 = ADVANCED_FACE('',(#2062),#1810,.T.);
#2062 = FACE_BOUND('',#2063,.F.);
#2063 = EDGE_LOOP('',(#2064,#2065,#2066,#2275));
#2064 = ORIENTED_EDGE('',*,*,#1827,.F.);
#2065 = ORIENTED_EDGE('',*,*,#1796,.T.);
#2066 = ORIENTED_EDGE('',*,*,#2067,.T.);
#2067 = EDGE_CURVE('',#1609,#2068,#2070,.T.);
#2068 = VERTEX_POINT('',#2069);
#2069 = CARTESIAN_POINT('',(6.,0.,28.082160840055));
#2070 = SURFACE_CURVE('',#2071,(#2137,#2206),.PCURVE_S1.);
#2071 = B_SPLINE_CURVE_WITH_KNOTS('',8,(#2072,#2073,#2074,#2075,#2076,
    #2077,#2078,#2079,#2080,#2081,#2082,#2083,#2084,#2085,#2086,#2087,
    #2088,#2089,#2090,#2091,#2092,#2093,#2094,#2095,#2096,#2097,#2098,
    #2099,#2100,#2101,#2102,#2103,#2104,#2105,#2106,#2107,#2108,#2109,
    #2110,#2111,#2112,#2113,#2114,#2115,#2116,#2117,#2118,#2119,#2120,
    #2121,#2122,#2123,#2124,#2125,#2126,#2127,#2128,#2129,#2130,#2131,
    #2132,#2133,#2134,#2135,#2136),.UNSPECIFIED.,.F.,.F.,(9,7,7,7,7,7,7,
    7,7,9),(0.,0.14430739412,0.245527704139,0.311386687332,
    0.429301417712,0.48927302653,0.635170589299,0.775717614076,
    0.895793259733,1.),.UNSPECIFIED.);
#2072 = CARTESIAN_POINT('',(6.,-1.7763568394E-15,26.332162702967));
#2073 = CARTESIAN_POINT('',(6.,0.679902405293,26.363726461108));
#2074 = CARTESIAN_POINT('',(5.911948815672,1.360541816608,
    26.395323689127));
#2075 = CARTESIAN_POINT('',(5.735515161233,2.027446366587,
    26.426899687025));
#2076 = CARTESIAN_POINT('',(5.473608914064,2.667395409854,
    26.458461070373));
#2077 = CARTESIAN_POINT('',(5.130967819319,3.268006147257,
    26.490021224022));
#2078 = CARTESIAN_POINT('',(4.71442464417,3.817914862964,26.52159498533)
  );
#2079 = CARTESIAN_POINT('',(4.232588267266,4.306677581666,
    26.553190523608));
#2080 = CARTESIAN_POINT('',(3.32147956356,5.019482970004,26.606890240857
    ));
#2081 = CARTESIAN_POINT('',(2.919015230052,5.27934655527,26.629038108202
    ));
#2082 = CARTESIAN_POINT('',(2.493461531841,5.502191219277,
    26.651185351754));
#2083 = CARTESIAN_POINT('',(2.048849473015,5.685665737136,
    26.673329417365));
#2084 = CARTESIAN_POINT('',(1.589409066237,5.827967607432,
    26.695472367727));
#2085 = CARTESIAN_POINT('',(1.119536883198,5.927798919469,
    26.717617315576));
#2086 = CARTESIAN_POINT('',(0.643798363464,5.984402229237,
    26.739764570691));
#2087 = CARTESIAN_POINT('',(-0.143286768901,6.006313310512,
    26.776314795563));
#2088 = CARTESIAN_POINT('',(-0.453992825771,5.996615658708,
    26.790719901118));
#2089 = CARTESIAN_POINT('',(-0.763922590297,5.968544850434,
    26.805124639812));
#2090 = CARTESIAN_POINT('',(-1.071842704786,5.922167877904,
    26.81953009361));
#2091 = CARTESIAN_POINT('',(-1.376517152443,5.857657363815,
    26.833936603972));
#2092 = CARTESIAN_POINT('',(-1.676707257367,5.775291561342,
    26.848343771854));
#2093 = CARTESIAN_POINT('',(-1.971171684557,5.675454354143,
    26.862750457712));
#2094 = CARTESIAN_POINT('',(-2.773400572139,5.349480912473,
    26.902944459272));
#2095 = CARTESIAN_POINT('',(-3.266216098757,5.085763327758,
    26.928746529498));
#2096 = CARTESIAN_POINT('',(-3.73001000422,4.770283662935,
    26.954544885492));
#2097 = CARTESIAN_POINT('',(-4.158519162867,4.406871449748,
    26.980337732101));
#2098 = CARTESIAN_POINT('',(-4.546168166614,4.000129870038,
    27.006129550766));
#2099 = CARTESIAN_POINT('',(-4.888018008785,3.555354435601,
    27.031926696341));
#2100 = CARTESIAN_POINT('',(-5.17985610501,3.078598515091,
    27.057730355672));
#2101 = CARTESIAN_POINT('',(-5.539826567235,2.321673762382,
    27.096637553943));
#2102 = CARTESIAN_POINT('',(-5.647413758965,2.060032856734,
    27.109750677158));
#2103 = CARTESIAN_POINT('',(-5.740856372693,1.792758147415,
    27.12286247976));
#2104 = CARTESIAN_POINT('',(-5.819827693039,1.52070500686,
    27.135974818856));
#2105 = CARTESIAN_POINT('',(-5.884052205814,1.244764138359,
    27.149088834137));
#2106 = CARTESIAN_POINT('',(-5.933313431629,0.965863088028,
    27.16220477527));
#2107 = CARTESIAN_POINT('',(-5.967465011174,0.684967600222,
    27.175321719077));
#2108 = CARTESIAN_POINT('',(-6.032619228955,-0.28268005967,
    27.220344162349));
#2109 = CARTESIAN_POINT('',(-5.989066312235,-0.975251886337,
    27.252286635943));
#2110 = CARTESIAN_POINT('',(-5.854433623132,-1.659715109327,
    27.28420709008));
#2111 = CARTESIAN_POINT('',(-5.630850235041,-2.322251787439,
    27.316112489982));
#2112 = CARTESIAN_POINT('',(-5.322388884315,-2.949787603204,
    27.348016001574));
#2113 = CARTESIAN_POINT('',(-4.935374997473,-3.530175420047,
    27.379932628729));
#2114 = CARTESIAN_POINT('',(-4.478038743675,-4.052105893474,
    27.411871671831));
#2115 = CARTESIAN_POINT('',(-3.46464323512,-4.943139423815,
    27.474510236719));
#2116 = CARTESIAN_POINT('',(-2.911776569205,-5.318062276741,
    27.505276598684));
#2117 = CARTESIAN_POINT('',(-2.313097960819,-5.621692702645,
    27.536027254218));
#2118 = CARTESIAN_POINT('',(-1.67949238545,-5.847923337244,
    27.566768354684));
#2119 = CARTESIAN_POINT('',(-1.022395394584,-5.992379092809,
    27.597509262769));
#2120 = CARTESIAN_POINT('',(-0.353826123153,-6.052685886928,
    27.628259353349));
#2121 = CARTESIAN_POINT('',(0.313706827773,-6.028255839492,
    27.65902368508));
#2122 = CARTESIAN_POINT('',(1.525283100744,-5.830387182814,
    27.716007869038));
#2123 = CARTESIAN_POINT('',(2.073997284981,-5.679031160406,
    27.742276749681));
#2124 = CARTESIAN_POINT('',(2.605168378286,-5.468678695673,
    27.768538451441));
#2125 = CARTESIAN_POINT('',(3.111426650161,-5.201844045317,
    27.794794682792));
#2126 = CARTESIAN_POINT('',(3.585971859625,-4.882016327055,
    27.821051680784));
#2127 = CARTESIAN_POINT('',(4.022530065454,-4.513541572528,
    27.84731520615));
#2128 = CARTESIAN_POINT('',(4.41542434204,-4.10170411151,27.873586265189
    ));
#2129 = CARTESIAN_POINT('',(5.058669701697,-3.263560999432,
    27.922631850861));
#2130 = CARTESIAN_POINT('',(5.321214294389,-2.846078252987,
    27.945426185569));
#2131 = CARTESIAN_POINT('',(5.544218628716,-2.404651252737,
    27.968216499042));
#2132 = CARTESIAN_POINT('',(5.725195965293,-1.94369470076,
    27.991002846484));
#2133 = CARTESIAN_POINT('',(5.862264614272,-1.467835653352,
    28.013788406624));
#2134 = CARTESIAN_POINT('',(5.954103509011,-0.981890094624,
    28.036578074612));
#2135 = CARTESIAN_POINT('',(6.,-0.490871195173,28.059374250218));
#2136 = CARTESIAN_POINT('',(6.,7.105427357601E-15,28.082160840055));
#2137 = PCURVE('',#1810,#2138);
#2138 = DEFINITIONAL_REPRESENTATION('',(#2139),#2205);
#2139 = B_SPLINE_CURVE_WITH_KNOTS('',8,(#2140,#2141,#2142,#2143,#2144,
    #2145,#2146,#2147,#2148,#2149,#2150,#2151,#2152,#2153,#2154,#2155,
    #2156,#2157,#2158,#2159,#2160,#2161,#2162,#2163,#2164,#2165,#2166,
    #2167,#2168,#2169,#2170,#2171,#2172,#2173,#2174,#2175,#2176,#2177,
    #2178,#2179,#2180,#2181,#2182,#2183,#2184,#2185,#2186,#2187,#2188,
    #2189,#2190,#2191,#2192,#2193,#2194,#2195,#2196,#2197,#2198,#2199,
    #2200,#2201,#2202,#2203,#2204),.UNSPECIFIED.,.F.,.F.,(9,7,7,7,7,7,7,
    7,7,9),(0.,0.14430739412,0.245527704139,0.311386687332,
    0.429301417712,0.48927302653,0.635170589299,0.775717614076,
    0.895793259733,1.),.UNSPECIFIED.);
#2140 = CARTESIAN_POINT('',(0.,-26.33216270296));
#2141 = CARTESIAN_POINT('',(-0.113317067549,-26.3637264611));
#2142 = CARTESIAN_POINT('',(-0.226756716525,-26.39532368912));
#2143 = CARTESIAN_POINT('',(-0.34012624687,-26.42689968702));
#2144 = CARTESIAN_POINT('',(-0.45345167446,-26.45846107037));
#2145 = CARTESIAN_POINT('',(-0.566778084014,-26.49002122402));
#2146 = CARTESIAN_POINT('',(-0.680149349768,-26.52159498533));
#2147 = CARTESIAN_POINT('',(-0.793592920204,-26.5531905236));
#2148 = CARTESIAN_POINT('',(-0.986394674433,-26.60689024085));
#2149 = CARTESIAN_POINT('',(-1.065911850363,-26.6290381082));
#2150 = CARTESIAN_POINT('',(-1.145425079029,-26.65118535175));
#2151 = CARTESIAN_POINT('',(-1.224927746642,-26.67332941736));
#2152 = CARTESIAN_POINT('',(-1.304429366634,-26.69547236772));
#2153 = CARTESIAN_POINT('',(-1.38394120749,-26.71761731557));
#2154 = CARTESIAN_POINT('',(-1.463462218553,-26.73976457069));
#2155 = CARTESIAN_POINT('',(-1.594693894636,-26.77631479556));
#2156 = CARTESIAN_POINT('',(-1.646411391512,-26.79071990111));
#2157 = CARTESIAN_POINT('',(-1.698127019426,-26.80512463981));
#2158 = CARTESIAN_POINT('',(-1.749846481288,-26.81953009361));
#2159 = CARTESIAN_POINT('',(-1.801571907917,-26.83393660397));
#2160 = CARTESIAN_POINT('',(-1.853301858046,-26.84834377185));
#2161 = CARTESIAN_POINT('',(-1.905031318317,-26.86275045771));
#2162 = CARTESIAN_POINT('',(-2.049352514184,-26.90294445927));
#2163 = CARTESIAN_POINT('',(-2.141992333554,-26.92874652949));
#2164 = CARTESIAN_POINT('',(-2.234608419459,-26.95454488549));
#2165 = CARTESIAN_POINT('',(-2.327207890967,-26.9803377321));
#2166 = CARTESIAN_POINT('',(-2.41981029898,-27.00612955076));
#2167 = CARTESIAN_POINT('',(-2.51243400534,-27.03192669634));
#2168 = CARTESIAN_POINT('',(-2.605081603275,-27.05773035567));
#2169 = CARTESIAN_POINT('',(-2.744775098603,-27.09663755394));
#2170 = CARTESIAN_POINT('',(-2.791856475737,-27.10975067715));
#2171 = CARTESIAN_POINT('',(-2.838932562957,-27.12286247976));
#2172 = CARTESIAN_POINT('',(-2.886009922828,-27.13597481885));
#2173 = CARTESIAN_POINT('',(-2.933092670016,-27.14908883413));
#2174 = CARTESIAN_POINT('',(-2.980181847937,-27.16220477527));
#2175 = CARTESIAN_POINT('',(-3.027274373212,-27.17532171907));
#2176 = CARTESIAN_POINT('',(-3.188914153261,-27.22034416234));
#2177 = CARTESIAN_POINT('',(-3.303594096327,-27.25228663594));
#2178 = CARTESIAN_POINT('',(-3.41819834599,-27.28420709008));
#2179 = CARTESIAN_POINT('',(-3.532756318457,-27.31611248998));
#2180 = CARTESIAN_POINT('',(-3.647314917919,-27.34801600157));
#2181 = CARTESIAN_POINT('',(-3.761920616076,-27.37993262872));
#2182 = CARTESIAN_POINT('',(-3.876602448125,-27.41187167183));
#2183 = CARTESIAN_POINT('',(-4.101504353219,-27.47451023671));
#2184 = CARTESIAN_POINT('',(-4.21196482181,-27.50527659868));
#2185 = CARTESIAN_POINT('',(-4.322362570917,-27.53602725421));
#2186 = CARTESIAN_POINT('',(-4.432721256812,-27.56676835468));
#2187 = CARTESIAN_POINT('',(-4.543080720533,-27.59750926276));
#2188 = CARTESIAN_POINT('',(-4.653480022273,-27.62825935334));
#2189 = CARTESIAN_POINT('',(-4.763936956955,-27.65902368508));
#2190 = CARTESIAN_POINT('',(-4.968541526153,-27.71600786903));
#2191 = CARTESIAN_POINT('',(-5.06286412196,-27.74227674968));
#2192 = CARTESIAN_POINT('',(-5.15716224488,-27.76853845144));
#2193 = CARTESIAN_POINT('',(-5.251439002166,-27.79479468279));
#2194 = CARTESIAN_POINT('',(-5.345713765542,-27.82105168078));
#2195 = CARTESIAN_POINT('',(-5.44000721886,-27.84731520615));
#2196 = CARTESIAN_POINT('',(-5.534326733058,-27.87358626518));
#2197 = CARTESIAN_POINT('',(-5.710414500714,-27.92263185086));
#2198 = CARTESIAN_POINT('',(-5.792253573081,-27.94542618556));
#2199 = CARTESIAN_POINT('',(-5.874080716001,-27.96821649904));
#2200 = CARTESIAN_POINT('',(-5.955896500927,-27.99100284648));
#2201 = CARTESIAN_POINT('',(-6.037711632614,-28.01378840662));
#2202 = CARTESIAN_POINT('',(-6.11953694839,-28.03657807461));
#2203 = CARTESIAN_POINT('',(-6.201373441317,-28.05937425021));
#2204 = CARTESIAN_POINT('',(-6.28318530718,-28.08216084005));
#2205 = ( GEOMETRIC_REPRESENTATION_CONTEXT(2) 
PARAMETRIC_REPRESENTATION_CONTEXT() REPRESENTATION_CONTEXT('2D SPACE',''
  ) );
#2206 = PCURVE('',#2050,#2207);
#2207 = DEFINITIONAL_REPRESENTATION('',(#2208),#2274);
#2208 = B_SPLINE_CURVE_WITH_KNOTS('',8,(#2209,#2210,#2211,#2212,#2213,
    #2214,#2215,#2216,#2217,#2218,#2219,#2220,#2221,#2222,#2223,#2224,
    #2225,#2226,#2227,#2228,#2229,#2230,#2231,#2232,#2233,#2234,#2235,
    #2236,#2237,#2238,#2239,#2240,#2241,#2242,#2243,#2244,#2245,#2246,
    #2247,#2248,#2249,#2250,#2251,#2252,#2253,#2254,#2255,#2256,#2257,
    #2258,#2259,#2260,#2261,#2262,#2263,#2264,#2265,#2266,#2267,#2268,
    #2269,#2270,#2271,#2272,#2273),.UNSPECIFIED.,.F.,.F.,(9,7,7,7,7,7,7,
    7,7,9),(0.,0.14430739412,0.245527704139,0.311386687332,
    0.429301417712,0.48927302653,0.635170589299,0.775717614076,
    0.895793259733,1.),.UNSPECIFIED.);
#2209 = CARTESIAN_POINT('',(0.,-26.33216270296));
#2210 = CARTESIAN_POINT('',(-0.113317067549,-26.3637264611));
#2211 = CARTESIAN_POINT('',(-0.226756716525,-26.39532368912));
#2212 = CARTESIAN_POINT('',(-0.34012624687,-26.42689968702));
#2213 = CARTESIAN_POINT('',(-0.45345167446,-26.45846107037));
#2214 = CARTESIAN_POINT('',(-0.566778084014,-26.49002122402));
#2215 = CARTESIAN_POINT('',(-0.680149349768,-26.52159498533));
#2216 = CARTESIAN_POINT('',(-0.793592920204,-26.5531905236));
#2217 = CARTESIAN_POINT('',(-0.986394674433,-26.60689024085));
#2218 = CARTESIAN_POINT('',(-1.065911850363,-26.6290381082));
#2219 = CARTESIAN_POINT('',(-1.145425079029,-26.65118535175));
#2220 = CARTESIAN_POINT('',(-1.224927746642,-26.67332941736));
#2221 = CARTESIAN_POINT('',(-1.304429366634,-26.69547236772));
#2222 = CARTESIAN_POINT('',(-1.38394120749,-26.71761731557));
#2223 = CARTESIAN_POINT('',(-1.463462218553,-26.73976457069));
#2224 = CARTESIAN_POINT('',(-1.594693894636,-26.77631479556));
#2225 = CARTESIAN_POINT('',(-1.646411391512,-26.79071990111));
#2226 = CARTESIAN_POINT('',(-1.698127019426,-26.80512463981));
#2227 = CARTESIAN_POINT('',(-1.749846481288,-26.81953009361));
#2228 = CARTESIAN_POINT('',(-1.801571907917,-26.83393660397));
#2229 = CARTESIAN_POINT('',(-1.853301858046,-26.84834377185));
#2230 = CARTESIAN_POINT('',(-1.905031318317,-26.86275045771));
#2231 = CARTESIAN_POINT('',(-2.049352514184,-26.90294445927));
#2232 = CARTESIAN_POINT('',(-2.141992333554,-26.92874652949));
#2233 = CARTESIAN_POINT('',(-2.234608419459,-26.95454488549));
#2234 = CARTESIAN_POINT('',(-2.327207890967,-26.9803377321));
#2235 = CARTESIAN_POINT('',(-2.41981029898,-27.00612955076));
#2236 = CARTESIAN_POINT('',(-2.51243400534,-27.03192669634));
#2237 = CARTESIAN_POINT('',(-2.605081603275,-27.05773035567));
#2238 = CARTESIAN_POINT('',(-2.744775098603,-27.09663755394));
#2239 = CARTESIAN_POINT('',(-2.791856475737,-27.10975067715));
#2240 = CARTESIAN_POINT('',(-2.838932562957,-27.12286247976));
#2241 = CARTESIAN_POINT('',(-2.886009922828,-27.13597481885));
#2242 = CARTESIAN_POINT('',(-2.933092670016,-27.14908883413));
#2243 = CARTESIAN_POINT('',(-2.980181847937,-27.16220477527));
#2244 = CARTESIAN_POINT('',(-3.027274373212,-27.17532171907));
#2245 = CARTESIAN_POINT('',(-3.188914153261,-27.22034416234));
#2246 = CARTESIAN_POINT('',(-3.303594096327,-27.25228663594));
#2247 = CARTESIAN_POINT('',(-3.41819834599,-27.28420709008));
#2248 = CARTESIAN_POINT('',(-3.532756318457,-27.31611248998));
#2249 = CARTESIAN_POINT('',(-3.647314917919,-27.34801600157));
#2250 = CARTESIAN_POINT('',(-3.761920616076,-27.37993262872));
#2251 = CARTESIAN_POINT('',(-3.876602448125,-27.41187167183));
#2252 = CARTESIAN_POINT('',(-4.101504353219,-27.47451023671));
#2253 = CARTESIAN_POINT('',(-4.21196482181,-27.50527659868));
#2254 = CARTESIAN_POINT('',(-4.322362570917,-27.53602725421));
#2255 = CARTESIAN_POINT('',(-4.432721256812,-27.56676835468));
#2256 = CARTESIAN_POINT('',(-4.543080720533,-27.59750926276));
#2257 = CARTESIAN_POINT('',(-4.653480022273,-27.62825935334));
#2258 = CARTESIAN_POINT('',(-4.763936956955,-27.65902368508));
#2259 = CARTESIAN_POINT('',(-4.968541526153,-27.71600786903));
#2260 = CARTESIAN_POINT('',(-5.06286412196,-27.74227674968));
#2261 = CARTESIAN_POINT('',(-5.15716224488,-27.76853845144));
#2262 = CARTESIAN_POINT('',(-5.251439002166,-27.79479468279));
#2263 = CARTESIAN_POINT('',(-5.345713765542,-27.82105168078));
#2264 = CARTESIAN_POINT('',(-5.44000721886,-27.84731520615));
#2265 = CARTESIAN_POINT('',(-5.534326733058,-27.87358626518));
#2266 = CARTESIAN_POINT('',(-5.710414500714,-27.92263185086));
#2267 = CARTESIAN_POINT('',(-5.792253573081,-27.94542618556));
#2268 = CARTESIAN_POINT('',(-5.874080716001,-27.96821649904));
#2269 = CARTESIAN_POINT('',(-5.955896500927,-27.99100284648));
#2270 = CARTESIAN_POINT('',(-6.037711632614,-28.01378840662));
#2271 = CARTESIAN_POINT('',(-6.11953694839,-28.03657807461));
#2272 = CARTESIAN_POINT('',(-6.201373441317,-28.05937425021));
#2273 = CARTESIAN_POINT('',(-6.28318530718,-28.08216084005));
#2274 = ( GEOMETRIC_REPRESENTATION_CONTEXT(2) 
PARAMETRIC_REPRESENTATION_CONTEXT() REPRESENTATION_CONTEXT('2D SPACE',''
  ) );
#2275 = ORIENTED_EDGE('',*,*,#2276,.F.);
#2276 = EDGE_CURVE('',#1828,#2068,#2277,.T.);
#2277 = SURFACE_CURVE('',#2278,(#2282,#2289),.PCURVE_S1.);
#2278 = LINE('',#2279,#2280);
#2279 = CARTESIAN_POINT('',(6.,0.,0.));
#2280 = VECTOR('',#2281,1.);
#2281 = DIRECTION('',(0.,0.,1.));
#2282 = PCURVE('',#1810,#2283);
#2283 = DEFINITIONAL_REPRESENTATION('',(#2284),#2288);
#2284 = LINE('',#2285,#2286);
#2285 = CARTESIAN_POINT('',(-6.28318530718,0.));
#2286 = VECTOR('',#2287,1.);
#2287 = DIRECTION('',(-0.,-1.));
#2288 = ( GEOMETRIC_REPRESENTATION_CONTEXT(2) 
PARAMETRIC_REPRESENTATION_CONTEXT() REPRESENTATION_CONTEXT('2D SPACE',''
  ) );
#2289 = PCURVE('',#2290,#2295);
#2290 = CYLINDRICAL_SURFACE('',#2291,6.);
#2291 = AXIS2_PLACEMENT_3D('',#2292,#2293,#2294);
#2292 = CARTESIAN_POINT('',(0.,0.,0.));
#2293 = DIRECTION('',(-0.,-0.,-1.));
#2294 = DIRECTION('',(1.,0.,0.));
#2295 = DEFINITIONAL_REPRESENTATION('',(#2296),#2300);
#2296 = LINE('',#2297,#2298);
#2297 = CARTESIAN_POINT('',(-0.,0.));
#2298 = VECTOR('',#2299,1.);
#2299 = DIRECTION('',(-0.,-1.));
#2300 = ( GEOMETRIC_REPRESENTATION_CONTEXT(2) 
PARAMETRIC_REPRESENTATION_CONTEXT() REPRESENTATION_CONTEXT('2D SPACE',''
  ) );
#2301 = ADVANCED_FACE('',(#2302),#2050,.T.);
#2302 = FACE_BOUND('',#2303,.F.);
#2303 = EDGE_LOOP('',(#2304,#2305,#2306,#2515));
#2304 = ORIENTED_EDGE('',*,*,#2067,.F.);
#2305 = ORIENTED_EDGE('',*,*,#2036,.T.);
#2306 = ORIENTED_EDGE('',*,*,#2307,.T.);
#2307 = EDGE_CURVE('',#1828,#2308,#2310,.T.);
#2308 = VERTEX_POINT('',#2309);
#2309 = CARTESIAN_POINT('',(6.,0.,29.417839333333));
#2310 = SURFACE_CURVE('',#2311,(#2377,#2446),.PCURVE_S1.);
#2311 = B_SPLINE_CURVE_WITH_KNOTS('',8,(#2312,#2313,#2314,#2315,#2316,
    #2317,#2318,#2319,#2320,#2321,#2322,#2323,#2324,#2325,#2326,#2327,
    #2328,#2329,#2330,#2331,#2332,#2333,#2334,#2335,#2336,#2337,#2338,
    #2339,#2340,#2341,#2342,#2343,#2344,#2345,#2346,#2347,#2348,#2349,
    #2350,#2351,#2352,#2353,#2354,#2355,#2356,#2357,#2358,#2359,#2360,
    #2361,#2362,#2363,#2364,#2365,#2366,#2367,#2368,#2369,#2370,#2371,
    #2372,#2373,#2374,#2375,#2376),.UNSPECIFIED.,.F.,.F.,(9,7,7,7,7,7,7,
    7,7,9),(0.,9.531492340473E-02,0.239778477995,0.274090877037,
    0.371787270835,0.476345186075,0.63353564555,0.784217414343,
    0.896482587879,1.),.UNSPECIFIED.);
#2312 = CARTESIAN_POINT('',(6.,-1.7763568394E-15,27.66783757075));
#2313 = CARTESIAN_POINT('',(6.,0.449061285003,27.688681620127));
#2314 = CARTESIAN_POINT('',(5.961588670257,0.8982596957,27.709532293159)
  );
#2315 = CARTESIAN_POINT('',(5.884728396844,1.343560119333,
    27.730380856352));
#2316 = CARTESIAN_POINT('',(5.769926263881,1.781099678201,
    27.751225821619));
#2317 = CARTESIAN_POINT('',(5.618128520502,2.207170729969,
    27.772069445229));
#2318 = CARTESIAN_POINT('',(5.430669362652,2.61821752628,27.792914816494
    ));
#2319 = CARTESIAN_POINT('',(5.209274029732,3.010846529682,
    27.813763536212));
#2320 = CARTESIAN_POINT('',(4.572418927924,3.944160406535,
    27.866215855966));
#2321 = CARTESIAN_POINT('',(4.115406725596,4.457307046077,
    27.897850283533));
#2322 = CARTESIAN_POINT('',(3.592994319094,4.909122466988,
    27.929463223422));
#2323 = CARTESIAN_POINT('',(3.015068990671,5.290305752419,
    27.961062460499));
#2324 = CARTESIAN_POINT('',(2.392565736017,5.593276006555,
    27.992661503986));
#2325 = CARTESIAN_POINT('',(1.737577822903,5.812487298174,
    28.024277537559));
#2326 = CARTESIAN_POINT('',(1.063153026236,5.944164194018,
    28.055913811186));
#2327 = CARTESIAN_POINT('',(0.222474240891,5.998053549532,
    28.095018951136));
#2328 = CARTESIAN_POINT('',(6.085433736183E-02,6.00342618353,
    28.102521959969));
#2329 = CARTESIAN_POINT('',(-0.100881276421,6.003820192678,
    28.110023702855));
#2330 = CARTESIAN_POINT('',(-0.262572543621,5.999233944489,
    28.11752503131));
#2331 = CARTESIAN_POINT('',(-0.424052392505,5.989672469852,
    28.125026488889));
#2332 = CARTESIAN_POINT('',(-0.585146736446,5.975147463035,
    28.132528311186));
#2333 = CARTESIAN_POINT('',(-0.745674473923,5.955677281684,
    28.140030425838));
#2334 = CARTESIAN_POINT('',(-1.360363139651,5.861841270445,
    28.168892688856));
#2335 = CARTESIAN_POINT('',(-1.809345984553,5.752495946234,
    28.190262811124));
#2336 = CARTESIAN_POINT('',(-2.248098233151,5.603862309592,
    28.211631844718));
#2337 = CARTESIAN_POINT('',(-2.672597724336,5.417116363589,
    28.232995278241));
#2338 = CARTESIAN_POINT('',(-3.079057836103,5.193886309528,
    28.25435485894));
#2339 = CARTESIAN_POINT('',(-3.463915530947,4.936201879936,
    28.275715847927));
#2340 = CARTESIAN_POINT('',(-3.823847536516,4.646505473954,
    28.297081735193));
#2341 = CARTESIAN_POINT('',(-4.511096869689,3.986555779338,
    28.341311601473));
#2342 = CARTESIAN_POINT('',(-4.834493841825,3.611932926852,
    28.364185181567));
#2343 = CARTESIAN_POINT('',(-5.122141594975,3.207494694142,
    28.387056315676));
#2344 = CARTESIAN_POINT('',(-5.370885916644,2.77727715368,
    28.409923066117));
#2345 = CARTESIAN_POINT('',(-5.578150118298,2.325625086008,
    28.432788436107));
#2346 = CARTESIAN_POINT('',(-5.741892239971,1.857150166823,
    28.455656179384));
#2347 = CARTESIAN_POINT('',(-5.860651705934,1.376736549097,
    28.478526379868));
#2348 = CARTESIAN_POINT('',(-6.04348300006,0.157232391886,
    28.535764754946));
#2349 = CARTESIAN_POINT('',(-6.050141506097,-0.591723654237,
    28.57019016948));
#2350 = CARTESIAN_POINT('',(-5.95030277277,-1.338554174609,
    28.604585041568));
#2351 = CARTESIAN_POINT('',(-5.745641600327,-2.065814760984,
    28.638965598896));
#2352 = CARTESIAN_POINT('',(-5.440346528549,-2.756894512466,
    28.673349178162));
#2353 = CARTESIAN_POINT('',(-5.041764968142,-3.39631764569,
    28.707750012419));
#2354 = CARTESIAN_POINT('',(-4.559710766288,-3.969564228884,
    28.742180951434));
#2355 = CARTESIAN_POINT('',(-3.480517077957,-4.938616081539,
    28.809511082485));
#2356 = CARTESIAN_POINT('',(-2.88749631261,-5.342108620824,
    28.842506338453));
#2357 = CARTESIAN_POINT('',(-2.241726199721,-5.663369794009,
    28.875474843609));
#2358 = CARTESIAN_POINT('',(-1.556739787685,-5.894982728254,
    28.908427381902));
#2359 = CARTESIAN_POINT('',(-0.846721659841,-6.03175609355,
    28.941380720112));
#2360 = CARTESIAN_POINT('',(-0.126566102455,-6.071211773313,
    28.974350384594));
#2361 = CARTESIAN_POINT('',(0.58829803765,-6.013132614119,
    29.007345422124));
#2362 = CARTESIAN_POINT('',(1.798391477724,-5.748519658334,
    29.064848283272));
#2363 = CARTESIAN_POINT('',(2.30387485159,-5.583450360469,
    29.089409329205));
#2364 = CARTESIAN_POINT('',(2.791735171733,-5.367628554228,
    29.113966010926));
#2365 = CARTESIAN_POINT('',(3.256063629067,-5.103342977944,
    29.138516461542));
#2366 = CARTESIAN_POINT('',(3.691395564867,-4.793619891467,
    29.163065759413));
#2367 = CARTESIAN_POINT('',(4.092688979431,-4.442142253465,
    29.187619721225));
#2368 = CARTESIAN_POINT('',(4.455385731442,-4.053298981168,
    29.212178244735));
#2369 = CARTESIAN_POINT('',(5.070777333313,-3.244229056468,
    29.259365212067));
#2370 = CARTESIAN_POINT('',(5.330022890684,-2.828570579475,
    29.282008481847));
#2371 = CARTESIAN_POINT('',(5.550169766144,-2.389432831952,
    29.304649407176));
#2372 = CARTESIAN_POINT('',(5.728801681719,-1.931133323598,
    29.327287981824));
#2373 = CARTESIAN_POINT('',(5.864080673581,-1.458209456965,
    29.349926489895));
#2374 = CARTESIAN_POINT('',(5.954711757273,-0.975392111345,
    29.372565804937));
#2375 = CARTESIAN_POINT('',(6.,-0.487606457037,29.395204294961));
#2376 = CARTESIAN_POINT('',(6.,-3.552713678801E-15,29.417839333333));
#2377 = PCURVE('',#2050,#2378);
#2378 = DEFINITIONAL_REPRESENTATION('',(#2379),#2445);
#2379 = B_SPLINE_CURVE_WITH_KNOTS('',8,(#2380,#2381,#2382,#2383,#2384,
    #2385,#2386,#2387,#2388,#2389,#2390,#2391,#2392,#2393,#2394,#2395,
    #2396,#2397,#2398,#2399,#2400,#2401,#2402,#2403,#2404,#2405,#2406,
    #2407,#2408,#2409,#2410,#2411,#2412,#2413,#2414,#2415,#2416,#2417,
    #2418,#2419,#2420,#2421,#2422,#2423,#2424,#2425,#2426,#2427,#2428,
    #2429,#2430,#2431,#2432,#2433,#2434,#2435,#2436,#2437,#2438,#2439,
    #2440,#2441,#2442,#2443,#2444),.UNSPECIFIED.,.F.,.F.,(9,7,7,7,7,7,7,
    7,7,9),(0.,9.531492340473E-02,0.239778477995,0.274090877037,
    0.371787270835,0.476345186075,0.63353564555,0.784217414343,
    0.896482587879,1.),.UNSPECIFIED.);
#2380 = CARTESIAN_POINT('',(0.,-27.66783757075));
#2381 = CARTESIAN_POINT('',(-7.484354750054E-02,-27.68868162012));
#2382 = CARTESIAN_POINT('',(-0.149709640751,-27.70953229315));
#2383 = CARTESIAN_POINT('',(-0.224566023046,-27.73038085635));
#2384 = CARTESIAN_POINT('',(-0.299406885623,-27.75122582161));
#2385 = CARTESIAN_POINT('',(-0.374240635471,-27.77206944522));
#2386 = CARTESIAN_POINT('',(-0.449079389432,-27.79291481649));
#2387 = CARTESIAN_POINT('',(-0.523930194592,-27.81376353621));
#2388 = CARTESIAN_POINT('',(-0.712245769966,-27.86621585596));
#2389 = CARTESIAN_POINT('',(-0.825822213551,-27.89785028353));
#2390 = CARTESIAN_POINT('',(-0.939326234487,-27.92946322342));
#2391 = CARTESIAN_POINT('',(-1.052785590406,-27.9610624605));
#2392 = CARTESIAN_POINT('',(-1.166245464797,-27.99266150398));
#2393 = CARTESIAN_POINT('',(-1.27975050025,-28.02427753755));
#2394 = CARTESIAN_POINT('',(-1.393328064311,-28.05591381118));
#2395 = CARTESIAN_POINT('',(-1.53372876892,-28.09501895113));
#2396 = CARTESIAN_POINT('',(-1.560667472111,-28.10252195996));
#2397 = CARTESIAN_POINT('',(-1.587602195543,-28.11002370285));
#2398 = CARTESIAN_POINT('',(-1.614536078998,-28.11752503131));
#2399 = CARTESIAN_POINT('',(-1.641471032529,-28.12502648888));
#2400 = CARTESIAN_POINT('',(-1.668407736457,-28.13252831118));
#2401 = CARTESIAN_POINT('',(-1.695345641372,-28.14003042583));
#2402 = CARTESIAN_POINT('',(-1.798980598041,-28.16889268885));
#2403 = CARTESIAN_POINT('',(-1.875703890541,-28.19026281112));
#2404 = CARTESIAN_POINT('',(-1.952418665838,-28.21163184471));
#2405 = CARTESIAN_POINT('',(-2.029119048114,-28.23299527824));
#2406 = CARTESIAN_POINT('',(-2.105813991228,-28.25435485894));
#2407 = CARTESIAN_POINT('',(-2.182515163566,-28.27571584792));
#2408 = CARTESIAN_POINT('',(-2.259226192014,-28.29708173519));
#2409 = CARTESIAN_POINT('',(-2.418027714307,-28.34131160147));
#2410 = CARTESIAN_POINT('',(-2.500150342147,-28.36418518156));
#2411 = CARTESIAN_POINT('',(-2.582262544307,-28.38705631567));
#2412 = CARTESIAN_POINT('',(-2.664359908802,-28.40992306611));
#2413 = CARTESIAN_POINT('',(-2.746455296516,-28.4327884361));
#2414 = CARTESIAN_POINT('',(-2.828562506148,-28.45565617938));
#2415 = CARTESIAN_POINT('',(-2.910680523546,-28.47852637986));
#2416 = CARTESIAN_POINT('',(-3.116202735887,-28.53576475494));
#2417 = CARTESIAN_POINT('',(-3.239813134192,-28.57019016948));
#2418 = CARTESIAN_POINT('',(-3.36331022525,-28.60458504156));
#2419 = CARTESIAN_POINT('',(-3.486745078393,-28.63896559889));
#2420 = CARTESIAN_POINT('',(-3.610180203214,-28.67334917816));
#2421 = CARTESIAN_POINT('',(-3.733677789048,-28.70775001241));
#2422 = CARTESIAN_POINT('',(-3.857289156771,-28.74218095143));
#2423 = CARTESIAN_POINT('',(-4.099025957518,-28.80951108248));
#2424 = CARTESIAN_POINT('',(-4.217495738677,-28.84250633845));
#2425 = CARTESIAN_POINT('',(-4.335876468591,-28.8754748436));
#2426 = CARTESIAN_POINT('',(-4.4542040885,-28.9084273819));
#2427 = CARTESIAN_POINT('',(-4.572529911244,-28.94138072011));
#2428 = CARTESIAN_POINT('',(-4.690905570459,-28.97435038459));
#2429 = CARTESIAN_POINT('',(-4.809366795039,-29.00734542212));
#2430 = CARTESIAN_POINT('',(-5.015814673186,-29.06484828327));
#2431 = CARTESIAN_POINT('',(-5.103993260218,-29.0894093292));
#2432 = CARTESIAN_POINT('',(-5.192156578782,-29.11396601092));
#2433 = CARTESIAN_POINT('',(-5.280300224092,-29.13851646154));
#2434 = CARTESIAN_POINT('',(-5.368443085893,-29.16306575941));
#2435 = CARTESIAN_POINT('',(-5.456604362522,-29.18761972122));
#2436 = CARTESIAN_POINT('',(-5.544780842077,-29.21217824473));
#2437 = CARTESIAN_POINT('',(-5.714199862942,-29.25936521206));
#2438 = CARTESIAN_POINT('',(-5.795495796402,-29.28200848184));
#2439 = CARTESIAN_POINT('',(-5.876781525875,-29.30464940717));
#2440 = CARTESIAN_POINT('',(-5.958055814911,-29.32728798182));
#2441 = CARTESIAN_POINT('',(-6.039331589724,-29.34992648989));
#2442 = CARTESIAN_POINT('',(-6.120620528245,-29.37256580493));
#2443 = CARTESIAN_POINT('',(-6.20191756434,-29.39520429496));
#2444 = CARTESIAN_POINT('',(-6.28318530718,-29.41783933333));
#2445 = ( GEOMETRIC_REPRESENTATION_CONTEXT(2) 
PARAMETRIC_REPRESENTATION_CONTEXT() REPRESENTATION_CONTEXT('2D SPACE',''
  ) );
#2446 = PCURVE('',#2290,#2447);
#2447 = DEFINITIONAL_REPRESENTATION('',(#2448),#2514);
#2448 = B_SPLINE_CURVE_WITH_KNOTS('',8,(#2449,#2450,#2451,#2452,#2453,
    #2454,#2455,#2456,#2457,#2458,#2459,#2460,#2461,#2462,#2463,#2464,
    #2465,#2466,#2467,#2468,#2469,#2470,#2471,#2472,#2473,#2474,#2475,
    #2476,#2477,#2478,#2479,#2480,#2481,#2482,#2483,#2484,#2485,#2486,
    #2487,#2488,#2489,#2490,#2491,#2492,#2493,#2494,#2495,#2496,#2497,
    #2498,#2499,#2500,#2501,#2502,#2503,#2504,#2505,#2506,#2507,#2508,
    #2509,#2510,#2511,#2512,#2513),.UNSPECIFIED.,.F.,.F.,(9,7,7,7,7,7,7,
    7,7,9),(0.,9.531492340473E-02,0.239778477995,0.274090877037,
    0.371787270835,0.476345186075,0.63353564555,0.784217414343,
    0.896482587879,1.),.UNSPECIFIED.);
#2449 = CARTESIAN_POINT('',(0.,-27.66783757075));
#2450 = CARTESIAN_POINT('',(-7.484354750054E-02,-27.68868162012));
#2451 = CARTESIAN_POINT('',(-0.149709640751,-27.70953229315));
#2452 = CARTESIAN_POINT('',(-0.224566023046,-27.73038085635));
#2453 = CARTESIAN_POINT('',(-0.299406885623,-27.75122582161));
#2454 = CARTESIAN_POINT('',(-0.374240635471,-27.77206944522));
#2455 = CARTESIAN_POINT('',(-0.449079389432,-27.79291481649));
#2456 = CARTESIAN_POINT('',(-0.523930194592,-27.81376353621));
#2457 = CARTESIAN_POINT('',(-0.712245769966,-27.86621585596));
#2458 = CARTESIAN_POINT('',(-0.825822213551,-27.89785028353));
#2459 = CARTESIAN_POINT('',(-0.939326234487,-27.92946322342));
#2460 = CARTESIAN_POINT('',(-1.052785590406,-27.9610624605));
#2461 = CARTESIAN_POINT('',(-1.166245464797,-27.99266150398));
#2462 = CARTESIAN_POINT('',(-1.27975050025,-28.02427753755));
#2463 = CARTESIAN_POINT('',(-1.393328064311,-28.05591381118));
#2464 = CARTESIAN_POINT('',(-1.53372876892,-28.09501895113));
#2465 = CARTESIAN_POINT('',(-1.560667472111,-28.10252195996));
#2466 = CARTESIAN_POINT('',(-1.587602195543,-28.11002370285));
#2467 = CARTESIAN_POINT('',(-1.614536078998,-28.11752503131));
#2468 = CARTESIAN_POINT('',(-1.641471032529,-28.12502648888));
#2469 = CARTESIAN_POINT('',(-1.668407736457,-28.13252831118));
#2470 = CARTESIAN_POINT('',(-1.695345641372,-28.14003042583));
#2471 = CARTESIAN_POINT('',(-1.798980598041,-28.16889268885));
#2472 = CARTESIAN_POINT('',(-1.875703890541,-28.19026281112));
#2473 = CARTESIAN_POINT('',(-1.952418665838,-28.21163184471));
#2474 = CARTESIAN_POINT('',(-2.029119048114,-28.23299527824));
#2475 = CARTESIAN_POINT('',(-2.105813991228,-28.25435485894));
#2476 = CARTESIAN_POINT('',(-2.182515163566,-28.27571584792));
#2477 = CARTESIAN_POINT('',(-2.259226192014,-28.29708173519));
#2478 = CARTESIAN_POINT('',(-2.418027714307,-28.34131160147));
#2479 = CARTESIAN_POINT('',(-2.500150342147,-28.36418518156));
#2480 = CARTESIAN_POINT('',(-2.582262544307,-28.38705631567));
#2481 = CARTESIAN_POINT('',(-2.664359908802,-28.40992306611));
#2482 = CARTESIAN_POINT('',(-2.746455296516,-28.4327884361));
#2483 = CARTESIAN_POINT('',(-2.828562506148,-28.45565617938));
#2484 = CARTESIAN_POINT('',(-2.910680523546,-28.47852637986));
#2485 = CARTESIAN_POINT('',(-3.116202735887,-28.53576475494));
#2486 = CARTESIAN_POINT('',(-3.239813134192,-28.57019016948));
#2487 = CARTESIAN_POINT('',(-3.36331022525,-28.60458504156));
#2488 = CARTESIAN_POINT('',(-3.486745078393,-28.63896559889));
#2489 = CARTESIAN_POINT('',(-3.610180203214,-28.67334917816));
#2490 = CARTESIAN_POINT('',(-3.733677789048,-28.70775001241));
#2491 = CARTESIAN_POINT('',(-3.857289156771,-28.74218095143));
#2492 = CARTESIAN_POINT('',(-4.099025957518,-28.80951108248));
#2493 = CARTESIAN_POINT('',(-4.217495738677,-28.84250633845));
#2494 = CARTESIAN_POINT('',(-4.335876468591,-28.8754748436));
#2495 = CARTESIAN_POINT('',(-4.4542040885,-28.9084273819));
#2496 = CARTESIAN_POINT('',(-4.572529911244,-28.94138072011));
#2497 = CARTESIAN_POINT('',(-4.690905570459,-28.97435038459));
#2498 = CARTESIAN_POINT('',(-4.809366795039,-29.00734542212));
#2499 = CARTESIAN_POINT('',(-5.015814673186,-29.06484828327));
#2500 = CARTESIAN_POINT('',(-5.103993260218,-29.0894093292));
#2501 = CARTESIAN_POINT('',(-5.192156578782,-29.11396601092));
#2502 = CARTESIAN_POINT('',(-5.280300224092,-29.13851646154));
#2503 = CARTESIAN_POINT('',(-5.368443085893,-29.16306575941));
#2504 = CARTESIAN_POINT('',(-5.456604362522,-29.18761972122));
#2505 = CARTESIAN_POINT('',(-5.544780842077,-29.21217824473));
#2506 = CARTESIAN_POINT('',(-5.714199862942,-29.25936521206));
#2507 = CARTESIAN_POINT('',(-5.795495796402,-29.28200848184));
#2508 = CARTESIAN_POINT('',(-5.876781525875,-29.30464940717));
#2509 = CARTESIAN_POINT('',(-5.958055814911,-29.32728798182));
#2510 = CARTESIAN_POINT('',(-6.039331589724,-29.34992648989));
#2511 = CARTESIAN_POINT('',(-6.120620528245,-29.37256580493));
#2512 = CARTESIAN_POINT('',(-6.20191756434,-29.39520429496));
#2513 = CARTESIAN_POINT('',(-6.28318530718,-29.41783933333));
#2514 = ( GEOMETRIC_REPRESENTATION_CONTEXT(2) 
PARAMETRIC_REPRESENTATION_CONTEXT() REPRESENTATION_CONTEXT('2D SPACE',''
  ) );
#2515 = ORIENTED_EDGE('',*,*,#2516,.F.);
#2516 = EDGE_CURVE('',#2068,#2308,#2517,.T.);
#2517 = SURFACE_CURVE('',#2518,(#2522,#2529),.PCURVE_S1.);
#2518 = LINE('',#2519,#2520);
#2519 = CARTESIAN_POINT('',(6.,0.,0.));
#2520 = VECTOR('',#2521,1.);
#2521 = DIRECTION('',(0.,0.,1.));
#2522 = PCURVE('',#2050,#2523);
#2523 = DEFINITIONAL_REPRESENTATION('',(#2524),#2528);
#2524 = LINE('',#2525,#2526);
#2525 = CARTESIAN_POINT('',(-6.28318530718,0.));
#2526 = VECTOR('',#2527,1.);
#2527 = DIRECTION('',(-0.,-1.));
#2528 = ( GEOMETRIC_REPRESENTATION_CONTEXT(2) 
PARAMETRIC_REPRESENTATION_CONTEXT() REPRESENTATION_CONTEXT('2D SPACE',''
  ) );
#2529 = PCURVE('',#2530,#2535);
#2530 = CYLINDRICAL_SURFACE('',#2531,6.);
#2531 = AXIS2_PLACEMENT_3D('',#2532,#2533,#2534);
#2532 = CARTESIAN_POINT('',(0.,0.,0.));
#2533 = DIRECTION('',(-0.,-0.,-1.));
#2534 = DIRECTION('',(1.,0.,0.));
#2535 = DEFINITIONAL_REPRESENTATION('',(#2536),#2540);
#2536 = LINE('',#2537,#2538);
#2537 = CARTESIAN_POINT('',(-0.,0.));
#2538 = VECTOR('',#2539,1.);
#2539 = DIRECTION('',(-0.,-1.));
#2540 = ( GEOMETRIC_REPRESENTATION_CONTEXT(2) 
PARAMETRIC_REPRESENTATION_CONTEXT() REPRESENTATION_CONTEXT('2D SPACE',''
  ) );
#2541 = ADVANCED_FACE('',(#2542),#2290,.T.);
#2542 = FACE_BOUND('',#2543,.F.);
#2543 = EDGE_LOOP('',(#2544,#2545,#2546,#2734));
#2544 = ORIENTED_EDGE('',*,*,#2307,.F.);
#2545 = ORIENTED_EDGE('',*,*,#2276,.T.);
#2546 = ORIENTED_EDGE('',*,*,#2547,.T.);
#2547 = EDGE_CURVE('',#2068,#2548,#2550,.T.);
#2548 = VERTEX_POINT('',#2549);
#2549 = CARTESIAN_POINT('',(6.,0.,29.832162602634));
#2550 = SURFACE_CURVE('',#2551,(#2610,#2672),.PCURVE_S1.);
#2551 = B_SPLINE_CURVE_WITH_KNOTS('',8,(#2552,#2553,#2554,#2555,#2556,
    #2557,#2558,#2559,#2560,#2561,#2562,#2563,#2564,#2565,#2566,#2567,
    #2568,#2569,#2570,#2571,#2572,#2573,#2574,#2575,#2576,#2577,#2578,
    #2579,#2580,#2581,#2582,#2583,#2584,#2585,#2586,#2587,#2588,#2589,
    #2590,#2591,#2592,#2593,#2594,#2595,#2596,#2597,#2598,#2599,#2600,
    #2601,#2602,#2603,#2604,#2605,#2606,#2607,#2608,#2609),
  .UNSPECIFIED.,.F.,.F.,(9,7,7,7,7,7,7,7,9),(0.,0.152271805481,
    0.277390149833,0.423357197369,0.588377995553,0.697720356445,
    0.767268270777,0.887692307815,1.),.UNSPECIFIED.);
#2552 = CARTESIAN_POINT('',(6.,7.105427357601E-15,28.082160840055));
#2553 = CARTESIAN_POINT('',(6.,0.717417733868,28.115463881268));
#2554 = CARTESIAN_POINT('',(5.901963615403,1.435796299178,
    28.148801139181));
#2555 = CARTESIAN_POINT('',(5.705436558079,2.137954427215,
    28.182126870041));
#2556 = CARTESIAN_POINT('',(5.4141088156,2.808409992396,28.215438022439)
  );
#2557 = CARTESIAN_POINT('',(5.033814916606,3.432730895537,
    28.248742902781));
#2558 = CARTESIAN_POINT('',(4.572985195438,3.997821812784,
    28.282063963707));
#2559 = CARTESIAN_POINT('',(4.042158512117,4.49173044952,28.315411514197
    ));
#2560 = CARTESIAN_POINT('',(2.9737813853,5.244436857868,28.376078161884)
  );
#2561 = CARTESIAN_POINT('',(2.453451471612,5.530059352895,
    28.403460421752));
#2562 = CARTESIAN_POINT('',(1.902155659541,5.756349744245,
    28.430835038548));
#2563 = CARTESIAN_POINT('',(1.327876226331,5.919599411661,28.45820375614
    ));
#2564 = CARTESIAN_POINT('',(0.738899952327,6.01728638637,28.485571555757
    ));
#2565 = CARTESIAN_POINT('',(0.143795799247,6.048157518497,
    28.512943898546));
#2566 = CARTESIAN_POINT('',(-0.448628466189,6.012165537438,
    28.540322460616));
#2567 = CARTESIAN_POINT('',(-1.706727508871,5.793091200364,
    28.599599003073));
#2568 = CARTESIAN_POINT('',(-2.369549786264,5.586255784598,
    28.631555301285));
#2569 = CARTESIAN_POINT('',(-3.002832846593,5.29275156562,
    28.663489870265));
#2570 = CARTESIAN_POINT('',(-3.593609055325,4.917969575896,
    28.69541120666));
#2571 = CARTESIAN_POINT('',(-4.130135558341,4.469002347715,
    28.727333888557));
#2572 = CARTESIAN_POINT('',(-4.602125027743,3.954901668402,
    28.759270751595));
#2573 = CARTESIAN_POINT('',(-5.000562475574,3.386336980162,
    28.791229850755));
#2574 = CARTESIAN_POINT('',(-5.678605427843,2.087549283014,
    28.859247055979));
#2575 = CARTESIAN_POINT('',(-5.93700116594,1.343820684909,
    28.895404847563));
#2576 = CARTESIAN_POINT('',(-6.083055304022,0.564935387888,
    28.931518621726));
#2577 = CARTESIAN_POINT('',(-6.112385682358,-0.229308175006,
    28.967608650169));
#2578 = CARTESIAN_POINT('',(-6.023635609946,-1.019133760144,
    29.003697192377));
#2579 = CARTESIAN_POINT('',(-5.819620796537,-1.784921156001,
    29.039810140223));
#2580 = CARTESIAN_POINT('',(-5.506201089461,-2.507212419807,
    29.075966808937));
#2581 = CARTESIAN_POINT('',(-4.823866704084,-3.604947634568,
    29.135967373777));
#2582 = CARTESIAN_POINT('',(-4.508922379306,-4.015889406015,
    29.159887185681));
#2583 = CARTESIAN_POINT('',(-4.154117781135,-4.395122741281,
    29.183803345501));
#2584 = CARTESIAN_POINT('',(-3.763238310562,-4.738204125008,
    29.207713912582));
#2585 = CARTESIAN_POINT('',(-3.340568903205,-5.041273673371,
    29.231623381018));
#2586 = CARTESIAN_POINT('',(-2.890840994274,-5.301019975048,
    29.255537694417));
#2587 = CARTESIAN_POINT('',(-2.419260008483,-5.514750773909,
    29.279457248984));
#2588 = CARTESIAN_POINT('',(-1.621442586396,-5.786039560187,
    29.318576399228));
#2589 = CARTESIAN_POINT('',(-1.304723528613,-5.872145081839,
    29.333782223549));
#2590 = CARTESIAN_POINT('',(-0.982865145733,-5.938413180373,
    29.348986645792));
#2591 = CARTESIAN_POINT('',(-0.657298464474,-5.984496062389,
    29.364190686844));
#2592 = CARTESIAN_POINT('',(-0.329476594092,-6.010171019117,
    29.379395100577));
#2593 = CARTESIAN_POINT('',(-8.74726390123E-04,-6.015340426419,
    29.394600373844));
#2594 = CARTESIAN_POINT('',(0.327009864285,-6.000031744785,
    29.409806726482));
#2595 = CARTESIAN_POINT('',(1.216525795843,-5.902695923724,
    29.451346096835));
#2596 = CARTESIAN_POINT('',(1.774012157497,-5.780040229608,
    29.477692328497));
#2597 = CARTESIAN_POINT('',(2.316976869654,-5.597212800354,
    29.504030566113));
#2598 = CARTESIAN_POINT('',(2.837905749317,-5.356373819943,
    29.530361263704));
#2599 = CARTESIAN_POINT('',(3.329749275116,-5.060629207728,
    29.556691643035));
#2600 = CARTESIAN_POINT('',(3.785969561143,-4.714064624372,
    29.583028071165));
#2601 = CARTESIAN_POINT('',(4.200538698292,-4.321704852287,
    29.609371795089));
#2602 = CARTESIAN_POINT('',(4.911140296618,-3.487185403374,
    29.660253166465));
#2603 = CARTESIAN_POINT('',(5.213653949234,-3.049722540747,
    29.684819776526));
#2604 = CARTESIAN_POINT('',(5.471401380896,-2.582496962076,
    29.709382204483));
#2605 = CARTESIAN_POINT('',(5.681047332267,-2.090941244212,
    29.733939507431));
#2606 = CARTESIAN_POINT('',(5.840076239233,-1.580786626461,
    29.758494811885));
#2607 = CARTESIAN_POINT('',(5.94671481843,-1.058021896036,
    29.783051976402));
#2608 = CARTESIAN_POINT('',(6.,-0.528907580872,29.807612332768));
#2609 = CARTESIAN_POINT('',(6.,7.105427357601E-15,29.832162602634));
#2610 = PCURVE('',#2290,#2611);
#2611 = DEFINITIONAL_REPRESENTATION('',(#2612),#2671);
#2612 = B_SPLINE_CURVE_WITH_KNOTS('',8,(#2613,#2614,#2615,#2616,#2617,
    #2618,#2619,#2620,#2621,#2622,#2623,#2624,#2625,#2626,#2627,#2628,
    #2629,#2630,#2631,#2632,#2633,#2634,#2635,#2636,#2637,#2638,#2639,
    #2640,#2641,#2642,#2643,#2644,#2645,#2646,#2647,#2648,#2649,#2650,
    #2651,#2652,#2653,#2654,#2655,#2656,#2657,#2658,#2659,#2660,#2661,
    #2662,#2663,#2664,#2665,#2666,#2667,#2668,#2669,#2670),
  .UNSPECIFIED.,.F.,.F.,(9,7,7,7,7,7,7,7,9),(0.,0.152271805481,
    0.277390149833,0.423357197369,0.588377995553,0.697720356445,
    0.767268270777,0.887692307815,1.),.UNSPECIFIED.);
#2613 = CARTESIAN_POINT('',(0.,-28.08216084005));
#2614 = CARTESIAN_POINT('',(-0.119569622311,-28.11546388126));
#2615 = CARTESIAN_POINT('',(-0.23929900089,-28.14880113918));
#2616 = CARTESIAN_POINT('',(-0.358932603019,-28.18212687004));
#2617 = CARTESIAN_POINT('',(-0.478511835801,-28.21543802243));
#2618 = CARTESIAN_POINT('',(-0.598092790608,-28.24874290278));
#2619 = CARTESIAN_POINT('',(-0.717730861012,-28.2820639637));
#2620 = CARTESIAN_POINT('',(-0.837465305699,-28.31541151419));
#2621 = CARTESIAN_POINT('',(-1.055282547025,-28.37607816188));
#2622 = CARTESIAN_POINT('',(-1.153593544557,-28.40346042175));
#2623 = CARTESIAN_POINT('',(-1.251873835234,-28.43083503854));
#2624 = CARTESIAN_POINT('',(-1.350130489089,-28.45820375613));
#2625 = CARTESIAN_POINT('',(-1.448385646539,-28.48557155575));
#2626 = CARTESIAN_POINT('',(-1.546661582324,-28.51294389854));
#2627 = CARTESIAN_POINT('',(-1.644964227859,-28.54032246061));
#2628 = CARTESIAN_POINT('',(-1.85780263594,-28.59959900307));
#2629 = CARTESIAN_POINT('',(-1.972548822815,-28.63155530128));
#2630 = CARTESIAN_POINT('',(-2.087218407294,-28.66348987026));
#2631 = CARTESIAN_POINT('',(-2.201836756251,-28.69541120666));
#2632 = CARTESIAN_POINT('',(-2.31645019931,-28.72733388855));
#2633 = CARTESIAN_POINT('',(-2.431106996885,-28.75927075159));
#2634 = CARTESIAN_POINT('',(-2.545841230607,-28.79122985075));
#2635 = CARTESIAN_POINT('',(-2.790028756871,-28.85924705597));
#2636 = CARTESIAN_POINT('',(-2.919840402307,-28.89540484756));
#2637 = CARTESIAN_POINT('',(-3.049501882464,-28.93151862172));
#2638 = CARTESIAN_POINT('',(-3.179090564471,-28.96760865016));
#2639 = CARTESIAN_POINT('',(-3.308680783123,-29.00369719237));
#2640 = CARTESIAN_POINT('',(-3.438347668611,-29.03981014022));
#2641 = CARTESIAN_POINT('',(-3.568163430765,-29.07596680893));
#2642 = CARTESIAN_POINT('',(-3.78358309968,-29.13596737377));
#2643 = CARTESIAN_POINT('',(-3.869461481216,-29.15988718568));
#2644 = CARTESIAN_POINT('',(-3.955325880589,-29.1838033455));
#2645 = CARTESIAN_POINT('',(-4.041174420442,-29.20771391258));
#2646 = CARTESIAN_POINT('',(-4.127024280218,-29.23162338101));
#2647 = CARTESIAN_POINT('',(-4.212891590099,-29.25553769441));
#2648 = CARTESIAN_POINT('',(-4.298771124984,-29.27945724898));
#2649 = CARTESIAN_POINT('',(-4.439217857131,-29.31857639922));
#2650 = CARTESIAN_POINT('',(-4.493812022446,-29.33378222354));
#2651 = CARTESIAN_POINT('',(-4.548403011195,-29.34898664579));
#2652 = CARTESIAN_POINT('',(-4.602994190891,-29.36419068684));
#2653 = CARTESIAN_POINT('',(-4.657587579812,-29.37939510057));
#2654 = CARTESIAN_POINT('',(-4.712183847002,-29.39460037384));
#2655 = CARTESIAN_POINT('',(-4.766782312272,-29.40980672648));
#2656 = CARTESIAN_POINT('',(-4.915919912285,-29.45134609683));
#2657 = CARTESIAN_POINT('',(-5.010506595734,-29.47769232849));
#2658 = CARTESIAN_POINT('',(-5.105066152359,-29.50403056611));
#2659 = CARTESIAN_POINT('',(-5.199605854805,-29.5303612637));
#2660 = CARTESIAN_POINT('',(-5.29414614563,-29.55669164303));
#2661 = CARTESIAN_POINT('',(-5.388706608947,-29.58302807116));
#2662 = CARTESIAN_POINT('',(-5.483290440694,-29.60937179508));
#2663 = CARTESIAN_POINT('',(-5.665969374448,-29.66025316646));
#2664 = CARTESIAN_POINT('',(-5.754168751899,-29.68481977652));
#2665 = CARTESIAN_POINT('',(-5.842351633378,-29.70938220448));
#2666 = CARTESIAN_POINT('',(-5.930516566419,-29.73393950743));
#2667 = CARTESIAN_POINT('',(-6.018677121184,-29.75849481188));
#2668 = CARTESIAN_POINT('',(-6.106848295996,-29.7830519764));
#2669 = CARTESIAN_POINT('',(-6.195034043701,-29.80761233276));
#2670 = CARTESIAN_POINT('',(-6.28318530718,-29.83216260263));
#2671 = ( GEOMETRIC_REPRESENTATION_CONTEXT(2) 
PARAMETRIC_REPRESENTATION_CONTEXT() REPRESENTATION_CONTEXT('2D SPACE',''
  ) );
#2672 = PCURVE('',#2530,#2673);
#2673 = DEFINITIONAL_REPRESENTATION('',(#2674),#2733);
#2674 = B_SPLINE_CURVE_WITH_KNOTS('',8,(#2675,#2676,#2677,#2678,#2679,
    #2680,#2681,#2682,#2683,#2684,#2685,#2686,#2687,#2688,#2689,#2690,
    #2691,#2692,#2693,#2694,#2695,#2696,#2697,#2698,#2699,#2700,#2701,
    #2702,#2703,#2704,#2705,#2706,#2707,#2708,#2709,#2710,#2711,#2712,
    #2713,#2714,#2715,#2716,#2717,#2718,#2719,#2720,#2721,#2722,#2723,
    #2724,#2725,#2726,#2727,#2728,#2729,#2730,#2731,#2732),
  .UNSPECIFIED.,.F.,.F.,(9,7,7,7,7,7,7,7,9),(0.,0.152271805481,
    0.277390149833,0.423357197369,0.588377995553,0.697720356445,
    0.767268270777,0.887692307815,1.),.UNSPECIFIED.);
#2675 = CARTESIAN_POINT('',(0.,-28.08216084005));
#2676 = CARTESIAN_POINT('',(-0.119569622311,-28.11546388126));
#2677 = CARTESIAN_POINT('',(-0.23929900089,-28.14880113918));
#2678 = CARTESIAN_POINT('',(-0.358932603019,-28.18212687004));
#2679 = CARTESIAN_POINT('',(-0.478511835801,-28.21543802243));
#2680 = CARTESIAN_POINT('',(-0.598092790608,-28.24874290278));
#2681 = CARTESIAN_POINT('',(-0.717730861012,-28.2820639637));
#2682 = CARTESIAN_POINT('',(-0.837465305699,-28.31541151419));
#2683 = CARTESIAN_POINT('',(-1.055282547025,-28.37607816188));
#2684 = CARTESIAN_POINT('',(-1.153593544557,-28.40346042175));
#2685 = CARTESIAN_POINT('',(-1.251873835234,-28.43083503854));
#2686 = CARTESIAN_POINT('',(-1.350130489089,-28.45820375613));
#2687 = CARTESIAN_POINT('',(-1.448385646539,-28.48557155575));
#2688 = CARTESIAN_POINT('',(-1.546661582324,-28.51294389854));
#2689 = CARTESIAN_POINT('',(-1.644964227859,-28.54032246061));
#2690 = CARTESIAN_POINT('',(-1.85780263594,-28.59959900307));
#2691 = CARTESIAN_POINT('',(-1.972548822815,-28.63155530128));
#2692 = CARTESIAN_POINT('',(-2.087218407294,-28.66348987026));
#2693 = CARTESIAN_POINT('',(-2.201836756251,-28.69541120666));
#2694 = CARTESIAN_POINT('',(-2.31645019931,-28.72733388855));
#2695 = CARTESIAN_POINT('',(-2.431106996885,-28.75927075159));
#2696 = CARTESIAN_POINT('',(-2.545841230607,-28.79122985075));
#2697 = CARTESIAN_POINT('',(-2.790028756871,-28.85924705597));
#2698 = CARTESIAN_POINT('',(-2.919840402307,-28.89540484756));
#2699 = CARTESIAN_POINT('',(-3.049501882464,-28.93151862172));
#2700 = CARTESIAN_POINT('',(-3.179090564471,-28.96760865016));
#2701 = CARTESIAN_POINT('',(-3.308680783123,-29.00369719237));
#2702 = CARTESIAN_POINT('',(-3.438347668611,-29.03981014022));
#2703 = CARTESIAN_POINT('',(-3.568163430765,-29.07596680893));
#2704 = CARTESIAN_POINT('',(-3.78358309968,-29.13596737377));
#2705 = CARTESIAN_POINT('',(-3.869461481216,-29.15988718568));
#2706 = CARTESIAN_POINT('',(-3.955325880589,-29.1838033455));
#2707 = CARTESIAN_POINT('',(-4.041174420442,-29.20771391258));
#2708 = CARTESIAN_POINT('',(-4.127024280218,-29.23162338101));
#2709 = CARTESIAN_POINT('',(-4.212891590099,-29.25553769441));
#2710 = CARTESIAN_POINT('',(-4.298771124984,-29.27945724898));
#2711 = CARTESIAN_POINT('',(-4.439217857131,-29.31857639922));
#2712 = CARTESIAN_POINT('',(-4.493812022446,-29.33378222354));
#2713 = CARTESIAN_POINT('',(-4.548403011195,-29.34898664579));
#2714 = CARTESIAN_POINT('',(-4.602994190891,-29.36419068684));
#2715 = CARTESIAN_POINT('',(-4.657587579812,-29.37939510057));
#2716 = CARTESIAN_POINT('',(-4.712183847002,-29.39460037384));
#2717 = CARTESIAN_POINT('',(-4.766782312272,-29.40980672648));
#2718 = CARTESIAN_POINT('',(-4.915919912285,-29.45134609683));
#2719 = CARTESIAN_POINT('',(-5.010506595734,-29.47769232849));
#2720 = CARTESIAN_POINT('',(-5.105066152359,-29.50403056611));
#2721 = CARTESIAN_POINT('',(-5.199605854805,-29.5303612637));
#2722 = CARTESIAN_POINT('',(-5.29414614563,-29.55669164303));
#2723 = CARTESIAN_POINT('',(-5.388706608947,-29.58302807116));
#2724 = CARTESIAN_POINT('',(-5.483290440694,-29.60937179508));
#2725 = CARTESIAN_POINT('',(-5.665969374448,-29.66025316646));
#2726 = CARTESIAN_POINT('',(-5.754168751899,-29.68481977652));
#2727 = CARTESIAN_POINT('',(-5.842351633378,-29.70938220448));
#2728 = CARTESIAN_POINT('',(-5.930516566419,-29.73393950743));
#2729 = CARTESIAN_POINT('',(-6.018677121184,-29.75849481188));
#2730 = CARTESIAN_POINT('',(-6.106848295996,-29.7830519764));
#2731 = CARTESIAN_POINT('',(-6.195034043701,-29.80761233276));
#2732 = CARTESIAN_POINT('',(-6.28318530718,-29.83216260263));
#2733 = ( GEOMETRIC_REPRESENTATION_CONTEXT(2) 
PARAMETRIC_REPRESENTATION_CONTEXT() REPRESENTATION_CONTEXT('2D SPACE',''
  ) );
#2734 = ORIENTED_EDGE('',*,*,#2735,.F.);
#2735 = EDGE_CURVE('',#2308,#2548,#2736,.T.);
#2736 = SURFACE_CURVE('',#2737,(#2741,#2748),.PCURVE_S1.);
#2737 = LINE('',#2738,#2739);
#2738 = CARTESIAN_POINT('',(6.,0.,0.));
#2739 = VECTOR('',#2740,1.);
#2740 = DIRECTION('',(0.,0.,1.));
#2741 = PCURVE('',#2290,#2742);
#2742 = DEFINITIONAL_REPRESENTATION('',(#2743),#2747);
#2743 = LINE('',#2744,#2745);
#2744 = CARTESIAN_POINT('',(-6.28318530718,0.));
#2745 = VECTOR('',#2746,1.);
#2746 = DIRECTION('',(-0.,-1.));
#2747 = ( GEOMETRIC_REPRESENTATION_CONTEXT(2) 
PARAMETRIC_REPRESENTATION_CONTEXT() REPRESENTATION_CONTEXT('2D SPACE',''
  ) );
#2748 = PCURVE('',#2749,#2754);
#2749 = CYLINDRICAL_SURFACE('',#2750,6.);
#2750 = AXIS2_PLACEMENT_3D('',#2751,#2752,#2753);
#2751 = CARTESIAN_POINT('',(0.,0.,0.));
#2752 = DIRECTION('',(-0.,-0.,-1.));
#2753 = DIRECTION('',(1.,0.,0.));
#2754 = DEFINITIONAL_REPRESENTATION('',(#2755),#2759);
#2755 = LINE('',#2756,#2757);
#2756 = CARTESIAN_POINT('',(-0.,0.));
#2757 = VECTOR('',#2758,1.);
#2758 = DIRECTION('',(-0.,-1.));
#2759 = ( GEOMETRIC_REPRESENTATION_CONTEXT(2) 
PARAMETRIC_REPRESENTATION_CONTEXT() REPRESENTATION_CONTEXT('2D SPACE',''
  ) );
#2760 = ADVANCED_FACE('',(#2761),#2530,.T.);
#2761 = FACE_BOUND('',#2762,.F.);
#2762 = EDGE_LOOP('',(#2763,#2764,#2765,#2974));
#2763 = ORIENTED_EDGE('',*,*,#2547,.F.);
#2764 = ORIENTED_EDGE('',*,*,#2516,.T.);
#2765 = ORIENTED_EDGE('',*,*,#2766,.T.);
#2766 = EDGE_CURVE('',#2308,#2767,#2769,.T.);
#2767 = VERTEX_POINT('',#2768);
#2768 = CARTESIAN_POINT('',(6.,0.,31.167837470417));
#2769 = SURFACE_CURVE('',#2770,(#2836,#2905),.PCURVE_S1.);
#2770 = B_SPLINE_CURVE_WITH_KNOTS('',8,(#2771,#2772,#2773,#2774,#2775,
    #2776,#2777,#2778,#2779,#2780,#2781,#2782,#2783,#2784,#2785,#2786,
    #2787,#2788,#2789,#2790,#2791,#2792,#2793,#2794,#2795,#2796,#2797,
    #2798,#2799,#2800,#2801,#2802,#2803,#2804,#2805,#2806,#2807,#2808,
    #2809,#2810,#2811,#2812,#2813,#2814,#2815,#2816,#2817,#2818,#2819,
    #2820,#2821,#2822,#2823,#2824,#2825,#2826,#2827,#2828,#2829,#2830,
    #2831,#2832,#2833,#2834,#2835),.UNSPECIFIED.,.F.,.F.,(9,7,7,7,7,7,7,
    7,7,9),(0.,0.135232892227,0.269557234499,0.424222589951,
    0.571811445866,0.684394645654,0.74754059323,0.820318683911,
    0.930593217675,1.),.UNSPECIFIED.);
#2771 = CARTESIAN_POINT('',(6.,-3.552713678801E-15,29.417839333333));
#2772 = CARTESIAN_POINT('',(6.,0.637003071231,29.447409468741));
#2773 = CARTESIAN_POINT('',(5.922709805103,1.274600328609,
    29.477011755212));
#2774 = CARTESIAN_POINT('',(5.767878341098,1.900975327314,
    29.506592367227));
#2775 = CARTESIAN_POINT('',(5.537699240181,2.505195675036,
    29.536164865219));
#2776 = CARTESIAN_POINT('',(5.235859194655,3.076977678966,
    29.565739326796));
#2777 = CARTESIAN_POINT('',(4.867661788695,3.606785677418,
    29.595323589132));
#2778 = CARTESIAN_POINT('',(4.439835288956,4.085791926495,
    29.624921383112));
#2779 = CARTESIAN_POINT('',(3.486117383028,4.924163265379,
    29.683867651762));
#2780 = CARTESIAN_POINT('',(2.960140398238,5.284981917449,
    29.713263589825));
#2781 = CARTESIAN_POINT('',(2.391948417202,5.581089721021,
    29.742644755467));
#2782 = CARTESIAN_POINT('',(1.790950020695,5.80704327666,29.772016226938
    ));
#2783 = CARTESIAN_POINT('',(1.167065836344,5.95886505386,29.801389022198
    ));
#2784 = CARTESIAN_POINT('',(0.530743138239,6.034224025615,
    29.830772966101));
#2785 = CARTESIAN_POINT('',(-0.107114164211,6.032314257419,
    29.860170800279));
#2786 = CARTESIAN_POINT('',(-1.458037714041,5.865562817425,
    29.923360430197));
#2787 = CARTESIAN_POINT('',(-2.169736764,5.675860498148,29.957230813268)
  );
#2788 = CARTESIAN_POINT('',(-2.852119314336,5.387397455301,
    29.991073346079));
#2789 = CARTESIAN_POINT('',(-3.48956333964,5.006088684568,
    30.024897875778));
#2790 = CARTESIAN_POINT('',(-4.067857209142,4.539942739276,
    30.058718699998));
#2791 = CARTESIAN_POINT('',(-4.574583759431,3.999535607156,
    30.092553096187));
#2792 = CARTESIAN_POINT('',(-4.998814709518,3.397441767317,
    30.126416352221));
#2793 = CARTESIAN_POINT('',(-5.651342189857,2.132049086847,
    30.192501281753));
#2794 = CARTESIAN_POINT('',(-5.888519038269,1.471253043076,
    30.224808350363));
#2795 = CARTESIAN_POINT('',(-6.036801308271,0.781173462135,
    30.257094725687));
#2796 = CARTESIAN_POINT('',(-6.092571709962,7.582163027356E-02,
    30.289369904907));
#2797 = CARTESIAN_POINT('',(-6.054373990804,-0.630702864467,
    30.321646249489));
#2798 = CARTESIAN_POINT('',(-5.923308588476,-1.324271386363,
    30.353934823938));
#2799 = CARTESIAN_POINT('',(-5.702639732739,-1.990772423357,
    30.386244341605));
#2800 = CARTESIAN_POINT('',(-5.168256237084,-3.093596558863,
    30.44313045233));
#2801 = CARTESIAN_POINT('',(-4.88868278743,-3.54772341893,
    30.467759836662));
#2802 = CARTESIAN_POINT('',(-4.563603992625,-3.972696363535,
    30.49238557772));
#2803 = CARTESIAN_POINT('',(-4.196677391873,-4.363230303104,
    30.517007694587));
#2804 = CARTESIAN_POINT('',(-3.79217075874,-4.71467860724,
    30.541630958239));
#2805 = CARTESIAN_POINT('',(-3.354888610516,-5.022976358315,
    30.566259059362));
#2806 = CARTESIAN_POINT('',(-2.890215391397,-5.284694554121,
    30.590890474013));
#2807 = CARTESIAN_POINT('',(-2.131672220868,-5.616447324543,
    30.629320782186));
#2808 = CARTESIAN_POINT('',(-1.852267091435,-5.720234105766,
    30.643132811691));
#2809 = CARTESIAN_POINT('',(-1.567116079389,-5.808129609245,
    30.656945959087));
#2810 = CARTESIAN_POINT('',(-1.277306646748,-5.879757968067,
    30.670759245219));
#2811 = CARTESIAN_POINT('',(-0.983926938066,-5.934834532049,
    30.684572199848));
#2812 = CARTESIAN_POINT('',(-0.68806578043,-5.973165867747,
    30.698384861649));
#2813 = CARTESIAN_POINT('',(-0.390812683464,-5.994649758448,
    30.712197778213));
#2814 = CARTESIAN_POINT('',(0.249685362265,-6.004606205153,
    30.741933425622));
#2815 = CARTESIAN_POINT('',(0.592937460128,-5.987540047645,
    30.757851686971));
#2816 = CARTESIAN_POINT('',(0.93480747012,-5.948046162446,
    30.773769576916));
#2817 = CARTESIAN_POINT('',(1.273616635771,-5.88625048023,
    30.789688799642));
#2818 = CARTESIAN_POINT('',(1.607698428277,-5.802435431547,
    30.805609976703));
#2819 = CARTESIAN_POINT('',(1.93539854651,-5.697039946821,
    30.821532647013));
#2820 = CARTESIAN_POINT('',(2.255074917007,-5.570659456354,
    30.837455266853));
#2821 = CARTESIAN_POINT('',(3.034849192908,-5.201894656539,
    30.877497363623));
#2822 = CARTESIAN_POINT('',(3.482804847993,-4.933156460626,
    30.901629396081));
#2823 = CARTESIAN_POINT('',(3.903284277209,-4.620443200233,
    30.925757385489));
#2824 = CARTESIAN_POINT('',(4.291300036752,-4.267114951466,
    30.94987939177));
#2825 = CARTESIAN_POINT('',(4.6424235273,-3.87711158493,30.974000045081)
  );
#2826 = CARTESIAN_POINT('',(4.952748667903,-3.454883905901,
    30.998124780573));
#2827 = CARTESIAN_POINT('',(5.218953337505,-3.005424318647,
    31.022253719338));
#2828 = CARTESIAN_POINT('',(5.576615167939,-2.237932469303,
    31.061557250665));
#2829 = CARTESIAN_POINT('',(5.696322633103,-1.932816082712,
    31.076741780754));
#2830 = CARTESIAN_POINT('',(5.796917382774,-1.620448067681,
    31.091925764336));
#2831 = CARTESIAN_POINT('',(5.877892839035,-1.302249289583,
    31.107108318583));
#2832 = CARTESIAN_POINT('',(5.938877800951,-0.979655207641,
    31.122289813027));
#2833 = CARTESIAN_POINT('',(5.979623592455,-0.654111694514,
    31.137471185568));
#2834 = CARTESIAN_POINT('',(6.,-0.327072734452,31.152653460762));
#2835 = CARTESIAN_POINT('',(6.,0.,31.167837470417));
#2836 = PCURVE('',#2530,#2837);
#2837 = DEFINITIONAL_REPRESENTATION('',(#2838),#2904);
#2838 = B_SPLINE_CURVE_WITH_KNOTS('',8,(#2839,#2840,#2841,#2842,#2843,
    #2844,#2845,#2846,#2847,#2848,#2849,#2850,#2851,#2852,#2853,#2854,
    #2855,#2856,#2857,#2858,#2859,#2860,#2861,#2862,#2863,#2864,#2865,
    #2866,#2867,#2868,#2869,#2870,#2871,#2872,#2873,#2874,#2875,#2876,
    #2877,#2878,#2879,#2880,#2881,#2882,#2883,#2884,#2885,#2886,#2887,
    #2888,#2889,#2890,#2891,#2892,#2893,#2894,#2895,#2896,#2897,#2898,
    #2899,#2900,#2901,#2902,#2903),.UNSPECIFIED.,.F.,.F.,(9,7,7,7,7,7,7,
    7,7,9),(0.,0.135232892227,0.269557234499,0.424222589951,
    0.571811445866,0.684394645654,0.74754059323,0.820318683911,
    0.930593217675,1.),.UNSPECIFIED.);
#2839 = CARTESIAN_POINT('',(0.,-29.41783933333));
#2840 = CARTESIAN_POINT('',(-0.106167178539,-29.44740946874));
#2841 = CARTESIAN_POINT('',(-0.212433250243,-29.47701175521));
#2842 = CARTESIAN_POINT('',(-0.318653410008,-29.50659236722));
#2843 = CARTESIAN_POINT('',(-0.424838875035,-29.53616486521));
#2844 = CARTESIAN_POINT('',(-0.531021930711,-29.56573932679));
#2845 = CARTESIAN_POINT('',(-0.637235736554,-29.59532358913));
#2846 = CARTESIAN_POINT('',(-0.743498753418,-29.62492138311));
#2847 = CARTESIAN_POINT('',(-0.955135519413,-29.68386765176));
#2848 = CARTESIAN_POINT('',(-1.060679640745,-29.71326358982));
#2849 = CARTESIAN_POINT('',(-1.166175830265,-29.74264475546));
#2850 = CARTESIAN_POINT('',(-1.271642085444,-29.77201622693));
#2851 = CARTESIAN_POINT('',(-1.377111558314,-29.80138902219));
#2852 = CARTESIAN_POINT('',(-1.482615258872,-29.8307729661));
#2853 = CARTESIAN_POINT('',(-1.588162948442,-29.86017080027));
#2854 = CARTESIAN_POINT('',(-1.815025638205,-29.92336043019));
#2855 = CARTESIAN_POINT('',(-1.936621505487,-29.95723081326));
#2856 = CARTESIAN_POINT('',(-2.058115198516,-29.99107334607));
#2857 = CARTESIAN_POINT('',(-2.179548788747,-30.02489787577));
#2858 = CARTESIAN_POINT('',(-2.300981197158,-30.05871869999));
#2859 = CARTESIAN_POINT('',(-2.422470166787,-30.09255309618));
#2860 = CARTESIAN_POINT('',(-2.544064232575,-30.12641635222));
#2861 = CARTESIAN_POINT('',(-2.7813527787,-30.19250128175));
#2862 = CARTESIAN_POINT('',(-2.897354110654,-30.22480835036));
#2863 = CARTESIAN_POINT('',(-3.013275243954,-30.25709472568));
#2864 = CARTESIAN_POINT('',(-3.129148390722,-30.2893699049));
#2865 = CARTESIAN_POINT('',(-3.245022046499,-30.32164624949));
#2866 = CARTESIAN_POINT('',(-3.360945024093,-30.35393482393));
#2867 = CARTESIAN_POINT('',(-3.476948154982,-30.3862443416));
#2868 = CARTESIAN_POINT('',(-3.681193839982,-30.44313045233));
#2869 = CARTESIAN_POINT('',(-3.769625143325,-30.46775983666));
#2870 = CARTESIAN_POINT('',(-3.858042930087,-30.49238557772));
#2871 = CARTESIAN_POINT('',(-3.946445617508,-30.51700769458));
#2872 = CARTESIAN_POINT('',(-4.03484689759,-30.54163095823));
#2873 = CARTESIAN_POINT('',(-4.123262548613,-30.56625905936));
#2874 = CARTESIAN_POINT('',(-4.211697384644,-30.59089047401));
#2875 = CARTESIAN_POINT('',(-4.349683660354,-30.62932078218));
#2876 = CARTESIAN_POINT('',(-4.399279088785,-30.64313281169));
#2877 = CARTESIAN_POINT('',(-4.448877878905,-30.65694595908));
#2878 = CARTESIAN_POINT('',(-4.49847467178,-30.67075924521));
#2879 = CARTESIAN_POINT('',(-4.548067271022,-30.68457219984));
#2880 = CARTESIAN_POINT('',(-4.59765664279,-30.69838486164));
#2881 = CARTESIAN_POINT('',(-4.64724691579,-30.71219777821));
#2882 = CARTESIAN_POINT('',(-4.754009486923,-30.74193342562));
#2883 = CARTESIAN_POINT('',(-4.811164108913,-30.75785168697));
#2884 = CARTESIAN_POINT('',(-4.868317893999,-30.77376957691));
#2885 = CARTESIAN_POINT('',(-4.925475997682,-30.78968879964));
#2886 = CARTESIAN_POINT('',(-4.982640084213,-30.8056099767));
#2887 = CARTESIAN_POINT('',(-5.039808326587,-30.82153264701));
#2888 = CARTESIAN_POINT('',(-5.096975406549,-30.83745526685));
#2889 = CARTESIAN_POINT('',(-5.240737884166,-30.87749736362));
#2890 = CARTESIAN_POINT('',(-5.327377869335,-30.90162939608));
#2891 = CARTESIAN_POINT('',(-5.414004484799,-30.92575738548));
#2892 = CARTESIAN_POINT('',(-5.500612987911,-30.94987939177));
#2893 = CARTESIAN_POINT('',(-5.587220509592,-30.97400004508));
#2894 = CARTESIAN_POINT('',(-5.673844917634,-30.99812478057));
#2895 = CARTESIAN_POINT('',(-5.760483912371,-31.02225371933));
#2896 = CARTESIAN_POINT('',(-5.901606959918,-31.06155725066));
#2897 = CARTESIAN_POINT('',(-5.95612773174,-31.07674178075));
#2898 = CARTESIAN_POINT('',(-6.010645434686,-31.09192576433));
#2899 = CARTESIAN_POINT('',(-6.065156621937,-31.10710831858));
#2900 = CARTESIAN_POINT('',(-6.119662546326,-31.12228981302));
#2901 = CARTESIAN_POINT('',(-6.174166728857,-31.13747118556));
#2902 = CARTESIAN_POINT('',(-6.228673184771,-31.15265346076));
#2903 = CARTESIAN_POINT('',(-6.28318530718,-31.16783747041));
#2904 = ( GEOMETRIC_REPRESENTATION_CONTEXT(2) 
PARAMETRIC_REPRESENTATION_CONTEXT() REPRESENTATION_CONTEXT('2D SPACE',''
  ) );
#2905 = PCURVE('',#2749,#2906);
#2906 = DEFINITIONAL_REPRESENTATION('',(#2907),#2973);
#2907 = B_SPLINE_CURVE_WITH_KNOTS('',8,(#2908,#2909,#2910,#2911,#2912,
    #2913,#2914,#2915,#2916,#2917,#2918,#2919,#2920,#2921,#2922,#2923,
    #2924,#2925,#2926,#2927,#2928,#2929,#2930,#2931,#2932,#2933,#2934,
    #2935,#2936,#2937,#2938,#2939,#2940,#2941,#2942,#2943,#2944,#2945,
    #2946,#2947,#2948,#2949,#2950,#2951,#2952,#2953,#2954,#2955,#2956,
    #2957,#2958,#2959,#2960,#2961,#2962,#2963,#2964,#2965,#2966,#2967,
    #2968,#2969,#2970,#2971,#2972),.UNSPECIFIED.,.F.,.F.,(9,7,7,7,7,7,7,
    7,7,9),(0.,0.135232892227,0.269557234499,0.424222589951,
    0.571811445866,0.684394645654,0.74754059323,0.820318683911,
    0.930593217675,1.),.UNSPECIFIED.);
#2908 = CARTESIAN_POINT('',(0.,-29.41783933333));
#2909 = CARTESIAN_POINT('',(-0.106167178539,-29.44740946874));
#2910 = CARTESIAN_POINT('',(-0.212433250243,-29.47701175521));
#2911 = CARTESIAN_POINT('',(-0.318653410008,-29.50659236722));
#2912 = CARTESIAN_POINT('',(-0.424838875035,-29.53616486521));
#2913 = CARTESIAN_POINT('',(-0.531021930711,-29.56573932679));
#2914 = CARTESIAN_POINT('',(-0.637235736554,-29.59532358913));
#2915 = CARTESIAN_POINT('',(-0.743498753418,-29.62492138311));
#2916 = CARTESIAN_POINT('',(-0.955135519413,-29.68386765176));
#2917 = CARTESIAN_POINT('',(-1.060679640745,-29.71326358982));
#2918 = CARTESIAN_POINT('',(-1.166175830265,-29.74264475546));
#2919 = CARTESIAN_POINT('',(-1.271642085444,-29.77201622693));
#2920 = CARTESIAN_POINT('',(-1.377111558314,-29.80138902219));
#2921 = CARTESIAN_POINT('',(-1.482615258872,-29.8307729661));
#2922 = CARTESIAN_POINT('',(-1.588162948442,-29.86017080027));
#2923 = CARTESIAN_POINT('',(-1.815025638205,-29.92336043019));
#2924 = CARTESIAN_POINT('',(-1.936621505487,-29.95723081326));
#2925 = CARTESIAN_POINT('',(-2.058115198516,-29.99107334607));
#2926 = CARTESIAN_POINT('',(-2.179548788747,-30.02489787577));
#2927 = CARTESIAN_POINT('',(-2.300981197158,-30.05871869999));
#2928 = CARTESIAN_POINT('',(-2.422470166787,-30.09255309618));
#2929 = CARTESIAN_POINT('',(-2.544064232575,-30.12641635222));
#2930 = CARTESIAN_POINT('',(-2.7813527787,-30.19250128175));
#2931 = CARTESIAN_POINT('',(-2.897354110654,-30.22480835036));
#2932 = CARTESIAN_POINT('',(-3.013275243954,-30.25709472568));
#2933 = CARTESIAN_POINT('',(-3.129148390722,-30.2893699049));
#2934 = CARTESIAN_POINT('',(-3.245022046499,-30.32164624949));
#2935 = CARTESIAN_POINT('',(-3.360945024093,-30.35393482393));
#2936 = CARTESIAN_POINT('',(-3.476948154982,-30.3862443416));
#2937 = CARTESIAN_POINT('',(-3.681193839982,-30.44313045233));
#2938 = CARTESIAN_POINT('',(-3.769625143325,-30.46775983666));
#2939 = CARTESIAN_POINT('',(-3.858042930087,-30.49238557772));
#2940 = CARTESIAN_POINT('',(-3.946445617508,-30.51700769458));
#2941 = CARTESIAN_POINT('',(-4.03484689759,-30.54163095823));
#2942 = CARTESIAN_POINT('',(-4.123262548613,-30.56625905936));
#2943 = CARTESIAN_POINT('',(-4.211697384644,-30.59089047401));
#2944 = CARTESIAN_POINT('',(-4.349683660354,-30.62932078218));
#2945 = CARTESIAN_POINT('',(-4.399279088785,-30.64313281169));
#2946 = CARTESIAN_POINT('',(-4.448877878905,-30.65694595908));
#2947 = CARTESIAN_POINT('',(-4.49847467178,-30.67075924521));
#2948 = CARTESIAN_POINT('',(-4.548067271022,-30.68457219984));
#2949 = CARTESIAN_POINT('',(-4.59765664279,-30.69838486164));
#2950 = CARTESIAN_POINT('',(-4.64724691579,-30.71219777821));
#2951 = CARTESIAN_POINT('',(-4.754009486923,-30.74193342562));
#2952 = CARTESIAN_POINT('',(-4.811164108913,-30.75785168697));
#2953 = CARTESIAN_POINT('',(-4.868317893999,-30.77376957691));
#2954 = CARTESIAN_POINT('',(-4.925475997682,-30.78968879964));
#2955 = CARTESIAN_POINT('',(-4.982640084213,-30.8056099767));
#2956 = CARTESIAN_POINT('',(-5.039808326587,-30.82153264701));
#2957 = CARTESIAN_POINT('',(-5.096975406549,-30.83745526685));
#2958 = CARTESIAN_POINT('',(-5.240737884166,-30.87749736362));
#2959 = CARTESIAN_POINT('',(-5.327377869335,-30.90162939608));
#2960 = CARTESIAN_POINT('',(-5.414004484799,-30.92575738548));
#2961 = CARTESIAN_POINT('',(-5.500612987911,-30.94987939177));
#2962 = CARTESIAN_POINT('',(-5.587220509592,-30.97400004508));
#2963 = CARTESIAN_POINT('',(-5.673844917634,-30.99812478057));
#2964 = CARTESIAN_POINT('',(-5.760483912371,-31.02225371933));
#2965 = CARTESIAN_POINT('',(-5.901606959918,-31.06155725066));
#2966 = CARTESIAN_POINT('',(-5.95612773174,-31.07674178075));
#2967 = CARTESIAN_POINT('',(-6.010645434686,-31.09192576433));
#2968 = CARTESIAN_POINT('',(-6.065156621937,-31.10710831858));
#2969 = CARTESIAN_POINT('',(-6.119662546326,-31.12228981302));
#2970 = CARTESIAN_POINT('',(-6.174166728857,-31.13747118556));
#2971 = CARTESIAN_POINT('',(-6.228673184771,-31.15265346076));
#2972 = CARTESIAN_POINT('',(-6.28318530718,-31.16783747041));
#2973 = ( GEOMETRIC_REPRESENTATION_CONTEXT(2) 
PARAMETRIC_REPRESENTATION_CONTEXT() REPRESENTATION_CONTEXT('2D SPACE',''
  ) );
#2974 = ORIENTED_EDGE('',*,*,#2975,.F.);
#2975 = EDGE_CURVE('',#2548,#2767,#2976,.T.);
#2976 = SURFACE_CURVE('',#2977,(#2981,#2988),.PCURVE_S1.);
#2977 = LINE('',#2978,#2979);
#2978 = CARTESIAN_POINT('',(6.,0.,0.));
#2979 = VECTOR('',#2980,1.);
#2980 = DIRECTION('',(0.,0.,1.));
#2981 = PCURVE('',#2530,#2982);
#2982 = DEFINITIONAL_REPRESENTATION('',(#2983),#2987);
#2983 = LINE('',#2984,#2985);
#2984 = CARTESIAN_POINT('',(-6.28318530718,0.));
#2985 = VECTOR('',#2986,1.);
#2986 = DIRECTION('',(-0.,-1.));
#2987 = ( GEOMETRIC_REPRESENTATION_CONTEXT(2) 
PARAMETRIC_REPRESENTATION_CONTEXT() REPRESENTATION_CONTEXT('2D SPACE',''
  ) );
#2988 = PCURVE('',#2989,#2994);
#2989 = CYLINDRICAL_SURFACE('',#2990,6.);
#2990 = AXIS2_PLACEMENT_3D('',#2991,#2992,#2993);
#2991 = CARTESIAN_POINT('',(0.,0.,0.));
#2992 = DIRECTION('',(-0.,-0.,-1.));
#2993 = DIRECTION('',(1.,0.,0.));
#2994 = DEFINITIONAL_REPRESENTATION('',(#2995),#2999);
#2995 = LINE('',#2996,#2997);
#2996 = CARTESIAN_POINT('',(-0.,0.));
#2997 = VECTOR('',#2998,1.);
#2998 = DIRECTION('',(-0.,-1.));
#2999 = ( GEOMETRIC_REPRESENTATION_CONTEXT(2) 
PARAMETRIC_REPRESENTATION_CONTEXT() REPRESENTATION_CONTEXT('2D SPACE',''
  ) );
#3000 = ADVANCED_FACE('',(#3001),#2749,.T.);
#3001 = FACE_BOUND('',#3002,.F.);
#3002 = EDGE_LOOP('',(#3003,#3004,#3005,#3214));
#3003 = ORIENTED_EDGE('',*,*,#2766,.F.);
#3004 = ORIENTED_EDGE('',*,*,#2735,.T.);
#3005 = ORIENTED_EDGE('',*,*,#3006,.T.);
#3006 = EDGE_CURVE('',#2548,#3007,#3009,.T.);
#3007 = VERTEX_POINT('',#3008);
#3008 = CARTESIAN_POINT('',(6.,0.,31.582158303066));
#3009 = SURFACE_CURVE('',#3010,(#3076,#3145),.PCURVE_S1.);
#3010 = B_SPLINE_CURVE_WITH_KNOTS('',8,(#3011,#3012,#3013,#3014,#3015,
    #3016,#3017,#3018,#3019,#3020,#3021,#3022,#3023,#3024,#3025,#3026,
    #3027,#3028,#3029,#3030,#3031,#3032,#3033,#3034,#3035,#3036,#3037,
    #3038,#3039,#3040,#3041,#3042,#3043,#3044,#3045,#3046,#3047,#3048,
    #3049,#3050,#3051,#3052,#3053,#3054,#3055,#3056,#3057,#3058,#3059,
    #3060,#3061,#3062,#3063,#3064,#3065,#3066,#3067,#3068,#3069,#3070,
    #3071,#3072,#3073,#3074,#3075),.UNSPECIFIED.,.F.,.F.,(9,7,7,7,7,7,7,
    7,7,9),(0.,0.122382619971,0.235988542665,0.36833583185,0.43163291967
    ,0.504179899971,0.597157295392,0.743840459049,0.878888740988,1.),
  .UNSPECIFIED.);
#3011 = CARTESIAN_POINT('',(6.,7.105427357601E-15,29.832162602634));
#3012 = CARTESIAN_POINT('',(6.,0.576478483024,29.858920968069));
#3013 = CARTESIAN_POINT('',(5.936699507479,1.153336389353,
    29.885696357082));
#3014 = CARTESIAN_POINT('',(5.809953039497,1.721916758218,
    29.912463998453));
#3015 = CARTESIAN_POINT('',(5.621195961152,2.274094036547,
    29.939225483982));
#3016 = CARTESIAN_POINT('',(5.372920327218,2.80216745242,29.965987557084
    ));
#3017 = CARTESIAN_POINT('',(5.068707156048,3.298889717361,
    29.992756372553));
#3018 = CARTESIAN_POINT('',(4.713149031856,3.757473964171,
    30.019534258614));
#3019 = CARTESIAN_POINT('',(3.940171045548,4.556475826116,
    30.071144566895));
#3020 = CARTESIAN_POINT('',(3.528644860693,4.903392062849,
    30.096003534965));
#3021 = CARTESIAN_POINT('',(3.082435328502,5.207554349662,
    30.120856385972));
#3022 = CARTESIAN_POINT('',(2.606830312129,5.464997899946,
    30.145701987485));
#3023 = CARTESIAN_POINT('',(2.107494402254,5.672589959383,
    30.170544455429));
#3024 = CARTESIAN_POINT('',(1.590417956039,5.827943959712,
    30.195389214458));
#3025 = CARTESIAN_POINT('',(1.061939846135,5.929482493531,
    30.220239384344));
#3026 = CARTESIAN_POINT('',(-9.232282410792E-02,6.031606052818,
    30.274026068618));
#3027 = CARTESIAN_POINT('',(-0.72042539957,6.01283190125,30.302990588509
    ));
#3028 = CARTESIAN_POINT('',(-1.344577995151,5.919167942523,
    30.331943697726));
#3029 = CARTESIAN_POINT('',(-1.954419502636,5.751703514495,
    30.360889647678));
#3030 = CARTESIAN_POINT('',(-2.540037063106,5.512952487661,
    30.389837151987));
#3031 = CARTESIAN_POINT('',(-3.092039186405,5.206961661125,
    30.418791981652));
#3032 = CARTESIAN_POINT('',(-3.601544679119,4.839178725006,
    30.447757642977));
#3033 = CARTESIAN_POINT('',(-4.28011935255,4.215389152047,
    30.490543067694));
#3034 = CARTESIAN_POINT('',(-4.488218563259,4.001072791054,
    30.504386478197));
#3035 = CARTESIAN_POINT('',(-4.684023258137,3.775052042372,
    30.518230211063));
#3036 = CARTESIAN_POINT('',(-4.866758416613,3.538165794019,
    30.532073848685));
#3037 = CARTESIAN_POINT('',(-5.035727549438,3.291295326308,
    30.545917218115));
#3038 = CARTESIAN_POINT('',(-5.190312698682,3.035364311841,
    30.559760391072));
#3039 = CARTESIAN_POINT('',(-5.329974437737,2.771338815515,
    30.573603683933));
#3040 = CARTESIAN_POINT('',(-5.596690533758,2.189497008964,
    30.603314714654));
#3041 = CARTESIAN_POINT('',(-5.718912690992,1.869432981179,
    30.619182626963));
#3042 = CARTESIAN_POINT('',(-5.820195386934,1.54164142515,
    30.635050818579));
#3043 = CARTESIAN_POINT('',(-5.899969423508,1.20774569534,
    30.650918958274));
#3044 = CARTESIAN_POINT('',(-5.957819360651,0.869386286688,
    30.666786959683));
#3045 = CARTESIAN_POINT('',(-5.99348351631,0.528220834613,
    30.682654981296));
#3046 = CARTESIAN_POINT('',(-6.006853966439,0.185924115008,
    30.698523426466));
#3047 = CARTESIAN_POINT('',(-5.986599096634,-0.593786488244,
    30.734731575634));
#3048 = CARTESIAN_POINT('',(-5.938669952397,-1.030878067853,
    30.75507298908));
#3049 = CARTESIAN_POINT('',(-5.854266053521,-1.463424619923,
    30.7754123601));
#3050 = CARTESIAN_POINT('',(-5.733920269545,-1.887886455359,
    30.795749725898));
#3051 = CARTESIAN_POINT('',(-5.578554778443,-2.300829507629,
    30.816087379428));
#3052 = CARTESIAN_POINT('',(-5.389462869294,-2.698927322748,
    30.836427145125));
#3053 = CARTESIAN_POINT('',(-5.168339167503,-3.078981802249,
    30.856767535468));
#3054 = CARTESIAN_POINT('',(-4.521405373279,-4.004298779105,
    30.909178970962));
#3055 = CARTESIAN_POINT('',(-4.05040641746,-4.519236704819,
    30.94129873991));
#3056 = CARTESIAN_POINT('',(-3.512800104787,-4.970006114226,
    30.97339868701));
#3057 = CARTESIAN_POINT('',(-2.919127269101,-5.347005086112,
    31.005484621841));
#3058 = CARTESIAN_POINT('',(-2.280971805557,-5.64249826216,
    31.037567655188));
#3059 = CARTESIAN_POINT('',(-1.611108673033,-5.85094882257,
    31.06966138443));
#3060 = CARTESIAN_POINT('',(-0.923250510868,-5.968688190494,
    31.101776731262));
#3061 = CARTESIAN_POINT('',(0.403148511683,-6.020160752782,
    31.163389916947));
#3062 = CARTESIAN_POINT('',(1.042470463005,-5.967795237895,
    31.192948813661));
#3063 = CARTESIAN_POINT('',(1.673590242991,-5.837716598993,
    31.222495059171));
#3064 = CARTESIAN_POINT('',(2.285574512322,-5.631683680087,
    31.252033829191));
#3065 = CARTESIAN_POINT('',(2.868056280546,-5.352952488267,
    31.281574436018));
#3066 = CARTESIAN_POINT('',(3.41133050712,-5.006411896081,
    31.311124865864));
#3067 = CARTESIAN_POINT('',(3.906327572568,-4.598419786022,
    31.340688439445));
#3068 = CARTESIAN_POINT('',(4.738616647425,-3.72439532128,
    31.396715808506));
#3069 = CARTESIAN_POINT('',(5.087369674285,-3.268217458592,
    31.423215401391));
#3070 = CARTESIAN_POINT('',(5.385602461753,-2.775026027754,
    31.449705922421));
#3071 = CARTESIAN_POINT('',(5.628904796315,-2.251412078135,
    31.47619063734));
#3072 = CARTESIAN_POINT('',(5.813835233927,-1.704409458195,
    31.50267662747));
#3073 = CARTESIAN_POINT('',(5.937993359194,-1.141494968011,
    31.529170489393));
#3074 = CARTESIAN_POINT('',(6.,-0.570556380092,31.555672860827));
#3075 = CARTESIAN_POINT('',(6.,4.440892098501E-15,31.582158303066));
#3076 = PCURVE('',#2749,#3077);
#3077 = DEFINITIONAL_REPRESENTATION('',(#3078),#3144);
#3078 = B_SPLINE_CURVE_WITH_KNOTS('',8,(#3079,#3080,#3081,#3082,#3083,
    #3084,#3085,#3086,#3087,#3088,#3089,#3090,#3091,#3092,#3093,#3094,
    #3095,#3096,#3097,#3098,#3099,#3100,#3101,#3102,#3103,#3104,#3105,
    #3106,#3107,#3108,#3109,#3110,#3111,#3112,#3113,#3114,#3115,#3116,
    #3117,#3118,#3119,#3120,#3121,#3122,#3123,#3124,#3125,#3126,#3127,
    #3128,#3129,#3130,#3131,#3132,#3133,#3134,#3135,#3136,#3137,#3138,
    #3139,#3140,#3141,#3142,#3143),.UNSPECIFIED.,.F.,.F.,(9,7,7,7,7,7,7,
    7,7,9),(0.,0.122382619971,0.235988542665,0.36833583185,0.43163291967
    ,0.504179899971,0.597157295392,0.743840459049,0.878888740988,1.),
  .UNSPECIFIED.);
#3079 = CARTESIAN_POINT('',(0.,-29.83216260263));
#3080 = CARTESIAN_POINT('',(-9.607974717062E-02,-29.85892096806));
#3081 = CARTESIAN_POINT('',(-0.192222668874,-29.88569635708));
#3082 = CARTESIAN_POINT('',(-0.288337965273,-29.91246399845));
#3083 = CARTESIAN_POINT('',(-0.384428446287,-29.93922548398));
#3084 = CARTESIAN_POINT('',(-0.480515519261,-29.96598755708));
#3085 = CARTESIAN_POINT('',(-0.576621480398,-29.99275637255));
#3086 = CARTESIAN_POINT('',(-0.672756856247,-30.01953425861));
#3087 = CARTESIAN_POINT('',(-0.85804184265,-30.07114456689));
#3088 = CARTESIAN_POINT('',(-0.947286860599,-30.09600353496));
#3089 = CARTESIAN_POINT('',(-1.036511232067,-30.12085638597));
#3090 = CARTESIAN_POINT('',(-1.125713220743,-30.14570198748));
#3091 = CARTESIAN_POINT('',(-1.214908718833,-30.17054445542));
#3092 = CARTESIAN_POINT('',(-1.304116310536,-30.19538921445));
#3093 = CARTESIAN_POINT('',(-1.393344755701,-30.22023938434));
#3094 = CARTESIAN_POINT('',(-1.586473349395,-30.27402606861));
#3095 = CARTESIAN_POINT('',(-1.690473899054,-30.3029905885));
#3096 = CARTESIAN_POINT('',(-1.794429710059,-30.33194369772));
#3097 = CARTESIAN_POINT('',(-1.898354067737,-30.36088964767));
#3098 = CARTESIAN_POINT('',(-2.002278367963,-30.38983715198));
#3099 = CARTESIAN_POINT('',(-2.106233774986,-30.41879198165));
#3100 = CARTESIAN_POINT('',(-2.210233712837,-30.44775764297));
#3101 = CARTESIAN_POINT('',(-2.36385455007,-30.49054306769));
#3102 = CARTESIAN_POINT('',(-2.413560552678,-30.50438647819));
#3103 = CARTESIAN_POINT('',(-2.463266720516,-30.51823021106));
#3104 = CARTESIAN_POINT('',(-2.512970362864,-30.53207384868));
#3105 = CARTESIAN_POINT('',(-2.562670780054,-30.54591721811));
#3106 = CARTESIAN_POINT('',(-2.61236926347,-30.55976039107));
#3107 = CARTESIAN_POINT('',(-2.662069095549,-30.57360368393));
#3108 = CARTESIAN_POINT('',(-2.768745835142,-30.60331471465));
#3109 = CARTESIAN_POINT('',(-2.82572335993,-30.61918262696));
#3110 = CARTESIAN_POINT('',(-2.882702064578,-30.63505081857));
#3111 = CARTESIAN_POINT('',(-2.939678218543,-30.65091895827));
#3112 = CARTESIAN_POINT('',(-2.996650420306,-30.66678695968));
#3113 = CARTESIAN_POINT('',(-3.05361959737,-30.68265498129));
#3114 = CARTESIAN_POINT('',(-3.11058900626,-30.69852342646));
#3115 = CARTESIAN_POINT('',(-3.240584613512,-30.73473157563));
#3116 = CARTESIAN_POINT('',(-3.313615754971,-30.75507298908));
#3117 = CARTESIAN_POINT('',(-3.386641930372,-30.7754123601));
#3118 = CARTESIAN_POINT('',(-3.459662769478,-30.79574972589));
#3119 = CARTESIAN_POINT('',(-3.532685127897,-30.81608737942));
#3120 = CARTESIAN_POINT('',(-3.605714215823,-30.83642714512));
#3121 = CARTESIAN_POINT('',(-3.678743985952,-30.85676753546));
#3122 = CARTESIAN_POINT('',(-3.866917579105,-30.90917897096));
#3123 = CARTESIAN_POINT('',(-3.982234271546,-30.94129873991));
#3124 = CARTESIAN_POINT('',(-4.097476786272,-30.973398687));
#3125 = CARTESIAN_POINT('',(-4.212670402401,-31.00548462184));
#3126 = CARTESIAN_POINT('',(-4.327862563345,-31.03756765518));
#3127 = CARTESIAN_POINT('',(-4.443100098412,-31.06966138443));
#3128 = CARTESIAN_POINT('',(-4.558417538874,-31.10177673126));
#3129 = CARTESIAN_POINT('',(-4.779650434741,-31.16338991694));
#3130 = CARTESIAN_POINT('',(-4.885785386024,-31.19294881366));
#3131 = CARTESIAN_POINT('',(-4.991870409416,-31.22249505917));
#3132 = CARTESIAN_POINT('',(-5.097921516483,-31.25203382919));
#3133 = CARTESIAN_POINT('',(-5.203972852194,-31.28157443601));
#3134 = CARTESIAN_POINT('',(-5.310058407562,-31.31112486586));
#3135 = CARTESIAN_POINT('',(-5.416194023649,-31.34068843944));
#3136 = CARTESIAN_POINT('',(-5.617345146295,-31.3967158085));
#3137 = CARTESIAN_POINT('',(-5.712488311336,-31.42321540139));
#3138 = CARTESIAN_POINT('',(-5.807603541456,-31.44970592242));
#3139 = CARTESIAN_POINT('',(-5.902702107949,-31.47619063734));
#3140 = CARTESIAN_POINT('',(-5.997806486127,-31.50267662747));
#3141 = CARTESIAN_POINT('',(-6.092936200606,-31.52917048939));
#3142 = CARTESIAN_POINT('',(-6.188092577164,-31.55567286082));
#3143 = CARTESIAN_POINT('',(-6.28318530718,-31.58215830306));
#3144 = ( GEOMETRIC_REPRESENTATION_CONTEXT(2) 
PARAMETRIC_REPRESENTATION_CONTEXT() REPRESENTATION_CONTEXT('2D SPACE',''
  ) );
#3145 = PCURVE('',#2989,#3146);
#3146 = DEFINITIONAL_REPRESENTATION('',(#3147),#3213);
#3147 = B_SPLINE_CURVE_WITH_KNOTS('',8,(#3148,#3149,#3150,#3151,#3152,
    #3153,#3154,#3155,#3156,#3157,#3158,#3159,#3160,#3161,#3162,#3163,
    #3164,#3165,#3166,#3167,#3168,#3169,#3170,#3171,#3172,#3173,#3174,
    #3175,#3176,#3177,#3178,#3179,#3180,#3181,#3182,#3183,#3184,#3185,
    #3186,#3187,#3188,#3189,#3190,#3191,#3192,#3193,#3194,#3195,#3196,
    #3197,#3198,#3199,#3200,#3201,#3202,#3203,#3204,#3205,#3206,#3207,
    #3208,#3209,#3210,#3211,#3212),.UNSPECIFIED.,.F.,.F.,(9,7,7,7,7,7,7,
    7,7,9),(0.,0.122382619971,0.235988542665,0.36833583185,0.43163291967
    ,0.504179899971,0.597157295392,0.743840459049,0.878888740988,1.),
  .UNSPECIFIED.);
#3148 = CARTESIAN_POINT('',(0.,-29.83216260263));
#3149 = CARTESIAN_POINT('',(-9.607974717062E-02,-29.85892096806));
#3150 = CARTESIAN_POINT('',(-0.192222668874,-29.88569635708));
#3151 = CARTESIAN_POINT('',(-0.288337965273,-29.91246399845));
#3152 = CARTESIAN_POINT('',(-0.384428446287,-29.93922548398));
#3153 = CARTESIAN_POINT('',(-0.480515519261,-29.96598755708));
#3154 = CARTESIAN_POINT('',(-0.576621480398,-29.99275637255));
#3155 = CARTESIAN_POINT('',(-0.672756856247,-30.01953425861));
#3156 = CARTESIAN_POINT('',(-0.85804184265,-30.07114456689));
#3157 = CARTESIAN_POINT('',(-0.947286860599,-30.09600353496));
#3158 = CARTESIAN_POINT('',(-1.036511232067,-30.12085638597));
#3159 = CARTESIAN_POINT('',(-1.125713220743,-30.14570198748));
#3160 = CARTESIAN_POINT('',(-1.214908718833,-30.17054445542));
#3161 = CARTESIAN_POINT('',(-1.304116310536,-30.19538921445));
#3162 = CARTESIAN_POINT('',(-1.393344755701,-30.22023938434));
#3163 = CARTESIAN_POINT('',(-1.586473349395,-30.27402606861));
#3164 = CARTESIAN_POINT('',(-1.690473899054,-30.3029905885));
#3165 = CARTESIAN_POINT('',(-1.794429710059,-30.33194369772));
#3166 = CARTESIAN_POINT('',(-1.898354067737,-30.36088964767));
#3167 = CARTESIAN_POINT('',(-2.002278367963,-30.38983715198));
#3168 = CARTESIAN_POINT('',(-2.106233774986,-30.41879198165));
#3169 = CARTESIAN_POINT('',(-2.210233712837,-30.44775764297));
#3170 = CARTESIAN_POINT('',(-2.36385455007,-30.49054306769));
#3171 = CARTESIAN_POINT('',(-2.413560552678,-30.50438647819));
#3172 = CARTESIAN_POINT('',(-2.463266720516,-30.51823021106));
#3173 = CARTESIAN_POINT('',(-2.512970362864,-30.53207384868));
#3174 = CARTESIAN_POINT('',(-2.562670780054,-30.54591721811));
#3175 = CARTESIAN_POINT('',(-2.61236926347,-30.55976039107));
#3176 = CARTESIAN_POINT('',(-2.662069095549,-30.57360368393));
#3177 = CARTESIAN_POINT('',(-2.768745835142,-30.60331471465));
#3178 = CARTESIAN_POINT('',(-2.82572335993,-30.61918262696));
#3179 = CARTESIAN_POINT('',(-2.882702064578,-30.63505081857));
#3180 = CARTESIAN_POINT('',(-2.939678218543,-30.65091895827));
#3181 = CARTESIAN_POINT('',(-2.996650420306,-30.66678695968));
#3182 = CARTESIAN_POINT('',(-3.05361959737,-30.68265498129));
#3183 = CARTESIAN_POINT('',(-3.11058900626,-30.69852342646));
#3184 = CARTESIAN_POINT('',(-3.240584613512,-30.73473157563));
#3185 = CARTESIAN_POINT('',(-3.313615754971,-30.75507298908));
#3186 = CARTESIAN_POINT('',(-3.386641930372,-30.7754123601));
#3187 = CARTESIAN_POINT('',(-3.459662769478,-30.79574972589));
#3188 = CARTESIAN_POINT('',(-3.532685127897,-30.81608737942));
#3189 = CARTESIAN_POINT('',(-3.605714215823,-30.83642714512));
#3190 = CARTESIAN_POINT('',(-3.678743985952,-30.85676753546));
#3191 = CARTESIAN_POINT('',(-3.866917579105,-30.90917897096));
#3192 = CARTESIAN_POINT('',(-3.982234271546,-30.94129873991));
#3193 = CARTESIAN_POINT('',(-4.097476786272,-30.973398687));
#3194 = CARTESIAN_POINT('',(-4.212670402401,-31.00548462184));
#3195 = CARTESIAN_POINT('',(-4.327862563345,-31.03756765518));
#3196 = CARTESIAN_POINT('',(-4.443100098412,-31.06966138443));
#3197 = CARTESIAN_POINT('',(-4.558417538874,-31.10177673126));
#3198 = CARTESIAN_POINT('',(-4.779650434741,-31.16338991694));
#3199 = CARTESIAN_POINT('',(-4.885785386024,-31.19294881366));
#3200 = CARTESIAN_POINT('',(-4.991870409416,-31.22249505917));
#3201 = CARTESIAN_POINT('',(-5.097921516483,-31.25203382919));
#3202 = CARTESIAN_POINT('',(-5.203972852194,-31.28157443601));
#3203 = CARTESIAN_POINT('',(-5.310058407562,-31.31112486586));
#3204 = CARTESIAN_POINT('',(-5.416194023649,-31.34068843944));
#3205 = CARTESIAN_POINT('',(-5.617345146295,-31.3967158085));
#3206 = CARTESIAN_POINT('',(-5.712488311336,-31.42321540139));
#3207 = CARTESIAN_POINT('',(-5.807603541456,-31.44970592242));
#3208 = CARTESIAN_POINT('',(-5.902702107949,-31.47619063734));
#3209 = CARTESIAN_POINT('',(-5.997806486127,-31.50267662747));
#3210 = CARTESIAN_POINT('',(-6.092936200606,-31.52917048939));
#3211 = CARTESIAN_POINT('',(-6.188092577164,-31.55567286082));
#3212 = CARTESIAN_POINT('',(-6.28318530718,-31.58215830306));
#3213 = ( GEOMETRIC_REPRESENTATION_CONTEXT(2) 
PARAMETRIC_REPRESENTATION_CONTEXT() REPRESENTATION_CONTEXT('2D SPACE',''
  ) );
#3214 = ORIENTED_EDGE('',*,*,#3215,.F.);
#3215 = EDGE_CURVE('',#2767,#3007,#3216,.T.);
#3216 = SURFACE_CURVE('',#3217,(#3221,#3228),.PCURVE_S1.);
#3217 = LINE('',#3218,#3219);
#3218 = CARTESIAN_POINT('',(6.,0.,0.));
#3219 = VECTOR('',#3220,1.);
#3220 = DIRECTION('',(0.,0.,1.));
#3221 = PCURVE('',#2749,#3222);
#3222 = DEFINITIONAL_REPRESENTATION('',(#3223),#3227);
#3223 = LINE('',#3224,#3225);
#3224 = CARTESIAN_POINT('',(-6.28318530718,0.));
#3225 = VECTOR('',#3226,1.);
#3226 = DIRECTION('',(-0.,-1.));
#3227 = ( GEOMETRIC_REPRESENTATION_CONTEXT(2) 
PARAMETRIC_REPRESENTATION_CONTEXT() REPRESENTATION_CONTEXT('2D SPACE',''
  ) );
#3228 = PCURVE('',#3229,#3234);
#3229 = CYLINDRICAL_SURFACE('',#3230,6.);
#3230 = AXIS2_PLACEMENT_3D('',#3231,#3232,#3233);
#3231 = CARTESIAN_POINT('',(0.,0.,0.));
#3232 = DIRECTION('',(-0.,-0.,-1.));
#3233 = DIRECTION('',(1.,0.,0.));
#3234 = DEFINITIONAL_REPRESENTATION('',(#3235),#3239);
#3235 = LINE('',#3236,#3237);
#3236 = CARTESIAN_POINT('',(-0.,0.));
#3237 = VECTOR('',#3238,1.);
#3238 = DIRECTION('',(-0.,-1.));
#3239 = ( GEOMETRIC_REPRESENTATION_CONTEXT(2) 
PARAMETRIC_REPRESENTATION_CONTEXT() REPRESENTATION_CONTEXT('2D SPACE',''
  ) );
#3240 = ADVANCED_FACE('',(#3241),#2989,.T.);
#3241 = FACE_BOUND('',#3242,.F.);
#3242 = EDGE_LOOP('',(#3243,#3244,#3245,#3454));
#3243 = ORIENTED_EDGE('',*,*,#3006,.F.);
#3244 = ORIENTED_EDGE('',*,*,#2975,.T.);
#3245 = ORIENTED_EDGE('',*,*,#3246,.T.);
#3246 = EDGE_CURVE('',#2767,#3247,#3249,.T.);
#3247 = VERTEX_POINT('',#3248);
#3248 = CARTESIAN_POINT('',(6.,0.,32.917840390188));
#3249 = SURFACE_CURVE('',#3250,(#3316,#3385),.PCURVE_S1.);
#3250 = B_SPLINE_CURVE_WITH_KNOTS('',8,(#3251,#3252,#3253,#3254,#3255,
    #3256,#3257,#3258,#3259,#3260,#3261,#3262,#3263,#3264,#3265,#3266,
    #3267,#3268,#3269,#3270,#3271,#3272,#3273,#3274,#3275,#3276,#3277,
    #3278,#3279,#3280,#3281,#3282,#3283,#3284,#3285,#3286,#3287,#3288,
    #3289,#3290,#3291,#3292,#3293,#3294,#3295,#3296,#3297,#3298,#3299,
    #3300,#3301,#3302,#3303,#3304,#3305,#3306,#3307,#3308,#3309,#3310,
    #3311,#3312,#3313,#3314,#3315),.UNSPECIFIED.,.F.,.F.,(9,7,7,7,7,7,7,
    7,7,9),(0.,0.141116407047,0.2643820592,0.402016751782,0.438904881105
    ,0.497126161686,0.579062771336,0.679794214485,0.832004421402,1.),
  .UNSPECIFIED.);
#3251 = CARTESIAN_POINT('',(6.,0.,31.167837470417));
#3252 = CARTESIAN_POINT('',(6.,0.664705149515,31.198695711855));
#3253 = CARTESIAN_POINT('',(5.915841134748,1.330137454633,
    31.229588293829));
#3254 = CARTESIAN_POINT('',(5.747203330693,1.982748019557,
    31.260462853383));
#3255 = CARTESIAN_POINT('',(5.496748117288,2.610142015706,
    31.291323150448));
#3256 = CARTESIAN_POINT('',(5.168832152795,3.200718309582,
    31.322179632973));
#3257 = CARTESIAN_POINT('',(4.769719135138,3.743797168722,
    31.353045018178));
#3258 = CARTESIAN_POINT('',(4.307294849364,4.229557660428,
    31.383928492251));
#3259 = CARTESIAN_POINT('',(3.34210022437,5.016729528396,31.441740109446
    ));
#3260 = CARTESIAN_POINT('',(2.851291579228,5.334129367048,
    31.468706782483));
#3261 = CARTESIAN_POINT('',(2.326412681312,5.596303828287,
    31.495664814738));
#3262 = CARTESIAN_POINT('',(1.774780010362,5.799185100443,
    31.522617576702));
#3263 = CARTESIAN_POINT('',(1.204075541209,5.939787646545,
    31.549571789734));
#3264 = CARTESIAN_POINT('',(0.622338621797,6.016275400576,
    31.576533204504));
#3265 = CARTESIAN_POINT('',(3.792934615463E-02,6.027913857842,
    31.603503749097));
#3266 = CARTESIAN_POINT('',(-1.186116076171,5.917221095679,
    31.660556893441));
#3267 = CARTESIAN_POINT('',(-1.825148802121,5.779033397218,
    31.69067766148));
#3268 = CARTESIAN_POINT('',(-2.445130709078,5.561947643136,
    31.720782581416));
#3269 = CARTESIAN_POINT('',(-3.03487253027,5.269331599198,
    31.750878988163));
#3270 = CARTESIAN_POINT('',(-3.583959984835,4.906055539513,
    31.780978762203));
#3271 = CARTESIAN_POINT('',(-4.082913939803,4.478662512559,
    31.811093195314));
#3272 = CARTESIAN_POINT('',(-4.523142282734,3.995183938981,
    31.841218135043));
#3273 = CARTESIAN_POINT('',(-4.998023067522,3.324147581902,
    31.879376593296));
#3274 = CARTESIAN_POINT('',(-5.093706804286,3.178987723241,
    31.887441863666));
#3275 = CARTESIAN_POINT('',(-5.184572039824,3.030677926263,
    31.895507614021));
#3276 = CARTESIAN_POINT('',(-5.270497752323,2.879404236873,
    31.903574093358));
#3277 = CARTESIAN_POINT('',(-5.35137065141,2.725362860899,
    31.911641202798));
#3278 = CARTESIAN_POINT('',(-5.427085178146,2.568760164097,
    31.919708495594));
#3279 = CARTESIAN_POINT('',(-5.497543505031,2.409812672149,
    31.927775177123));
#3280 = CARTESIAN_POINT('',(-5.665423171383,1.994533974248,
    31.948569143505));
#3281 = CARTESIAN_POINT('',(-5.754930938037,1.734897307903,
    31.961300520161));
#3282 = CARTESIAN_POINT('',(-5.830836504021,1.47068443951,
    31.974032741888));
#3283 = CARTESIAN_POINT('',(-5.892863599899,1.20274724221,
    31.986764814748));
#3284 = CARTESIAN_POINT('',(-5.940802018741,0.931942094403,
    31.999496243842));
#3285 = CARTESIAN_POINT('',(-5.974507616123,0.65912987975,
    32.012227033307));
#3286 = CARTESIAN_POINT('',(-5.993902310126,0.385175987169,
    32.024957686314));
#3287 = CARTESIAN_POINT('',(-6.006111741888,-0.274975968581,
    32.055606665364));
#3288 = CARTESIAN_POINT('',(-5.984868778038,-0.661454060778,
    32.073524323383));
#3289 = CARTESIAN_POINT('',(-5.935213143534,-1.045987242005,
    32.091442104982));
#3290 = CARTESIAN_POINT('',(-5.85735415709,-1.426138620082,32.1093599506
    ));
#3291 = CARTESIAN_POINT('',(-5.751742502382,-1.799531134394,
    32.127277815261));
#3292 = CARTESIAN_POINT('',(-5.619070228052,-2.163847555896,
    32.145195668581));
#3293 = CARTESIAN_POINT('',(-5.460270747704,-2.516830487107,
    32.163113494761));
#3294 = CARTESIAN_POINT('',(-5.050617439629,-3.273598594686,
    32.203059121676));
#3295 = CARTESIAN_POINT('',(-4.786925969844,-3.670588705164,
    32.225091804348));
#3296 = CARTESIAN_POINT('',(-4.487691334847,-4.043141543651,
    32.247121497844));
#3297 = CARTESIAN_POINT('',(-4.155579358797,-4.387541092784,
    32.269147927725));
#3298 = CARTESIAN_POINT('',(-3.793663923948,-4.700477750945,
    32.291174576863));
#3299 = CARTESIAN_POINT('',(-3.405416108877,-4.979059615466,
    32.313204874426));
#3300 = CARTESIAN_POINT('',(-2.994693326709,-5.220823765832,
    32.335238384863));
#3301 = CARTESIAN_POINT('',(-1.917541277993,-5.730375445157,
    32.390553322301));
#3302 = CARTESIAN_POINT('',(-1.226557679987,-5.948906143034,
    32.423888359863));
#3303 = CARTESIAN_POINT('',(-0.508078661207,-6.071568097797,
    32.457200912302));
#3304 = CARTESIAN_POINT('',(0.222295075634,-6.095037091715,
    32.490498675787));
#3305 = CARTESIAN_POINT('',(0.9490164449,-6.018419688599,32.523794357554
    ));
#3306 = CARTESIAN_POINT('',(1.65665514146,-5.84376691839,32.557101882211
    ));
#3307 = CARTESIAN_POINT('',(2.329952623058,-5.575443502657,
    32.590435772184));
#3308 = CARTESIAN_POINT('',(3.643025319848,-4.832681467535,
    32.660459302571));
#3309 = CARTESIAN_POINT('',(4.274484997162,-4.338393855817,
    32.697266168362));
#3310 = CARTESIAN_POINT('',(4.827663482758,-3.750399921371,
    32.734029163509));
#3311 = CARTESIAN_POINT('',(5.287388613153,-3.083819648006,
    32.770773288126));
#3312 = CARTESIAN_POINT('',(5.641238338166,-2.355481833968,
    32.807520827333));
#3313 = CARTESIAN_POINT('',(5.880681020381,-1.58448241808,
    32.844288730615));
#3314 = CARTESIAN_POINT('',(6.,-0.791464926248,32.881100833464));
#3315 = CARTESIAN_POINT('',(6.,-9.769962616701E-15,32.917840390188));
#3316 = PCURVE('',#2989,#3317);
#3317 = DEFINITIONAL_REPRESENTATION('',(#3318),#3384);
#3318 = B_SPLINE_CURVE_WITH_KNOTS('',8,(#3319,#3320,#3321,#3322,#3323,
    #3324,#3325,#3326,#3327,#3328,#3329,#3330,#3331,#3332,#3333,#3334,
    #3335,#3336,#3337,#3338,#3339,#3340,#3341,#3342,#3343,#3344,#3345,
    #3346,#3347,#3348,#3349,#3350,#3351,#3352,#3353,#3354,#3355,#3356,
    #3357,#3358,#3359,#3360,#3361,#3362,#3363,#3364,#3365,#3366,#3367,
    #3368,#3369,#3370,#3371,#3372,#3373,#3374,#3375,#3376,#3377,#3378,
    #3379,#3380,#3381,#3382,#3383),.UNSPECIFIED.,.F.,.F.,(9,7,7,7,7,7,7,
    7,7,9),(0.,0.141116407047,0.2643820592,0.402016751782,0.438904881105
    ,0.497126161686,0.579062771336,0.679794214485,0.832004421402,1.),
  .UNSPECIFIED.);
#3319 = CARTESIAN_POINT('',(0.,-31.16783747041));
#3320 = CARTESIAN_POINT('',(-0.110784191586,-31.19869571185));
#3321 = CARTESIAN_POINT('',(-0.221689357914,-31.22958829382));
#3322 = CARTESIAN_POINT('',(-0.332530949329,-31.26046285338));
#3323 = CARTESIAN_POINT('',(-0.44332732176,-31.29132315044));
#3324 = CARTESIAN_POINT('',(-0.554119100053,-31.32217963297));
#3325 = CARTESIAN_POINT('',(-0.664947977763,-31.35304501817));
#3326 = CARTESIAN_POINT('',(-0.775842255664,-31.38392849225));
#3327 = CARTESIAN_POINT('',(-0.983423579342,-31.44174010944));
#3328 = CARTESIAN_POINT('',(-1.080249567975,-31.46870678248));
#3329 = CARTESIAN_POINT('',(-1.177040647784,-31.49566481473));
#3330 = CARTESIAN_POINT('',(-1.273807958809,-31.5226175767));
#3331 = CARTESIAN_POINT('',(-1.3705771015,-31.54957178973));
#3332 = CARTESIAN_POINT('',(-1.467372724708,-31.5765332045));
#3333 = CARTESIAN_POINT('',(-1.564203660412,-31.60350374909));
#3334 = CARTESIAN_POINT('',(-1.769043712072,-31.66055689344));
#3335 = CARTESIAN_POINT('',(-1.877190455381,-31.69067766148));
#3336 = CARTESIAN_POINT('',(-1.985283222385,-31.72078258141));
#3337 = CARTESIAN_POINT('',(-2.093344707553,-31.75087898816));
#3338 = CARTESIAN_POINT('',(-2.201411472516,-31.7809787622));
#3339 = CARTESIAN_POINT('',(-2.309517781203,-31.81109319531));
#3340 = CARTESIAN_POINT('',(-2.417676834979,-31.84121813504));
#3341 = CARTESIAN_POINT('',(-2.554688751764,-31.87937659329));
#3342 = CARTESIAN_POINT('',(-2.583649161196,-31.88744186366));
#3343 = CARTESIAN_POINT('',(-2.612611335339,-31.89550761402));
#3344 = CARTESIAN_POINT('',(-2.641575364571,-31.90357409335));
#3345 = CARTESIAN_POINT('',(-2.670540461806,-31.91164120279));
#3346 = CARTESIAN_POINT('',(-2.699504962501,-31.91970849559));
#3347 = CARTESIAN_POINT('',(-2.728466324647,-31.92777517712));
#3348 = CARTESIAN_POINT('',(-2.803121081753,-31.9485691435));
#3349 = CARTESIAN_POINT('',(-2.848829831068,-31.96130052016));
#3350 = CARTESIAN_POINT('',(-2.894542497768,-31.97403274188));
#3351 = CARTESIAN_POINT('',(-2.940255717935,-31.98676481474));
#3352 = CARTESIAN_POINT('',(-2.985967642683,-31.99949624384));
#3353 = CARTESIAN_POINT('',(-3.031677938164,-32.0122270333));
#3354 = CARTESIAN_POINT('',(-3.077387785563,-32.02495768631));
#3355 = CARTESIAN_POINT('',(-3.187431927578,-32.05560666536));
#3356 = CARTESIAN_POINT('',(-3.251763287403,-32.07352432338));
#3357 = CARTESIAN_POINT('',(-3.316093910267,-32.09144210498));
#3358 = CARTESIAN_POINT('',(-3.380423927563,-32.1093599506));
#3359 = CARTESIAN_POINT('',(-3.444753652383,-32.12727781526));
#3360 = CARTESIAN_POINT('',(-3.509083579524,-32.14519566858));
#3361 = CARTESIAN_POINT('',(-3.573414385481,-32.16311349476));
#3362 = CARTESIAN_POINT('',(-3.716836238134,-32.20305912167));
#3363 = CARTESIAN_POINT('',(-3.795945131264,-32.22509180434));
#3364 = CARTESIAN_POINT('',(-3.875045732303,-32.24712149784));
#3365 = CARTESIAN_POINT('',(-3.954136012412,-32.26914792772));
#3366 = CARTESIAN_POINT('',(-4.033226774636,-32.29117457686));
#3367 = CARTESIAN_POINT('',(-4.112328639096,-32.31320487442));
#3368 = CARTESIAN_POINT('',(-4.191439028169,-32.33523838486));
#3369 = CARTESIAN_POINT('',(-4.390038251198,-32.3905533223));
#3370 = CARTESIAN_POINT('',(-4.509715989253,-32.42388835986));
#3371 = CARTESIAN_POINT('',(-4.629307152429,-32.4572009123));
#3372 = CARTESIAN_POINT('',(-4.748844010795,-32.49049867578));
#3373 = CARTESIAN_POINT('',(-4.868381833664,-32.52379435755));
#3374 = CARTESIAN_POINT('',(-4.987972027607,-32.55710188221));
#3375 = CARTESIAN_POINT('',(-5.107662409009,-32.59043577218));
#3376 = CARTESIAN_POINT('',(-5.359094714228,-32.66045930257));
#3377 = CARTESIAN_POINT('',(-5.49125777112,-32.69726616836));
#3378 = CARTESIAN_POINT('',(-5.623258571595,-32.73402916351));
#3379 = CARTESIAN_POINT('',(-5.755180010066,-32.77077328812));
#3380 = CARTESIAN_POINT('',(-5.887102784984,-32.80752082733));
#3381 = CARTESIAN_POINT('',(-6.019105829888,-32.84428873061));
#3382 = CARTESIAN_POINT('',(-6.151274486138,-32.88110083346));
#3383 = CARTESIAN_POINT('',(-6.28318530718,-32.91784039018));
#3384 = ( GEOMETRIC_REPRESENTATION_CONTEXT(2) 
PARAMETRIC_REPRESENTATION_CONTEXT() REPRESENTATION_CONTEXT('2D SPACE',''
  ) );
#3385 = PCURVE('',#3229,#3386);
#3386 = DEFINITIONAL_REPRESENTATION('',(#3387),#3453);
#3387 = B_SPLINE_CURVE_WITH_KNOTS('',8,(#3388,#3389,#3390,#3391,#3392,
    #3393,#3394,#3395,#3396,#3397,#3398,#3399,#3400,#3401,#3402,#3403,
    #3404,#3405,#3406,#3407,#3408,#3409,#3410,#3411,#3412,#3413,#3414,
    #3415,#3416,#3417,#3418,#3419,#3420,#3421,#3422,#3423,#3424,#3425,
    #3426,#3427,#3428,#3429,#3430,#3431,#3432,#3433,#3434,#3435,#3436,
    #3437,#3438,#3439,#3440,#3441,#3442,#3443,#3444,#3445,#3446,#3447,
    #3448,#3449,#3450,#3451,#3452),.UNSPECIFIED.,.F.,.F.,(9,7,7,7,7,7,7,
    7,7,9),(0.,0.141116407047,0.2643820592,0.402016751782,0.438904881105
    ,0.497126161686,0.579062771336,0.679794214485,0.832004421402,1.),
  .UNSPECIFIED.);
#3388 = CARTESIAN_POINT('',(0.,-31.16783747041));
#3389 = CARTESIAN_POINT('',(-0.110784191586,-31.19869571185));
#3390 = CARTESIAN_POINT('',(-0.221689357914,-31.22958829382));
#3391 = CARTESIAN_POINT('',(-0.332530949329,-31.26046285338));
#3392 = CARTESIAN_POINT('',(-0.44332732176,-31.29132315044));
#3393 = CARTESIAN_POINT('',(-0.554119100053,-31.32217963297));
#3394 = CARTESIAN_POINT('',(-0.664947977763,-31.35304501817));
#3395 = CARTESIAN_POINT('',(-0.775842255664,-31.38392849225));
#3396 = CARTESIAN_POINT('',(-0.983423579342,-31.44174010944));
#3397 = CARTESIAN_POINT('',(-1.080249567975,-31.46870678248));
#3398 = CARTESIAN_POINT('',(-1.177040647784,-31.49566481473));
#3399 = CARTESIAN_POINT('',(-1.273807958809,-31.5226175767));
#3400 = CARTESIAN_POINT('',(-1.3705771015,-31.54957178973));
#3401 = CARTESIAN_POINT('',(-1.467372724708,-31.5765332045));
#3402 = CARTESIAN_POINT('',(-1.564203660412,-31.60350374909));
#3403 = CARTESIAN_POINT('',(-1.769043712072,-31.66055689344));
#3404 = CARTESIAN_POINT('',(-1.877190455381,-31.69067766148));
#3405 = CARTESIAN_POINT('',(-1.985283222385,-31.72078258141));
#3406 = CARTESIAN_POINT('',(-2.093344707553,-31.75087898816));
#3407 = CARTESIAN_POINT('',(-2.201411472516,-31.7809787622));
#3408 = CARTESIAN_POINT('',(-2.309517781203,-31.81109319531));
#3409 = CARTESIAN_POINT('',(-2.417676834979,-31.84121813504));
#3410 = CARTESIAN_POINT('',(-2.554688751764,-31.87937659329));
#3411 = CARTESIAN_POINT('',(-2.583649161196,-31.88744186366));
#3412 = CARTESIAN_POINT('',(-2.612611335339,-31.89550761402));
#3413 = CARTESIAN_POINT('',(-2.641575364571,-31.90357409335));
#3414 = CARTESIAN_POINT('',(-2.670540461806,-31.91164120279));
#3415 = CARTESIAN_POINT('',(-2.699504962501,-31.91970849559));
#3416 = CARTESIAN_POINT('',(-2.728466324647,-31.92777517712));
#3417 = CARTESIAN_POINT('',(-2.803121081753,-31.9485691435));
#3418 = CARTESIAN_POINT('',(-2.848829831068,-31.96130052016));
#3419 = CARTESIAN_POINT('',(-2.894542497768,-31.97403274188));
#3420 = CARTESIAN_POINT('',(-2.940255717935,-31.98676481474));
#3421 = CARTESIAN_POINT('',(-2.985967642683,-31.99949624384));
#3422 = CARTESIAN_POINT('',(-3.031677938164,-32.0122270333));
#3423 = CARTESIAN_POINT('',(-3.077387785563,-32.02495768631));
#3424 = CARTESIAN_POINT('',(-3.187431927578,-32.05560666536));
#3425 = CARTESIAN_POINT('',(-3.251763287403,-32.07352432338));
#3426 = CARTESIAN_POINT('',(-3.316093910267,-32.09144210498));
#3427 = CARTESIAN_POINT('',(-3.380423927563,-32.1093599506));
#3428 = CARTESIAN_POINT('',(-3.444753652383,-32.12727781526));
#3429 = CARTESIAN_POINT('',(-3.509083579524,-32.14519566858));
#3430 = CARTESIAN_POINT('',(-3.573414385481,-32.16311349476));
#3431 = CARTESIAN_POINT('',(-3.716836238134,-32.20305912167));
#3432 = CARTESIAN_POINT('',(-3.795945131264,-32.22509180434));
#3433 = CARTESIAN_POINT('',(-3.875045732303,-32.24712149784));
#3434 = CARTESIAN_POINT('',(-3.954136012412,-32.26914792772));
#3435 = CARTESIAN_POINT('',(-4.033226774636,-32.29117457686));
#3436 = CARTESIAN_POINT('',(-4.112328639096,-32.31320487442));
#3437 = CARTESIAN_POINT('',(-4.191439028169,-32.33523838486));
#3438 = CARTESIAN_POINT('',(-4.390038251198,-32.3905533223));
#3439 = CARTESIAN_POINT('',(-4.509715989253,-32.42388835986));
#3440 = CARTESIAN_POINT('',(-4.629307152429,-32.4572009123));
#3441 = CARTESIAN_POINT('',(-4.748844010795,-32.49049867578));
#3442 = CARTESIAN_POINT('',(-4.868381833664,-32.52379435755));
#3443 = CARTESIAN_POINT('',(-4.987972027607,-32.55710188221));
#3444 = CARTESIAN_POINT('',(-5.107662409009,-32.59043577218));
#3445 = CARTESIAN_POINT('',(-5.359094714228,-32.66045930257));
#3446 = CARTESIAN_POINT('',(-5.49125777112,-32.69726616836));
#3447 = CARTESIAN_POINT('',(-5.623258571595,-32.73402916351));
#3448 = CARTESIAN_POINT('',(-5.755180010066,-32.77077328812));
#3449 = CARTESIAN_POINT('',(-5.887102784984,-32.80752082733));
#3450 = CARTESIAN_POINT('',(-6.019105829888,-32.84428873061));
#3451 = CARTESIAN_POINT('',(-6.151274486138,-32.88110083346));
#3452 = CARTESIAN_POINT('',(-6.28318530718,-32.91784039018));
#3453 = ( GEOMETRIC_REPRESENTATION_CONTEXT(2) 
PARAMETRIC_REPRESENTATION_CONTEXT() REPRESENTATION_CONTEXT('2D SPACE',''
  ) );
#3454 = ORIENTED_EDGE('',*,*,#3455,.F.);
#3455 = EDGE_CURVE('',#3007,#3247,#3456,.T.);
#3456 = SURFACE_CURVE('',#3457,(#3461,#3468),.PCURVE_S1.);
#3457 = LINE('',#3458,#3459);
#3458 = CARTESIAN_POINT('',(6.,0.,0.));
#3459 = VECTOR('',#3460,1.);
#3460 = DIRECTION('',(0.,0.,1.));
#3461 = PCURVE('',#2989,#3462);
#3462 = DEFINITIONAL_REPRESENTATION('',(#3463),#3467);
#3463 = LINE('',#3464,#3465);
#3464 = CARTESIAN_POINT('',(-6.28318530718,0.));
#3465 = VECTOR('',#3466,1.);
#3466 = DIRECTION('',(-0.,-1.));
#3467 = ( GEOMETRIC_REPRESENTATION_CONTEXT(2) 
PARAMETRIC_REPRESENTATION_CONTEXT() REPRESENTATION_CONTEXT('2D SPACE',''
  ) );
#3468 = PCURVE('',#3469,#3474);
#3469 = CYLINDRICAL_SURFACE('',#3470,6.);
#3470 = AXIS2_PLACEMENT_3D('',#3471,#3472,#3473);
#3471 = CARTESIAN_POINT('',(0.,0.,0.));
#3472 = DIRECTION('',(-0.,-0.,-1.));
#3473 = DIRECTION('',(1.,0.,0.));
#3474 = DEFINITIONAL_REPRESENTATION('',(#3475),#3479);
#3475 = LINE('',#3476,#3477);
#3476 = CARTESIAN_POINT('',(-0.,0.));
#3477 = VECTOR('',#3478,1.);
#3478 = DIRECTION('',(-0.,-1.));
#3479 = ( GEOMETRIC_REPRESENTATION_CONTEXT(2) 
PARAMETRIC_REPRESENTATION_CONTEXT() REPRESENTATION_CONTEXT('2D SPACE',''
  ) );
#3480 = ADVANCED_FACE('',(#3481),#3229,.T.);
#3481 = FACE_BOUND('',#3482,.F.);
#3482 = EDGE_LOOP('',(#3483,#3484,#3485,#3715));
#3483 = ORIENTED_EDGE('',*,*,#3246,.F.);
#3484 = ORIENTED_EDGE('',*,*,#3215,.T.);
#3485 = ORIENTED_EDGE('',*,*,#3486,.T.);
#3486 = EDGE_CURVE('',#3007,#3487,#3489,.T.);
#3487 = VERTEX_POINT('',#3488);
#3488 = CARTESIAN_POINT('',(6.,0.,33.332159783203));
#3489 = SURFACE_CURVE('',#3490,(#3563,#3639),.PCURVE_S1.);
#3490 = B_SPLINE_CURVE_WITH_KNOTS('',8,(#3491,#3492,#3493,#3494,#3495,
    #3496,#3497,#3498,#3499,#3500,#3501,#3502,#3503,#3504,#3505,#3506,
    #3507,#3508,#3509,#3510,#3511,#3512,#3513,#3514,#3515,#3516,#3517,
    #3518,#3519,#3520,#3521,#3522,#3523,#3524,#3525,#3526,#3527,#3528,
    #3529,#3530,#3531,#3532,#3533,#3534,#3535,#3536,#3537,#3538,#3539,
    #3540,#3541,#3542,#3543,#3544,#3545,#3546,#3547,#3548,#3549,#3550,
    #3551,#3552,#3553,#3554,#3555,#3556,#3557,#3558,#3559,#3560,#3561,
    #3562),.UNSPECIFIED.,.F.,.F.,(9,7,7,7,7,7,7,7,7,7,9),(0.,
    7.030450899208E-02,0.149910965766,0.191987097746,0.328189011183,
    0.442348174535,0.604344814747,0.74779697738,0.854659280656,
    0.918628908817,1.),.UNSPECIFIED.);
#3491 = CARTESIAN_POINT('',(6.,4.440892098501E-15,31.582158303066));
#3492 = CARTESIAN_POINT('',(6.,0.331129834811,31.59752947482));
#3493 = CARTESIAN_POINT('',(5.979114885577,0.662303124164,
    31.612902919046));
#3494 = CARTESIAN_POINT('',(5.937335003456,0.991956856557,
    31.628277425829));
#3495 = CARTESIAN_POINT('',(5.874795625219,1.318549278534,31.64365261711
    ));
#3496 = CARTESIAN_POINT('',(5.791765300659,1.640558865403,
    31.659028426611));
#3497 = CARTESIAN_POINT('',(5.688644605801,1.956485617272,
    31.674404500525));
#3498 = CARTESIAN_POINT('',(5.565975285587,2.264854680427,
    31.689779518987));
#3499 = CARTESIAN_POINT('',(5.264220465979,2.903199058597,
    31.722555074819));
#3500 = CARTESIAN_POINT('',(5.079721748847,3.230837870561,31.73996497185
    ));
#3501 = CARTESIAN_POINT('',(4.871948822327,3.54498994016,31.757373733819
    ));
#3502 = CARTESIAN_POINT('',(4.642093558633,3.843703754903,
    31.774780218802));
#3503 = CARTESIAN_POINT('',(4.391514403105,4.125198790584,
    31.792185766645));
#3504 = CARTESIAN_POINT('',(4.121711752904,4.387850861972,
    31.809592104383));
#3505 = CARTESIAN_POINT('',(3.834318831016,4.63018911316,31.826999928957
    ));
#3506 = CARTESIAN_POINT('',(3.370845469775,4.967564229411,
    31.853609322017));
#3507 = CARTESIAN_POINT('',(3.206193202675,5.078161653977,
    31.862809262255));
#3508 = CARTESIAN_POINT('',(3.037398064779,5.182520629072,31.87200955668
    ));
#3509 = CARTESIAN_POINT('',(2.864723361154,5.280467008647,
    31.881211081445));
#3510 = CARTESIAN_POINT('',(2.688450940458,5.371832688664,
    31.890414013588));
#3511 = CARTESIAN_POINT('',(2.508883244004,5.456459502931,
    31.899617824517));
#3512 = CARTESIAN_POINT('',(2.326345354815,5.534203118946,
    31.908821273485));
#3513 = CARTESIAN_POINT('',(1.541823115902,5.833904770483,31.94780677345
    ));
#3514 = CARTESIAN_POINT('',(0.913892774988,5.989846459853,
    31.977621691633));
#3515 = CARTESIAN_POINT('',(0.268597952267,6.068197586092,
    32.007423170129));
#3516 = CARTESIAN_POINT('',(-0.382818264882,6.067086321629,
    32.037211566065));
#3517 = CARTESIAN_POINT('',(-1.029201039063,5.98630561833,
    32.066999759796));
#3518 = CARTESIAN_POINT('',(-1.659519035417,5.827477322806,
    32.096798253998));
#3519 = CARTESIAN_POINT('',(-2.262896892876,5.593842238096,
    32.126612745928));
#3520 = CARTESIAN_POINT('',(-3.303114500046,5.037728777206,
    32.181369532041));
#3521 = CARTESIAN_POINT('',(-3.751733343153,4.735410217831,
    32.206352608921));
#3522 = CARTESIAN_POINT('',(-4.168402910684,4.387567864609,
    32.231329910187));
#3523 = CARTESIAN_POINT('',(-4.547776208657,3.998273754662,
    32.25629987163));
#3524 = CARTESIAN_POINT('',(-4.885225947607,3.572199233588,
    32.281266341782));
#3525 = CARTESIAN_POINT('',(-5.176771371887,3.114536972578,
    32.306234613534));
#3526 = CARTESIAN_POINT('',(-5.41913137798,2.631037773594,
    32.331208037342));
#3527 = CARTESIAN_POINT('',(-5.880653160204,1.414413647068,
    32.391606065264));
#3528 = CARTESIAN_POINT('',(-6.048070677068,0.660179364097,
    32.427094590675));
#3529 = CARTESIAN_POINT('',(-6.104157940006,-0.115268246591,
    32.462547139257));
#3530 = CARTESIAN_POINT('',(-6.046853705954,-0.89284051788,
    32.497983324056));
#3531 = CARTESIAN_POINT('',(-5.876989425675,-1.653796298783,
    32.533423130494));
#3532 = CARTESIAN_POINT('',(-5.599185103634,-2.379953921975,
    32.56888245992));
#3533 = CARTESIAN_POINT('',(-5.220917307645,-3.05362971591,
    32.604377690143));
#3534 = CARTESIAN_POINT('',(-4.34332203407,-4.19433281557,
    32.671188224814));
#3535 = CARTESIAN_POINT('',(-3.861752216537,-4.677563450037,
    32.702597213423));
#3536 = CARTESIAN_POINT('',(-3.319171798636,-5.096852100624,
    32.733986155128));
#3537 = CARTESIAN_POINT('',(-2.725746240609,-5.44362267091,
    32.765362710984));
#3538 = CARTESIAN_POINT('',(-2.092577402485,-5.711039743908,
    32.796740915073));
#3539 = CARTESIAN_POINT('',(-1.431788792041,-5.894300055533,
    32.828133703697));
#3540 = CARTESIAN_POINT('',(-0.756348837929,-5.990393484573,
    32.859545918012));
#3541 = CARTESIAN_POINT('',(0.422993087509,-6.006214283484,
    32.914297855394));
#3542 = CARTESIAN_POINT('',(0.927231095347,-5.964681692336,
    32.937677346348));
#3543 = CARTESIAN_POINT('',(1.426627856212,-5.874751883229,32.9610521416
    ));
#3544 = CARTESIAN_POINT('',(1.915783099576,-5.737139208845,
    32.984423173513));
#3545 = CARTESIAN_POINT('',(2.389494956343,-5.553229844258,33.0077939123
    ));
#3546 = CARTESIAN_POINT('',(2.842754695922,-5.325033478536,
    33.031169303806));
#3547 = CARTESIAN_POINT('',(3.270777641935,-5.055240348674,
    33.054551431629));
#3548 = CARTESIAN_POINT('',(3.907553222582,-4.563096172802,
    33.091911036292));
#3549 = CARTESIAN_POINT('',(4.135400208197,-4.365144555223,
    33.105897252761));
#3550 = CARTESIAN_POINT('',(4.351742405328,-4.154223570505,
    33.119882836543));
#3551 = CARTESIAN_POINT('',(4.555735232929,-3.931100162382,
    33.133869528872));
#3552 = CARTESIAN_POINT('',(4.746594680222,-3.696613996869,33.147858005)
  );
#3553 = CARTESIAN_POINT('',(4.923597306692,-3.451677462261,
    33.161847874191));
#3554 = CARTESIAN_POINT('',(5.086080242089,-3.197275669134,
    33.175837679725));
#3555 = CARTESIAN_POINT('',(5.420888279426,-2.600166040587,
    33.207617018679));
#3556 = CARTESIAN_POINT('',(5.583945901609,-2.252144921526,
    33.225409584459));
#3557 = CARTESIAN_POINT('',(5.721423256335,-1.892538708634,
    33.243202346046));
#3558 = CARTESIAN_POINT('',(5.832366287879,-1.52354762055,
    33.260995045376));
#3559 = CARTESIAN_POINT('',(5.916057681439,-1.147436479085,
    33.278787416508));
#3560 = CARTESIAN_POINT('',(5.972016863133,-0.766534709213,
    33.296579185629));
#3561 = CARTESIAN_POINT('',(6.,-0.383236339081,33.314370071049));
#3562 = CARTESIAN_POINT('',(6.,-4.440892098501E-15,33.332159783203));
#3563 = PCURVE('',#3229,#3564);
#3564 = DEFINITIONAL_REPRESENTATION('',(#3565),#3638);
#3565 = B_SPLINE_CURVE_WITH_KNOTS('',8,(#3566,#3567,#3568,#3569,#3570,
    #3571,#3572,#3573,#3574,#3575,#3576,#3577,#3578,#3579,#3580,#3581,
    #3582,#3583,#3584,#3585,#3586,#3587,#3588,#3589,#3590,#3591,#3592,
    #3593,#3594,#3595,#3596,#3597,#3598,#3599,#3600,#3601,#3602,#3603,
    #3604,#3605,#3606,#3607,#3608,#3609,#3610,#3611,#3612,#3613,#3614,
    #3615,#3616,#3617,#3618,#3619,#3620,#3621,#3622,#3623,#3624,#3625,
    #3626,#3627,#3628,#3629,#3630,#3631,#3632,#3633,#3634,#3635,#3636,
    #3637),.UNSPECIFIED.,.F.,.F.,(9,7,7,7,7,7,7,7,7,7,9),(0.,
    7.030450899208E-02,0.149910965766,0.191987097746,0.328189011183,
    0.442348174535,0.604344814747,0.74779697738,0.854659280656,
    0.918628908817,1.),.UNSPECIFIED.);
#3566 = CARTESIAN_POINT('',(0.,-31.58215830306));
#3567 = CARTESIAN_POINT('',(-5.518830580186E-02,-31.59752947482));
#3568 = CARTESIAN_POINT('',(-0.110383812303,-31.61290291904));
#3569 = CARTESIAN_POINT('',(-0.165582351818,-31.62827742582));
#3570 = CARTESIAN_POINT('',(-0.220783043985,-31.64365261711));
#3571 = CARTESIAN_POINT('',(-0.275986267135,-31.65902842661));
#3572 = CARTESIAN_POINT('',(-0.331191306915,-31.67440450052));
#3573 = CARTESIAN_POINT('',(-0.386393682146,-31.68977951898));
#3574 = CARTESIAN_POINT('',(-0.504072566815,-31.72255507481));
#3575 = CARTESIAN_POINT('',(-0.566582456576,-31.73996497185));
#3576 = CARTESIAN_POINT('',(-0.629090136075,-31.75737373381));
#3577 = CARTESIAN_POINT('',(-0.691588754178,-31.7747802188));
#3578 = CARTESIAN_POINT('',(-0.754080186142,-31.79218576664));
#3579 = CARTESIAN_POINT('',(-0.8165703201,-31.80959210438));
#3580 = CARTESIAN_POINT('',(-0.879065733613,-31.82699992895));
#3581 = CARTESIAN_POINT('',(-0.974609430081,-31.85360932201));
#3582 = CARTESIAN_POINT('',(-1.007644018453,-31.86280926225));
#3583 = CARTESIAN_POINT('',(-1.040679801757,-31.87200955668));
#3584 = CARTESIAN_POINT('',(-1.073719231015,-31.88121108144));
#3585 = CARTESIAN_POINT('',(-1.106762727468,-31.89041401358));
#3586 = CARTESIAN_POINT('',(-1.139808478074,-31.89961782451));
#3587 = CARTESIAN_POINT('',(-1.172852231024,-31.90882127348));
#3588 = CARTESIAN_POINT('',(-1.312822091201,-31.94780677345));
#3589 = CARTESIAN_POINT('',(-1.419861123485,-31.97762169163));
#3590 = CARTESIAN_POINT('',(-1.526853156195,-32.00742317012));
#3591 = CARTESIAN_POINT('',(-1.633810208524,-32.03721156606));
#3592 = CARTESIAN_POINT('',(-1.740766649999,-32.06699975979));
#3593 = CARTESIAN_POINT('',(-1.847756585027,-32.09679825399));
#3594 = CARTESIAN_POINT('',(-1.954799830501,-32.12661274592));
#3595 = CARTESIAN_POINT('',(-2.151389847461,-32.18136953204));
#3596 = CARTESIAN_POINT('',(-2.241083651288,-32.20635260892));
#3597 = CARTESIAN_POINT('',(-2.330756349057,-32.23132991018));
#3598 = CARTESIAN_POINT('',(-2.420404704465,-32.25629987163));
#3599 = CARTESIAN_POINT('',(-2.510044428086,-32.28126634178));
#3600 = CARTESIAN_POINT('',(-2.599694667978,-32.30623461353));
#3601 = CARTESIAN_POINT('',(-2.689365762697,-32.33120803734));
#3602 = CARTESIAN_POINT('',(-2.906235963298,-32.39160606526));
#3603 = CARTESIAN_POINT('',(-3.033665136841,-32.42709459067));
#3604 = CARTESIAN_POINT('',(-3.160961006121,-32.46254713925));
#3605 = CARTESIAN_POINT('',(-3.288187156026,-32.49798332405));
#3606 = CARTESIAN_POINT('',(-3.415414044522,-32.53342313049));
#3607 = CARTESIAN_POINT('',(-3.542711150389,-32.56888245992));
#3608 = CARTESIAN_POINT('',(-3.670143396614,-32.60437769014));
#3609 = CARTESIAN_POINT('',(-3.910014717776,-32.67118822481));
#3610 = CARTESIAN_POINT('',(-4.022788631249,-32.70259721342));
#3611 = CARTESIAN_POINT('',(-4.135496541025,-32.73398615512));
#3612 = CARTESIAN_POINT('',(-4.248163355355,-32.76536271098));
#3613 = CARTESIAN_POINT('',(-4.360831274009,-32.79674091507));
#3614 = CARTESIAN_POINT('',(-4.473542512598,-32.82813370369));
#3615 = CARTESIAN_POINT('',(-4.586320303126,-32.85954591801));
#3616 = CARTESIAN_POINT('',(-4.782894976157,-32.91429785539));
#3617 = CARTESIAN_POINT('',(-4.866834257029,-32.93767734634));
#3618 = CARTESIAN_POINT('',(-4.950759036973,-32.9610521416));
#3619 = CARTESIAN_POINT('',(-5.034673441436,-32.98442317351));
#3620 = CARTESIAN_POINT('',(-5.118590111252,-33.0077939123));
#3621 = CARTESIAN_POINT('',(-5.202520086051,-33.0311693038));
#3622 = CARTESIAN_POINT('',(-5.286461453973,-33.05455143162));
#3623 = CARTESIAN_POINT('',(-5.420593336622,-33.09191103629));
#3624 = CARTESIAN_POINT('',(-5.470813461433,-33.10589725276));
#3625 = CARTESIAN_POINT('',(-5.521032911815,-33.11988283654));
#3626 = CARTESIAN_POINT('',(-5.571255236292,-33.13386952887));
#3627 = CARTESIAN_POINT('',(-5.621481382439,-33.147858005));
#3628 = CARTESIAN_POINT('',(-5.671709696883,-33.16184787419));
#3629 = CARTESIAN_POINT('',(-5.721935925307,-33.17583767972));
#3630 = CARTESIAN_POINT('',(-5.836030955188,-33.20761701867));
#3631 = CARTESIAN_POINT('',(-5.899909958179,-33.22540958445));
#3632 = CARTESIAN_POINT('',(-5.963790403451,-33.24320234604));
#3633 = CARTESIAN_POINT('',(-6.027671968349,-33.26099504537));
#3634 = CARTESIAN_POINT('',(-6.091553825535,-33.2787874165));
#3635 = CARTESIAN_POINT('',(-6.155434642988,-33.29657918562));
#3636 = CARTESIAN_POINT('',(-6.219312584,-33.31437007104));
#3637 = CARTESIAN_POINT('',(-6.28318530718,-33.3321597832));
#3638 = ( GEOMETRIC_REPRESENTATION_CONTEXT(2) 
PARAMETRIC_REPRESENTATION_CONTEXT() REPRESENTATION_CONTEXT('2D SPACE',''
  ) );
#3639 = PCURVE('',#3469,#3640);
#3640 = DEFINITIONAL_REPRESENTATION('',(#3641),#3714);
#3641 = B_SPLINE_CURVE_WITH_KNOTS('',8,(#3642,#3643,#3644,#3645,#3646,
    #3647,#3648,#3649,#3650,#3651,#3652,#3653,#3654,#3655,#3656,#3657,
    #3658,#3659,#3660,#3661,#3662,#3663,#3664,#3665,#3666,#3667,#3668,
    #3669,#3670,#3671,#3672,#3673,#3674,#3675,#3676,#3677,#3678,#3679,
    #3680,#3681,#3682,#3683,#3684,#3685,#3686,#3687,#3688,#3689,#3690,
    #3691,#3692,#3693,#3694,#3695,#3696,#3697,#3698,#3699,#3700,#3701,
    #3702,#3703,#3704,#3705,#3706,#3707,#3708,#3709,#3710,#3711,#3712,
    #3713),.UNSPECIFIED.,.F.,.F.,(9,7,7,7,7,7,7,7,7,7,9),(0.,
    7.030450899208E-02,0.149910965766,0.191987097746,0.328189011183,
    0.442348174535,0.604344814747,0.74779697738,0.854659280656,
    0.918628908817,1.),.UNSPECIFIED.);
#3642 = CARTESIAN_POINT('',(0.,-31.58215830306));
#3643 = CARTESIAN_POINT('',(-5.518830580186E-02,-31.59752947482));
#3644 = CARTESIAN_POINT('',(-0.110383812303,-31.61290291904));
#3645 = CARTESIAN_POINT('',(-0.165582351818,-31.62827742582));
#3646 = CARTESIAN_POINT('',(-0.220783043985,-31.64365261711));
#3647 = CARTESIAN_POINT('',(-0.275986267135,-31.65902842661));
#3648 = CARTESIAN_POINT('',(-0.331191306915,-31.67440450052));
#3649 = CARTESIAN_POINT('',(-0.386393682146,-31.68977951898));
#3650 = CARTESIAN_POINT('',(-0.504072566815,-31.72255507481));
#3651 = CARTESIAN_POINT('',(-0.566582456576,-31.73996497185));
#3652 = CARTESIAN_POINT('',(-0.629090136075,-31.75737373381));
#3653 = CARTESIAN_POINT('',(-0.691588754178,-31.7747802188));
#3654 = CARTESIAN_POINT('',(-0.754080186142,-31.79218576664));
#3655 = CARTESIAN_POINT('',(-0.8165703201,-31.80959210438));
#3656 = CARTESIAN_POINT('',(-0.879065733613,-31.82699992895));
#3657 = CARTESIAN_POINT('',(-0.974609430081,-31.85360932201));
#3658 = CARTESIAN_POINT('',(-1.007644018453,-31.86280926225));
#3659 = CARTESIAN_POINT('',(-1.040679801757,-31.87200955668));
#3660 = CARTESIAN_POINT('',(-1.073719231015,-31.88121108144));
#3661 = CARTESIAN_POINT('',(-1.106762727468,-31.89041401358));
#3662 = CARTESIAN_POINT('',(-1.139808478074,-31.89961782451));
#3663 = CARTESIAN_POINT('',(-1.172852231024,-31.90882127348));
#3664 = CARTESIAN_POINT('',(-1.312822091201,-31.94780677345));
#3665 = CARTESIAN_POINT('',(-1.419861123485,-31.97762169163));
#3666 = CARTESIAN_POINT('',(-1.526853156195,-32.00742317012));
#3667 = CARTESIAN_POINT('',(-1.633810208524,-32.03721156606));
#3668 = CARTESIAN_POINT('',(-1.740766649999,-32.06699975979));
#3669 = CARTESIAN_POINT('',(-1.847756585027,-32.09679825399));
#3670 = CARTESIAN_POINT('',(-1.954799830501,-32.12661274592));
#3671 = CARTESIAN_POINT('',(-2.151389847461,-32.18136953204));
#3672 = CARTESIAN_POINT('',(-2.241083651288,-32.20635260892));
#3673 = CARTESIAN_POINT('',(-2.330756349057,-32.23132991018));
#3674 = CARTESIAN_POINT('',(-2.420404704465,-32.25629987163));
#3675 = CARTESIAN_POINT('',(-2.510044428086,-32.28126634178));
#3676 = CARTESIAN_POINT('',(-2.599694667978,-32.30623461353));
#3677 = CARTESIAN_POINT('',(-2.689365762697,-32.33120803734));
#3678 = CARTESIAN_POINT('',(-2.906235963298,-32.39160606526));
#3679 = CARTESIAN_POINT('',(-3.033665136841,-32.42709459067));
#3680 = CARTESIAN_POINT('',(-3.160961006121,-32.46254713925));
#3681 = CARTESIAN_POINT('',(-3.288187156026,-32.49798332405));
#3682 = CARTESIAN_POINT('',(-3.415414044522,-32.53342313049));
#3683 = CARTESIAN_POINT('',(-3.542711150389,-32.56888245992));
#3684 = CARTESIAN_POINT('',(-3.670143396614,-32.60437769014));
#3685 = CARTESIAN_POINT('',(-3.910014717776,-32.67118822481));
#3686 = CARTESIAN_POINT('',(-4.022788631249,-32.70259721342));
#3687 = CARTESIAN_POINT('',(-4.135496541025,-32.73398615512));
#3688 = CARTESIAN_POINT('',(-4.248163355355,-32.76536271098));
#3689 = CARTESIAN_POINT('',(-4.360831274009,-32.79674091507));
#3690 = CARTESIAN_POINT('',(-4.473542512598,-32.82813370369));
#3691 = CARTESIAN_POINT('',(-4.586320303126,-32.85954591801));
#3692 = CARTESIAN_POINT('',(-4.782894976157,-32.91429785539));
#3693 = CARTESIAN_POINT('',(-4.866834257029,-32.93767734634));
#3694 = CARTESIAN_POINT('',(-4.950759036973,-32.9610521416));
#3695 = CARTESIAN_POINT('',(-5.034673441436,-32.98442317351));
#3696 = CARTESIAN_POINT('',(-5.118590111252,-33.0077939123));
#3697 = CARTESIAN_POINT('',(-5.202520086051,-33.0311693038));
#3698 = CARTESIAN_POINT('',(-5.286461453973,-33.05455143162));
#3699 = CARTESIAN_POINT('',(-5.420593336622,-33.09191103629));
#3700 = CARTESIAN_POINT('',(-5.470813461433,-33.10589725276));
#3701 = CARTESIAN_POINT('',(-5.521032911815,-33.11988283654));
#3702 = CARTESIAN_POINT('',(-5.571255236292,-33.13386952887));
#3703 = CARTESIAN_POINT('',(-5.621481382439,-33.147858005));
#3704 = CARTESIAN_POINT('',(-5.671709696883,-33.16184787419));
#3705 = CARTESIAN_POINT('',(-5.721935925307,-33.17583767972));
#3706 = CARTESIAN_POINT('',(-5.836030955188,-33.20761701867));
#3707 = CARTESIAN_POINT('',(-5.899909958179,-33.22540958445));
#3708 = CARTESIAN_POINT('',(-5.963790403451,-33.24320234604));
#3709 = CARTESIAN_POINT('',(-6.027671968349,-33.26099504537));
#3710 = CARTESIAN_POINT('',(-6.091553825535,-33.2787874165));
#3711 = CARTESIAN_POINT('',(-6.155434642988,-33.29657918562));
#3712 = CARTESIAN_POINT('',(-6.219312584,-33.31437007104));
#3713 = CARTESIAN_POINT('',(-6.28318530718,-33.3321597832));
#3714 = ( GEOMETRIC_REPRESENTATION_CONTEXT(2) 
PARAMETRIC_REPRESENTATION_CONTEXT() REPRESENTATION_CONTEXT('2D SPACE',''
  ) );
#3715 = ORIENTED_EDGE('',*,*,#3716,.F.);
#3716 = EDGE_CURVE('',#3247,#3487,#3717,.T.);
#3717 = SURFACE_CURVE('',#3718,(#3722,#3729),.PCURVE_S1.);
#3718 = LINE('',#3719,#3720);
#3719 = CARTESIAN_POINT('',(6.,0.,0.));
#3720 = VECTOR('',#3721,1.);
#3721 = DIRECTION('',(0.,0.,1.));
#3722 = PCURVE('',#3229,#3723);
#3723 = DEFINITIONAL_REPRESENTATION('',(#3724),#3728);
#3724 = LINE('',#3725,#3726);
#3725 = CARTESIAN_POINT('',(-6.28318530718,0.));
#3726 = VECTOR('',#3727,1.);
#3727 = DIRECTION('',(-0.,-1.));
#3728 = ( GEOMETRIC_REPRESENTATION_CONTEXT(2) 
PARAMETRIC_REPRESENTATION_CONTEXT() REPRESENTATION_CONTEXT('2D SPACE',''
  ) );
#3729 = PCURVE('',#3730,#3735);
#3730 = CYLINDRICAL_SURFACE('',#3731,6.);
#3731 = AXIS2_PLACEMENT_3D('',#3732,#3733,#3734);
#3732 = CARTESIAN_POINT('',(0.,0.,0.));
#3733 = DIRECTION('',(-0.,-0.,-1.));
#3734 = DIRECTION('',(1.,0.,0.));
#3735 = DEFINITIONAL_REPRESENTATION('',(#3736),#3740);
#3736 = LINE('',#3737,#3738);
#3737 = CARTESIAN_POINT('',(-0.,0.));
#3738 = VECTOR('',#3739,1.);
#3739 = DIRECTION('',(-0.,-1.));
#3740 = ( GEOMETRIC_REPRESENTATION_CONTEXT(2) 
PARAMETRIC_REPRESENTATION_CONTEXT() REPRESENTATION_CONTEXT('2D SPACE',''
  ) );
#3741 = ADVANCED_FACE('',(#3742),#3469,.T.);
#3742 = FACE_BOUND('',#3743,.F.);
#3743 = EDGE_LOOP('',(#3744,#3745,#3746,#3955));
#3744 = ORIENTED_EDGE('',*,*,#3486,.F.);
#3745 = ORIENTED_EDGE('',*,*,#3455,.T.);
#3746 = ORIENTED_EDGE('',*,*,#3747,.T.);
#3747 = EDGE_CURVE('',#3247,#3748,#3750,.T.);
#3748 = VERTEX_POINT('',#3749);
#3749 = CARTESIAN_POINT('',(6.,0.,34.667841870325));
#3750 = SURFACE_CURVE('',#3751,(#3817,#3886),.PCURVE_S1.);
#3751 = B_SPLINE_CURVE_WITH_KNOTS('',8,(#3752,#3753,#3754,#3755,#3756,
    #3757,#3758,#3759,#3760,#3761,#3762,#3763,#3764,#3765,#3766,#3767,
    #3768,#3769,#3770,#3771,#3772,#3773,#3774,#3775,#3776,#3777,#3778,
    #3779,#3780,#3781,#3782,#3783,#3784,#3785,#3786,#3787,#3788,#3789,
    #3790,#3791,#3792,#3793,#3794,#3795,#3796,#3797,#3798,#3799,#3800,
    #3801,#3802,#3803,#3804,#3805,#3806,#3807,#3808,#3809,#3810,#3811,
    #3812,#3813,#3814,#3815,#3816),.UNSPECIFIED.,.F.,.F.,(9,7,7,7,7,7,7,
    7,7,9),(0.,8.420286860449E-02,0.156507369683,0.224358057591,
    0.367682967117,0.535352304035,0.668958949754,0.773472819958,
    0.880377264535,1.),.UNSPECIFIED.);
#3752 = CARTESIAN_POINT('',(6.,-9.769962616701E-15,32.917840390188));
#3753 = CARTESIAN_POINT('',(6.,0.39657653183,32.936249349958));
#3754 = CARTESIAN_POINT('',(5.970043096577,0.79328366869,32.954664163324
    ));
#3755 = CARTESIAN_POINT('',(5.910095666885,1.187356197424,
    32.973079305736));
#3756 = CARTESIAN_POINT('',(5.820452964856,1.576117969009,
    32.991493443381));
#3757 = CARTESIAN_POINT('',(5.701686168556,1.956976268879,
    33.009907377927));
#3758 = CARTESIAN_POINT('',(5.554618179089,2.327421603572,
    33.028322219786));
#3759 = CARTESIAN_POINT('',(5.380328171053,2.685032903729,
    33.046737789907));
#3760 = CARTESIAN_POINT('',(5.008323056637,3.321552415315,
    33.080962778516));
#3761 = CARTESIAN_POINT('',(4.817386897869,3.60446574899,33.096772751882
    ));
#3762 = CARTESIAN_POINT('',(4.608227024602,3.874771131336,
    33.112582184048));
#3763 = CARTESIAN_POINT('',(4.381811929882,4.131109485994,
    33.128391719039));
#3764 = CARTESIAN_POINT('',(4.13922799342,4.372219673359,33.144201631036
    ));
#3765 = CARTESIAN_POINT('',(3.88167948159,4.596938490577,33.160011824374
    ));
#3766 = CARTESIAN_POINT('',(3.610488547427,4.804200671546,
    33.175821833545));
#3767 = CARTESIAN_POINT('',(3.061158377375,5.170245044566,
    33.206466010592));
#3768 = CARTESIAN_POINT('',(2.784385742833,5.331283882296,
    33.221302698225));
#3769 = CARTESIAN_POINT('',(2.497983293889,5.475365731842,
    33.236139228018));
#3770 = CARTESIAN_POINT('',(2.203185547951,5.601815046519,33.25097469637
    ));
#3771 = CARTESIAN_POINT('',(1.901255572958,5.710070401223,
    33.265808954158));
#3772 = CARTESIAN_POINT('',(1.593484987376,5.799684492437,
    33.280642606737));
#3773 = CARTESIAN_POINT('',(1.2811939602,5.870324138225,33.295477013943)
  );
#3774 = CARTESIAN_POINT('',(0.299361106421,6.030442917962,
    33.341655921639));
#3775 = CARTESIAN_POINT('',(-0.381691369268,6.053532305533,
    33.373031772632));
#3776 = CARTESIAN_POINT('',(-1.063487225499,5.988442033123,
    33.404389181557));
#3777 = CARTESIAN_POINT('',(-1.732794703268,5.835884588011,
    33.435733066972));
#3778 = CARTESIAN_POINT('',(-2.376894887151,5.598460888433,
    33.467073598785));
#3779 = CARTESIAN_POINT('',(-2.983714425185,5.280938210222,
    33.498425074274));
#3780 = CARTESIAN_POINT('',(-3.541797738864,4.889946209448,
    33.529796174644));
#3781 = CARTESIAN_POINT('',(-4.624802263648,3.903221454384,
    33.597803560321));
#3782 = CARTESIAN_POINT('',(-5.129806986511,3.282335758603,
    33.634542899723));
#3783 = CARTESIAN_POINT('',(-5.538061250423,2.587728112241,
    33.671240057922));
#3784 = CARTESIAN_POINT('',(-5.838200809295,1.837415327529,
    33.707918225524));
#3785 = CARTESIAN_POINT('',(-6.021881901959,1.050444373038,
    33.744595427617));
#3786 = CARTESIAN_POINT('',(-6.085028263782,0.247211886897,
    33.781291093342));
#3787 = CARTESIAN_POINT('',(-6.026634561735,-0.550995073415,
    33.818029221232));
#3788 = CARTESIAN_POINT('',(-5.714036660391,-1.935446033494,
    33.883908755232));
#3789 = CARTESIAN_POINT('',(-5.501673532633,-2.533355056636,
    33.913150647758));
#3790 = CARTESIAN_POINT('',(-5.217857738404,-3.104000252592,
    33.942378912004));
#3791 = CARTESIAN_POINT('',(-4.866972775726,-3.637557934064,
    33.971597563808));
#3792 = CARTESIAN_POINT('',(-4.454644103111,-4.125133250649,
    34.000816150895));
#3793 = CARTESIAN_POINT('',(-3.987829006841,-4.558860501948,
    34.03004368781));
#3794 = CARTESIAN_POINT('',(-3.474661130405,-4.931832096862,
    34.059284742894));
#3795 = CARTESIAN_POINT('',(-2.495127079667,-5.47875944611,
    34.111365000797));
#3796 = CARTESIAN_POINT('',(-2.042575065778,-5.678548279738,
    34.134229070663));
#3797 = CARTESIAN_POINT('',(-1.571989032804,-5.835467772413,
    34.157087958662));
#3798 = CARTESIAN_POINT('',(-1.088135907558,-5.947694941029,
    34.179942108386));
#3799 = CARTESIAN_POINT('',(-0.595902056205,-6.014039574531,
    34.202795382779));
#3800 = CARTESIAN_POINT('',(-0.100274803785,-6.033895222879,
    34.225652086938));
#3801 = CARTESIAN_POINT('',(0.393659841739,-6.007286450814,
    34.24851391296));
#3802 = CARTESIAN_POINT('',(1.378934942001,-5.861076308377,
    34.294753052609));
#3803 = CARTESIAN_POINT('',(1.870298915452,-5.739311773164,
    34.318147494812));
#3804 = CARTESIAN_POINT('',(2.349139553891,-5.570470971352,
    34.341530883666));
#3805 = CARTESIAN_POINT('',(2.81018321751,-5.356162738838,
    34.364931767059));
#3806 = CARTESIAN_POINT('',(3.248505417625,-5.098595384848,
    34.388293352661));
#3807 = CARTESIAN_POINT('',(3.659499409381,-4.800590629612,
    34.411683844898));
#3808 = CARTESIAN_POINT('',(4.038920898271,-4.465525343746,
    34.435075944232));
#3809 = CARTESIAN_POINT('',(4.767939090588,-3.685720529925,
    34.484631087429));
#3810 = CARTESIAN_POINT('',(5.108871727328,-3.232403644717,
    34.51081039905));
#3811 = CARTESIAN_POINT('',(5.400232604819,-2.743338871659,
    34.536980609937));
#3812 = CARTESIAN_POINT('',(5.637807433411,-2.224920770738,
    34.563148059163));
#3813 = CARTESIAN_POINT('',(5.818317023609,-1.683960484385,
    34.589317768202));
#3814 = CARTESIAN_POINT('',(5.939481663209,-1.127676403126,
    34.615493943864));
#3815 = CARTESIAN_POINT('',(6.,-0.563667604729,34.641676207635));
#3816 = CARTESIAN_POINT('',(6.,-2.6645352591E-15,34.667841870325));
#3817 = PCURVE('',#3469,#3818);
#3818 = DEFINITIONAL_REPRESENTATION('',(#3819),#3885);
#3819 = B_SPLINE_CURVE_WITH_KNOTS('',8,(#3820,#3821,#3822,#3823,#3824,
    #3825,#3826,#3827,#3828,#3829,#3830,#3831,#3832,#3833,#3834,#3835,
    #3836,#3837,#3838,#3839,#3840,#3841,#3842,#3843,#3844,#3845,#3846,
    #3847,#3848,#3849,#3850,#3851,#3852,#3853,#3854,#3855,#3856,#3857,
    #3858,#3859,#3860,#3861,#3862,#3863,#3864,#3865,#3866,#3867,#3868,
    #3869,#3870,#3871,#3872,#3873,#3874,#3875,#3876,#3877,#3878,#3879,
    #3880,#3881,#3882,#3883,#3884),.UNSPECIFIED.,.F.,.F.,(9,7,7,7,7,7,7,
    7,7,9),(0.,8.420286860449E-02,0.156507369683,0.224358057591,
    0.367682967117,0.535352304035,0.668958949754,0.773472819958,
    0.880377264535,1.),.UNSPECIFIED.);
#3820 = CARTESIAN_POINT('',(0.,-32.91784039018));
#3821 = CARTESIAN_POINT('',(-6.609608863832E-02,-32.93624934995));
#3822 = CARTESIAN_POINT('',(-0.132213819083,-32.95466416332));
#3823 = CARTESIAN_POINT('',(-0.19833293985,-32.97307930573));
#3824 = CARTESIAN_POINT('',(-0.264447538081,-32.99149344338));
#3825 = CARTESIAN_POINT('',(-0.330559608959,-33.00990737792));
#3826 = CARTESIAN_POINT('',(-0.396673082683,-33.02832221978));
#3827 = CARTESIAN_POINT('',(-0.462788309031,-33.0467377899));
#3828 = CARTESIAN_POINT('',(-0.585664137702,-33.08096277851));
#3829 = CARTESIAN_POINT('',(-0.642427810337,-33.09677275188));
#3830 = CARTESIAN_POINT('',(-0.699191486054,-33.11258218404));
#3831 = CARTESIAN_POINT('',(-0.755956975278,-33.12839171903));
#3832 = CARTESIAN_POINT('',(-0.812724430192,-33.14420163103));
#3833 = CARTESIAN_POINT('',(-0.86949234474,-33.16001182437));
#3834 = CARTESIAN_POINT('',(-0.926257554627,-33.17582183354));
#3835 = CARTESIAN_POINT('',(-1.036276759863,-33.20646601059));
#3836 = CARTESIAN_POINT('',(-1.089545060811,-33.22130269822));
#3837 = CARTESIAN_POINT('',(-1.142814087746,-33.23613922801));
#3838 = CARTESIAN_POINT('',(-1.19608035471,-33.25097469637));
#3839 = CARTESIAN_POINT('',(-1.249342942195,-33.26580895415));
#3840 = CARTESIAN_POINT('',(-1.302603497148,-33.28064260673));
#3841 = CARTESIAN_POINT('',(-1.355866232969,-33.29547701394));
#3842 = CARTESIAN_POINT('',(-1.521666797268,-33.34165592163));
#3843 = CARTESIAN_POINT('',(-1.634314737303,-33.37303177263));
#3844 = CARTESIAN_POINT('',(-1.746892428821,-33.40438918155));
#3845 = CARTESIAN_POINT('',(-1.859425636452,-33.43573306697));
#3846 = CARTESIAN_POINT('',(-1.971957374707,-33.46707359878));
#3847 = CARTESIAN_POINT('',(-2.084531786984,-33.49842507427));
#3848 = CARTESIAN_POINT('',(-2.197175369172,-33.52979617464));
#3849 = CARTESIAN_POINT('',(-2.441359074093,-33.59780356032));
#3850 = CARTESIAN_POINT('',(-2.573267683523,-33.63454289972));
#3851 = CARTESIAN_POINT('',(-2.705014995738,-33.67124005792));
#3852 = CARTESIAN_POINT('',(-2.83668398888,-33.70791822552));
#3853 = CARTESIAN_POINT('',(-2.96835389269,-33.74459542761));
#3854 = CARTESIAN_POINT('',(-3.100102811055,-33.78129109334));
#3855 = CARTESIAN_POINT('',(-3.232013123176,-33.81802922123));
#3856 = CARTESIAN_POINT('',(-3.468563676194,-33.88390875523));
#3857 = CARTESIAN_POINT('',(-3.573563416738,-33.91315064775));
#3858 = CARTESIAN_POINT('',(-3.678513663335,-33.942378912));
#3859 = CARTESIAN_POINT('',(-3.783425093593,-33.9715975638));
#3860 = CARTESIAN_POINT('',(-3.888329221845,-34.00081615089));
#3861 = CARTESIAN_POINT('',(-3.993261360176,-34.03004368781));
#3862 = CARTESIAN_POINT('',(-4.098241749357,-34.05928474289));
#3863 = CARTESIAN_POINT('',(-4.285221879162,-34.11136500079));
#3864 = CARTESIAN_POINT('',(-4.367310240387,-34.13422907066));
#3865 = CARTESIAN_POINT('',(-4.449381960361,-34.15708795866));
#3866 = CARTESIAN_POINT('',(-4.531439191412,-34.17994210838));
#3867 = CARTESIAN_POINT('',(-4.613494407074,-34.20279538277));
#3868 = CARTESIAN_POINT('',(-4.69556059868,-34.22565208693));
#3869 = CARTESIAN_POINT('',(-4.777642315425,-34.24851391296));
#3870 = CARTESIAN_POINT('',(-4.943653060471,-34.2947530526));
#3871 = CARTESIAN_POINT('',(-5.027638883308,-34.31814749481));
#3872 = CARTESIAN_POINT('',(-5.111613314149,-34.34153088366));
#3873 = CARTESIAN_POINT('',(-5.195572022884,-34.36493176705));
#3874 = CARTESIAN_POINT('',(-5.279527445274,-34.38829335266));
#3875 = CARTESIAN_POINT('',(-5.363490608165,-34.41168384489));
#3876 = CARTESIAN_POINT('',(-5.447470151758,-34.43507594423));
#3877 = CARTESIAN_POINT('',(-5.625387351007,-34.48463108742));
#3878 = CARTESIAN_POINT('',(-5.719383087002,-34.51081039905));
#3879 = CARTESIAN_POINT('',(-5.81335292446,-34.53698060993));
#3880 = CARTESIAN_POINT('',(-5.907305771754,-34.56314805916));
#3881 = CARTESIAN_POINT('',(-6.001261557678,-34.5893177682));
#3882 = CARTESIAN_POINT('',(-6.095239292155,-34.61549394386));
#3883 = CARTESIAN_POINT('',(-6.189240706391,-34.64167620763));
#3884 = CARTESIAN_POINT('',(-6.28318530718,-34.66784187032));
#3885 = ( GEOMETRIC_REPRESENTATION_CONTEXT(2) 
PARAMETRIC_REPRESENTATION_CONTEXT() REPRESENTATION_CONTEXT('2D SPACE',''
  ) );
#3886 = PCURVE('',#3730,#3887);
#3887 = DEFINITIONAL_REPRESENTATION('',(#3888),#3954);
#3888 = B_SPLINE_CURVE_WITH_KNOTS('',8,(#3889,#3890,#3891,#3892,#3893,
    #3894,#3895,#3896,#3897,#3898,#3899,#3900,#3901,#3902,#3903,#3904,
    #3905,#3906,#3907,#3908,#3909,#3910,#3911,#3912,#3913,#3914,#3915,
    #3916,#3917,#3918,#3919,#3920,#3921,#3922,#3923,#3924,#3925,#3926,
    #3927,#3928,#3929,#3930,#3931,#3932,#3933,#3934,#3935,#3936,#3937,
    #3938,#3939,#3940,#3941,#3942,#3943,#3944,#3945,#3946,#3947,#3948,
    #3949,#3950,#3951,#3952,#3953),.UNSPECIFIED.,.F.,.F.,(9,7,7,7,7,7,7,
    7,7,9),(0.,8.420286860449E-02,0.156507369683,0.224358057591,
    0.367682967117,0.535352304035,0.668958949754,0.773472819958,
    0.880377264535,1.),.UNSPECIFIED.);
#3889 = CARTESIAN_POINT('',(0.,-32.91784039018));
#3890 = CARTESIAN_POINT('',(-6.609608863832E-02,-32.93624934995));
#3891 = CARTESIAN_POINT('',(-0.132213819083,-32.95466416332));
#3892 = CARTESIAN_POINT('',(-0.19833293985,-32.97307930573));
#3893 = CARTESIAN_POINT('',(-0.264447538081,-32.99149344338));
#3894 = CARTESIAN_POINT('',(-0.330559608959,-33.00990737792));
#3895 = CARTESIAN_POINT('',(-0.396673082683,-33.02832221978));
#3896 = CARTESIAN_POINT('',(-0.462788309031,-33.0467377899));
#3897 = CARTESIAN_POINT('',(-0.585664137702,-33.08096277851));
#3898 = CARTESIAN_POINT('',(-0.642427810337,-33.09677275188));
#3899 = CARTESIAN_POINT('',(-0.699191486054,-33.11258218404));
#3900 = CARTESIAN_POINT('',(-0.755956975278,-33.12839171903));
#3901 = CARTESIAN_POINT('',(-0.812724430192,-33.14420163103));
#3902 = CARTESIAN_POINT('',(-0.86949234474,-33.16001182437));
#3903 = CARTESIAN_POINT('',(-0.926257554627,-33.17582183354));
#3904 = CARTESIAN_POINT('',(-1.036276759863,-33.20646601059));
#3905 = CARTESIAN_POINT('',(-1.089545060811,-33.22130269822));
#3906 = CARTESIAN_POINT('',(-1.142814087746,-33.23613922801));
#3907 = CARTESIAN_POINT('',(-1.19608035471,-33.25097469637));
#3908 = CARTESIAN_POINT('',(-1.249342942195,-33.26580895415));
#3909 = CARTESIAN_POINT('',(-1.302603497148,-33.28064260673));
#3910 = CARTESIAN_POINT('',(-1.355866232969,-33.29547701394));
#3911 = CARTESIAN_POINT('',(-1.521666797268,-33.34165592163));
#3912 = CARTESIAN_POINT('',(-1.634314737303,-33.37303177263));
#3913 = CARTESIAN_POINT('',(-1.746892428821,-33.40438918155));
#3914 = CARTESIAN_POINT('',(-1.859425636452,-33.43573306697));
#3915 = CARTESIAN_POINT('',(-1.971957374707,-33.46707359878));
#3916 = CARTESIAN_POINT('',(-2.084531786984,-33.49842507427));
#3917 = CARTESIAN_POINT('',(-2.197175369172,-33.52979617464));
#3918 = CARTESIAN_POINT('',(-2.441359074093,-33.59780356032));
#3919 = CARTESIAN_POINT('',(-2.573267683523,-33.63454289972));
#3920 = CARTESIAN_POINT('',(-2.705014995738,-33.67124005792));
#3921 = CARTESIAN_POINT('',(-2.83668398888,-33.70791822552));
#3922 = CARTESIAN_POINT('',(-2.96835389269,-33.74459542761));
#3923 = CARTESIAN_POINT('',(-3.100102811055,-33.78129109334));
#3924 = CARTESIAN_POINT('',(-3.232013123176,-33.81802922123));
#3925 = CARTESIAN_POINT('',(-3.468563676194,-33.88390875523));
#3926 = CARTESIAN_POINT('',(-3.573563416738,-33.91315064775));
#3927 = CARTESIAN_POINT('',(-3.678513663335,-33.942378912));
#3928 = CARTESIAN_POINT('',(-3.783425093593,-33.9715975638));
#3929 = CARTESIAN_POINT('',(-3.888329221845,-34.00081615089));
#3930 = CARTESIAN_POINT('',(-3.993261360176,-34.03004368781));
#3931 = CARTESIAN_POINT('',(-4.098241749357,-34.05928474289));
#3932 = CARTESIAN_POINT('',(-4.285221879162,-34.11136500079));
#3933 = CARTESIAN_POINT('',(-4.367310240387,-34.13422907066));
#3934 = CARTESIAN_POINT('',(-4.449381960361,-34.15708795866));
#3935 = CARTESIAN_POINT('',(-4.531439191412,-34.17994210838));
#3936 = CARTESIAN_POINT('',(-4.613494407074,-34.20279538277));
#3937 = CARTESIAN_POINT('',(-4.69556059868,-34.22565208693));
#3938 = CARTESIAN_POINT('',(-4.777642315425,-34.24851391296));
#3939 = CARTESIAN_POINT('',(-4.943653060471,-34.2947530526));
#3940 = CARTESIAN_POINT('',(-5.027638883308,-34.31814749481));
#3941 = CARTESIAN_POINT('',(-5.111613314149,-34.34153088366));
#3942 = CARTESIAN_POINT('',(-5.195572022884,-34.36493176705));
#3943 = CARTESIAN_POINT('',(-5.279527445274,-34.38829335266));
#3944 = CARTESIAN_POINT('',(-5.363490608165,-34.41168384489));
#3945 = CARTESIAN_POINT('',(-5.447470151758,-34.43507594423));
#3946 = CARTESIAN_POINT('',(-5.625387351007,-34.48463108742));
#3947 = CARTESIAN_POINT('',(-5.719383087002,-34.51081039905));
#3948 = CARTESIAN_POINT('',(-5.81335292446,-34.53698060993));
#3949 = CARTESIAN_POINT('',(-5.907305771754,-34.56314805916));
#3950 = CARTESIAN_POINT('',(-6.001261557678,-34.5893177682));
#3951 = CARTESIAN_POINT('',(-6.095239292155,-34.61549394386));
#3952 = CARTESIAN_POINT('',(-6.189240706391,-34.64167620763));
#3953 = CARTESIAN_POINT('',(-6.28318530718,-34.66784187032));
#3954 = ( GEOMETRIC_REPRESENTATION_CONTEXT(2) 
PARAMETRIC_REPRESENTATION_CONTEXT() REPRESENTATION_CONTEXT('2D SPACE',''
  ) );
#3955 = ORIENTED_EDGE('',*,*,#3956,.F.);
#3956 = EDGE_CURVE('',#3487,#3748,#3957,.T.);
#3957 = SURFACE_CURVE('',#3958,(#3962,#3969),.PCURVE_S1.);
#3958 = LINE('',#3959,#3960);
#3959 = CARTESIAN_POINT('',(6.,0.,0.));
#3960 = VECTOR('',#3961,1.);
#3961 = DIRECTION('',(0.,0.,1.));
#3962 = PCURVE('',#3469,#3963);
#3963 = DEFINITIONAL_REPRESENTATION('',(#3964),#3968);
#3964 = LINE('',#3965,#3966);
#3965 = CARTESIAN_POINT('',(-6.28318530718,0.));
#3966 = VECTOR('',#3967,1.);
#3967 = DIRECTION('',(-0.,-1.));
#3968 = ( GEOMETRIC_REPRESENTATION_CONTEXT(2) 
PARAMETRIC_REPRESENTATION_CONTEXT() REPRESENTATION_CONTEXT('2D SPACE',''
  ) );
#3969 = PCURVE('',#3970,#3975);
#3970 = CYLINDRICAL_SURFACE('',#3971,6.);
#3971 = AXIS2_PLACEMENT_3D('',#3972,#3973,#3974);
#3972 = CARTESIAN_POINT('',(0.,0.,0.));
#3973 = DIRECTION('',(-0.,-0.,-1.));
#3974 = DIRECTION('',(1.,0.,0.));
#3975 = DEFINITIONAL_REPRESENTATION('',(#3976),#3980);
#3976 = LINE('',#3977,#3978);
#3977 = CARTESIAN_POINT('',(-0.,0.));
#3978 = VECTOR('',#3979,1.);
#3979 = DIRECTION('',(-0.,-1.));
#3980 = ( GEOMETRIC_REPRESENTATION_CONTEXT(2) 
PARAMETRIC_REPRESENTATION_CONTEXT() REPRESENTATION_CONTEXT('2D SPACE',''
  ) );
#3981 = ADVANCED_FACE('',(#3982),#3730,.T.);
#3982 = FACE_BOUND('',#3983,.F.);
#3983 = EDGE_LOOP('',(#3984,#3985,#3986,#4174));
#3984 = ORIENTED_EDGE('',*,*,#3747,.F.);
#3985 = ORIENTED_EDGE('',*,*,#3716,.T.);
#3986 = ORIENTED_EDGE('',*,*,#3987,.T.);
#3987 = EDGE_CURVE('',#3487,#3988,#3990,.T.);
#3988 = VERTEX_POINT('',#3989);
#3989 = CARTESIAN_POINT('',(6.,0.,35.082162702967));
#3990 = SURFACE_CURVE('',#3991,(#4050,#4112),.PCURVE_S1.);
#3991 = B_SPLINE_CURVE_WITH_KNOTS('',8,(#3992,#3993,#3994,#3995,#3996,
    #3997,#3998,#3999,#4000,#4001,#4002,#4003,#4004,#4005,#4006,#4007,
    #4008,#4009,#4010,#4011,#4012,#4013,#4014,#4015,#4016,#4017,#4018,
    #4019,#4020,#4021,#4022,#4023,#4024,#4025,#4026,#4027,#4028,#4029,
    #4030,#4031,#4032,#4033,#4034,#4035,#4036,#4037,#4038,#4039,#4040,
    #4041,#4042,#4043,#4044,#4045,#4046,#4047,#4048,#4049),
  .UNSPECIFIED.,.F.,.F.,(9,7,7,7,7,7,7,7,9),(0.,0.149820562509,
    0.318923974664,0.448802618441,0.545965425695,0.59537487264,
    0.729793529178,0.858660109862,1.),.UNSPECIFIED.);
#3992 = CARTESIAN_POINT('',(6.,-4.440892098501E-15,33.332159783203));
#3993 = CARTESIAN_POINT('',(6.,0.705705939216,33.364918434313));
#3994 = CARTESIAN_POINT('',(5.905138512964,1.412342030853,
    33.397720745997));
#3995 = CARTESIAN_POINT('',(5.714981695462,2.103586189394,33.43050125388
    ));
#3996 = CARTESIAN_POINT('',(5.43295848763,2.764652596154,33.463268806831
    ));
#3997 = CARTESIAN_POINT('',(5.064558113014,3.381753019322,
    33.496034849599));
#3998 = CARTESIAN_POINT('',(4.617710198547,3.942344799431,
    33.528812100456));
#3999 = CARTESIAN_POINT('',(4.10231644371,4.434984099076,33.561611853812
    ));
#4000 = CARTESIAN_POINT('',(2.887825184761,5.319305774245,
    33.631345198379));
#4001 = CARTESIAN_POINT('',(2.171399962124,5.691450276973,
    33.668394644176));
#4002 = CARTESIAN_POINT('',(1.401479009826,5.95198011867,33.705397691301
    ));
#4003 = CARTESIAN_POINT('',(0.598541218384,6.093264010657,
    33.742381278705));
#4004 = CARTESIAN_POINT('',(-0.21654032229,6.110917971475,
    33.779369074354));
#4005 = CARTESIAN_POINT('',(-1.022438957827,6.005181162611,
    33.816379599355));
#4006 = CARTESIAN_POINT('',(-1.79758278121,5.779553934774,
    33.853435435387));
#4007 = CARTESIAN_POINT('',(-3.07568478984,5.187916352049,
    33.918814672311));
#4008 = CARTESIAN_POINT('',(-3.601316028825,4.866033767901,
    33.947233279291));
#4009 = CARTESIAN_POINT('',(-4.087920147404,4.48346830404,
    33.975639959537));
#4010 = CARTESIAN_POINT('',(-4.527508925477,4.045930778251,
    34.004039045365));
#4011 = CARTESIAN_POINT('',(-4.913094065274,3.560092864702,
    34.032439961545));
#4012 = CARTESIAN_POINT('',(-5.238795593651,3.033640109109,
    34.060851381051));
#4013 = CARTESIAN_POINT('',(-5.499796709764,2.475186824955,
    34.089274820028));
#4014 = CARTESIAN_POINT('',(-5.837526881124,1.460400105441,
    34.138923195955));
#4015 = CARTESIAN_POINT('',(-5.944203816486,1.013502054138,
    34.16017121076));
#4016 = CARTESIAN_POINT('',(-6.011707051781,0.557935881864,
    34.181415553742));
#4017 = CARTESIAN_POINT('',(-6.039274508916,9.768727661502E-02,
    34.202656418867));
#4018 = CARTESIAN_POINT('',(-6.026612015352,-0.363228582973,
    34.223897036637));
#4019 = CARTESIAN_POINT('',(-5.973870120596,-0.820775331747,
    34.245141015733));
#4020 = CARTESIAN_POINT('',(-5.881686131915,-1.27090591307,
    34.266388756404));
#4021 = CARTESIAN_POINT('',(-5.684982734409,-1.932648379577,
    34.298436072877));
#4022 = CARTESIAN_POINT('',(-5.608768171317,-2.152841602125,
    34.309242299682));
#4023 = CARTESIAN_POINT('',(-5.522802635905,-2.369599539388,
    34.32004949306));
#4024 = CARTESIAN_POINT('',(-5.427278904669,-2.582394518324,
    34.330857139666));
#4025 = CARTESIAN_POINT('',(-5.322419726995,-2.790726854994,
    34.341662625098));
#4026 = CARTESIAN_POINT('',(-5.208474164698,-2.994121692469,
    34.352465213007));
#4027 = CARTESIAN_POINT('',(-5.085715209213,-3.192126306911,
    34.363268447248));
#4028 = CARTESIAN_POINT('',(-4.597289363416,-3.907153360077,
    34.403462043527));
#4029 = CARTESIAN_POINT('',(-4.176805273257,-4.387330609679,
    34.432877131051));
#4030 = CARTESIAN_POINT('',(-3.699309718469,-4.815214281147,
    34.462284167393));
#4031 = CARTESIAN_POINT('',(-3.172578866627,-5.183176484257,
    34.491680525753));
#4032 = CARTESIAN_POINT('',(-2.605261794826,-5.484885155095,
    34.521075954164));
#4033 = CARTESIAN_POINT('',(-2.006929425712,-5.715486005505,
    34.550480578706));
#4034 = CARTESIAN_POINT('',(-1.387961439861,-5.871495438824,
    34.579898410645));
#4035 = CARTESIAN_POINT('',(-0.157773879992,-6.028562807624,
    34.637467919474));
#4036 = CARTESIAN_POINT('',(0.4537348653,-6.035885707951,34.665669619997
    ));
#4037 = CARTESIAN_POINT('',(1.064564026017,-5.972164972093,
    34.69386289449));
#4038 = CARTESIAN_POINT('',(1.665082587485,-5.837967862125,
    34.722048836145));
#4039 = CARTESIAN_POINT('',(2.246024945084,-5.63518688603,
    34.750233276148));
#4040 = CARTESIAN_POINT('',(2.798537782972,-5.367116528148,
    34.778423113603));
#4041 = CARTESIAN_POINT('',(3.314183612352,-5.038327461172,
    34.806622236542));
#4042 = CARTESIAN_POINT('',(4.301842829993,-4.235269152514,
    34.865708055078));
#4043 = CARTESIAN_POINT('',(4.765737774323,-3.749237693451,
    34.896646599773));
#4044 = CARTESIAN_POINT('',(5.166145449927,-3.205587848326,34.9275664562
    ));
#4045 = CARTESIAN_POINT('',(5.495121277643,-2.614235209541,
    34.958475767742));
#4046 = CARTESIAN_POINT('',(5.746375220127,-1.985930673953,
    34.98938657768));
#4047 = CARTESIAN_POINT('',(5.915551655734,-1.332329038114,
    35.02031013766));
#4048 = CARTESIAN_POINT('',(6.,-0.66584765558,35.051251421884));
#4049 = CARTESIAN_POINT('',(6.,6.217248937901E-15,35.082162702967));
#4050 = PCURVE('',#3730,#4051);
#4051 = DEFINITIONAL_REPRESENTATION('',(#4052),#4111);
#4052 = B_SPLINE_CURVE_WITH_KNOTS('',8,(#4053,#4054,#4055,#4056,#4057,
    #4058,#4059,#4060,#4061,#4062,#4063,#4064,#4065,#4066,#4067,#4068,
    #4069,#4070,#4071,#4072,#4073,#4074,#4075,#4076,#4077,#4078,#4079,
    #4080,#4081,#4082,#4083,#4084,#4085,#4086,#4087,#4088,#4089,#4090,
    #4091,#4092,#4093,#4094,#4095,#4096,#4097,#4098,#4099,#4100,#4101,
    #4102,#4103,#4104,#4105,#4106,#4107,#4108,#4109,#4110),
  .UNSPECIFIED.,.F.,.F.,(9,7,7,7,7,7,7,7,9),(0.,0.149820562509,
    0.318923974664,0.448802618441,0.545965425695,0.59537487264,
    0.729793529178,0.858660109862,1.),.UNSPECIFIED.);
#4053 = CARTESIAN_POINT('',(0.,-33.3321597832));
#4054 = CARTESIAN_POINT('',(-0.117617656536,-33.36491843431));
#4055 = CARTESIAN_POINT('',(-0.235389983219,-33.39772074599));
#4056 = CARTESIAN_POINT('',(-0.353078865236,-33.43050125388));
#4057 = CARTESIAN_POINT('',(-0.470715716229,-33.46326880683));
#4058 = CARTESIAN_POINT('',(-0.5883515106,-33.49603484959));
#4059 = CARTESIAN_POINT('',(-0.706035819517,-33.52881210045));
#4060 = CARTESIAN_POINT('',(-0.823806819611,-33.56161185381));
#4061 = CARTESIAN_POINT('',(-1.074196174375,-33.63134519837));
#4062 = CARTESIAN_POINT('',(-1.207231071898,-33.66839464417));
#4063 = CARTESIAN_POINT('',(-1.340096459783,-33.7053976913));
#4064 = CARTESIAN_POINT('',(-1.472880466647,-33.7423812787));
#4065 = CARTESIAN_POINT('',(-1.605664421949,-33.77936907435));
#4066 = CARTESIAN_POINT('',(-1.738529695801,-33.81637959935));
#4067 = CARTESIAN_POINT('',(-1.871564488184,-33.85343543538));
#4068 = CARTESIAN_POINT('',(-2.106297183308,-33.91881467231));
#4069 = CARTESIAN_POINT('',(-2.208333747172,-33.94723327929));
#4070 = CARTESIAN_POINT('',(-2.310332356674,-33.97563995953));
#4071 = CARTESIAN_POINT('',(-2.412306687538,-34.00403904536));
#4072 = CARTESIAN_POINT('',(-2.51428550538,-34.03243996154));
#4073 = CARTESIAN_POINT('',(-2.616295939308,-34.06085138105));
#4074 = CARTESIAN_POINT('',(-2.718345425635,-34.08927482002));
#4075 = CARTESIAN_POINT('',(-2.89659725707,-34.13892319595));
#4076 = CARTESIAN_POINT('',(-2.972883176924,-34.16017121076));
#4077 = CARTESIAN_POINT('',(-3.049155887174,-34.18141555374));
#4078 = CARTESIAN_POINT('',(-3.125418788571,-34.20265641886));
#4079 = CARTESIAN_POINT('',(-3.201684233535,-34.22389703663));
#4080 = CARTESIAN_POINT('',(-3.277962774344,-34.24514101573));
#4081 = CARTESIAN_POINT('',(-3.354252038395,-34.2663887564));
#4082 = CARTESIAN_POINT('',(-3.469311843927,-34.29843607287));
#4083 = CARTESIAN_POINT('',(-3.508108785337,-34.30924229968));
#4084 = CARTESIAN_POINT('',(-3.546908886378,-34.32004949306));
#4085 = CARTESIAN_POINT('',(-3.58570779854,-34.33085713966));
#4086 = CARTESIAN_POINT('',(-3.624503662464,-34.34166262509));
#4087 = CARTESIAN_POINT('',(-3.663296325682,-34.352465213));
#4088 = CARTESIAN_POINT('',(-3.70208676255,-34.36326844724));
#4089 = CARTESIAN_POINT('',(-3.846407344512,-34.40346204352));
#4090 = CARTESIAN_POINT('',(-3.952019894069,-34.43287713105));
#4091 = CARTESIAN_POINT('',(-4.057586975618,-34.46228416739));
#4092 = CARTESIAN_POINT('',(-4.163126225752,-34.49168052575));
#4093 = CARTESIAN_POINT('',(-4.268669534246,-34.52107595416));
#4094 = CARTESIAN_POINT('',(-4.374247701526,-34.5504805787));
#4095 = CARTESIAN_POINT('',(-4.479871274277,-34.57989841064));
#4096 = CARTESIAN_POINT('',(-4.686566943667,-34.63746791947));
#4097 = CARTESIAN_POINT('',(-4.78781886137,-34.66566961999));
#4098 = CARTESIAN_POINT('',(-4.88903730782,-34.69386289449));
#4099 = CARTESIAN_POINT('',(-4.990227885109,-34.72204883614));
#4100 = CARTESIAN_POINT('',(-5.091416471798,-34.75023327614));
#4101 = CARTESIAN_POINT('',(-5.192629833472,-34.7784231136));
#4102 = CARTESIAN_POINT('',(-5.293880888939,-34.80662223654));
#4103 = CARTESIAN_POINT('',(-5.506037367963,-34.86570805507));
#4104 = CARTESIAN_POINT('',(-5.617129393207,-34.89664659977));
#4105 = CARTESIAN_POINT('',(-5.728153906454,-34.9275664562));
#4106 = CARTESIAN_POINT('',(-5.839135428505,-34.95847576774));
#4107 = CARTESIAN_POINT('',(-5.950113182197,-34.98938657768));
#4108 = CARTESIAN_POINT('',(-6.061130693622,-35.02031013766));
#4109 = CARTESIAN_POINT('',(-6.172210697916,-35.05125142188));
#4110 = CARTESIAN_POINT('',(-6.28318530718,-35.08216270296));
#4111 = ( GEOMETRIC_REPRESENTATION_CONTEXT(2) 
PARAMETRIC_REPRESENTATION_CONTEXT() REPRESENTATION_CONTEXT('2D SPACE',''
  ) );
#4112 = PCURVE('',#3970,#4113);
#4113 = DEFINITIONAL_REPRESENTATION('',(#4114),#4173);
#4114 = B_SPLINE_CURVE_WITH_KNOTS('',8,(#4115,#4116,#4117,#4118,#4119,
    #4120,#4121,#4122,#4123,#4124,#4125,#4126,#4127,#4128,#4129,#4130,
    #4131,#4132,#4133,#4134,#4135,#4136,#4137,#4138,#4139,#4140,#4141,
    #4142,#4143,#4144,#4145,#4146,#4147,#4148,#4149,#4150,#4151,#4152,
    #4153,#4154,#4155,#4156,#4157,#4158,#4159,#4160,#4161,#4162,#4163,
    #4164,#4165,#4166,#4167,#4168,#4169,#4170,#4171,#4172),
  .UNSPECIFIED.,.F.,.F.,(9,7,7,7,7,7,7,7,9),(0.,0.149820562509,
    0.318923974664,0.448802618441,0.545965425695,0.59537487264,
    0.729793529178,0.858660109862,1.),.UNSPECIFIED.);
#4115 = CARTESIAN_POINT('',(0.,-33.3321597832));
#4116 = CARTESIAN_POINT('',(-0.117617656536,-33.36491843431));
#4117 = CARTESIAN_POINT('',(-0.235389983219,-33.39772074599));
#4118 = CARTESIAN_POINT('',(-0.353078865236,-33.43050125388));
#4119 = CARTESIAN_POINT('',(-0.470715716229,-33.46326880683));
#4120 = CARTESIAN_POINT('',(-0.5883515106,-33.49603484959));
#4121 = CARTESIAN_POINT('',(-0.706035819517,-33.52881210045));
#4122 = CARTESIAN_POINT('',(-0.823806819611,-33.56161185381));
#4123 = CARTESIAN_POINT('',(-1.074196174375,-33.63134519837));
#4124 = CARTESIAN_POINT('',(-1.207231071898,-33.66839464417));
#4125 = CARTESIAN_POINT('',(-1.340096459783,-33.7053976913));
#4126 = CARTESIAN_POINT('',(-1.472880466647,-33.7423812787));
#4127 = CARTESIAN_POINT('',(-1.605664421949,-33.77936907435));
#4128 = CARTESIAN_POINT('',(-1.738529695801,-33.81637959935));
#4129 = CARTESIAN_POINT('',(-1.871564488184,-33.85343543538));
#4130 = CARTESIAN_POINT('',(-2.106297183308,-33.91881467231));
#4131 = CARTESIAN_POINT('',(-2.208333747172,-33.94723327929));
#4132 = CARTESIAN_POINT('',(-2.310332356674,-33.97563995953));
#4133 = CARTESIAN_POINT('',(-2.412306687538,-34.00403904536));
#4134 = CARTESIAN_POINT('',(-2.51428550538,-34.03243996154));
#4135 = CARTESIAN_POINT('',(-2.616295939308,-34.06085138105));
#4136 = CARTESIAN_POINT('',(-2.718345425635,-34.08927482002));
#4137 = CARTESIAN_POINT('',(-2.89659725707,-34.13892319595));
#4138 = CARTESIAN_POINT('',(-2.972883176924,-34.16017121076));
#4139 = CARTESIAN_POINT('',(-3.049155887174,-34.18141555374));
#4140 = CARTESIAN_POINT('',(-3.125418788571,-34.20265641886));
#4141 = CARTESIAN_POINT('',(-3.201684233535,-34.22389703663));
#4142 = CARTESIAN_POINT('',(-3.277962774344,-34.24514101573));
#4143 = CARTESIAN_POINT('',(-3.354252038395,-34.2663887564));
#4144 = CARTESIAN_POINT('',(-3.469311843927,-34.29843607287));
#4145 = CARTESIAN_POINT('',(-3.508108785337,-34.30924229968));
#4146 = CARTESIAN_POINT('',(-3.546908886378,-34.32004949306));
#4147 = CARTESIAN_POINT('',(-3.58570779854,-34.33085713966));
#4148 = CARTESIAN_POINT('',(-3.624503662464,-34.34166262509));
#4149 = CARTESIAN_POINT('',(-3.663296325682,-34.352465213));
#4150 = CARTESIAN_POINT('',(-3.70208676255,-34.36326844724));
#4151 = CARTESIAN_POINT('',(-3.846407344512,-34.40346204352));
#4152 = CARTESIAN_POINT('',(-3.952019894069,-34.43287713105));
#4153 = CARTESIAN_POINT('',(-4.057586975618,-34.46228416739));
#4154 = CARTESIAN_POINT('',(-4.163126225752,-34.49168052575));
#4155 = CARTESIAN_POINT('',(-4.268669534246,-34.52107595416));
#4156 = CARTESIAN_POINT('',(-4.374247701526,-34.5504805787));
#4157 = CARTESIAN_POINT('',(-4.479871274277,-34.57989841064));
#4158 = CARTESIAN_POINT('',(-4.686566943667,-34.63746791947));
#4159 = CARTESIAN_POINT('',(-4.78781886137,-34.66566961999));
#4160 = CARTESIAN_POINT('',(-4.88903730782,-34.69386289449));
#4161 = CARTESIAN_POINT('',(-4.990227885109,-34.72204883614));
#4162 = CARTESIAN_POINT('',(-5.091416471798,-34.75023327614));
#4163 = CARTESIAN_POINT('',(-5.192629833472,-34.7784231136));
#4164 = CARTESIAN_POINT('',(-5.293880888939,-34.80662223654));
#4165 = CARTESIAN_POINT('',(-5.506037367963,-34.86570805507));
#4166 = CARTESIAN_POINT('',(-5.617129393207,-34.89664659977));
#4167 = CARTESIAN_POINT('',(-5.728153906454,-34.9275664562));
#4168 = CARTESIAN_POINT('',(-5.839135428505,-34.95847576774));
#4169 = CARTESIAN_POINT('',(-5.950113182197,-34.98938657768));
#4170 = CARTESIAN_POINT('',(-6.061130693622,-35.02031013766));
#4171 = CARTESIAN_POINT('',(-6.172210697916,-35.05125142188));
#4172 = CARTESIAN_POINT('',(-6.28318530718,-35.08216270296));
#4173 = ( GEOMETRIC_REPRESENTATION_CONTEXT(2) 
PARAMETRIC_REPRESENTATION_CONTEXT() REPRESENTATION_CONTEXT('2D SPACE',''
  ) );
#4174 = ORIENTED_EDGE('',*,*,#4175,.F.);
#4175 = EDGE_CURVE('',#3748,#3988,#4176,.T.);
#4176 = SURFACE_CURVE('',#4177,(#4181,#4188),.PCURVE_S1.);
#4177 = LINE('',#4178,#4179);
#4178 = CARTESIAN_POINT('',(6.,0.,0.));
#4179 = VECTOR('',#4180,1.);
#4180 = DIRECTION('',(0.,0.,1.));
#4181 = PCURVE('',#3730,#4182);
#4182 = DEFINITIONAL_REPRESENTATION('',(#4183),#4187);
#4183 = LINE('',#4184,#4185);
#4184 = CARTESIAN_POINT('',(-6.28318530718,0.));
#4185 = VECTOR('',#4186,1.);
#4186 = DIRECTION('',(-0.,-1.));
#4187 = ( GEOMETRIC_REPRESENTATION_CONTEXT(2) 
PARAMETRIC_REPRESENTATION_CONTEXT() REPRESENTATION_CONTEXT('2D SPACE',''
  ) );
#4188 = PCURVE('',#4189,#4194);
#4189 = CYLINDRICAL_SURFACE('',#4190,6.);
#4190 = AXIS2_PLACEMENT_3D('',#4191,#4192,#4193);
#4191 = CARTESIAN_POINT('',(0.,0.,0.));
#4192 = DIRECTION('',(-0.,-0.,-1.));
#4193 = DIRECTION('',(1.,0.,0.));
#4194 = DEFINITIONAL_REPRESENTATION('',(#4195),#4199);
#4195 = LINE('',#4196,#4197);
#4196 = CARTESIAN_POINT('',(-0.,0.));
#4197 = VECTOR('',#4198,1.);
#4198 = DIRECTION('',(-0.,-1.));
#4199 = ( GEOMETRIC_REPRESENTATION_CONTEXT(2) 
PARAMETRIC_REPRESENTATION_CONTEXT() REPRESENTATION_CONTEXT('2D SPACE',''
  ) );
#4200 = ADVANCED_FACE('',(#4201),#3970,.T.);
#4201 = FACE_BOUND('',#4202,.F.);
#4202 = EDGE_LOOP('',(#4203,#4204,#4205,#4393));
#4203 = ORIENTED_EDGE('',*,*,#3987,.F.);
#4204 = ORIENTED_EDGE('',*,*,#3956,.T.);
#4205 = ORIENTED_EDGE('',*,*,#4206,.T.);
#4206 = EDGE_CURVE('',#3748,#4207,#4209,.T.);
#4207 = VERTEX_POINT('',#4208);
#4208 = CARTESIAN_POINT('',(6.,0.,36.41783757075));
#4209 = SURFACE_CURVE('',#4210,(#4269,#4331),.PCURVE_S1.);
#4210 = B_SPLINE_CURVE_WITH_KNOTS('',8,(#4211,#4212,#4213,#4214,#4215,
    #4216,#4217,#4218,#4219,#4220,#4221,#4222,#4223,#4224,#4225,#4226,
    #4227,#4228,#4229,#4230,#4231,#4232,#4233,#4234,#4235,#4236,#4237,
    #4238,#4239,#4240,#4241,#4242,#4243,#4244,#4245,#4246,#4247,#4248,
    #4249,#4250,#4251,#4252,#4253,#4254,#4255,#4256,#4257,#4258,#4259,
    #4260,#4261,#4262,#4263,#4264,#4265,#4266,#4267,#4268),
  .UNSPECIFIED.,.F.,.F.,(9,7,7,7,7,7,7,7,9),(0.,0.122943765616,
    0.256861475692,0.40181334806,0.541378273907,0.588674891317,
    0.752361170604,0.886491903753,1.),.UNSPECIFIED.);
#4211 = CARTESIAN_POINT('',(6.,-2.6645352591E-15,34.667841870325));
#4212 = CARTESIAN_POINT('',(6.,0.579147824101,34.694726130634));
#4213 = CARTESIAN_POINT('',(5.936111899761,1.158662050199,
    34.721626557641));
#4214 = CARTESIAN_POINT('',(5.808194851868,1.729787795212,
    34.748518287613));
#4215 = CARTESIAN_POINT('',(5.617702786683,2.284308355301,
    34.775403301434));
#4216 = CARTESIAN_POINT('',(5.367158119566,2.814413101859,
    34.802288884202));
#4217 = CARTESIAN_POINT('',(5.060203955255,3.312741726954,
    34.829181584114));
#4218 = CARTESIAN_POINT('',(4.701540306314,3.772384393659,
    34.856082811206));
#4219 = CARTESIAN_POINT('',(3.857195398789,4.63896003479,34.912249613599
    ));
#4220 = CARTESIAN_POINT('',(3.362292550865,5.038287105474,
    34.941561175959));
#4221 = CARTESIAN_POINT('',(2.820529100083,5.376750957087,
    34.970861367161));
#4222 = CARTESIAN_POINT('',(2.240834219488,5.648206487619,
    35.000151393752));
#4223 = CARTESIAN_POINT('',(1.632736683775,5.84797289667,35.029438226508
    ));
#4224 = CARTESIAN_POINT('',(1.006374938796,5.972969050721,
    35.058730548204));
#4225 = CARTESIAN_POINT('',(0.372389003739,6.021568177915,
    35.088034156763));
#4226 = CARTESIAN_POINT('',(-0.940051686198,5.965110293996,
    35.149009416751));
#4227 = CARTESIAN_POINT('',(-1.619181742081,5.847006119326,35.1807382432
    ));
#4228 = CARTESIAN_POINT('',(-2.280563732167,5.640431814086,
    35.212447137398));
#4229 = CARTESIAN_POINT('',(-2.910950902352,5.348934580295,
    35.244145024289));
#4230 = CARTESIAN_POINT('',(-3.49802970465,4.977870278205,35.27584502765
    ));
#4231 = CARTESIAN_POINT('',(-4.030621320184,4.53467412788,
    35.307557979535));
#4232 = CARTESIAN_POINT('',(-4.498566564805,4.028542195054,
    35.339290561539));
#4233 = CARTESIAN_POINT('',(-5.274056666287,2.935399156237,
    35.40150796232));
#4234 = CARTESIAN_POINT('',(-5.587688026115,2.351004949315,
    35.432057129406));
#4235 = CARTESIAN_POINT('',(-5.826757336751,1.728929777367,
    35.46258798665));
#4236 = CARTESIAN_POINT('',(-5.986404587735,1.080400868332,35.4931072269
    ));
#4237 = CARTESIAN_POINT('',(-6.063521832097,0.416999725704,
    35.523627036454));
#4238 = CARTESIAN_POINT('',(-6.056991951093,-0.249352345094,
    35.554161496565));
#4239 = CARTESIAN_POINT('',(-5.967460581783,-0.906459024011,
    35.584709144611));
#4240 = CARTESIAN_POINT('',(-5.741256074537,-1.757162586155,
    35.625569302001));
#4241 = CARTESIAN_POINT('',(-5.674861594474,-1.970066565698,
    35.635911278521));
#4242 = CARTESIAN_POINT('',(-5.599443514432,-2.180099008209,
    35.646253915188));
#4243 = CARTESIAN_POINT('',(-5.515146829649,-2.386813736543,
    35.656597600918));
#4244 = CARTESIAN_POINT('',(-5.422145384958,-2.589771914642,
    35.66694229532));
#4245 = CARTESIAN_POINT('',(-5.320641874783,-2.788542047534,
    35.677287528695));
#4246 = CARTESIAN_POINT('',(-5.210867843142,-2.982699981332,
    35.687632402037));
#4247 = CARTESIAN_POINT('',(-4.685450920821,-3.826374856561,
    35.733771750908));
#4248 = CARTESIAN_POINT('',(-4.180927839063,-4.422256404377,
    35.769632114939));
#4249 = CARTESIAN_POINT('',(-3.590360365448,-4.940695573158,
    35.805448143525));
#4250 = CARTESIAN_POINT('',(-2.92819316212,-5.368078082218,
    35.841254316341));
#4251 = CARTESIAN_POINT('',(-2.210415612248,-5.693408042028,
    35.877057963374));
#4252 = CARTESIAN_POINT('',(-1.454918214647,-5.909259132865,
    35.912876922251));
#4253 = CARTESIAN_POINT('',(-0.680906300654,-6.010902702102,
    35.948730325507));
#4254 = CARTESIAN_POINT('',(0.721891617281,-5.989834994535,
    36.013851855949));
#4255 = CARTESIAN_POINT('',(1.353072904059,-5.904299207998,
    36.04320530836));
#4256 = CARTESIAN_POINT('',(1.972140721259,-5.742666333455,
    36.072545625372));
#4257 = CARTESIAN_POINT('',(2.568482659972,-5.507217951307,
    36.101877916789));
#4258 = CARTESIAN_POINT('',(3.132121813899,-5.201665738089,
    36.131212164473));
#4259 = CARTESIAN_POINT('',(3.653809561888,-4.831272841659,
    36.160556747873));
#4260 = CARTESIAN_POINT('',(4.124992705858,-4.402693780669,
    36.18991505935));
#4261 = CARTESIAN_POINT('',(4.888104132384,-3.520280658282,
    36.244073973072));
#4262 = CARTESIAN_POINT('',(5.196802144381,-3.080057716352,
    36.268906008557));
#4263 = CARTESIAN_POINT('',(5.459939182292,-2.609167333841,
    36.293730888183));
#4264 = CARTESIAN_POINT('',(5.674064942812,-2.113161971736,
    36.318549768922));
#4265 = CARTESIAN_POINT('',(5.836554490481,-1.597920144096,
    36.343367728614));
#4266 = CARTESIAN_POINT('',(5.945541051168,-1.069609006233,
    36.36819007947));
#4267 = CARTESIAN_POINT('',(6.,-0.534700881452,36.393018393619));
#4268 = CARTESIAN_POINT('',(6.,-5.329070518201E-15,36.41783757075));
#4269 = PCURVE('',#3970,#4270);
#4270 = DEFINITIONAL_REPRESENTATION('',(#4271),#4330);
#4271 = B_SPLINE_CURVE_WITH_KNOTS('',8,(#4272,#4273,#4274,#4275,#4276,
    #4277,#4278,#4279,#4280,#4281,#4282,#4283,#4284,#4285,#4286,#4287,
    #4288,#4289,#4290,#4291,#4292,#4293,#4294,#4295,#4296,#4297,#4298,
    #4299,#4300,#4301,#4302,#4303,#4304,#4305,#4306,#4307,#4308,#4309,
    #4310,#4311,#4312,#4313,#4314,#4315,#4316,#4317,#4318,#4319,#4320,
    #4321,#4322,#4323,#4324,#4325,#4326,#4327,#4328,#4329),
  .UNSPECIFIED.,.F.,.F.,(9,7,7,7,7,7,7,7,9),(0.,0.122943765616,
    0.256861475692,0.40181334806,0.541378273907,0.588674891317,
    0.752361170604,0.886491903753,1.),.UNSPECIFIED.);
#4272 = CARTESIAN_POINT('',(0.,-34.66784187032));
#4273 = CARTESIAN_POINT('',(-9.65246373502E-02,-34.69472613063));
#4274 = CARTESIAN_POINT('',(-0.19311027084,-34.72162655764));
#4275 = CARTESIAN_POINT('',(-0.28966870067,-34.74851828761));
#4276 = CARTESIAN_POINT('',(-0.38620600574,-34.77540330143));
#4277 = CARTESIAN_POINT('',(-0.482743884535,-34.8022888842));
#4278 = CARTESIAN_POINT('',(-0.579302828333,-34.82918158411));
#4279 = CARTESIAN_POINT('',(-0.67588757692,-34.8560828112));
#4280 = CARTESIAN_POINT('',(-0.8775385174,-34.91224961359));
#4281 = CARTESIAN_POINT('',(-0.982769152135,-34.94156117595));
#4282 = CARTESIAN_POINT('',(-1.087956410626,-34.97086136716));
#4283 = CARTESIAN_POINT('',(-1.193108514831,-35.00015139375));
#4284 = CARTESIAN_POINT('',(-1.298255525077,-35.0294382265));
#4285 = CARTESIAN_POINT('',(-1.403429131558,-35.0587305482));
#4286 = CARTESIAN_POINT('',(-1.508647588562,-35.08803415676));
#4287 = CARTESIAN_POINT('',(-1.727589999639,-35.14900941675));
#4288 = CARTESIAN_POINT('',(-1.841519476429,-35.1807382432));
#4289 = CARTESIAN_POINT('',(-1.955375078812,-35.21244713739));
#4290 = CARTESIAN_POINT('',(-2.069184388083,-35.24414502429));
#4291 = CARTESIAN_POINT('',(-2.182992690104,-35.27584502765));
#4292 = CARTESIAN_POINT('',(-2.296845929431,-35.30755797953));
#4293 = CARTESIAN_POINT('',(-2.410772424872,-35.33929056153));
#4294 = CARTESIAN_POINT('',(-2.634152183779,-35.40150796232));
#4295 = CARTESIAN_POINT('',(-2.743836225302,-35.4320571294));
#4296 = CARTESIAN_POINT('',(-2.853458171173,-35.46258798665));
#4297 = CARTESIAN_POINT('',(-2.96303886926,-35.49310722689));
#4298 = CARTESIAN_POINT('',(-3.072615940574,-35.52362703645));
#4299 = CARTESIAN_POINT('',(-3.182230789581,-35.55416149656));
#4300 = CARTESIAN_POINT('',(-3.291905129022,-35.58470914461));
#4301 = CARTESIAN_POINT('',(-3.438615825987,-35.625569302));
#4302 = CARTESIAN_POINT('',(-3.475751417997,-35.63591127852));
#4303 = CARTESIAN_POINT('',(-3.512889383591,-35.64625391518));
#4304 = CARTESIAN_POINT('',(-3.550029739845,-35.65659760091));
#4305 = CARTESIAN_POINT('',(-3.58717172245,-35.66694229532));
#4306 = CARTESIAN_POINT('',(-3.624313785702,-35.67728752869));
#4307 = CARTESIAN_POINT('',(-3.661453602509,-35.68763240203));
#4308 = CARTESIAN_POINT('',(-3.827104694781,-35.7337717509));
#4309 = CARTESIAN_POINT('',(-3.955857686598,-35.76963211493));
#4310 = CARTESIAN_POINT('',(-4.084475451983,-35.80544814352));
#4311 = CARTESIAN_POINT('',(-4.213019915749,-35.84125431634));
#4312 = CARTESIAN_POINT('',(-4.341558043,-35.87705796337));
#4313 = CARTESIAN_POINT('',(-4.470158244345,-35.91287692225));
#4314 = CARTESIAN_POINT('',(-4.598890670438,-35.9487303255));
#4315 = CARTESIAN_POINT('',(-4.832716688788,-36.01385185594));
#4316 = CARTESIAN_POINT('',(-4.938115654097,-36.04320530836));
#4317 = CARTESIAN_POINT('',(-5.043467003365,-36.07254562537));
#4318 = CARTESIAN_POINT('',(-5.148784589981,-36.10187791678));
#4319 = CARTESIAN_POINT('',(-5.254101200594,-36.13121216447));
#4320 = CARTESIAN_POINT('',(-5.359450026639,-36.16055674787));
#4321 = CARTESIAN_POINT('',(-5.464847227014,-36.18991505935));
#4322 = CARTESIAN_POINT('',(-5.659283161039,-36.24407397307));
#4323 = CARTESIAN_POINT('',(-5.748434156394,-36.26890600855));
#4324 = CARTESIAN_POINT('',(-5.837562719796,-36.29373088818));
#4325 = CARTESIAN_POINT('',(-5.926674373815,-36.31854976892));
#4326 = CARTESIAN_POINT('',(-6.015786835414,-36.34336772861));
#4327 = CARTESIAN_POINT('',(-6.10491711621,-36.36819007947));
#4328 = CARTESIAN_POINT('',(-6.194068493604,-36.39301839361));
#4329 = CARTESIAN_POINT('',(-6.28318530718,-36.41783757075));
#4330 = ( GEOMETRIC_REPRESENTATION_CONTEXT(2) 
PARAMETRIC_REPRESENTATION_CONTEXT() REPRESENTATION_CONTEXT('2D SPACE',''
  ) );
#4331 = PCURVE('',#4189,#4332);
#4332 = DEFINITIONAL_REPRESENTATION('',(#4333),#4392);
#4333 = B_SPLINE_CURVE_WITH_KNOTS('',8,(#4334,#4335,#4336,#4337,#4338,
    #4339,#4340,#4341,#4342,#4343,#4344,#4345,#4346,#4347,#4348,#4349,
    #4350,#4351,#4352,#4353,#4354,#4355,#4356,#4357,#4358,#4359,#4360,
    #4361,#4362,#4363,#4364,#4365,#4366,#4367,#4368,#4369,#4370,#4371,
    #4372,#4373,#4374,#4375,#4376,#4377,#4378,#4379,#4380,#4381,#4382,
    #4383,#4384,#4385,#4386,#4387,#4388,#4389,#4390,#4391),
  .UNSPECIFIED.,.F.,.F.,(9,7,7,7,7,7,7,7,9),(0.,0.122943765616,
    0.256861475692,0.40181334806,0.541378273907,0.588674891317,
    0.752361170604,0.886491903753,1.),.UNSPECIFIED.);
#4334 = CARTESIAN_POINT('',(0.,-34.66784187032));
#4335 = CARTESIAN_POINT('',(-9.65246373502E-02,-34.69472613063));
#4336 = CARTESIAN_POINT('',(-0.19311027084,-34.72162655764));
#4337 = CARTESIAN_POINT('',(-0.28966870067,-34.74851828761));
#4338 = CARTESIAN_POINT('',(-0.38620600574,-34.77540330143));
#4339 = CARTESIAN_POINT('',(-0.482743884535,-34.8022888842));
#4340 = CARTESIAN_POINT('',(-0.579302828333,-34.82918158411));
#4341 = CARTESIAN_POINT('',(-0.67588757692,-34.8560828112));
#4342 = CARTESIAN_POINT('',(-0.8775385174,-34.91224961359));
#4343 = CARTESIAN_POINT('',(-0.982769152135,-34.94156117595));
#4344 = CARTESIAN_POINT('',(-1.087956410626,-34.97086136716));
#4345 = CARTESIAN_POINT('',(-1.193108514831,-35.00015139375));
#4346 = CARTESIAN_POINT('',(-1.298255525077,-35.0294382265));
#4347 = CARTESIAN_POINT('',(-1.403429131558,-35.0587305482));
#4348 = CARTESIAN_POINT('',(-1.508647588562,-35.08803415676));
#4349 = CARTESIAN_POINT('',(-1.727589999639,-35.14900941675));
#4350 = CARTESIAN_POINT('',(-1.841519476429,-35.1807382432));
#4351 = CARTESIAN_POINT('',(-1.955375078812,-35.21244713739));
#4352 = CARTESIAN_POINT('',(-2.069184388083,-35.24414502429));
#4353 = CARTESIAN_POINT('',(-2.182992690104,-35.27584502765));
#4354 = CARTESIAN_POINT('',(-2.296845929431,-35.30755797953));
#4355 = CARTESIAN_POINT('',(-2.410772424872,-35.33929056153));
#4356 = CARTESIAN_POINT('',(-2.634152183779,-35.40150796232));
#4357 = CARTESIAN_POINT('',(-2.743836225302,-35.4320571294));
#4358 = CARTESIAN_POINT('',(-2.853458171173,-35.46258798665));
#4359 = CARTESIAN_POINT('',(-2.96303886926,-35.49310722689));
#4360 = CARTESIAN_POINT('',(-3.072615940574,-35.52362703645));
#4361 = CARTESIAN_POINT('',(-3.182230789581,-35.55416149656));
#4362 = CARTESIAN_POINT('',(-3.291905129022,-35.58470914461));
#4363 = CARTESIAN_POINT('',(-3.438615825987,-35.625569302));
#4364 = CARTESIAN_POINT('',(-3.475751417997,-35.63591127852));
#4365 = CARTESIAN_POINT('',(-3.512889383591,-35.64625391518));
#4366 = CARTESIAN_POINT('',(-3.550029739845,-35.65659760091));
#4367 = CARTESIAN_POINT('',(-3.58717172245,-35.66694229532));
#4368 = CARTESIAN_POINT('',(-3.624313785702,-35.67728752869));
#4369 = CARTESIAN_POINT('',(-3.661453602509,-35.68763240203));
#4370 = CARTESIAN_POINT('',(-3.827104694781,-35.7337717509));
#4371 = CARTESIAN_POINT('',(-3.955857686598,-35.76963211493));
#4372 = CARTESIAN_POINT('',(-4.084475451983,-35.80544814352));
#4373 = CARTESIAN_POINT('',(-4.213019915749,-35.84125431634));
#4374 = CARTESIAN_POINT('',(-4.341558043,-35.87705796337));
#4375 = CARTESIAN_POINT('',(-4.470158244345,-35.91287692225));
#4376 = CARTESIAN_POINT('',(-4.598890670438,-35.9487303255));
#4377 = CARTESIAN_POINT('',(-4.832716688788,-36.01385185594));
#4378 = CARTESIAN_POINT('',(-4.938115654097,-36.04320530836));
#4379 = CARTESIAN_POINT('',(-5.043467003365,-36.07254562537));
#4380 = CARTESIAN_POINT('',(-5.148784589981,-36.10187791678));
#4381 = CARTESIAN_POINT('',(-5.254101200594,-36.13121216447));
#4382 = CARTESIAN_POINT('',(-5.359450026639,-36.16055674787));
#4383 = CARTESIAN_POINT('',(-5.464847227014,-36.18991505935));
#4384 = CARTESIAN_POINT('',(-5.659283161039,-36.24407397307));
#4385 = CARTESIAN_POINT('',(-5.748434156394,-36.26890600855));
#4386 = CARTESIAN_POINT('',(-5.837562719796,-36.29373088818));
#4387 = CARTESIAN_POINT('',(-5.926674373815,-36.31854976892));
#4388 = CARTESIAN_POINT('',(-6.015786835414,-36.34336772861));
#4389 = CARTESIAN_POINT('',(-6.10491711621,-36.36819007947));
#4390 = CARTESIAN_POINT('',(-6.194068493604,-36.39301839361));
#4391 = CARTESIAN_POINT('',(-6.28318530718,-36.41783757075));
#4392 = ( GEOMETRIC_REPRESENTATION_CONTEXT(2) 
PARAMETRIC_REPRESENTATION_CONTEXT() REPRESENTATION_CONTEXT('2D SPACE',''
  ) );
#4393 = ORIENTED_EDGE('',*,*,#4394,.F.);
#4394 = EDGE_CURVE('',#3988,#4207,#4395,.T.);
#4395 = SURFACE_CURVE('',#4396,(#4400,#4407),.PCURVE_S1.);
#4396 = LINE('',#4397,#4398);
#4397 = CARTESIAN_POINT('',(6.,0.,0.));
#4398 = VECTOR('',#4399,1.);
#4399 = DIRECTION('',(0.,0.,1.));
#4400 = PCURVE('',#3970,#4401);
#4401 = DEFINITIONAL_REPRESENTATION('',(#4402),#4406);
#4402 = LINE('',#4403,#4404);
#4403 = CARTESIAN_POINT('',(-6.28318530718,0.));
#4404 = VECTOR('',#4405,1.);
#4405 = DIRECTION('',(-0.,-1.));
#4406 = ( GEOMETRIC_REPRESENTATION_CONTEXT(2) 
PARAMETRIC_REPRESENTATION_CONTEXT() REPRESENTATION_CONTEXT('2D SPACE',''
  ) );
#4407 = PCURVE('',#4408,#4413);
#4408 = CYLINDRICAL_SURFACE('',#4409,6.);
#4409 = AXIS2_PLACEMENT_3D('',#4410,#4411,#4412);
#4410 = CARTESIAN_POINT('',(0.,0.,0.));
#4411 = DIRECTION('',(-0.,-0.,-1.));
#4412 = DIRECTION('',(1.,0.,0.));
#4413 = DEFINITIONAL_REPRESENTATION('',(#4414),#4418);
#4414 = LINE('',#4415,#4416);
#4415 = CARTESIAN_POINT('',(-0.,0.));
#4416 = VECTOR('',#4417,1.);
#4417 = DIRECTION('',(-0.,-1.));
#4418 = ( GEOMETRIC_REPRESENTATION_CONTEXT(2) 
PARAMETRIC_REPRESENTATION_CONTEXT() REPRESENTATION_CONTEXT('2D SPACE',''
  ) );
#4419 = ADVANCED_FACE('',(#4420),#4189,.T.);
#4420 = FACE_BOUND('',#4421,.F.);
#4421 = EDGE_LOOP('',(#4422,#4423,#4424,#4612));
#4422 = ORIENTED_EDGE('',*,*,#4206,.F.);
#4423 = ORIENTED_EDGE('',*,*,#4175,.T.);
#4424 = ORIENTED_EDGE('',*,*,#4425,.T.);
#4425 = EDGE_CURVE('',#3988,#4426,#4428,.T.);
#4426 = VERTEX_POINT('',#4427);
#4427 = CARTESIAN_POINT('',(6.,0.,36.832160840023));
#4428 = SURFACE_CURVE('',#4429,(#4488,#4550),.PCURVE_S1.);
#4429 = B_SPLINE_CURVE_WITH_KNOTS('',8,(#4430,#4431,#4432,#4433,#4434,
    #4435,#4436,#4437,#4438,#4439,#4440,#4441,#4442,#4443,#4444,#4445,
    #4446,#4447,#4448,#4449,#4450,#4451,#4452,#4453,#4454,#4455,#4456,
    #4457,#4458,#4459,#4460,#4461,#4462,#4463,#4464,#4465,#4466,#4467,
    #4468,#4469,#4470,#4471,#4472,#4473,#4474,#4475,#4476,#4477,#4478,
    #4479,#4480,#4481,#4482,#4483,#4484,#4485,#4486,#4487),
  .UNSPECIFIED.,.F.,.F.,(9,7,7,7,7,7,7,7,9),(0.,0.148526095736,
    0.216698686663,0.296772228971,0.436416760044,0.600874643277,
    0.70187176593,0.86223842425,1.),.UNSPECIFIED.);
#4430 = CARTESIAN_POINT('',(6.,6.217248937901E-15,35.082162702967));
#4431 = CARTESIAN_POINT('',(6.,0.699570214892,35.1146395186));
#4432 = CARTESIAN_POINT('',(5.906780967677,1.39999459637,35.147155178398
    ));
#4433 = CARTESIAN_POINT('',(5.719947495566,2.085425449774,
    35.179646374766));
#4434 = CARTESIAN_POINT('',(5.442798898206,2.741472710233,
    35.212121097178));
#4435 = CARTESIAN_POINT('',(5.080627703765,3.354703431106,
    35.244594827302));
#4436 = CARTESIAN_POINT('',(4.641083676445,3.912861088989,
    35.277083889697));
#4437 = CARTESIAN_POINT('',(4.133736009294,4.404731173821,
    35.309598757747));
#4438 = CARTESIAN_POINT('',(3.313572454952,5.012319675276,
    35.356980557118));
#4439 = CARTESIAN_POINT('',(3.043819459232,5.187710113633,
    35.371888623285));
#4440 = CARTESIAN_POINT('',(2.763492888019,5.346485148766,
    35.386797751506));
#4441 = CARTESIAN_POINT('',(2.473800964113,5.48789724316,35.401707185196
    ));
#4442 = CARTESIAN_POINT('',(2.176001079073,5.611312108454,35.41661627961
    ));
#4443 = CARTESIAN_POINT('',(1.871399793209,5.716208705442,
    35.431524501849));
#4444 = CARTESIAN_POINT('',(1.561352835586,5.802179244071,
    35.446431430856));
#4445 = CARTESIAN_POINT('',(0.878346790672,5.947331720619,
    35.478844120431));
#4446 = CARTESIAN_POINT('',(0.503750071739,5.999235470182,
    35.496351596378));
#4447 = CARTESIAN_POINT('',(0.125760183962,6.024160997332,35.51385989282
    ));
#4448 = CARTESIAN_POINT('',(-0.253347340166,6.02185888166,
    35.531369223837));
#4449 = CARTESIAN_POINT('',(-0.631306672394,5.992309717142,
    35.548879310032));
#4450 = CARTESIAN_POINT('',(-1.005861688712,5.935724112145,
    35.566389378527));
#4451 = CARTESIAN_POINT('',(-1.374765969357,5.852542689424,
    35.583898162966));
#4452 = CARTESIAN_POINT('',(-2.365379347234,5.553159247909,
    35.631933100291));
#4453 = CARTESIAN_POINT('',(-2.971831162841,5.283796775509,
    35.662494048917));
#4454 = CARTESIAN_POINT('',(-3.542495968108,4.938839323089,
    35.693048564966));
#4455 = CARTESIAN_POINT('',(-4.066589540362,4.524193788552,
    35.723589429786));
#4456 = CARTESIAN_POINT('',(-4.534538424838,4.047122703535,
    35.754126587375));
#4457 = CARTESIAN_POINT('',(-4.938138883393,3.516387013781,35.784672533)
  );
#4458 = CARTESIAN_POINT('',(-5.270416937294,2.942012543613,
    35.815235799117));
#4459 = CARTESIAN_POINT('',(-5.82817438098,1.62251740355,35.881734217912
    ));
#4460 = CARTESIAN_POINT('',(-6.025077081417,0.863081208049,
    35.917764989708));
#4461 = CARTESIAN_POINT('',(-6.107977849271,7.781189415937E-02,
    35.953756725596));
#4462 = CARTESIAN_POINT('',(-6.074115497557,-0.713374557565,
    35.98972856243));
#4463 = CARTESIAN_POINT('',(-5.923739579005,-1.490865321858,
    36.025696556574));
#4464 = CARTESIAN_POINT('',(-5.661163462518,-2.235535047247,
    36.061682185723));
#4465 = CARTESIAN_POINT('',(-5.293683635632,-2.928674076935,
    36.097707674113));
#4466 = CARTESIAN_POINT('',(-4.553172832228,-3.936367185304,
    36.155752499793));
#4467 = CARTESIAN_POINT('',(-4.236601196506,-4.294315827585,
    36.177842589392));
#4468 = CARTESIAN_POINT('',(-3.888015748349,-4.623015800025,
    36.199930804614));
#4469 = CARTESIAN_POINT('',(-3.510596958971,-4.919125565858,
    36.222016626635));
#4470 = CARTESIAN_POINT('',(-3.107874627015,-5.179771446544,
    36.244103134372));
#4471 = CARTESIAN_POINT('',(-2.68371392866,-5.402554638641,
    36.266193353055));
#4472 = CARTESIAN_POINT('',(-2.242301467718,-5.585558230682,
    36.288286602811));
#4473 = CARTESIAN_POINT('',(-1.066984563685,-5.9525027033,36.34544731123
    ));
#4474 = CARTESIAN_POINT('',(-0.312301487869,-6.074232197005,
    36.380574768518));
#4475 = CARTESIAN_POINT('',(0.456780052037,-6.085947945082,
    36.415665040824));
#4476 = CARTESIAN_POINT('',(1.221692643978,-5.986702636213,
    36.450733695398));
#4477 = CARTESIAN_POINT('',(1.964347748219,-5.77830891345,
    36.485800388358));
#4478 = CARTESIAN_POINT('',(2.667386659743,-5.46617333638,
    36.520888119414));
#4479 = CARTESIAN_POINT('',(3.314061925139,-5.058428081007,
    36.55601431044));
#4480 = CARTESIAN_POINT('',(4.383456595115,-4.148066805754,
    36.621208020538));
#4481 = CARTESIAN_POINT('',(4.826041465336,-3.665950471576,
    36.651360329194));
#4482 = CARTESIAN_POINT('',(5.207405136558,-3.130282848298,
    36.681497704176));
#4483 = CARTESIAN_POINT('',(5.520320891331,-2.550330150947,
    36.711623837759));
#4484 = CARTESIAN_POINT('',(5.759098206523,-1.936119478868,36.7417475264
    ));
#4485 = CARTESIAN_POINT('',(5.919787132052,-1.298483239531,
    36.771879590234));
#4486 = CARTESIAN_POINT('',(6.,-0.648934696372,36.802036830113));
#4487 = CARTESIAN_POINT('',(6.,-1.33226762955E-14,36.832160840023));
#4488 = PCURVE('',#4189,#4489);
#4489 = DEFINITIONAL_REPRESENTATION('',(#4490),#4549);
#4490 = B_SPLINE_CURVE_WITH_KNOTS('',8,(#4491,#4492,#4493,#4494,#4495,
    #4496,#4497,#4498,#4499,#4500,#4501,#4502,#4503,#4504,#4505,#4506,
    #4507,#4508,#4509,#4510,#4511,#4512,#4513,#4514,#4515,#4516,#4517,
    #4518,#4519,#4520,#4521,#4522,#4523,#4524,#4525,#4526,#4527,#4528,
    #4529,#4530,#4531,#4532,#4533,#4534,#4535,#4536,#4537,#4538,#4539,
    #4540,#4541,#4542,#4543,#4544,#4545,#4546,#4547,#4548),
  .UNSPECIFIED.,.F.,.F.,(9,7,7,7,7,7,7,7,9),(0.,0.148526095736,
    0.216698686663,0.296772228971,0.436416760044,0.600874643277,
    0.70187176593,0.86223842425,1.),.UNSPECIFIED.);
#4491 = CARTESIAN_POINT('',(0.,-35.08216270296));
#4492 = CARTESIAN_POINT('',(-0.116595035815,-35.1146395186));
#4493 = CARTESIAN_POINT('',(-0.23333209113,-35.14715517839));
#4494 = CARTESIAN_POINT('',(-0.34998788118,-35.17964637476));
#4495 = CARTESIAN_POINT('',(-0.466593553512,-35.21212109717));
#4496 = CARTESIAN_POINT('',(-0.583201039878,-35.2445948273));
#4497 = CARTESIAN_POINT('',(-0.699858200175,-35.27708388969));
#4498 = CARTESIAN_POINT('',(-0.816601535543,-35.30959875774));
#4499 = CARTESIAN_POINT('',(-0.986718492286,-35.35698055711));
#4500 = CARTESIAN_POINT('',(-1.040242597257,-35.37188862328));
#4501 = CARTESIAN_POINT('',(-1.0937701598,-35.3867977515));
#4502 = CARTESIAN_POINT('',(-1.147298960645,-35.40170718519));
#4503 = CARTESIAN_POINT('',(-1.200827054572,-35.41661627961));
#4504 = CARTESIAN_POINT('',(-1.254352770407,-35.43152450184));
#4505 = CARTESIAN_POINT('',(-1.307874711029,-35.44643143085));
#4506 = CARTESIAN_POINT('',(-1.424251314591,-35.47884412043));
#4507 = CARTESIAN_POINT('',(-1.487113644108,-35.49635159637));
#4508 = CARTESIAN_POINT('',(-1.549977767708,-35.51385989282));
#4509 = CARTESIAN_POINT('',(-1.612842677164,-35.53136922383));
#4510 = CARTESIAN_POINT('',(-1.675707330236,-35.54887931003));
#4511 = CARTESIAN_POINT('',(-1.738570650668,-35.56638937852));
#4512 = CARTESIAN_POINT('',(-1.801431528184,-35.58389816296));
#4513 = CARTESIAN_POINT('',(-1.973909007349,-35.63193310029));
#4514 = CARTESIAN_POINT('',(-2.083649712476,-35.66249404891));
#4515 = CARTESIAN_POINT('',(-2.193334428597,-35.69304856496));
#4516 = CARTESIAN_POINT('',(-2.302977644747,-35.72358942978));
#4517 = CARTESIAN_POINT('',(-2.412617513403,-35.75412658737));
#4518 = CARTESIAN_POINT('',(-2.522293025932,-35.784672533));
#4519 = CARTESIAN_POINT('',(-2.632029991485,-35.81523579911));
#4520 = CARTESIAN_POINT('',(-2.870786072888,-35.88173421791));
#4521 = CARTESIAN_POINT('',(-3.000147512703,-35.9177649897));
#4522 = CARTESIAN_POINT('',(-3.129362443886,-35.95375672559));
#4523 = CARTESIAN_POINT('',(-3.25850207892,-35.98972856242));
#4524 = CARTESIAN_POINT('',(-3.387639754565,-36.02569655657));
#4525 = CARTESIAN_POINT('',(-3.516851066735,-36.06168218572));
#4526 = CARTESIAN_POINT('',(-3.646208968429,-36.09770767411));
#4527 = CARTESIAN_POINT('',(-3.854629060405,-36.15575249979));
#4528 = CARTESIAN_POINT('',(-3.933946721482,-36.17784258939));
#4529 = CARTESIAN_POINT('',(-4.013255311205,-36.19993080461));
#4530 = CARTESIAN_POINT('',(-4.092552121575,-36.22201662663));
#4531 = CARTESIAN_POINT('',(-4.171848121393,-36.24410313437));
#4532 = CARTESIAN_POINT('',(-4.251154774348,-36.26619335305));
#4533 = CARTESIAN_POINT('',(-4.330470857102,-36.28828660281));
#4534 = CARTESIAN_POINT('',(-4.535681999783,-36.34544731123));
#4535 = CARTESIAN_POINT('',(-4.661792632965,-36.38057476851));
#4536 = CARTESIAN_POINT('',(-4.787775813467,-36.41566504082));
#4537 = CARTESIAN_POINT('',(-4.913692748873,-36.45073369539));
#4538 = CARTESIAN_POINT('',(-5.039612460692,-36.48580038835));
#4539 = CARTESIAN_POINT('',(-5.16560183599,-36.52088811941));
#4540 = CARTESIAN_POINT('',(-5.291721530859,-36.55601431044));
#4541 = CARTESIAN_POINT('',(-5.525789577212,-36.62120802053));
#4542 = CARTESIAN_POINT('',(-5.634043533398,-36.65136032919));
#4543 = CARTESIAN_POINT('',(-5.742242718946,-36.68149770417));
#4544 = CARTESIAN_POINT('',(-5.850405765685,-36.71162383775));
#4545 = CARTESIAN_POINT('',(-5.958570005402,-36.7417475264));
#4546 = CARTESIAN_POINT('',(-6.066771602082,-36.77187959023));
#4547 = CARTESIAN_POINT('',(-6.175029524451,-36.80203683011));
#4548 = CARTESIAN_POINT('',(-6.28318530718,-36.83216084002));
#4549 = ( GEOMETRIC_REPRESENTATION_CONTEXT(2) 
PARAMETRIC_REPRESENTATION_CONTEXT() REPRESENTATION_CONTEXT('2D SPACE',''
  ) );
#4550 = PCURVE('',#4408,#4551);
#4551 = DEFINITIONAL_REPRESENTATION('',(#4552),#4611);
#4552 = B_SPLINE_CURVE_WITH_KNOTS('',8,(#4553,#4554,#4555,#4556,#4557,
    #4558,#4559,#4560,#4561,#4562,#4563,#4564,#4565,#4566,#4567,#4568,
    #4569,#4570,#4571,#4572,#4573,#4574,#4575,#4576,#4577,#4578,#4579,
    #4580,#4581,#4582,#4583,#4584,#4585,#4586,#4587,#4588,#4589,#4590,
    #4591,#4592,#4593,#4594,#4595,#4596,#4597,#4598,#4599,#4600,#4601,
    #4602,#4603,#4604,#4605,#4606,#4607,#4608,#4609,#4610),
  .UNSPECIFIED.,.F.,.F.,(9,7,7,7,7,7,7,7,9),(0.,0.148526095736,
    0.216698686663,0.296772228971,0.436416760044,0.600874643277,
    0.70187176593,0.86223842425,1.),.UNSPECIFIED.);
#4553 = CARTESIAN_POINT('',(0.,-35.08216270296));
#4554 = CARTESIAN_POINT('',(-0.116595035815,-35.1146395186));
#4555 = CARTESIAN_POINT('',(-0.23333209113,-35.14715517839));
#4556 = CARTESIAN_POINT('',(-0.34998788118,-35.17964637476));
#4557 = CARTESIAN_POINT('',(-0.466593553512,-35.21212109717));
#4558 = CARTESIAN_POINT('',(-0.583201039878,-35.2445948273));
#4559 = CARTESIAN_POINT('',(-0.699858200175,-35.27708388969));
#4560 = CARTESIAN_POINT('',(-0.816601535543,-35.30959875774));
#4561 = CARTESIAN_POINT('',(-0.986718492286,-35.35698055711));
#4562 = CARTESIAN_POINT('',(-1.040242597257,-35.37188862328));
#4563 = CARTESIAN_POINT('',(-1.0937701598,-35.3867977515));
#4564 = CARTESIAN_POINT('',(-1.147298960645,-35.40170718519));
#4565 = CARTESIAN_POINT('',(-1.200827054572,-35.41661627961));
#4566 = CARTESIAN_POINT('',(-1.254352770407,-35.43152450184));
#4567 = CARTESIAN_POINT('',(-1.307874711029,-35.44643143085));
#4568 = CARTESIAN_POINT('',(-1.424251314591,-35.47884412043));
#4569 = CARTESIAN_POINT('',(-1.487113644108,-35.49635159637));
#4570 = CARTESIAN_POINT('',(-1.549977767708,-35.51385989282));
#4571 = CARTESIAN_POINT('',(-1.612842677164,-35.53136922383));
#4572 = CARTESIAN_POINT('',(-1.675707330236,-35.54887931003));
#4573 = CARTESIAN_POINT('',(-1.738570650668,-35.56638937852));
#4574 = CARTESIAN_POINT('',(-1.801431528184,-35.58389816296));
#4575 = CARTESIAN_POINT('',(-1.973909007349,-35.63193310029));
#4576 = CARTESIAN_POINT('',(-2.083649712476,-35.66249404891));
#4577 = CARTESIAN_POINT('',(-2.193334428597,-35.69304856496));
#4578 = CARTESIAN_POINT('',(-2.302977644747,-35.72358942978));
#4579 = CARTESIAN_POINT('',(-2.412617513403,-35.75412658737));
#4580 = CARTESIAN_POINT('',(-2.522293025932,-35.784672533));
#4581 = CARTESIAN_POINT('',(-2.632029991485,-35.81523579911));
#4582 = CARTESIAN_POINT('',(-2.870786072888,-35.88173421791));
#4583 = CARTESIAN_POINT('',(-3.000147512703,-35.9177649897));
#4584 = CARTESIAN_POINT('',(-3.129362443886,-35.95375672559));
#4585 = CARTESIAN_POINT('',(-3.25850207892,-35.98972856242));
#4586 = CARTESIAN_POINT('',(-3.387639754565,-36.02569655657));
#4587 = CARTESIAN_POINT('',(-3.516851066735,-36.06168218572));
#4588 = CARTESIAN_POINT('',(-3.646208968429,-36.09770767411));
#4589 = CARTESIAN_POINT('',(-3.854629060405,-36.15575249979));
#4590 = CARTESIAN_POINT('',(-3.933946721482,-36.17784258939));
#4591 = CARTESIAN_POINT('',(-4.013255311205,-36.19993080461));
#4592 = CARTESIAN_POINT('',(-4.092552121575,-36.22201662663));
#4593 = CARTESIAN_POINT('',(-4.171848121393,-36.24410313437));
#4594 = CARTESIAN_POINT('',(-4.251154774348,-36.26619335305));
#4595 = CARTESIAN_POINT('',(-4.330470857102,-36.28828660281));
#4596 = CARTESIAN_POINT('',(-4.535681999783,-36.34544731123));
#4597 = CARTESIAN_POINT('',(-4.661792632965,-36.38057476851));
#4598 = CARTESIAN_POINT('',(-4.787775813467,-36.41566504082));
#4599 = CARTESIAN_POINT('',(-4.913692748873,-36.45073369539));
#4600 = CARTESIAN_POINT('',(-5.039612460692,-36.48580038835));
#4601 = CARTESIAN_POINT('',(-5.16560183599,-36.52088811941));
#4602 = CARTESIAN_POINT('',(-5.291721530859,-36.55601431044));
#4603 = CARTESIAN_POINT('',(-5.525789577212,-36.62120802053));
#4604 = CARTESIAN_POINT('',(-5.634043533398,-36.65136032919));
#4605 = CARTESIAN_POINT('',(-5.742242718946,-36.68149770417));
#4606 = CARTESIAN_POINT('',(-5.850405765685,-36.71162383775));
#4607 = CARTESIAN_POINT('',(-5.958570005402,-36.7417475264));
#4608 = CARTESIAN_POINT('',(-6.066771602082,-36.77187959023));
#4609 = CARTESIAN_POINT('',(-6.175029524451,-36.80203683011));
#4610 = CARTESIAN_POINT('',(-6.28318530718,-36.83216084002));
#4611 = ( GEOMETRIC_REPRESENTATION_CONTEXT(2) 
PARAMETRIC_REPRESENTATION_CONTEXT() REPRESENTATION_CONTEXT('2D SPACE',''
  ) );
#4612 = ORIENTED_EDGE('',*,*,#4613,.F.);
#4613 = EDGE_CURVE('',#4207,#4426,#4614,.T.);
#4614 = SURFACE_CURVE('',#4615,(#4619,#4626),.PCURVE_S1.);
#4615 = LINE('',#4616,#4617);
#4616 = CARTESIAN_POINT('',(6.,0.,0.));
#4617 = VECTOR('',#4618,1.);
#4618 = DIRECTION('',(0.,0.,1.));
#4619 = PCURVE('',#4189,#4620);
#4620 = DEFINITIONAL_REPRESENTATION('',(#4621),#4625);
#4621 = LINE('',#4622,#4623);
#4622 = CARTESIAN_POINT('',(-6.28318530718,0.));
#4623 = VECTOR('',#4624,1.);
#4624 = DIRECTION('',(-0.,-1.));
#4625 = ( GEOMETRIC_REPRESENTATION_CONTEXT(2) 
PARAMETRIC_REPRESENTATION_CONTEXT() REPRESENTATION_CONTEXT('2D SPACE',''
  ) );
#4626 = PCURVE('',#4627,#4632);
#4627 = CYLINDRICAL_SURFACE('',#4628,6.);
#4628 = AXIS2_PLACEMENT_3D('',#4629,#4630,#4631);
#4629 = CARTESIAN_POINT('',(0.,0.,0.));
#4630 = DIRECTION('',(-0.,-0.,-1.));
#4631 = DIRECTION('',(1.,0.,0.));
#4632 = DEFINITIONAL_REPRESENTATION('',(#4633),#4637);
#4633 = LINE('',#4634,#4635);
#4634 = CARTESIAN_POINT('',(-0.,0.));
#4635 = VECTOR('',#4636,1.);
#4636 = DIRECTION('',(-0.,-1.));
#4637 = ( GEOMETRIC_REPRESENTATION_CONTEXT(2) 
PARAMETRIC_REPRESENTATION_CONTEXT() REPRESENTATION_CONTEXT('2D SPACE',''
  ) );
#4638 = ADVANCED_FACE('',(#4639),#4408,.T.);
#4639 = FACE_BOUND('',#4640,.F.);
#4640 = EDGE_LOOP('',(#4641,#4642,#4643,#4831));
#4641 = ORIENTED_EDGE('',*,*,#4425,.F.);
#4642 = ORIENTED_EDGE('',*,*,#4394,.T.);
#4643 = ORIENTED_EDGE('',*,*,#4644,.T.);
#4644 = EDGE_CURVE('',#4207,#4645,#4647,.T.);
#4645 = VERTEX_POINT('',#4646);
#4646 = CARTESIAN_POINT('',(6.,0.,38.167839333305));
#4647 = SURFACE_CURVE('',#4648,(#4707,#4769),.PCURVE_S1.);
#4648 = B_SPLINE_CURVE_WITH_KNOTS('',8,(#4649,#4650,#4651,#4652,#4653,
    #4654,#4655,#4656,#4657,#4658,#4659,#4660,#4661,#4662,#4663,#4664,
    #4665,#4666,#4667,#4668,#4669,#4670,#4671,#4672,#4673,#4674,#4675,
    #4676,#4677,#4678,#4679,#4680,#4681,#4682,#4683,#4684,#4685,#4686,
    #4687,#4688,#4689,#4690,#4691,#4692,#4693,#4694,#4695,#4696,#4697,
    #4698,#4699,#4700,#4701,#4702,#4703,#4704,#4705,#4706),
  .UNSPECIFIED.,.F.,.F.,(9,7,7,7,7,7,7,7,9),(0.,0.14923117158,
    0.226059719678,0.298779120173,0.411367083334,0.553350989639,
    0.710716354172,0.859767876705,1.),.UNSPECIFIED.);
#4649 = CARTESIAN_POINT('',(6.,-5.329070518201E-15,36.41783757075));
#4650 = CARTESIAN_POINT('',(6.,0.70305640916,36.450471295804));
#4651 = CARTESIAN_POINT('',(5.905849489547,1.40697121121,36.483145619364
    ));
#4652 = CARTESIAN_POINT('',(5.717149784827,2.095654164229,
    36.515798139893));
#4653 = CARTESIAN_POINT('',(5.437271243586,2.75451790146,36.54843885679)
  );
#4654 = CARTESIAN_POINT('',(5.07160364417,3.369939773413,36.581081017586
    ));
#4655 = CARTESIAN_POINT('',(4.627937432198,3.929500858474,
    36.613735958793));
#4656 = CARTESIAN_POINT('',(4.116028883959,4.421832528063,
    36.646414210012));
#4657 = CARTESIAN_POINT('',(3.257319316969,5.051819840753,
    36.695851869763));
#4658 = CARTESIAN_POINT('',(2.950664294796,5.245835209508,
    36.712655259587));
#4659 = CARTESIAN_POINT('',(2.630872022404,5.418536521203,36.72945950769
    ));
#4660 = CARTESIAN_POINT('',(2.299688805432,5.568884475197,
    36.746264100159));
#4661 = CARTESIAN_POINT('',(1.958930105517,5.696022709555,
    36.763068681334));
#4662 = CARTESIAN_POINT('',(1.610480540291,5.799277801044,
    36.779873053812));
#4663 = CARTESIAN_POINT('',(1.256293883384,5.878159265137,
    36.796677178449));
#4664 = CARTESIAN_POINT('',(0.559634443629,5.983660963581,
    36.829386414509));
#4665 = CARTESIAN_POINT('',(0.217520793931,6.012856932987,
    36.845290601289));
#4666 = CARTESIAN_POINT('',(-0.126242693974,6.019688861944,
    36.861194380109));
#4667 = CARTESIAN_POINT('',(-0.469955633494,6.004055257131,
    36.877098155053));
#4668 = CARTESIAN_POINT('',(-0.811922442144,5.966011734185,
    36.893002088887));
#4669 = CARTESIAN_POINT('',(-1.150452341546,5.905771017702,
    36.90890610305));
#4670 = CARTESIAN_POINT('',(-1.483859357429,5.823702941241,
    36.924809877657));
#4671 = CARTESIAN_POINT('',(-2.316126035582,5.560293961477,
    36.965334663856));
#4672 = CARTESIAN_POINT('',(-2.805780023483,5.349117418858,
    36.989963911611));
#4673 = CARTESIAN_POINT('',(-3.273119024782,5.088743596507,
    37.014584887513));
#4674 = CARTESIAN_POINT('',(-3.712433066175,4.782008132866,
    37.039202532884));
#4675 = CARTESIAN_POINT('',(-4.118522852441,4.432437941895,
    37.063822784551));
#4676 = CARTESIAN_POINT('',(-4.486661007131,4.044188944013,
    37.088449137691));
#4677 = CARTESIAN_POINT('',(-4.812649981104,3.62211040812,
    37.113081250923));
#4678 = CARTESIAN_POINT('',(-5.446609545942,2.60418616016,37.1687497459)
  );
#4679 = CARTESIAN_POINT('',(-5.728209473926,1.990852450966,
    37.199827825796));
#4680 = CARTESIAN_POINT('',(-5.930328648157,1.343412224177,
    37.23088611273));
#4681 = CARTESIAN_POINT('',(-6.04861817487,0.673966062538,
    37.261931394631));
#4682 = CARTESIAN_POINT('',(-6.080595862869,-5.115417024609E-03,
    37.292977400778));
#4683 = CARTESIAN_POINT('',(-6.025937794225,-0.681209333073,
    37.324037290512));
#4684 = CARTESIAN_POINT('',(-5.886224561418,-1.341508782523,
    37.355116825727));
#4685 = CARTESIAN_POINT('',(-5.422531558781,-2.673124988469,
    37.420574605817));
#4686 = CARTESIAN_POINT('',(-5.07955666035,-3.339816684576,
    37.455040148437));
#4687 = CARTESIAN_POINT('',(-4.643116281523,-3.954957658625,
    37.489474585769));
#4688 = CARTESIAN_POINT('',(-4.122853008787,-4.503842961692,37.523890151
    ));
#4689 = CARTESIAN_POINT('',(-3.53024301855,-4.973686776306,
    37.558301889308));
#4690 = CARTESIAN_POINT('',(-2.879036006707,-5.354192648547,
    37.592728618258));
#4691 = CARTESIAN_POINT('',(-2.184719816501,-5.637061018498,
    37.627186797398));
#4692 = CARTESIAN_POINT('',(-0.785114916316,-5.98970187087,
    37.694182258349));
#4693 = CARTESIAN_POINT('',(-8.053028730479E-02,-6.070400078988,
    37.726811439562));
#4694 = CARTESIAN_POINT('',(0.632378695866,-6.055960785288,
    37.759418674345));
#4695 = CARTESIAN_POINT('',(1.338710563849,-5.946083041057,
    37.792014400486));
#4696 = CARTESIAN_POINT('',(2.023983084961,-5.742655824538,
    37.82461111722));
#4697 = CARTESIAN_POINT('',(2.674308108069,-5.45016967109,
    37.857220502451));
#4698 = CARTESIAN_POINT('',(3.276326403453,-5.075291154182,
    37.889851770992));
#4699 = CARTESIAN_POINT('',(4.327461942525,-4.208249574811,
    37.953102574358));
#4700 = CARTESIAN_POINT('',(4.784646021519,-3.723408999822,
    37.98379452564));
#4701 = CARTESIAN_POINT('',(5.179087050672,-3.182213682246,
    38.014471723688));
#4702 = CARTESIAN_POINT('',(5.503027385522,-2.59437931283,
    38.045138357906));
#4703 = CARTESIAN_POINT('',(5.750367278419,-1.970441626973,
    38.075809821607));
#4704 = CARTESIAN_POINT('',(5.916884673054,-1.321799805009,
    38.106489186734));
#4705 = CARTESIAN_POINT('',(6.,-0.660570665024,38.137175173452));
#4706 = CARTESIAN_POINT('',(6.,-1.42108547152E-14,38.167839333305));
#4707 = PCURVE('',#4408,#4708);
#4708 = DEFINITIONAL_REPRESENTATION('',(#4709),#4768);
#4709 = B_SPLINE_CURVE_WITH_KNOTS('',8,(#4710,#4711,#4712,#4713,#4714,
    #4715,#4716,#4717,#4718,#4719,#4720,#4721,#4722,#4723,#4724,#4725,
    #4726,#4727,#4728,#4729,#4730,#4731,#4732,#4733,#4734,#4735,#4736,
    #4737,#4738,#4739,#4740,#4741,#4742,#4743,#4744,#4745,#4746,#4747,
    #4748,#4749,#4750,#4751,#4752,#4753,#4754,#4755,#4756,#4757,#4758,
    #4759,#4760,#4761,#4762,#4763,#4764,#4765,#4766,#4767),
  .UNSPECIFIED.,.F.,.F.,(9,7,7,7,7,7,7,7,9),(0.,0.14923117158,
    0.226059719678,0.298779120173,0.411367083334,0.553350989639,
    0.710716354172,0.859767876705,1.),.UNSPECIFIED.);
#4710 = CARTESIAN_POINT('',(0.,-36.41783757075));
#4711 = CARTESIAN_POINT('',(-0.117176068193,-36.4504712958));
#4712 = CARTESIAN_POINT('',(-0.234494854876,-36.48314561936));
#4713 = CARTESIAN_POINT('',(-0.351728998606,-36.51579813989));
#4714 = CARTESIAN_POINT('',(-0.468913117668,-36.54843885679));
#4715 = CARTESIAN_POINT('',(-0.586100206611,-36.58108101758));
#4716 = CARTESIAN_POINT('',(-0.703340006577,-36.61373595879));
#4717 = CARTESIAN_POINT('',(-0.820668294169,-36.64641421001));
#4718 = CARTESIAN_POINT('',(-0.998171512809,-36.69585186976));
#4719 = CARTESIAN_POINT('',(-1.058503761918,-36.71265525958));
#4720 = CARTESIAN_POINT('',(-1.118838589619,-36.72945950769));
#4721 = CARTESIAN_POINT('',(-1.179173490515,-36.74626410015));
#4722 = CARTESIAN_POINT('',(-1.239506965434,-36.76306868133));
#4723 = CARTESIAN_POINT('',(-1.299838521419,-36.77987305381));
#4724 = CARTESIAN_POINT('',(-1.360168671737,-36.79667717844));
#4725 = CARTESIAN_POINT('',(-1.477602457262,-36.8293864145));
#4726 = CARTESIAN_POINT('',(-1.534704097255,-36.84529060128));
#4727 = CARTESIAN_POINT('',(-1.591806251194,-36.8611943801));
#4728 = CARTESIAN_POINT('',(-1.648910012357,-36.87709815505));
#4729 = CARTESIAN_POINT('',(-1.706015171963,-36.89300208888));
#4730 = CARTESIAN_POINT('',(-1.763120219168,-36.90890610305));
#4731 = CARTESIAN_POINT('',(-1.820222341067,-36.92480987765));
#4732 = CARTESIAN_POINT('',(-1.965715001648,-36.96533466385));
#4733 = CARTESIAN_POINT('',(-2.054140363988,-36.98996391161));
#4734 = CARTESIAN_POINT('',(-2.142546509985,-37.01458488751));
#4735 = CARTESIAN_POINT('',(-2.230939125744,-37.03920253288));
#4736 = CARTESIAN_POINT('',(-2.319335219526,-37.06382278455));
#4737 = CARTESIAN_POINT('',(-2.407750641603,-37.08844913769));
#4738 = CARTESIAN_POINT('',(-2.496185878645,-37.11308125092));
#4739 = CARTESIAN_POINT('',(-2.696052118946,-37.1687497459));
#4740 = CARTESIAN_POINT('',(-2.807633509074,-37.19982782579));
#4741 = CARTESIAN_POINT('',(-2.919149314211,-37.23088611273));
#4742 = CARTESIAN_POINT('',(-3.030625764952,-37.26193139463));
#4743 = CARTESIAN_POINT('',(-3.142104672032,-37.29297740077));
#4744 = CARTESIAN_POINT('',(-3.253627193475,-37.32403729051));
#4745 = CARTESIAN_POINT('',(-3.36521358016,-37.35511682572));
#4746 = CARTESIAN_POINT('',(-3.600220253862,-37.42057460581));
#4747 = CARTESIAN_POINT('',(-3.723952920146,-37.45504014843));
#4748 = CARTESIAN_POINT('',(-3.847571228755,-37.48947458576));
#4749 = CARTESIAN_POINT('',(-3.971126147622,-37.523890151));
#4750 = CARTESIAN_POINT('',(-4.094680157374,-37.5583018893));
#4751 = CARTESIAN_POINT('',(-4.218296180096,-37.59272861825));
#4752 = CARTESIAN_POINT('',(-4.342026535523,-37.62718679739));
#4753 = CARTESIAN_POINT('',(-4.582584304479,-37.69418225834));
#4754 = CARTESIAN_POINT('',(-4.699741980204,-37.72681143956));
#4755 = CARTESIAN_POINT('',(-4.816814748537,-37.75941867434));
#4756 = CARTESIAN_POINT('',(-4.933838258412,-37.79201440048));
#4757 = CARTESIAN_POINT('',(-5.050861964524,-37.82461111722));
#4758 = CARTESIAN_POINT('',(-5.167937194471,-37.85722050245));
#4759 = CARTESIAN_POINT('',(-5.285096001098,-37.88985177099));
#4760 = CARTESIAN_POINT('',(-5.512194060062,-37.95310257435));
#4761 = CARTESIAN_POINT('',(-5.622393390313,-37.98379452564));
#4762 = CARTESIAN_POINT('',(-5.73253668734,-38.01447172368));
#4763 = CARTESIAN_POINT('',(-5.842640677972,-38.0451383579));
#4764 = CARTESIAN_POINT('',(-5.952743898438,-38.0758098216));
#4765 = CARTESIAN_POINT('',(-6.062885544962,-38.10648918673));
#4766 = CARTESIAN_POINT('',(-6.173090196342,-38.13717517345));
#4767 = CARTESIAN_POINT('',(-6.28318530718,-38.1678393333));
#4768 = ( GEOMETRIC_REPRESENTATION_CONTEXT(2) 
PARAMETRIC_REPRESENTATION_CONTEXT() REPRESENTATION_CONTEXT('2D SPACE',''
  ) );
#4769 = PCURVE('',#4627,#4770);
#4770 = DEFINITIONAL_REPRESENTATION('',(#4771),#4830);
#4771 = B_SPLINE_CURVE_WITH_KNOTS('',8,(#4772,#4773,#4774,#4775,#4776,
    #4777,#4778,#4779,#4780,#4781,#4782,#4783,#4784,#4785,#4786,#4787,
    #4788,#4789,#4790,#4791,#4792,#4793,#4794,#4795,#4796,#4797,#4798,
    #4799,#4800,#4801,#4802,#4803,#4804,#4805,#4806,#4807,#4808,#4809,
    #4810,#4811,#4812,#4813,#4814,#4815,#4816,#4817,#4818,#4819,#4820,
    #4821,#4822,#4823,#4824,#4825,#4826,#4827,#4828,#4829),
  .UNSPECIFIED.,.F.,.F.,(9,7,7,7,7,7,7,7,9),(0.,0.14923117158,
    0.226059719678,0.298779120173,0.411367083334,0.553350989639,
    0.710716354172,0.859767876705,1.),.UNSPECIFIED.);
#4772 = CARTESIAN_POINT('',(0.,-36.41783757075));
#4773 = CARTESIAN_POINT('',(-0.117176068193,-36.4504712958));
#4774 = CARTESIAN_POINT('',(-0.234494854876,-36.48314561936));
#4775 = CARTESIAN_POINT('',(-0.351728998606,-36.51579813989));
#4776 = CARTESIAN_POINT('',(-0.468913117668,-36.54843885679));
#4777 = CARTESIAN_POINT('',(-0.586100206611,-36.58108101758));
#4778 = CARTESIAN_POINT('',(-0.703340006577,-36.61373595879));
#4779 = CARTESIAN_POINT('',(-0.820668294169,-36.64641421001));
#4780 = CARTESIAN_POINT('',(-0.998171512809,-36.69585186976));
#4781 = CARTESIAN_POINT('',(-1.058503761918,-36.71265525958));
#4782 = CARTESIAN_POINT('',(-1.118838589619,-36.72945950769));
#4783 = CARTESIAN_POINT('',(-1.179173490515,-36.74626410015));
#4784 = CARTESIAN_POINT('',(-1.239506965434,-36.76306868133));
#4785 = CARTESIAN_POINT('',(-1.299838521419,-36.77987305381));
#4786 = CARTESIAN_POINT('',(-1.360168671737,-36.79667717844));
#4787 = CARTESIAN_POINT('',(-1.477602457262,-36.8293864145));
#4788 = CARTESIAN_POINT('',(-1.534704097255,-36.84529060128));
#4789 = CARTESIAN_POINT('',(-1.591806251194,-36.8611943801));
#4790 = CARTESIAN_POINT('',(-1.648910012357,-36.87709815505));
#4791 = CARTESIAN_POINT('',(-1.706015171963,-36.89300208888));
#4792 = CARTESIAN_POINT('',(-1.763120219168,-36.90890610305));
#4793 = CARTESIAN_POINT('',(-1.820222341067,-36.92480987765));
#4794 = CARTESIAN_POINT('',(-1.965715001648,-36.96533466385));
#4795 = CARTESIAN_POINT('',(-2.054140363988,-36.98996391161));
#4796 = CARTESIAN_POINT('',(-2.142546509985,-37.01458488751));
#4797 = CARTESIAN_POINT('',(-2.230939125744,-37.03920253288));
#4798 = CARTESIAN_POINT('',(-2.319335219526,-37.06382278455));
#4799 = CARTESIAN_POINT('',(-2.407750641603,-37.08844913769));
#4800 = CARTESIAN_POINT('',(-2.496185878645,-37.11308125092));
#4801 = CARTESIAN_POINT('',(-2.696052118946,-37.1687497459));
#4802 = CARTESIAN_POINT('',(-2.807633509074,-37.19982782579));
#4803 = CARTESIAN_POINT('',(-2.919149314211,-37.23088611273));
#4804 = CARTESIAN_POINT('',(-3.030625764952,-37.26193139463));
#4805 = CARTESIAN_POINT('',(-3.142104672032,-37.29297740077));
#4806 = CARTESIAN_POINT('',(-3.253627193475,-37.32403729051));
#4807 = CARTESIAN_POINT('',(-3.36521358016,-37.35511682572));
#4808 = CARTESIAN_POINT('',(-3.600220253862,-37.42057460581));
#4809 = CARTESIAN_POINT('',(-3.723952920146,-37.45504014843));
#4810 = CARTESIAN_POINT('',(-3.847571228755,-37.48947458576));
#4811 = CARTESIAN_POINT('',(-3.971126147622,-37.523890151));
#4812 = CARTESIAN_POINT('',(-4.094680157374,-37.5583018893));
#4813 = CARTESIAN_POINT('',(-4.218296180096,-37.59272861825));
#4814 = CARTESIAN_POINT('',(-4.342026535523,-37.62718679739));
#4815 = CARTESIAN_POINT('',(-4.582584304479,-37.69418225834));
#4816 = CARTESIAN_POINT('',(-4.699741980204,-37.72681143956));
#4817 = CARTESIAN_POINT('',(-4.816814748537,-37.75941867434));
#4818 = CARTESIAN_POINT('',(-4.933838258412,-37.79201440048));
#4819 = CARTESIAN_POINT('',(-5.050861964524,-37.82461111722));
#4820 = CARTESIAN_POINT('',(-5.167937194471,-37.85722050245));
#4821 = CARTESIAN_POINT('',(-5.285096001098,-37.88985177099));
#4822 = CARTESIAN_POINT('',(-5.512194060062,-37.95310257435));
#4823 = CARTESIAN_POINT('',(-5.622393390313,-37.98379452564));
#4824 = CARTESIAN_POINT('',(-5.73253668734,-38.01447172368));
#4825 = CARTESIAN_POINT('',(-5.842640677972,-38.0451383579));
#4826 = CARTESIAN_POINT('',(-5.952743898438,-38.0758098216));
#4827 = CARTESIAN_POINT('',(-6.062885544962,-38.10648918673));
#4828 = CARTESIAN_POINT('',(-6.173090196342,-38.13717517345));
#4829 = CARTESIAN_POINT('',(-6.28318530718,-38.1678393333));
#4830 = ( GEOMETRIC_REPRESENTATION_CONTEXT(2) 
PARAMETRIC_REPRESENTATION_CONTEXT() REPRESENTATION_CONTEXT('2D SPACE',''
  ) );
#4831 = ORIENTED_EDGE('',*,*,#4832,.F.);
#4832 = EDGE_CURVE('',#4426,#4645,#4833,.T.);
#4833 = SURFACE_CURVE('',#4834,(#4838,#4845),.PCURVE_S1.);
#4834 = LINE('',#4835,#4836);
#4835 = CARTESIAN_POINT('',(6.,0.,0.));
#4836 = VECTOR('',#4837,1.);
#4837 = DIRECTION('',(0.,0.,1.));
#4838 = PCURVE('',#4408,#4839);
#4839 = DEFINITIONAL_REPRESENTATION('',(#4840),#4844);
#4840 = LINE('',#4841,#4842);
#4841 = CARTESIAN_POINT('',(-6.28318530718,0.));
#4842 = VECTOR('',#4843,1.);
#4843 = DIRECTION('',(-0.,-1.));
#4844 = ( GEOMETRIC_REPRESENTATION_CONTEXT(2) 
PARAMETRIC_REPRESENTATION_CONTEXT() REPRESENTATION_CONTEXT('2D SPACE',''
  ) );
#4845 = PCURVE('',#4846,#4851);
#4846 = CYLINDRICAL_SURFACE('',#4847,6.);
#4847 = AXIS2_PLACEMENT_3D('',#4848,#4849,#4850);
#4848 = CARTESIAN_POINT('',(0.,0.,0.));
#4849 = DIRECTION('',(-0.,-0.,-1.));
#4850 = DIRECTION('',(1.,0.,0.));
#4851 = DEFINITIONAL_REPRESENTATION('',(#4852),#4856);
#4852 = LINE('',#4853,#4854);
#4853 = CARTESIAN_POINT('',(-0.,0.));
#4854 = VECTOR('',#4855,1.);
#4855 = DIRECTION('',(-0.,-1.));
#4856 = ( GEOMETRIC_REPRESENTATION_CONTEXT(2) 
PARAMETRIC_REPRESENTATION_CONTEXT() REPRESENTATION_CONTEXT('2D SPACE',''
  ) );
#4857 = ADVANCED_FACE('',(#4858),#4627,.T.);
#4858 = FACE_BOUND('',#4859,.F.);
#4859 = EDGE_LOOP('',(#4860,#4861,#4862,#5092,#5121));
#4860 = ORIENTED_EDGE('',*,*,#4644,.F.);
#4861 = ORIENTED_EDGE('',*,*,#4613,.T.);
#4862 = ORIENTED_EDGE('',*,*,#4863,.T.);
#4863 = EDGE_CURVE('',#4426,#4864,#4866,.T.);
#4864 = VERTEX_POINT('',#4865);
#4865 = CARTESIAN_POINT('',(5.740805250147,-1.74446412399,38.5));
#4866 = SURFACE_CURVE('',#4867,(#4940,#5016),.PCURVE_S1.);
#4867 = B_SPLINE_CURVE_WITH_KNOTS('',8,(#4868,#4869,#4870,#4871,#4872,
    #4873,#4874,#4875,#4876,#4877,#4878,#4879,#4880,#4881,#4882,#4883,
    #4884,#4885,#4886,#4887,#4888,#4889,#4890,#4891,#4892,#4893,#4894,
    #4895,#4896,#4897,#4898,#4899,#4900,#4901,#4902,#4903,#4904,#4905,
    #4906,#4907,#4908,#4909,#4910,#4911,#4912,#4913,#4914,#4915,#4916,
    #4917,#4918,#4919,#4920,#4921,#4922,#4923,#4924,#4925,#4926,#4927,
    #4928,#4929,#4930,#4931,#4932,#4933,#4934,#4935,#4936,#4937,#4938,
    #4939),.UNSPECIFIED.,.F.,.F.,(9,7,7,7,7,7,7,7,7,7,9),(0.,
    0.117982162519,0.253391455078,0.342707475126,0.487275403474,
    0.629889837235,0.685233437031,0.74936522593,0.863437433729,
    0.927153710249,1.),.UNSPECIFIED.);
#4868 = CARTESIAN_POINT('',(6.,-1.33226762955E-14,36.832160840023));
#4869 = CARTESIAN_POINT('',(6.,0.555763227199,36.857959764102));
#4870 = CARTESIAN_POINT('',(5.941167090254,1.111778273368,
    36.883764326381));
#4871 = CARTESIAN_POINT('',(5.823408055483,1.660379339962,
    36.909567097078));
#4872 = CARTESIAN_POINT('',(5.647942539866,2.194312417014,
    36.935369071366));
#4873 = CARTESIAN_POINT('',(5.416911537554,2.706663998566,
    36.961168808404));
#4874 = CARTESIAN_POINT('',(5.133404146434,3.190879064127,
    36.986973940044));
#4875 = CARTESIAN_POINT('',(4.801414498603,3.640781216553,
    37.012784809181));
#4876 = CARTESIAN_POINT('',(3.99557472751,4.521309172822,37.06819176101)
  );
#4877 = CARTESIAN_POINT('',(3.507421596875,4.939918679241,
    37.097824385457));
#4878 = CARTESIAN_POINT('',(2.969561325101,5.297727864281,
    37.127443312118));
#4879 = CARTESIAN_POINT('',(2.391000346545,5.588159068769,
    37.157054488558));
#4880 = CARTESIAN_POINT('',(1.781417475477,5.806100099367,
    37.186667073281));
#4881 = CARTESIAN_POINT('',(1.151193577722,5.948074788162,
    37.216288985761));
#4882 = CARTESIAN_POINT('',(0.511315717289,6.012103845348,
    37.245923870237));
#4883 = CARTESIAN_POINT('',(-0.547004442155,5.98980713686,
    37.295061640791));
#4884 = CARTESIAN_POINT('',(-0.967018616429,5.947235810384,
    37.314595286011));
#4885 = CARTESIAN_POINT('',(-1.383166349079,5.870995928025,
    37.334128387502));
#4886 = CARTESIAN_POINT('',(-1.792294554789,5.761524343417,
    37.353660473443));
#4887 = CARTESIAN_POINT('',(-2.1913440719,5.619593648435,37.373193205239
    ));
#4888 = CARTESIAN_POINT('',(-2.577350971436,5.44629278508,
    37.392728213309));
#4889 = CARTESIAN_POINT('',(-2.947458405241,5.243048336118,
    37.412264776467));
#4890 = CARTESIAN_POINT('',(-3.867849480214,4.637201579823,
    37.463412982796));
#4891 = CARTESIAN_POINT('',(-4.388724655904,4.188548802759,
    37.495060430846));
#4892 = CARTESIAN_POINT('',(-4.849323210685,3.673433691917,
    37.526690282308));
#4893 = CARTESIAN_POINT('',(-5.240184268885,3.101558793515,
    37.558311533605));
#4894 = CARTESIAN_POINT('',(-5.553507628756,2.483732923866,
    37.58993467745));
#4895 = CARTESIAN_POINT('',(-5.783505271644,1.831994004104,
    37.621569472932));
#4896 = CARTESIAN_POINT('',(-5.926177144957,1.159406744649,
    37.653221193935));
#4897 = CARTESIAN_POINT('',(-6.034533181799,-0.189101037524,
    37.716018494657));
#4898 = CARTESIAN_POINT('',(-6.00270680695,-0.866397247114,
    37.74723687745));
#4899 = CARTESIAN_POINT('',(-5.88379455989,-1.537403560692,
    37.77843618225));
#4900 = CARTESIAN_POINT('',(-5.679540656143,-2.1891623547,
    37.809623984817));
#4901 = CARTESIAN_POINT('',(-5.393508183376,-2.809377077368,
    37.840813709927));
#4902 = CARTESIAN_POINT('',(-5.031319631912,-3.386567167776,
    37.872016128078));
#4903 = CARTESIAN_POINT('',(-4.600367682808,-3.909986546564,
    37.903236143171));
#4904 = CARTESIAN_POINT('',(-3.921099881887,-4.548950483765,
    37.946526205762));
#4905 = CARTESIAN_POINT('',(-3.722313699978,-4.718168043828,
    37.95862923466));
#4906 = CARTESIAN_POINT('',(-3.515191201723,-4.877446778153,
    37.970732911607));
#4907 = CARTESIAN_POINT('',(-3.300311475586,-5.026309005905,
    37.982837357785));
#4908 = CARTESIAN_POINT('',(-3.078287352856,-5.16431907864,
    37.994942490321));
#4909 = CARTESIAN_POINT('',(-2.849765407651,-5.291083380301,
    38.007048022278));
#4910 = CARTESIAN_POINT('',(-2.615425956917,-5.406250327224,
    38.019153462663));
#4911 = CARTESIAN_POINT('',(-2.098518252433,-5.629167404713,
    38.045284907276));
#4912 = CARTESIAN_POINT('',(-1.814120946549,-5.732871541109,
    38.059314392248));
#4913 = CARTESIAN_POINT('',(-1.523893549957,-5.820144497003,
    38.073344879383));
#4914 = CARTESIAN_POINT('',(-1.22895614679,-5.890602929628,
    38.08737521665));
#4915 = CARTESIAN_POINT('',(-0.930446498127,-5.943958433775,
    38.101404791943));
#4916 = CARTESIAN_POINT('',(-0.62952004199,-5.980017541789,
    38.115433533082));
#4917 = CARTESIAN_POINT('',(-0.327349893351,-5.998681723571,
    38.12946190781));
#4918 = CARTESIAN_POINT('',(0.512441981963,-6.002198641002,
    38.168444552166));
#4919 = CARTESIAN_POINT('',(1.050475496698,-5.949405821837,
    38.193410727467));
#4920 = CARTESIAN_POINT('',(1.58204868269,-5.841460657804,
    38.218372940689));
#4921 = CARTESIAN_POINT('',(2.100574534689,-5.679381399722,
    38.243329309559));
#4922 = CARTESIAN_POINT('',(2.599775558549,-5.465045646572,
    38.268284276491));
#4923 = CARTESIAN_POINT('',(3.073662225716,-5.201110186781,
    38.293243727747));
#4924 = CARTESIAN_POINT('',(3.516571808034,-4.891088202468,
    38.318208921963));
#4925 = CARTESIAN_POINT('',(4.150515227416,-4.343201022311,
    38.357103891502));
#4926 = CARTESIAN_POINT('',(4.366463033709,-4.133871903847,
    38.371041760288));
#4927 = CARTESIAN_POINT('',(4.570304067683,-3.912307709693,
    38.384979613341));
#4928 = CARTESIAN_POINT('',(4.761243243092,-3.67931434881,
    38.398918273696));
#4929 = CARTESIAN_POINT('',(4.938550756252,-3.435762758399,
    38.412857996615));
#4930 = CARTESIAN_POINT('',(5.101562086036,-3.182588903901,
    38.426798469583));
#4931 = CARTESIAN_POINT('',(5.249677993881,-2.920793778997,
    38.440738812307));
#4932 = CARTESIAN_POINT('',(5.534063931391,-2.343497360796,
    38.470613650306));
#4933 = CARTESIAN_POINT('',(5.665640796541,-2.025591692509,
    38.486550685842));
#4934 = CARTESIAN_POINT('',(5.776320449629,-1.699312385511,
    38.502487858978));
#4935 = CARTESIAN_POINT('',(5.865483262508,-1.366276556902,
    38.51842457273));
#4936 = CARTESIAN_POINT('',(5.932664648491,-1.028132456114,
    38.534360457485));
#4937 = CARTESIAN_POINT('',(5.977555062343,-0.686559464912,
    38.550295370997));
#4938 = CARTESIAN_POINT('',(6.000000000286,-0.343268097396,
    38.566229398388));
#4939 = CARTESIAN_POINT('',(6.,-1.7763568394E-15,38.582162852149));
#4940 = PCURVE('',#4627,#4941);
#4941 = DEFINITIONAL_REPRESENTATION('',(#4942),#5015);
#4942 = B_SPLINE_CURVE_WITH_KNOTS('',8,(#4943,#4944,#4945,#4946,#4947,
    #4948,#4949,#4950,#4951,#4952,#4953,#4954,#4955,#4956,#4957,#4958,
    #4959,#4960,#4961,#4962,#4963,#4964,#4965,#4966,#4967,#4968,#4969,
    #4970,#4971,#4972,#4973,#4974,#4975,#4976,#4977,#4978,#4979,#4980,
    #4981,#4982,#4983,#4984,#4985,#4986,#4987,#4988,#4989,#4990,#4991,
    #4992,#4993,#4994,#4995,#4996,#4997,#4998,#4999,#5000,#5001,#5002,
    #5003,#5004,#5005,#5006,#5007,#5008,#5009,#5010,#5011,#5012,#5013,
    #5014),.UNSPECIFIED.,.F.,.F.,(9,7,7,7,7,7,7,7,7,7,9),(0.,
    0.117982162519,0.253391455078,0.342707475126,0.487275403474,
    0.629889837235,0.685233437031,0.74936522593,0.863437433729,
    0.927153710249,1.),.UNSPECIFIED.);
#4943 = CARTESIAN_POINT('',(0.,-36.83216084002));
#4944 = CARTESIAN_POINT('',(-9.262720453322E-02,-36.8579597641));
#4945 = CARTESIAN_POINT('',(-0.18529633449,-36.88376432638));
#4946 = CARTESIAN_POINT('',(-0.277941113533,-36.90956709707));
#4947 = CARTESIAN_POINT('',(-0.370566786972,-36.93536907136));
#4948 = CARTESIAN_POINT('',(-0.463193505109,-36.9611688084));
#4949 = CARTESIAN_POINT('',(-0.555839658664,-36.98697394004));
#4950 = CARTESIAN_POINT('',(-0.648511057384,-37.01278480918));
#4951 = CARTESIAN_POINT('',(-0.84744622399,-37.06819176101));
#4952 = CARTESIAN_POINT('',(-0.9538417983,-37.09782438545));
#4953 = CARTESIAN_POINT('',(-1.060186839967,-37.12744331211));
#4954 = CARTESIAN_POINT('',(-1.166498098644,-37.15705448855));
#4955 = CARTESIAN_POINT('',(-1.272810176349,-37.18666707328));
#4956 = CARTESIAN_POINT('',(-1.37915728246,-37.21628898576));
#4957 = CARTESIAN_POINT('',(-1.485555013639,-37.24592387023));
#4958 = CARTESIAN_POINT('',(-1.661980848159,-37.29506164079));
#4959 = CARTESIAN_POINT('',(-1.732116941874,-37.31459528601));
#4960 = CARTESIAN_POINT('',(-1.802253044965,-37.3341283875));
#4961 = CARTESIAN_POINT('',(-1.872386971196,-37.35366047344));
#4962 = CARTESIAN_POINT('',(-1.942523764797,-37.37319320523));
#4963 = CARTESIAN_POINT('',(-2.012668173894,-37.3927282133));
#4964 = CARTESIAN_POINT('',(-2.082816645687,-37.41226477646));
#4965 = CARTESIAN_POINT('',(-2.266465618141,-37.46341298279));
#4966 = CARTESIAN_POINT('',(-2.380091514192,-37.49506043084));
#4967 = CARTESIAN_POINT('',(-2.493647230579,-37.5266902823));
#4968 = CARTESIAN_POINT('',(-2.607165828314,-37.5583115336));
#4969 = CARTESIAN_POINT('',(-2.720691377711,-37.58993467745));
#4970 = CARTESIAN_POINT('',(-2.834265638507,-37.62156947293));
#4971 = CARTESIAN_POINT('',(-2.947907653675,-37.65322119393));
#4972 = CARTESIAN_POINT('',(-3.173383340298,-37.71601849465));
#4973 = CARTESIAN_POINT('',(-3.285478307273,-37.74723687745));
#4974 = CARTESIAN_POINT('',(-3.397506549485,-37.77843618225));
#4975 = CARTESIAN_POINT('',(-3.509490678333,-37.80962398481));
#4976 = CARTESIAN_POINT('',(-3.621471574878,-37.84081370992));
#4977 = CARTESIAN_POINT('',(-3.733493127194,-37.87201612807));
#4978 = CARTESIAN_POINT('',(-3.845581079399,-37.90323614317));
#4979 = CARTESIAN_POINT('',(-4.00100877413,-37.94652620576));
#4980 = CARTESIAN_POINT('',(-4.044463870459,-37.95862923466));
#4981 = CARTESIAN_POINT('',(-4.087921849237,-37.9707329116));
#4982 = CARTESIAN_POINT('',(-4.13138297001,-37.98283735778));
#4983 = CARTESIAN_POINT('',(-4.174846674266,-37.99494249032));
#4984 = CARTESIAN_POINT('',(-4.218311585431,-38.00704802227));
#4985 = CARTESIAN_POINT('',(-4.261775508871,-38.01915346266));
#4986 = CARTESIAN_POINT('',(-4.355596496571,-38.04528490727));
#4987 = CARTESIAN_POINT('',(-4.405964026357,-38.05931439224));
#4988 = CARTESIAN_POINT('',(-4.456335659074,-38.07334487938));
#4989 = CARTESIAN_POINT('',(-4.506709439263,-38.08737521665));
#4990 = CARTESIAN_POINT('',(-4.557083818187,-38.10140479194));
#4991 = CARTESIAN_POINT('',(-4.607457653827,-38.11543353308));
#4992 = CARTESIAN_POINT('',(-4.657830210887,-38.12946190781));
#4993 = CARTESIAN_POINT('',(-4.797796750793,-38.16844455216));
#4994 = CARTESIAN_POINT('',(-4.887431382006,-38.19341072746));
#4995 = CARTESIAN_POINT('',(-4.977046726318,-38.21837294068));
#4996 = CARTESIAN_POINT('',(-5.066645523122,-38.24332930955));
#4997 = CARTESIAN_POINT('',(-5.156244757572,-38.26828427649));
#4998 = CARTESIAN_POINT('',(-5.245861328176,-38.29324372774));
#4999 = CARTESIAN_POINT('',(-5.335498242251,-38.31820892196));
#5000 = CARTESIAN_POINT('',(-5.475147069787,-38.3571038915));
#5001 = CARTESIAN_POINT('',(-5.525189174292,-38.37104176028));
#5002 = CARTESIAN_POINT('',(-5.575230554485,-38.38497961334));
#5003 = CARTESIAN_POINT('',(-5.625274142846,-38.39891827369));
#5004 = CARTESIAN_POINT('',(-5.675320941119,-38.41285799661));
#5005 = CARTESIAN_POINT('',(-5.725370020308,-38.42679846958));
#5006 = CARTESIAN_POINT('',(-5.775418520679,-38.4407388123));
#5007 = CARTESIAN_POINT('',(-5.882675547893,-38.4706136503));
#5008 = CARTESIAN_POINT('',(-5.939893423855,-38.48655068584));
#5009 = CARTESIAN_POINT('',(-5.997112555495,-38.50248785897));
#5010 = CARTESIAN_POINT('',(-6.054330984427,-38.51842457273));
#5011 = CARTESIAN_POINT('',(-6.111547518033,-38.53436045748));
#5012 = CARTESIAN_POINT('',(-6.168761729457,-38.55029537099));
#5013 = CARTESIAN_POINT('',(-6.225973957614,-38.56622939838));
#5014 = CARTESIAN_POINT('',(-6.28318530718,-38.58216285214));
#5015 = ( GEOMETRIC_REPRESENTATION_CONTEXT(2) 
PARAMETRIC_REPRESENTATION_CONTEXT() REPRESENTATION_CONTEXT('2D SPACE',''
  ) );
#5016 = PCURVE('',#4846,#5017);
#5017 = DEFINITIONAL_REPRESENTATION('',(#5018),#5091);
#5018 = B_SPLINE_CURVE_WITH_KNOTS('',8,(#5019,#5020,#5021,#5022,#5023,
    #5024,#5025,#5026,#5027,#5028,#5029,#5030,#5031,#5032,#5033,#5034,
    #5035,#5036,#5037,#5038,#5039,#5040,#5041,#5042,#5043,#5044,#5045,
    #5046,#5047,#5048,#5049,#5050,#5051,#5052,#5053,#5054,#5055,#5056,
    #5057,#5058,#5059,#5060,#5061,#5062,#5063,#5064,#5065,#5066,#5067,
    #5068,#5069,#5070,#5071,#5072,#5073,#5074,#5075,#5076,#5077,#5078,
    #5079,#5080,#5081,#5082,#5083,#5084,#5085,#5086,#5087,#5088,#5089,
    #5090),.UNSPECIFIED.,.F.,.F.,(9,7,7,7,7,7,7,7,7,7,9),(0.,
    0.117982162519,0.253391455078,0.342707475126,0.487275403474,
    0.629889837235,0.685233437031,0.74936522593,0.863437433729,
    0.927153710249,1.),.UNSPECIFIED.);
#5019 = CARTESIAN_POINT('',(0.,-36.83216084002));
#5020 = CARTESIAN_POINT('',(-9.262720453322E-02,-36.8579597641));
#5021 = CARTESIAN_POINT('',(-0.18529633449,-36.88376432638));
#5022 = CARTESIAN_POINT('',(-0.277941113533,-36.90956709707));
#5023 = CARTESIAN_POINT('',(-0.370566786972,-36.93536907136));
#5024 = CARTESIAN_POINT('',(-0.463193505109,-36.9611688084));
#5025 = CARTESIAN_POINT('',(-0.555839658664,-36.98697394004));
#5026 = CARTESIAN_POINT('',(-0.648511057384,-37.01278480918));
#5027 = CARTESIAN_POINT('',(-0.84744622399,-37.06819176101));
#5028 = CARTESIAN_POINT('',(-0.9538417983,-37.09782438545));
#5029 = CARTESIAN_POINT('',(-1.060186839967,-37.12744331211));
#5030 = CARTESIAN_POINT('',(-1.166498098644,-37.15705448855));
#5031 = CARTESIAN_POINT('',(-1.272810176349,-37.18666707328));
#5032 = CARTESIAN_POINT('',(-1.37915728246,-37.21628898576));
#5033 = CARTESIAN_POINT('',(-1.485555013639,-37.24592387023));
#5034 = CARTESIAN_POINT('',(-1.661980848159,-37.29506164079));
#5035 = CARTESIAN_POINT('',(-1.732116941874,-37.31459528601));
#5036 = CARTESIAN_POINT('',(-1.802253044965,-37.3341283875));
#5037 = CARTESIAN_POINT('',(-1.872386971196,-37.35366047344));
#5038 = CARTESIAN_POINT('',(-1.942523764797,-37.37319320523));
#5039 = CARTESIAN_POINT('',(-2.012668173894,-37.3927282133));
#5040 = CARTESIAN_POINT('',(-2.082816645687,-37.41226477646));
#5041 = CARTESIAN_POINT('',(-2.266465618141,-37.46341298279));
#5042 = CARTESIAN_POINT('',(-2.380091514192,-37.49506043084));
#5043 = CARTESIAN_POINT('',(-2.493647230579,-37.5266902823));
#5044 = CARTESIAN_POINT('',(-2.607165828314,-37.5583115336));
#5045 = CARTESIAN_POINT('',(-2.720691377711,-37.58993467745));
#5046 = CARTESIAN_POINT('',(-2.834265638507,-37.62156947293));
#5047 = CARTESIAN_POINT('',(-2.947907653675,-37.65322119393));
#5048 = CARTESIAN_POINT('',(-3.173383340298,-37.71601849465));
#5049 = CARTESIAN_POINT('',(-3.285478307273,-37.74723687745));
#5050 = CARTESIAN_POINT('',(-3.397506549485,-37.77843618225));
#5051 = CARTESIAN_POINT('',(-3.509490678333,-37.80962398481));
#5052 = CARTESIAN_POINT('',(-3.621471574878,-37.84081370992));
#5053 = CARTESIAN_POINT('',(-3.733493127194,-37.87201612807));
#5054 = CARTESIAN_POINT('',(-3.845581079399,-37.90323614317));
#5055 = CARTESIAN_POINT('',(-4.00100877413,-37.94652620576));
#5056 = CARTESIAN_POINT('',(-4.044463870459,-37.95862923466));
#5057 = CARTESIAN_POINT('',(-4.087921849237,-37.9707329116));
#5058 = CARTESIAN_POINT('',(-4.13138297001,-37.98283735778));
#5059 = CARTESIAN_POINT('',(-4.174846674266,-37.99494249032));
#5060 = CARTESIAN_POINT('',(-4.218311585431,-38.00704802227));
#5061 = CARTESIAN_POINT('',(-4.261775508871,-38.01915346266));
#5062 = CARTESIAN_POINT('',(-4.355596496571,-38.04528490727));
#5063 = CARTESIAN_POINT('',(-4.405964026357,-38.05931439224));
#5064 = CARTESIAN_POINT('',(-4.456335659074,-38.07334487938));
#5065 = CARTESIAN_POINT('',(-4.506709439263,-38.08737521665));
#5066 = CARTESIAN_POINT('',(-4.557083818187,-38.10140479194));
#5067 = CARTESIAN_POINT('',(-4.607457653827,-38.11543353308));
#5068 = CARTESIAN_POINT('',(-4.657830210887,-38.12946190781));
#5069 = CARTESIAN_POINT('',(-4.797796750793,-38.16844455216));
#5070 = CARTESIAN_POINT('',(-4.887431382006,-38.19341072746));
#5071 = CARTESIAN_POINT('',(-4.977046726318,-38.21837294068));
#5072 = CARTESIAN_POINT('',(-5.066645523122,-38.24332930955));
#5073 = CARTESIAN_POINT('',(-5.156244757572,-38.26828427649));
#5074 = CARTESIAN_POINT('',(-5.245861328176,-38.29324372774));
#5075 = CARTESIAN_POINT('',(-5.335498242251,-38.31820892196));
#5076 = CARTESIAN_POINT('',(-5.475147069787,-38.3571038915));
#5077 = CARTESIAN_POINT('',(-5.525189174292,-38.37104176028));
#5078 = CARTESIAN_POINT('',(-5.575230554485,-38.38497961334));
#5079 = CARTESIAN_POINT('',(-5.625274142846,-38.39891827369));
#5080 = CARTESIAN_POINT('',(-5.675320941119,-38.41285799661));
#5081 = CARTESIAN_POINT('',(-5.725370020308,-38.42679846958));
#5082 = CARTESIAN_POINT('',(-5.775418520679,-38.4407388123));
#5083 = CARTESIAN_POINT('',(-5.882675547893,-38.4706136503));
#5084 = CARTESIAN_POINT('',(-5.939893423855,-38.48655068584));
#5085 = CARTESIAN_POINT('',(-5.997112555495,-38.50248785897));
#5086 = CARTESIAN_POINT('',(-6.054330984427,-38.51842457273));
#5087 = CARTESIAN_POINT('',(-6.111547518033,-38.53436045748));
#5088 = CARTESIAN_POINT('',(-6.168761729457,-38.55029537099));
#5089 = CARTESIAN_POINT('',(-6.225973957614,-38.56622939838));
#5090 = CARTESIAN_POINT('',(-6.28318530718,-38.58216285214));
#5091 = ( GEOMETRIC_REPRESENTATION_CONTEXT(2) 
PARAMETRIC_REPRESENTATION_CONTEXT() REPRESENTATION_CONTEXT('2D SPACE',''
  ) );
#5092 = ORIENTED_EDGE('',*,*,#5093,.T.);
#5093 = EDGE_CURVE('',#4864,#5094,#5096,.T.);
#5094 = VERTEX_POINT('',#5095);
#5095 = CARTESIAN_POINT('',(6.,0.,38.5));
#5096 = SURFACE_CURVE('',#5097,(#5102,#5109),.PCURVE_S1.);
#5097 = CIRCLE('',#5098,6.);
#5098 = AXIS2_PLACEMENT_3D('',#5099,#5100,#5101);
#5099 = CARTESIAN_POINT('',(0.,0.,38.5));
#5100 = DIRECTION('',(0.,0.,1.));
#5101 = DIRECTION('',(1.,0.,-0.));
#5102 = PCURVE('',#4627,#5103);
#5103 = DEFINITIONAL_REPRESENTATION('',(#5104),#5108);
#5104 = LINE('',#5105,#5106);
#5105 = CARTESIAN_POINT('',(-0.,-38.5));
#5106 = VECTOR('',#5107,1.);
#5107 = DIRECTION('',(-1.,0.));
#5108 = ( GEOMETRIC_REPRESENTATION_CONTEXT(2) 
PARAMETRIC_REPRESENTATION_CONTEXT() REPRESENTATION_CONTEXT('2D SPACE',''
  ) );
#5109 = PCURVE('',#5110,#5115);
#5110 = CONICAL_SURFACE('',#5111,6.,0.785398163397);
#5111 = AXIS2_PLACEMENT_3D('',#5112,#5113,#5114);
#5112 = CARTESIAN_POINT('',(0.,0.,38.5));
#5113 = DIRECTION('',(-0.,-0.,-1.));
#5114 = DIRECTION('',(1.,0.,0.));
#5115 = DEFINITIONAL_REPRESENTATION('',(#5116),#5120);
#5116 = LINE('',#5117,#5118);
#5117 = CARTESIAN_POINT('',(-0.,-0.));
#5118 = VECTOR('',#5119,1.);
#5119 = DIRECTION('',(-1.,-0.));
#5120 = ( GEOMETRIC_REPRESENTATION_CONTEXT(2) 
PARAMETRIC_REPRESENTATION_CONTEXT() REPRESENTATION_CONTEXT('2D SPACE',''
  ) );
#5121 = ORIENTED_EDGE('',*,*,#5122,.F.);
#5122 = EDGE_CURVE('',#4645,#5094,#5123,.T.);
#5123 = SURFACE_CURVE('',#5124,(#5128,#5135),.PCURVE_S1.);
#5124 = LINE('',#5125,#5126);
#5125 = CARTESIAN_POINT('',(6.,0.,0.));
#5126 = VECTOR('',#5127,1.);
#5127 = DIRECTION('',(0.,0.,1.));
#5128 = PCURVE('',#4627,#5129);
#5129 = DEFINITIONAL_REPRESENTATION('',(#5130),#5134);
#5130 = LINE('',#5131,#5132);
#5131 = CARTESIAN_POINT('',(-6.28318530718,0.));
#5132 = VECTOR('',#5133,1.);
#5133 = DIRECTION('',(-0.,-1.));
#5134 = ( GEOMETRIC_REPRESENTATION_CONTEXT(2) 
PARAMETRIC_REPRESENTATION_CONTEXT() REPRESENTATION_CONTEXT('2D SPACE',''
  ) );
#5135 = PCURVE('',#4846,#5136);
#5136 = DEFINITIONAL_REPRESENTATION('',(#5137),#5141);
#5137 = LINE('',#5138,#5139);
#5138 = CARTESIAN_POINT('',(-0.,0.));
#5139 = VECTOR('',#5140,1.);
#5140 = DIRECTION('',(-0.,-1.));
#5141 = ( GEOMETRIC_REPRESENTATION_CONTEXT(2) 
PARAMETRIC_REPRESENTATION_CONTEXT() REPRESENTATION_CONTEXT('2D SPACE',''
  ) );
#5142 = ADVANCED_FACE('',(#5143),#4846,.T.);
#5143 = FACE_BOUND('',#5144,.F.);
#5144 = EDGE_LOOP('',(#5145,#5146,#5147,#5148,#5177));
#5145 = ORIENTED_EDGE('',*,*,#4863,.F.);
#5146 = ORIENTED_EDGE('',*,*,#4832,.T.);
#5147 = ORIENTED_EDGE('',*,*,#5122,.T.);
#5148 = ORIENTED_EDGE('',*,*,#5149,.T.);
#5149 = EDGE_CURVE('',#5094,#5150,#5152,.T.);
#5150 = VERTEX_POINT('',#5151);
#5151 = CARTESIAN_POINT('',(2.215532211271,5.575967810239,38.5));
#5152 = SURFACE_CURVE('',#5153,(#5158,#5165),.PCURVE_S1.);
#5153 = CIRCLE('',#5154,6.);
#5154 = AXIS2_PLACEMENT_3D('',#5155,#5156,#5157);
#5155 = CARTESIAN_POINT('',(0.,0.,38.5));
#5156 = DIRECTION('',(0.,0.,1.));
#5157 = DIRECTION('',(1.,0.,-0.));
#5158 = PCURVE('',#4846,#5159);
#5159 = DEFINITIONAL_REPRESENTATION('',(#5160),#5164);
#5160 = LINE('',#5161,#5162);
#5161 = CARTESIAN_POINT('',(-0.,-38.5));
#5162 = VECTOR('',#5163,1.);
#5163 = DIRECTION('',(-1.,0.));
#5164 = ( GEOMETRIC_REPRESENTATION_CONTEXT(2) 
PARAMETRIC_REPRESENTATION_CONTEXT() REPRESENTATION_CONTEXT('2D SPACE',''
  ) );
#5165 = PCURVE('',#5166,#5171);
#5166 = CONICAL_SURFACE('',#5167,6.,0.785398163397);
#5167 = AXIS2_PLACEMENT_3D('',#5168,#5169,#5170);
#5168 = CARTESIAN_POINT('',(0.,0.,38.5));
#5169 = DIRECTION('',(-0.,-0.,-1.));
#5170 = DIRECTION('',(1.,0.,0.));
#5171 = DEFINITIONAL_REPRESENTATION('',(#5172),#5176);
#5172 = LINE('',#5173,#5174);
#5173 = CARTESIAN_POINT('',(-0.,-0.));
#5174 = VECTOR('',#5175,1.);
#5175 = DIRECTION('',(-1.,-0.));
#5176 = ( GEOMETRIC_REPRESENTATION_CONTEXT(2) 
PARAMETRIC_REPRESENTATION_CONTEXT() REPRESENTATION_CONTEXT('2D SPACE',''
  ) );
#5177 = ORIENTED_EDGE('',*,*,#5178,.T.);
#5178 = EDGE_CURVE('',#5150,#4864,#5179,.T.);
#5179 = SURFACE_CURVE('',#5180,(#5185,#5192),.PCURVE_S1.);
#5180 = CIRCLE('',#5181,6.);
#5181 = AXIS2_PLACEMENT_3D('',#5182,#5183,#5184);
#5182 = CARTESIAN_POINT('',(0.,0.,38.5));
#5183 = DIRECTION('',(0.,0.,1.));
#5184 = DIRECTION('',(1.,0.,-0.));
#5185 = PCURVE('',#4846,#5186);
#5186 = DEFINITIONAL_REPRESENTATION('',(#5187),#5191);
#5187 = LINE('',#5188,#5189);
#5188 = CARTESIAN_POINT('',(-0.,-38.5));
#5189 = VECTOR('',#5190,1.);
#5190 = DIRECTION('',(-1.,0.));
#5191 = ( GEOMETRIC_REPRESENTATION_CONTEXT(2) 
PARAMETRIC_REPRESENTATION_CONTEXT() REPRESENTATION_CONTEXT('2D SPACE',''
  ) );
#5192 = PCURVE('',#5193,#5198);
#5193 = CONICAL_SURFACE('',#5194,6.,0.785398163397);
#5194 = AXIS2_PLACEMENT_3D('',#5195,#5196,#5197);
#5195 = CARTESIAN_POINT('',(0.,0.,38.5));
#5196 = DIRECTION('',(-0.,-0.,-1.));
#5197 = DIRECTION('',(1.,0.,0.));
#5198 = DEFINITIONAL_REPRESENTATION('',(#5199),#5203);
#5199 = LINE('',#5200,#5201);
#5200 = CARTESIAN_POINT('',(-0.,-0.));
#5201 = VECTOR('',#5202,1.);
#5202 = DIRECTION('',(-1.,-0.));
#5203 = ( GEOMETRIC_REPRESENTATION_CONTEXT(2) 
PARAMETRIC_REPRESENTATION_CONTEXT() REPRESENTATION_CONTEXT('2D SPACE',''
  ) );
#5204 = ADVANCED_FACE('',(#5205),#5110,.T.);
#5205 = FACE_BOUND('',#5206,.T.);
#5206 = EDGE_LOOP('',(#5207,#5208,#5229));
#5207 = ORIENTED_EDGE('',*,*,#5093,.T.);
#5208 = ORIENTED_EDGE('',*,*,#5209,.T.);
#5209 = EDGE_CURVE('',#5094,#5210,#5212,.T.);
#5210 = VERTEX_POINT('',#5211);
#5211 = CARTESIAN_POINT('',(5.864405158699,0.,38.635594841301));
#5212 = SURFACE_CURVE('',#5213,(#5217,#5223),.PCURVE_S1.);
#5213 = LINE('',#5214,#5215);
#5214 = CARTESIAN_POINT('',(6.,0.,38.5));
#5215 = VECTOR('',#5216,1.);
#5216 = DIRECTION('',(-0.707106781187,0.,0.707106781187));
#5217 = PCURVE('',#5110,#5218);
#5218 = DEFINITIONAL_REPRESENTATION('',(#5219),#5222);
#5219 = B_SPLINE_CURVE_WITH_KNOTS('',1,(#5220,#5221),.UNSPECIFIED.,.F.,
  .F.,(2,2),(0.,2.12132034356),.PIECEWISE_BEZIER_KNOTS.);
#5220 = CARTESIAN_POINT('',(-6.28318530718,0.));
#5221 = CARTESIAN_POINT('',(-6.28318530718,-1.5));
#5222 = ( GEOMETRIC_REPRESENTATION_CONTEXT(2) 
PARAMETRIC_REPRESENTATION_CONTEXT() REPRESENTATION_CONTEXT('2D SPACE',''
  ) );
#5223 = PCURVE('',#5166,#5224);
#5224 = DEFINITIONAL_REPRESENTATION('',(#5225),#5228);
#5225 = B_SPLINE_CURVE_WITH_KNOTS('',1,(#5226,#5227),.UNSPECIFIED.,.F.,
  .F.,(2,2),(0.,2.12132034356),.PIECEWISE_BEZIER_KNOTS.);
#5226 = CARTESIAN_POINT('',(0.,0.));
#5227 = CARTESIAN_POINT('',(0.,-1.5));
#5228 = ( GEOMETRIC_REPRESENTATION_CONTEXT(2) 
PARAMETRIC_REPRESENTATION_CONTEXT() REPRESENTATION_CONTEXT('2D SPACE',''
  ) );
#5229 = ORIENTED_EDGE('',*,*,#5230,.T.);
#5230 = EDGE_CURVE('',#5210,#4864,#5231,.T.);
#5231 = SURFACE_CURVE('',#5232,(#5239,#5249),.PCURVE_S1.);
#5232 = B_SPLINE_CURVE_WITH_KNOTS('',5,(#5233,#5234,#5235,#5236,#5237,
    #5238),.UNSPECIFIED.,.F.,.F.,(6,6),(0.,1.),
  .PIECEWISE_BEZIER_KNOTS.);
#5233 = CARTESIAN_POINT('',(5.864405158699,1.465494392505E-14,
    38.635594841301));
#5234 = CARTESIAN_POINT('',(5.891810876051,-0.349668766121,
    38.608189123964));
#5235 = CARTESIAN_POINT('',(5.893008451399,-0.70155872347,
    38.580929502498));
#5236 = CARTESIAN_POINT('',(5.867949916416,-1.053011994604,
    38.553814105648));
#5237 = CARTESIAN_POINT('',(5.816982776699,-1.401466048037,
    38.526837915601));
#5238 = CARTESIAN_POINT('',(5.740805250147,-1.74446412399,38.5));
#5239 = PCURVE('',#5110,#5240);
#5240 = DEFINITIONAL_REPRESENTATION('',(#5241),#5248);
#5241 = B_SPLINE_CURVE_WITH_KNOTS('',5,(#5242,#5243,#5244,#5245,#5246,
    #5247),.UNSPECIFIED.,.F.,.F.,(6,6),(0.,1.),
  .PIECEWISE_BEZIER_KNOTS.);
#5242 = CARTESIAN_POINT('',(-6.28318530718,-0.135594841301));
#5243 = CARTESIAN_POINT('',(-6.223559691852,-0.108189123957));
#5244 = CARTESIAN_POINT('',(-6.164251950659,-8.09295025163E-02));
#5245 = CARTESIAN_POINT('',(-6.105258665037,-5.381410562822E-02));
#5246 = CARTESIAN_POINT('',(-6.046569118269,-2.68379156107E-02));
#5247 = CARTESIAN_POINT('',(-5.988180948343,0.));
#5248 = ( GEOMETRIC_REPRESENTATION_CONTEXT(2) 
PARAMETRIC_REPRESENTATION_CONTEXT() REPRESENTATION_CONTEXT('2D SPACE',''
  ) );
#5249 = PCURVE('',#5193,#5250);
#5250 = DEFINITIONAL_REPRESENTATION('',(#5251),#5258);
#5251 = B_SPLINE_CURVE_WITH_KNOTS('',5,(#5252,#5253,#5254,#5255,#5256,
    #5257),.UNSPECIFIED.,.F.,.F.,(6,6),(0.,1.),
  .PIECEWISE_BEZIER_KNOTS.);
#5252 = CARTESIAN_POINT('',(-6.28318530718,-0.135594841301));
#5253 = CARTESIAN_POINT('',(-6.223559691852,-0.108189123957));
#5254 = CARTESIAN_POINT('',(-6.164251950659,-8.09295025163E-02));
#5255 = CARTESIAN_POINT('',(-6.105258665037,-5.381410562822E-02));
#5256 = CARTESIAN_POINT('',(-6.046569118269,-2.68379156107E-02));
#5257 = CARTESIAN_POINT('',(-5.988180948343,0.));
#5258 = ( GEOMETRIC_REPRESENTATION_CONTEXT(2) 
PARAMETRIC_REPRESENTATION_CONTEXT() REPRESENTATION_CONTEXT('2D SPACE',''
  ) );
#5259 = ADVANCED_FACE('',(#5260),#5166,.T.);
#5260 = FACE_BOUND('',#5261,.T.);
#5261 = EDGE_LOOP('',(#5262,#5263,#5264,#5500,#5521,#5548,#5549,#5634,
    #5759));
#5262 = ORIENTED_EDGE('',*,*,#5209,.F.);
#5263 = ORIENTED_EDGE('',*,*,#5149,.T.);
#5264 = ORIENTED_EDGE('',*,*,#5265,.T.);
#5265 = EDGE_CURVE('',#5150,#5266,#5268,.T.);
#5266 = VERTEX_POINT('',#5267);
#5267 = CARTESIAN_POINT('',(4.983027696379,0.,39.516972303621));
#5268 = SURFACE_CURVE('',#5269,(#5344,#5422),.PCURVE_S1.);
#5269 = B_SPLINE_CURVE_WITH_KNOTS('',7,(#5270,#5271,#5272,#5273,#5274,
    #5275,#5276,#5277,#5278,#5279,#5280,#5281,#5282,#5283,#5284,#5285,
    #5286,#5287,#5288,#5289,#5290,#5291,#5292,#5293,#5294,#5295,#5296,
    #5297,#5298,#5299,#5300,#5301,#5302,#5303,#5304,#5305,#5306,#5307,
    #5308,#5309,#5310,#5311,#5312,#5313,#5314,#5315,#5316,#5317,#5318,
    #5319,#5320,#5321,#5322,#5323,#5324,#5325,#5326,#5327,#5328,#5329,
    #5330,#5331,#5332,#5333,#5334,#5335,#5336,#5337,#5338,#5339,#5340,
    #5341,#5342,#5343),.UNSPECIFIED.,.F.,.F.,(8,6,6,6,6,6,6,6,6,6,6,6,8)
  ,(0.,7.864468340632E-02,0.15299397978,0.224879486141,0.295945646458,
    0.364626087752,0.430988215807,0.556893046984,0.616557085513,
    0.677095715984,0.79030301105,0.898251463372,1.),.UNSPECIFIED.);
#5270 = CARTESIAN_POINT('',(2.215532211271,5.575967810239,38.5));
#5271 = CARTESIAN_POINT('',(1.918086461149,5.682835870442,38.51051796278
    ));
#5272 = CARTESIAN_POINT('',(1.614093549841,5.771405269034,38.52105648525
    ));
#5273 = CARTESIAN_POINT('',(1.304908669633,5.841144340038,38.53161511615
    ));
#5274 = CARTESIAN_POINT('',(0.991922683208,5.891656812395,
    38.542194168268));
#5275 = CARTESIAN_POINT('',(0.676559030174,5.92267115589,38.552794217978
    ));
#5276 = CARTESIAN_POINT('',(0.360272686405,5.934043594326,
    38.563415578094));
#5277 = CARTESIAN_POINT('',(-0.253926370159,5.917957600355,
    38.584118659994));
#5278 = CARTESIAN_POINT('',(-0.551918273469,5.892585608276,
    38.594198812303));
#5279 = CARTESIAN_POINT('',(-0.848167881274,5.849655410019,
    38.604297788686));
#5280 = CARTESIAN_POINT('',(-1.141430614463,5.789278149321,
    38.614415740434));
#5281 = CARTESIAN_POINT('',(-1.430473346713,5.711671244319,
    38.624553012605));
#5282 = CARTESIAN_POINT('',(-1.714076002664,5.617160332263,
    38.634709751821));
#5283 = CARTESIAN_POINT('',(-2.258816856083,5.398899815783,
    38.654724027453));
#5284 = CARTESIAN_POINT('',(-2.5204032648,5.2762168271,38.66458087998));
#5285 = CARTESIAN_POINT('',(-2.774705563039,5.13854263815,
    38.674455619927));
#5286 = CARTESIAN_POINT('',(-3.020680312447,4.986370606222,
    38.684348353405));
#5287 = CARTESIAN_POINT('',(-3.257326775093,4.820280798639,
    38.694259407346));
#5288 = CARTESIAN_POINT('',(-3.483688845952,4.640941143618,
    38.704188976813));
#5289 = CARTESIAN_POINT('',(-3.911582261496,4.259477669944,
    38.723971107812));
#5290 = CARTESIAN_POINT('',(-4.113378902224,4.057626440882,
    38.733823793007));
#5291 = CARTESIAN_POINT('',(-4.303374807321,3.844299499712,
    38.743694444282));
#5292 = CARTESIAN_POINT('',(-4.480766533195,3.620305075008,
    38.753583275408));
#5293 = CARTESIAN_POINT('',(-4.644819317265,3.386517633812,
    38.763490722853));
#5294 = CARTESIAN_POINT('',(-4.794869298861,3.1438783149,38.773417073119
    ));
#5295 = CARTESIAN_POINT('',(-5.061248675813,2.651331917096,
    38.792973177995));
#5296 = CARTESIAN_POINT('',(-5.178547756343,2.401929765263,
    38.802602195883));
#5297 = CARTESIAN_POINT('',(-5.281700523127,2.146108256906,
    38.812248854484));
#5298 = CARTESIAN_POINT('',(-5.370261297166,1.884819494456,
    38.82191336993));
#5299 = CARTESIAN_POINT('',(-5.443862929994,1.619051106863,
    38.831596116059));
#5300 = CARTESIAN_POINT('',(-5.502218791285,1.34982595625,
    38.841297296267));
#5301 = CARTESIAN_POINT('',(-5.586596712348,0.815751087701,
    38.860407825619));
#5302 = CARTESIAN_POINT('',(-5.613645671649,0.551048082617,
    38.869816410919));
#5303 = CARTESIAN_POINT('',(-5.626098888655,0.285051445172,
    38.879242068653));
#5304 = CARTESIAN_POINT('',(-5.623858756739,1.872510897383E-02,
    38.88868491324));
#5305 = CARTESIAN_POINT('',(-5.606905079814,-0.246959993172,
    38.898145202339));
#5306 = CARTESIAN_POINT('',(-5.575296640054,-0.511026750158,
    38.907623062847));
#5307 = CARTESIAN_POINT('',(-5.441683752046,-1.268556510791,
    38.935132746831));
#5308 = CARTESIAN_POINT('',(-5.301929759068,-1.755447057301,
    38.953216172543));
#5309 = CARTESIAN_POINT('',(-5.110884722431,-2.22622226321,
    38.971359193074));
#5310 = CARTESIAN_POINT('',(-4.870680761765,-2.674404408868,
    38.989563339461));
#5311 = CARTESIAN_POINT('',(-4.584356452101,-3.093874483662,
    39.007835035961));
#5312 = CARTESIAN_POINT('',(-4.255872814736,-3.478920288809,
    39.026177932631));
#5313 = CARTESIAN_POINT('',(-3.717214285412,-3.988173249798,
    39.053305556809));
#5314 = CARTESIAN_POINT('',(-3.535693341959,-4.143056062984,
    39.062042969047));
#5315 = CARTESIAN_POINT('',(-3.34637197885,-4.288555483502,
    39.070795571697));
#5316 = CARTESIAN_POINT('',(-3.149818595137,-4.424182744942,
    39.079563432738));
#5317 = CARTESIAN_POINT('',(-2.946638787052,-4.549492970942,
    39.088346682312));
#5318 = CARTESIAN_POINT('',(-2.737475366682,-4.664086460911,
    39.097145349377));
#5319 = CARTESIAN_POINT('',(-2.305397606473,-4.872651001535,
    39.114902246138));
#5320 = CARTESIAN_POINT('',(-2.082318945346,-4.966299171698,
    39.123861236632));
#5321 = CARTESIAN_POINT('',(-1.854484340288,-5.048184354328,
    39.132835905545));
#5322 = CARTESIAN_POINT('',(-1.622628791024,-5.117996298154,
    39.141826606385));
#5323 = CARTESIAN_POINT('',(-1.387514469275,-5.175481475491,
    39.150832688672));
#5324 = CARTESIAN_POINT('',(-1.149922603737,-5.220441363913,
    39.159857474767));
#5325 = CARTESIAN_POINT('',(-0.463242292757,-5.313155395508,
    39.185805189372));
#5326 = CARTESIAN_POINT('',(-9.853864950271E-03,-5.32932695907,
    39.20277449759));
#5327 = CARTESIAN_POINT('',(0.444076786061,-5.300332676019,
    39.219797655787));
#5328 = CARTESIAN_POINT('',(0.893167755034,-5.226150826858,
    39.236877756637));
#5329 = CARTESIAN_POINT('',(1.33207226203,-5.107491191288,39.25402038141
    ));
#5330 = CARTESIAN_POINT('',(1.755506093412,-4.945818633484,
    39.271227103362));
#5331 = CARTESIAN_POINT('',(2.542407649019,-4.550726160573,
    39.304954603121));
#5332 = CARTESIAN_POINT('',(2.907916381618,-4.320903575474,
    39.321477168672));
#5333 = CARTESIAN_POINT('',(3.250330756115,-4.056174980405,
    39.338053739494));
#5334 = CARTESIAN_POINT('',(3.565616231992,-3.759245587237,39.3546851397
    ));
#5335 = CARTESIAN_POINT('',(3.850123391251,-3.433339506299,
    39.371375256456));
#5336 = CARTESIAN_POINT('',(4.100618839404,-3.082203051786,
    39.388126428023));
#5337 = CARTESIAN_POINT('',(4.515971783117,-2.359620655411,
    39.420775842883));
#5338 = CARTESIAN_POINT('',(4.68499896995,-1.990365349235,
    39.436673767647));
#5339 = CARTESIAN_POINT('',(4.819238797307,-1.606124342888,
    39.452623316814));
#5340 = CARTESIAN_POINT('',(4.917029930395,-1.210790204107,
    39.468625871383));
#5341 = CARTESIAN_POINT('',(4.977221940902,-0.808447610486,
    39.484684842728));
#5342 = CARTESIAN_POINT('',(4.999198203129,-0.403362434068,
    39.500801796812));
#5343 = CARTESIAN_POINT('',(4.983027696379,1.06581410364E-14,
    39.516972303621));
#5344 = PCURVE('',#5166,#5345);
#5345 = DEFINITIONAL_REPRESENTATION('',(#5346),#5421);
#5346 = B_SPLINE_CURVE_WITH_KNOTS('',7,(#5347,#5348,#5349,#5350,#5351,
    #5352,#5353,#5354,#5355,#5356,#5357,#5358,#5359,#5360,#5361,#5362,
    #5363,#5364,#5365,#5366,#5367,#5368,#5369,#5370,#5371,#5372,#5373,
    #5374,#5375,#5376,#5377,#5378,#5379,#5380,#5381,#5382,#5383,#5384,
    #5385,#5386,#5387,#5388,#5389,#5390,#5391,#5392,#5393,#5394,#5395,
    #5396,#5397,#5398,#5399,#5400,#5401,#5402,#5403,#5404,#5405,#5406,
    #5407,#5408,#5409,#5410,#5411,#5412,#5413,#5414,#5415,#5416,#5417,
    #5418,#5419,#5420),.UNSPECIFIED.,.F.,.F.,(8,6,6,6,6,6,6,6,6,6,6,6,8)
  ,(0.,7.864468340632E-02,0.15299397978,0.224879486141,0.295945646458,
    0.364626087752,0.430988215807,0.556893046984,0.616557085513,
    0.677095715984,0.79030301105,0.898251463372,1.),.UNSPECIFIED.);
#5347 = CARTESIAN_POINT('',(-1.192588691758,0.));
#5348 = CARTESIAN_POINT('',(-1.245236401694,-1.051796279575E-02));
#5349 = CARTESIAN_POINT('',(-1.297987371699,-2.105648522781E-02));
#5350 = CARTESIAN_POINT('',(-1.350838933646,-3.16151161529E-02));
#5351 = CARTESIAN_POINT('',(-1.403792158306,-4.219416828171E-02));
#5352 = CARTESIAN_POINT('',(-1.456849528967,-5.279421796864E-02));
#5353 = CARTESIAN_POINT('',(-1.51001240362,-6.341557809416E-02));
#5354 = CARTESIAN_POINT('',(-1.613634872104,-8.411865999371E-02));
#5355 = CARTESIAN_POINT('',(-1.66408673244,-9.419881230346E-02));
#5356 = CARTESIAN_POINT('',(-1.714631785469,-0.104297788686));
#5357 = CARTESIAN_POINT('',(-1.765270963104,-0.114415740434));
#5358 = CARTESIAN_POINT('',(-1.816006320032,-0.124553012605));
#5359 = CARTESIAN_POINT('',(-1.866839003282,-0.134709751821));
#5360 = CARTESIAN_POINT('',(-1.967007464125,-0.154724027453));
#5361 = CARTESIAN_POINT('',(-2.016339801438,-0.16458087998));
#5362 = CARTESIAN_POINT('',(-2.065762272082,-0.174455619927));
#5363 = CARTESIAN_POINT('',(-2.115275741653,-0.184348353405));
#5364 = CARTESIAN_POINT('',(-2.164882075916,-0.194259407346));
#5365 = CARTESIAN_POINT('',(-2.214582331689,-0.204188976813));
#5366 = CARTESIAN_POINT('',(-2.313599748426,-0.223971107812));
#5367 = CARTESIAN_POINT('',(-2.362917501529,-0.233823793007));
#5368 = CARTESIAN_POINT('',(-2.41232627692,-0.243694444282));
#5369 = CARTESIAN_POINT('',(-2.461826946605,-0.253583275408));
#5370 = CARTESIAN_POINT('',(-2.511421385004,-0.263490722853));
#5371 = CARTESIAN_POINT('',(-2.56111066447,-0.273417073119));
#5372 = CARTESIAN_POINT('',(-2.659004327282,-0.292973177995));
#5373 = CARTESIAN_POINT('',(-2.707205028825,-0.302602195883));
#5374 = CARTESIAN_POINT('',(-2.755493653227,-0.312248854484));
#5375 = CARTESIAN_POINT('',(-2.803871020789,-0.32191336993));
#5376 = CARTESIAN_POINT('',(-2.852338845734,-0.331596116059));
#5377 = CARTESIAN_POINT('',(-2.900898125222,-0.341297296267));
#5378 = CARTESIAN_POINT('',(-2.996554513222,-0.360407825619));
#5379 = CARTESIAN_POINT('',(-3.043647845967,-0.369816410919));
#5380 = CARTESIAN_POINT('',(-3.090826052938,-0.379242068653));
#5381 = CARTESIAN_POINT('',(-3.13808990185,-0.38868491324));
#5382 = CARTESIAN_POINT('',(-3.185440951475,-0.398145202339));
#5383 = CARTESIAN_POINT('',(-3.232880119866,-0.407623062847));
#5384 = CARTESIAN_POINT('',(-3.370574374061,-0.435132746831));
#5385 = CARTESIAN_POINT('',(-3.4610887263,-0.453216172543));
#5386 = CARTESIAN_POINT('',(-3.551904168941,-0.471359193074));
#5387 = CARTESIAN_POINT('',(-3.643029072559,-0.489563339461));
#5388 = CARTESIAN_POINT('',(-3.73449320335,-0.507835035961));
#5389 = CARTESIAN_POINT('',(-3.826311066984,-0.526177932631));
#5390 = CARTESIAN_POINT('',(-3.962099132532,-0.553305556809));
#5391 = CARTESIAN_POINT('',(-4.005834054249,-0.562042969047));
#5392 = CARTESIAN_POINT('',(-4.049644551804,-0.570795571697));
#5393 = CARTESIAN_POINT('',(-4.093531267799,-0.579563432738));
#5394 = CARTESIAN_POINT('',(-4.137495346249,-0.588346682312));
#5395 = CARTESIAN_POINT('',(-4.181537477171,-0.597145349377));
#5396 = CARTESIAN_POINT('',(-4.270423135256,-0.614902246138));
#5397 = CARTESIAN_POINT('',(-4.315270555875,-0.623861236632));
#5398 = CARTESIAN_POINT('',(-4.360198082584,-0.632835905545));
#5399 = CARTESIAN_POINT('',(-4.405206756592,-0.641826606385));
#5400 = CARTESIAN_POINT('',(-4.450297297672,-0.650832688672));
#5401 = CARTESIAN_POINT('',(-4.495470913625,-0.659857474767));
#5402 = CARTESIAN_POINT('',(-4.625354963608,-0.685805189372));
#5403 = CARTESIAN_POINT('',(-4.710294874311,-0.70277449759));
#5404 = CARTESIAN_POINT('',(-4.79551420132,-0.719797655787));
#5405 = CARTESIAN_POINT('',(-4.881019605794,-0.736877756637));
#5406 = CARTESIAN_POINT('',(-4.966833456443,-0.75402038141));
#5407 = CARTESIAN_POINT('',(-5.052967120063,-0.771227103362));
#5408 = CARTESIAN_POINT('',(-5.221799612391,-0.804954603121));
#5409 = CARTESIAN_POINT('',(-5.304507633935,-0.821477168672));
#5410 = CARTESIAN_POINT('',(-5.387487097493,-0.838053739494));
#5411 = CARTESIAN_POINT('',(-5.47074421646,-0.8546851397));
#5412 = CARTESIAN_POINT('',(-5.554298757092,-0.871375256456));
#5413 = CARTESIAN_POINT('',(-5.63816079438,-0.888126428023));
#5414 = CARTESIAN_POINT('',(-5.801615578321,-0.920775842883));
#5415 = CARTESIAN_POINT('',(-5.881206672207,-0.93667376763));
#5416 = CARTESIAN_POINT('',(-5.961055291647,-0.952623316841));
#5417 = CARTESIAN_POINT('',(-6.041166921544,-0.968625871389));
#5418 = CARTESIAN_POINT('',(-6.121558270854,-0.984684842686));
#5419 = CARTESIAN_POINT('',(-6.202238048074,-1.000801796841));
#5420 = CARTESIAN_POINT('',(-6.28318530718,-1.016972303621));
#5421 = ( GEOMETRIC_REPRESENTATION_CONTEXT(2) 
PARAMETRIC_REPRESENTATION_CONTEXT() REPRESENTATION_CONTEXT('2D SPACE',''
  ) );
#5422 = PCURVE('',#5193,#5423);
#5423 = DEFINITIONAL_REPRESENTATION('',(#5424),#5499);
#5424 = B_SPLINE_CURVE_WITH_KNOTS('',7,(#5425,#5426,#5427,#5428,#5429,
    #5430,#5431,#5432,#5433,#5434,#5435,#5436,#5437,#5438,#5439,#5440,
    #5441,#5442,#5443,#5444,#5445,#5446,#5447,#5448,#5449,#5450,#5451,
    #5452,#5453,#5454,#5455,#5456,#5457,#5458,#5459,#5460,#5461,#5462,
    #5463,#5464,#5465,#5466,#5467,#5468,#5469,#5470,#5471,#5472,#5473,
    #5474,#5475,#5476,#5477,#5478,#5479,#5480,#5481,#5482,#5483,#5484,
    #5485,#5486,#5487,#5488,#5489,#5490,#5491,#5492,#5493,#5494,#5495,
    #5496,#5497,#5498),.UNSPECIFIED.,.F.,.F.,(8,6,6,6,6,6,6,6,6,6,6,6,8)
  ,(0.,7.864468340632E-02,0.15299397978,0.224879486141,0.295945646458,
    0.364626087752,0.430988215807,0.556893046984,0.616557085513,
    0.677095715984,0.79030301105,0.898251463372,1.),.UNSPECIFIED.);
#5425 = CARTESIAN_POINT('',(-1.192588691758,0.));
#5426 = CARTESIAN_POINT('',(-1.245236401694,-1.051796279575E-02));
#5427 = CARTESIAN_POINT('',(-1.297987371699,-2.105648522781E-02));
#5428 = CARTESIAN_POINT('',(-1.350838933646,-3.16151161529E-02));
#5429 = CARTESIAN_POINT('',(-1.403792158306,-4.219416828171E-02));
#5430 = CARTESIAN_POINT('',(-1.456849528967,-5.279421796864E-02));
#5431 = CARTESIAN_POINT('',(-1.51001240362,-6.341557809416E-02));
#5432 = CARTESIAN_POINT('',(-1.613634872104,-8.411865999371E-02));
#5433 = CARTESIAN_POINT('',(-1.66408673244,-9.419881230346E-02));
#5434 = CARTESIAN_POINT('',(-1.714631785469,-0.104297788686));
#5435 = CARTESIAN_POINT('',(-1.765270963104,-0.114415740434));
#5436 = CARTESIAN_POINT('',(-1.816006320032,-0.124553012605));
#5437 = CARTESIAN_POINT('',(-1.866839003282,-0.134709751821));
#5438 = CARTESIAN_POINT('',(-1.967007464125,-0.154724027453));
#5439 = CARTESIAN_POINT('',(-2.016339801438,-0.16458087998));
#5440 = CARTESIAN_POINT('',(-2.065762272082,-0.174455619927));
#5441 = CARTESIAN_POINT('',(-2.115275741653,-0.184348353405));
#5442 = CARTESIAN_POINT('',(-2.164882075916,-0.194259407346));
#5443 = CARTESIAN_POINT('',(-2.214582331689,-0.204188976813));
#5444 = CARTESIAN_POINT('',(-2.313599748426,-0.223971107812));
#5445 = CARTESIAN_POINT('',(-2.362917501529,-0.233823793007));
#5446 = CARTESIAN_POINT('',(-2.41232627692,-0.243694444282));
#5447 = CARTESIAN_POINT('',(-2.461826946605,-0.253583275408));
#5448 = CARTESIAN_POINT('',(-2.511421385004,-0.263490722853));
#5449 = CARTESIAN_POINT('',(-2.56111066447,-0.273417073119));
#5450 = CARTESIAN_POINT('',(-2.659004327282,-0.292973177995));
#5451 = CARTESIAN_POINT('',(-2.707205028825,-0.302602195883));
#5452 = CARTESIAN_POINT('',(-2.755493653227,-0.312248854484));
#5453 = CARTESIAN_POINT('',(-2.803871020789,-0.32191336993));
#5454 = CARTESIAN_POINT('',(-2.852338845734,-0.331596116059));
#5455 = CARTESIAN_POINT('',(-2.900898125222,-0.341297296267));
#5456 = CARTESIAN_POINT('',(-2.996554513222,-0.360407825619));
#5457 = CARTESIAN_POINT('',(-3.043647845967,-0.369816410919));
#5458 = CARTESIAN_POINT('',(-3.090826052938,-0.379242068653));
#5459 = CARTESIAN_POINT('',(-3.13808990185,-0.38868491324));
#5460 = CARTESIAN_POINT('',(-3.185440951475,-0.398145202339));
#5461 = CARTESIAN_POINT('',(-3.232880119866,-0.407623062847));
#5462 = CARTESIAN_POINT('',(-3.370574374061,-0.435132746831));
#5463 = CARTESIAN_POINT('',(-3.4610887263,-0.453216172543));
#5464 = CARTESIAN_POINT('',(-3.551904168941,-0.471359193074));
#5465 = CARTESIAN_POINT('',(-3.643029072559,-0.489563339461));
#5466 = CARTESIAN_POINT('',(-3.73449320335,-0.507835035961));
#5467 = CARTESIAN_POINT('',(-3.826311066984,-0.526177932631));
#5468 = CARTESIAN_POINT('',(-3.962099132532,-0.553305556809));
#5469 = CARTESIAN_POINT('',(-4.005834054249,-0.562042969047));
#5470 = CARTESIAN_POINT('',(-4.049644551804,-0.570795571697));
#5471 = CARTESIAN_POINT('',(-4.093531267799,-0.579563432738));
#5472 = CARTESIAN_POINT('',(-4.137495346249,-0.588346682312));
#5473 = CARTESIAN_POINT('',(-4.181537477171,-0.597145349377));
#5474 = CARTESIAN_POINT('',(-4.270423135256,-0.614902246138));
#5475 = CARTESIAN_POINT('',(-4.315270555875,-0.623861236632));
#5476 = CARTESIAN_POINT('',(-4.360198082584,-0.632835905545));
#5477 = CARTESIAN_POINT('',(-4.405206756592,-0.641826606385));
#5478 = CARTESIAN_POINT('',(-4.450297297672,-0.650832688672));
#5479 = CARTESIAN_POINT('',(-4.495470913625,-0.659857474767));
#5480 = CARTESIAN_POINT('',(-4.625354963608,-0.685805189372));
#5481 = CARTESIAN_POINT('',(-4.710294874311,-0.70277449759));
#5482 = CARTESIAN_POINT('',(-4.79551420132,-0.719797655787));
#5483 = CARTESIAN_POINT('',(-4.881019605794,-0.736877756637));
#5484 = CARTESIAN_POINT('',(-4.966833456443,-0.75402038141));
#5485 = CARTESIAN_POINT('',(-5.052967120063,-0.771227103362));
#5486 = CARTESIAN_POINT('',(-5.221799612391,-0.804954603121));
#5487 = CARTESIAN_POINT('',(-5.304507633935,-0.821477168672));
#5488 = CARTESIAN_POINT('',(-5.387487097493,-0.838053739494));
#5489 = CARTESIAN_POINT('',(-5.47074421646,-0.8546851397));
#5490 = CARTESIAN_POINT('',(-5.554298757092,-0.871375256456));
#5491 = CARTESIAN_POINT('',(-5.63816079438,-0.888126428023));
#5492 = CARTESIAN_POINT('',(-5.801615578321,-0.920775842883));
#5493 = CARTESIAN_POINT('',(-5.881206672207,-0.93667376763));
#5494 = CARTESIAN_POINT('',(-5.961055291647,-0.952623316841));
#5495 = CARTESIAN_POINT('',(-6.041166921544,-0.968625871389));
#5496 = CARTESIAN_POINT('',(-6.121558270854,-0.984684842686));
#5497 = CARTESIAN_POINT('',(-6.202238048074,-1.000801796841));
#5498 = CARTESIAN_POINT('',(-6.28318530718,-1.016972303621));
#5499 = ( GEOMETRIC_REPRESENTATION_CONTEXT(2) 
PARAMETRIC_REPRESENTATION_CONTEXT() REPRESENTATION_CONTEXT('2D SPACE',''
  ) );
#5500 = ORIENTED_EDGE('',*,*,#5501,.T.);
#5501 = EDGE_CURVE('',#5266,#5502,#5504,.T.);
#5502 = VERTEX_POINT('',#5503);
#5503 = CARTESIAN_POINT('',(4.5,0.,40.));
#5504 = SEAM_CURVE('',#5505,(#5509,#5515),.PCURVE_S1.);
#5505 = LINE('',#5506,#5507);
#5506 = CARTESIAN_POINT('',(6.,0.,38.5));
#5507 = VECTOR('',#5508,1.);
#5508 = DIRECTION('',(-0.707106781187,0.,0.707106781187));
#5509 = PCURVE('',#5166,#5510);
#5510 = DEFINITIONAL_REPRESENTATION('',(#5511),#5514);
#5511 = B_SPLINE_CURVE_WITH_KNOTS('',1,(#5512,#5513),.UNSPECIFIED.,.F.,
  .F.,(2,2),(0.,2.12132034356),.PIECEWISE_BEZIER_KNOTS.);
#5512 = CARTESIAN_POINT('',(0.,0.));
#5513 = CARTESIAN_POINT('',(0.,-1.5));
#5514 = ( GEOMETRIC_REPRESENTATION_CONTEXT(2) 
PARAMETRIC_REPRESENTATION_CONTEXT() REPRESENTATION_CONTEXT('2D SPACE',''
  ) );
#5515 = PCURVE('',#5166,#5516);
#5516 = DEFINITIONAL_REPRESENTATION('',(#5517),#5520);
#5517 = B_SPLINE_CURVE_WITH_KNOTS('',1,(#5518,#5519),.UNSPECIFIED.,.F.,
  .F.,(2,2),(0.,2.12132034356),.PIECEWISE_BEZIER_KNOTS.);
#5518 = CARTESIAN_POINT('',(-6.28318530718,0.));
#5519 = CARTESIAN_POINT('',(-6.28318530718,-1.5));
#5520 = ( GEOMETRIC_REPRESENTATION_CONTEXT(2) 
PARAMETRIC_REPRESENTATION_CONTEXT() REPRESENTATION_CONTEXT('2D SPACE',''
  ) );
#5521 = ORIENTED_EDGE('',*,*,#5522,.F.);
#5522 = EDGE_CURVE('',#5502,#5502,#5523,.T.);
#5523 = SURFACE_CURVE('',#5524,(#5529,#5536),.PCURVE_S1.);
#5524 = CIRCLE('',#5525,4.5);
#5525 = AXIS2_PLACEMENT_3D('',#5526,#5527,#5528);
#5526 = CARTESIAN_POINT('',(0.,0.,40.));
#5527 = DIRECTION('',(0.,0.,1.));
#5528 = DIRECTION('',(1.,0.,-0.));
#5529 = PCURVE('',#5166,#5530);
#5530 = DEFINITIONAL_REPRESENTATION('',(#5531),#5535);
#5531 = LINE('',#5532,#5533);
#5532 = CARTESIAN_POINT('',(-0.,-1.5));
#5533 = VECTOR('',#5534,1.);
#5534 = DIRECTION('',(-1.,-0.));
#5535 = ( GEOMETRIC_REPRESENTATION_CONTEXT(2) 
PARAMETRIC_REPRESENTATION_CONTEXT() REPRESENTATION_CONTEXT('2D SPACE',''
  ) );
#5536 = PCURVE('',#5537,#5542);
#5537 = PLANE('',#5538);
#5538 = AXIS2_PLACEMENT_3D('',#5539,#5540,#5541);
#5539 = CARTESIAN_POINT('',(-3.418600331349E-16,-1.70226710729E-17,40.)
  );
#5540 = DIRECTION('',(0.,0.,1.));
#5541 = DIRECTION('',(1.,0.,-0.));
#5542 = DEFINITIONAL_REPRESENTATION('',(#5543),#5547);
#5543 = CIRCLE('',#5544,4.5);
#5544 = AXIS2_PLACEMENT_2D('',#5545,#5546);
#5545 = CARTESIAN_POINT('',(3.418600331349E-16,1.70226710729E-17));
#5546 = DIRECTION('',(1.,0.));
#5547 = ( GEOMETRIC_REPRESENTATION_CONTEXT(2) 
PARAMETRIC_REPRESENTATION_CONTEXT() REPRESENTATION_CONTEXT('2D SPACE',''
  ) );
#5548 = ORIENTED_EDGE('',*,*,#5501,.F.);
#5549 = ORIENTED_EDGE('',*,*,#5550,.T.);
#5550 = EDGE_CURVE('',#5266,#5551,#5553,.T.);
#5551 = VERTEX_POINT('',#5552);
#5552 = CARTESIAN_POINT('',(0.169095803306,4.673436146957,
    39.823505713638));
#5553 = SURFACE_CURVE('',#5554,(#5577,#5603),.PCURVE_S1.);
#5554 = B_SPLINE_CURVE_WITH_KNOTS('',6,(#5555,#5556,#5557,#5558,#5559,
    #5560,#5561,#5562,#5563,#5564,#5565,#5566,#5567,#5568,#5569,#5570,
    #5571,#5572,#5573,#5574,#5575,#5576),.UNSPECIFIED.,.F.,.F.,(7,5,5,5,
    7),(0.,0.266381203036,0.519540421941,0.75893051836,1.),
  .UNSPECIFIED.);
#5555 = CARTESIAN_POINT('',(4.983027696379,1.02300980187E-14,
    39.516972303621));
#5556 = CARTESIAN_POINT('',(4.969800107005,0.329953335967,
    39.530199893043));
#5557 = CARTESIAN_POINT('',(4.930315424523,0.658787570778,
    39.543466963987));
#5558 = CARTESIAN_POINT('',(4.864595435917,0.983842408271,
    39.556772106836));
#5559 = CARTESIAN_POINT('',(4.77302885983,1.302503876846,39.570116329074
    ));
#5560 = CARTESIAN_POINT('',(4.656323027133,1.612200095997,
    39.583500906779));
#5561 = CARTESIAN_POINT('',(4.381811916148,2.193853477128,
    39.609682098308));
#5562 = CARTESIAN_POINT('',(4.226320344431,2.466950201835,
    39.622476228789));
#5563 = CARTESIAN_POINT('',(4.050032920676,2.727565535447,
    39.635306005573));
#5564 = CARTESIAN_POINT('',(3.854155065101,2.97370184091,39.648172533891
    ));
#5565 = CARTESIAN_POINT('',(3.640130829818,3.203499506233,
    39.661077171391));
#5566 = CARTESIAN_POINT('',(3.191776228733,3.615539265284,
    39.686257157868));
#5567 = CARTESIAN_POINT('',(2.959164202511,3.799705782907,
    39.698529630175));
#5568 = CARTESIAN_POINT('',(2.713305784917,3.966352523975,
    39.710835857191));
#5569 = CARTESIAN_POINT('',(2.455818584246,4.114256870507,
    39.723176830953));
#5570 = CARTESIAN_POINT('',(2.188463727549,4.242378130446,
    39.735553596281));
#5571 = CARTESIAN_POINT('',(1.635935599904,4.45817649778,39.760464250784
    ));
#5572 = CARTESIAN_POINT('',(1.350626118325,4.545573115575,
    39.772999722662));
#5573 = CARTESIAN_POINT('',(1.059202590467,4.611248538968,
    39.785570883975));
#5574 = CARTESIAN_POINT('',(0.763713647014,4.65462797204,39.7981785927)
  );
#5575 = CARTESIAN_POINT('',(0.466279748646,4.675373523594,
    39.810823828375));
#5576 = CARTESIAN_POINT('',(0.169095803306,4.673436146957,
    39.823505713638));
#5577 = PCURVE('',#5166,#5578);
#5578 = DEFINITIONAL_REPRESENTATION('',(#5579),#5602);
#5579 = B_SPLINE_CURVE_WITH_KNOTS('',6,(#5580,#5581,#5582,#5583,#5584,
    #5585,#5586,#5587,#5588,#5589,#5590,#5591,#5592,#5593,#5594,#5595,
    #5596,#5597,#5598,#5599,#5600,#5601),.UNSPECIFIED.,.F.,.F.,(7,5,5,5,
    7),(0.,0.266381203036,0.519540421941,0.75893051836,1.),
  .UNSPECIFIED.);
#5580 = CARTESIAN_POINT('',(0.,-1.016972303621));
#5581 = CARTESIAN_POINT('',(-6.621543287966E-02,-1.030199893019));
#5582 = CARTESIAN_POINT('',(-0.132628095675,-1.043466964037));
#5583 = CARTESIAN_POINT('',(-0.1992316671,-1.056772106791));
#5584 = CARTESIAN_POINT('',(-0.26603218387,-1.070116329091));
#5585 = CARTESIAN_POINT('',(-0.333036682093,-1.083500906779));
#5586 = CARTESIAN_POINT('',(-0.464106294757,-1.109682098308));
#5587 = CARTESIAN_POINT('',(-0.528158778491,-1.122476228789));
#5588 = CARTESIAN_POINT('',(-0.592391674309,-1.135306005573));
#5589 = CARTESIAN_POINT('',(-0.656810184676,-1.148172533891));
#5590 = CARTESIAN_POINT('',(-0.721420355468,-1.161077171391));
#5591 = CARTESIAN_POINT('',(-0.847490378574,-1.186257157868));
#5592 = CARTESIAN_POINT('',(-0.908935806966,-1.198529630175));
#5593 = CARTESIAN_POINT('',(-0.97054983711,-1.210835857191));
#5594 = CARTESIAN_POINT('',(-1.032336894097,-1.223176830953));
#5595 = CARTESIAN_POINT('',(-1.094302077072,-1.235553596281));
#5596 = CARTESIAN_POINT('',(-1.219017380288,-1.260464250784));
#5597 = CARTESIAN_POINT('',(-1.281775412832,-1.272999722662));
#5598 = CARTESIAN_POINT('',(-1.344711467351,-1.285570883975));
#5599 = CARTESIAN_POINT('',(-1.407830413812,-1.2981785927));
#5600 = CARTESIAN_POINT('',(-1.47113786552,-1.310823828375));
#5601 = CARTESIAN_POINT('',(-1.534629775099,-1.323505713638));
#5602 = ( GEOMETRIC_REPRESENTATION_CONTEXT(2) 
PARAMETRIC_REPRESENTATION_CONTEXT() REPRESENTATION_CONTEXT('2D SPACE',''
  ) );
#5603 = PCURVE('',#5604,#5609);
#5604 = CONICAL_SURFACE('',#5605,6.,0.785398163397);
#5605 = AXIS2_PLACEMENT_3D('',#5606,#5607,#5608);
#5606 = CARTESIAN_POINT('',(0.,0.,38.5));
#5607 = DIRECTION('',(-0.,-0.,-1.));
#5608 = DIRECTION('',(1.,0.,0.));
#5609 = DEFINITIONAL_REPRESENTATION('',(#5610),#5633);
#5610 = B_SPLINE_CURVE_WITH_KNOTS('',6,(#5611,#5612,#5613,#5614,#5615,
    #5616,#5617,#5618,#5619,#5620,#5621,#5622,#5623,#5624,#5625,#5626,
    #5627,#5628,#5629,#5630,#5631,#5632),.UNSPECIFIED.,.F.,.F.,(7,5,5,5,
    7),(0.,0.266381203036,0.519540421941,0.75893051836,1.),
  .UNSPECIFIED.);
#5611 = CARTESIAN_POINT('',(0.,-1.016972303621));
#5612 = CARTESIAN_POINT('',(-6.621543287966E-02,-1.030199893019));
#5613 = CARTESIAN_POINT('',(-0.132628095675,-1.043466964037));
#5614 = CARTESIAN_POINT('',(-0.1992316671,-1.056772106791));
#5615 = CARTESIAN_POINT('',(-0.26603218387,-1.070116329091));
#5616 = CARTESIAN_POINT('',(-0.333036682093,-1.083500906779));
#5617 = CARTESIAN_POINT('',(-0.464106294757,-1.109682098308));
#5618 = CARTESIAN_POINT('',(-0.528158778491,-1.122476228789));
#5619 = CARTESIAN_POINT('',(-0.592391674309,-1.135306005573));
#5620 = CARTESIAN_POINT('',(-0.656810184676,-1.148172533891));
#5621 = CARTESIAN_POINT('',(-0.721420355468,-1.161077171391));
#5622 = CARTESIAN_POINT('',(-0.847490378574,-1.186257157868));
#5623 = CARTESIAN_POINT('',(-0.908935806966,-1.198529630175));
#5624 = CARTESIAN_POINT('',(-0.97054983711,-1.210835857191));
#5625 = CARTESIAN_POINT('',(-1.032336894097,-1.223176830953));
#5626 = CARTESIAN_POINT('',(-1.094302077072,-1.235553596281));
#5627 = CARTESIAN_POINT('',(-1.219017380288,-1.260464250784));
#5628 = CARTESIAN_POINT('',(-1.281775412832,-1.272999722662));
#5629 = CARTESIAN_POINT('',(-1.344711467351,-1.285570883975));
#5630 = CARTESIAN_POINT('',(-1.407830413812,-1.2981785927));
#5631 = CARTESIAN_POINT('',(-1.47113786552,-1.310823828375));
#5632 = CARTESIAN_POINT('',(-1.534629775099,-1.323505713638));
#5633 = ( GEOMETRIC_REPRESENTATION_CONTEXT(2) 
PARAMETRIC_REPRESENTATION_CONTEXT() REPRESENTATION_CONTEXT('2D SPACE',''
  ) );
#5634 = ORIENTED_EDGE('',*,*,#5635,.T.);
#5635 = EDGE_CURVE('',#5551,#5636,#5638,.T.);
#5636 = VERTEX_POINT('',#5637);
#5637 = CARTESIAN_POINT('',(-3.967164717167,2.476121340231,
    39.823508496246));
#5638 = SURFACE_CURVE('',#5639,(#5677,#5718),.PCURVE_S1.);
#5639 = B_SPLINE_CURVE_WITH_KNOTS('',6,(#5640,#5641,#5642,#5643,#5644,
    #5645,#5646,#5647,#5648,#5649,#5650,#5651,#5652,#5653,#5654,#5655,
    #5656,#5657,#5658,#5659,#5660,#5661,#5662,#5663,#5664,#5665,#5666,
    #5667,#5668,#5669,#5670,#5671,#5672,#5673,#5674,#5675,#5676),
  .UNSPECIFIED.,.F.,.F.,(7,5,5,5,5,5,5,7),(0.,5.700955995931E-02,
    0.101015643288,0.11801765075,0.147020609011,0.477017600244,
    0.807014888773,1.),.UNSPECIFIED.);
#5640 = CARTESIAN_POINT('',(0.169095803305,4.673436146957,
    39.823505713638));
#5641 = CARTESIAN_POINT('',(0.122516366939,4.675121022435,39.82350619033
    ));
#5642 = CARTESIAN_POINT('',(7.591677922612E-02,4.67624881206,
    39.823506652764));
#5643 = CARTESIAN_POINT('',(2.930537193305E-02,4.676819215755,
    39.823507099649));
#5644 = CARTESIAN_POINT('',(-1.730952220106E-02,4.676832099446,
    39.823507529831));
#5645 = CARTESIAN_POINT('',(-6.391956946448E-02,4.676287495063,
    39.823507942295));
#5646 = CARTESIAN_POINT('',(-0.14648488602,4.674335040351,39.82350864019
    ));
#5647 = CARTESIAN_POINT('',(-0.182445484016,4.673152424073,
    39.823508933141));
#5648 = CARTESIAN_POINT('',(-0.218394396356,4.671637842754,
    39.823509214614));
#5649 = CARTESIAN_POINT('',(-0.254327793005,4.669791446301,
    39.82350948427));
#5650 = CARTESIAN_POINT('',(-0.290241846696,4.667613443475,
    39.823509741828));
#5651 = CARTESIAN_POINT('',(-0.339999386571,4.664134603112,
    39.823510081823));
#5652 = CARTESIAN_POINT('',(-0.353862582049,4.663115645111,
    39.823510174737));
#5653 = CARTESIAN_POINT('',(-0.36772209884,4.662047243325,39.8235102658)
  );
#5654 = CARTESIAN_POINT('',(-0.381577716528,4.660929414492,
    39.823510355001));
#5655 = CARTESIAN_POINT('',(-0.395429214795,4.659762176663,
    39.823510442331));
#5656 = CARTESIAN_POINT('',(-0.432897617267,4.656470159226,
    39.82351067355));
#5657 = CARTESIAN_POINT('',(-0.456506233089,4.654251048314,
    39.82351081385));
#5658 = CARTESIAN_POINT('',(-0.48010112771,4.651888312553,
    39.823510948643));
#5659 = CARTESIAN_POINT('',(-0.503681209085,4.649382059094,39.8235110779
    ));
#5660 = CARTESIAN_POINT('',(-0.527245386309,4.646732406148,
    39.82351120161));
#5661 = CARTESIAN_POINT('',(-0.818713502926,4.612161474878,
    39.823512664197));
#5662 = CARTESIAN_POINT('',(-1.084443059664,4.561834681723,
    39.823513290477));
#5663 = CARTESIAN_POINT('',(-1.346356906659,4.493149555831,
    39.823513195573));
#5664 = CARTESIAN_POINT('',(-1.602883646557,4.40648643042,
    39.823512602322));
#5665 = CARTESIAN_POINT('',(-1.852501439258,4.302391190878,
    39.823511971555));
#5666 = CARTESIAN_POINT('',(-2.334996132224,4.060804394844,
    39.823511159222));
#5667 = CARTESIAN_POINT('',(-2.567888641154,3.923304982364,
    39.823510981238));
#5668 = CARTESIAN_POINT('',(-2.790962454507,3.769829759927,
    39.82351127563));
#5669 = CARTESIAN_POINT('',(-3.002868383087,3.601269809175,
    39.82351219816));
#5670 = CARTESIAN_POINT('',(-3.202360666782,3.418655767737,
    39.823513113348));
#5671 = CARTESIAN_POINT('',(-3.49706113437,3.108855844198,
    39.823513444707));
#5672 = CARTESIAN_POINT('',(-3.601180343004,2.990133765544,
    39.823513358191));
#5673 = CARTESIAN_POINT('',(-3.700448145814,2.867243916839,
    39.823512838902));
#5674 = CARTESIAN_POINT('',(-3.794658133792,2.74043500691,
    39.823511799636));
#5675 = CARTESIAN_POINT('',(-3.88362103552,2.609969044892,
    39.823510289967));
#5676 = CARTESIAN_POINT('',(-3.967164717167,2.47612134023,
    39.823508496246));
#5677 = PCURVE('',#5166,#5678);
#5678 = DEFINITIONAL_REPRESENTATION('',(#5679),#5717);
#5679 = B_SPLINE_CURVE_WITH_KNOTS('',6,(#5680,#5681,#5682,#5683,#5684,
    #5685,#5686,#5687,#5688,#5689,#5690,#5691,#5692,#5693,#5694,#5695,
    #5696,#5697,#5698,#5699,#5700,#5701,#5702,#5703,#5704,#5705,#5706,
    #5707,#5708,#5709,#5710,#5711,#5712,#5713,#5714,#5715,#5716),
  .UNSPECIFIED.,.F.,.F.,(7,5,5,5,5,5,5,7),(0.,5.700955995931E-02,
    0.101015643288,0.11801765075,0.147020609011,0.477017600244,
    0.807014888773,1.),.UNSPECIFIED.);
#5680 = CARTESIAN_POINT('',(-1.534629775099,-1.323505713638));
#5681 = CARTESIAN_POINT('',(-1.544596621262,-1.32350619033));
#5682 = CARTESIAN_POINT('',(-1.554563468515,-1.323506652764));
#5683 = CARTESIAN_POINT('',(-1.564530316732,-1.323507099649));
#5684 = CARTESIAN_POINT('',(-1.57449716578,-1.323507529831));
#5685 = CARTESIAN_POINT('',(-1.584464015525,-1.323507942295));
#5686 = CARTESIAN_POINT('',(-1.602124348206,-1.32350864019));
#5687 = CARTESIAN_POINT('',(-1.609817831,-1.323508933141));
#5688 = CARTESIAN_POINT('',(-1.617511314156,-1.323509214614));
#5689 = CARTESIAN_POINT('',(-1.625204797619,-1.32350948427));
#5690 = CARTESIAN_POINT('',(-1.632898281332,-1.323509741828));
#5691 = CARTESIAN_POINT('',(-1.643564187708,-1.323510081823));
#5692 = CARTESIAN_POINT('',(-1.646536610209,-1.323510174737));
#5693 = CARTESIAN_POINT('',(-1.649509032741,-1.3235102658));
#5694 = CARTESIAN_POINT('',(-1.652481455302,-1.323510355001));
#5695 = CARTESIAN_POINT('',(-1.655453877888,-1.323510442331));
#5696 = CARTESIAN_POINT('',(-1.66349682226,-1.32351067355));
#5697 = CARTESIAN_POINT('',(-1.668567344094,-1.32351081385));
#5698 = CARTESIAN_POINT('',(-1.673637865985,-1.323510948643));
#5699 = CARTESIAN_POINT('',(-1.678708387921,-1.3235110779));
#5700 = CARTESIAN_POINT('',(-1.683778909886,-1.32351120161));
#5701 = CARTESIAN_POINT('',(-1.746542063873,-1.323512664197));
#5702 = CARTESIAN_POINT('',(-1.80423654716,-1.323513290477));
#5703 = CARTESIAN_POINT('',(-1.86192886369,-1.323513195573));
#5704 = CARTESIAN_POINT('',(-1.919621142957,-1.323512602322));
#5705 = CARTESIAN_POINT('',(-1.977315553809,-1.323511971555));
#5706 = CARTESIAN_POINT('',(-2.092700712041,-1.323511159222));
#5707 = CARTESIAN_POINT('',(-2.150395169659,-1.323510981238));
#5708 = CARTESIAN_POINT('',(-2.208087446489,-1.32351127563));
#5709 = CARTESIAN_POINT('',(-2.265779744269,-1.32351219816));
#5710 = CARTESIAN_POINT('',(-2.323474259672,-1.323513113348));
#5711 = CARTESIAN_POINT('',(-2.414906071799,-1.323513444707));
#5712 = CARTESIAN_POINT('',(-2.448645261399,-1.323513358191));
#5713 = CARTESIAN_POINT('',(-2.482384476314,-1.323512838902));
#5714 = CARTESIAN_POINT('',(-2.516123691497,-1.323511799636));
#5715 = CARTESIAN_POINT('',(-2.549862877257,-1.323510289967));
#5716 = CARTESIAN_POINT('',(-2.583601999261,-1.323508496246));
#5717 = ( GEOMETRIC_REPRESENTATION_CONTEXT(2) 
PARAMETRIC_REPRESENTATION_CONTEXT() REPRESENTATION_CONTEXT('2D SPACE',''
  ) );
#5718 = PCURVE('',#5604,#5719);
#5719 = DEFINITIONAL_REPRESENTATION('',(#5720),#5758);
#5720 = B_SPLINE_CURVE_WITH_KNOTS('',6,(#5721,#5722,#5723,#5724,#5725,
    #5726,#5727,#5728,#5729,#5730,#5731,#5732,#5733,#5734,#5735,#5736,
    #5737,#5738,#5739,#5740,#5741,#5742,#5743,#5744,#5745,#5746,#5747,
    #5748,#5749,#5750,#5751,#5752,#5753,#5754,#5755,#5756,#5757),
  .UNSPECIFIED.,.F.,.F.,(7,5,5,5,5,5,5,7),(0.,5.700955995931E-02,
    0.101015643288,0.11801765075,0.147020609011,0.477017600244,
    0.807014888773,1.),.UNSPECIFIED.);
#5721 = CARTESIAN_POINT('',(-1.534629775099,-1.323505713638));
#5722 = CARTESIAN_POINT('',(-1.544596621262,-1.32350619033));
#5723 = CARTESIAN_POINT('',(-1.554563468515,-1.323506652764));
#5724 = CARTESIAN_POINT('',(-1.564530316732,-1.323507099649));
#5725 = CARTESIAN_POINT('',(-1.57449716578,-1.323507529831));
#5726 = CARTESIAN_POINT('',(-1.584464015525,-1.323507942295));
#5727 = CARTESIAN_POINT('',(-1.602124348206,-1.32350864019));
#5728 = CARTESIAN_POINT('',(-1.609817831,-1.323508933141));
#5729 = CARTESIAN_POINT('',(-1.617511314156,-1.323509214614));
#5730 = CARTESIAN_POINT('',(-1.625204797619,-1.32350948427));
#5731 = CARTESIAN_POINT('',(-1.632898281332,-1.323509741828));
#5732 = CARTESIAN_POINT('',(-1.643564187708,-1.323510081823));
#5733 = CARTESIAN_POINT('',(-1.646536610209,-1.323510174737));
#5734 = CARTESIAN_POINT('',(-1.649509032741,-1.3235102658));
#5735 = CARTESIAN_POINT('',(-1.652481455302,-1.323510355001));
#5736 = CARTESIAN_POINT('',(-1.655453877888,-1.323510442331));
#5737 = CARTESIAN_POINT('',(-1.66349682226,-1.32351067355));
#5738 = CARTESIAN_POINT('',(-1.668567344094,-1.32351081385));
#5739 = CARTESIAN_POINT('',(-1.673637865985,-1.323510948643));
#5740 = CARTESIAN_POINT('',(-1.678708387921,-1.3235110779));
#5741 = CARTESIAN_POINT('',(-1.683778909886,-1.32351120161));
#5742 = CARTESIAN_POINT('',(-1.746542063873,-1.323512664197));
#5743 = CARTESIAN_POINT('',(-1.80423654716,-1.323513290477));
#5744 = CARTESIAN_POINT('',(-1.86192886369,-1.323513195573));
#5745 = CARTESIAN_POINT('',(-1.919621142957,-1.323512602322));
#5746 = CARTESIAN_POINT('',(-1.977315553809,-1.323511971555));
#5747 = CARTESIAN_POINT('',(-2.092700712041,-1.323511159222));
#5748 = CARTESIAN_POINT('',(-2.150395169659,-1.323510981238));
#5749 = CARTESIAN_POINT('',(-2.208087446489,-1.32351127563));
#5750 = CARTESIAN_POINT('',(-2.265779744269,-1.32351219816));
#5751 = CARTESIAN_POINT('',(-2.323474259672,-1.323513113348));
#5752 = CARTESIAN_POINT('',(-2.414906071799,-1.323513444707));
#5753 = CARTESIAN_POINT('',(-2.448645261399,-1.323513358191));
#5754 = CARTESIAN_POINT('',(-2.482384476314,-1.323512838902));
#5755 = CARTESIAN_POINT('',(-2.516123691497,-1.323511799636));
#5756 = CARTESIAN_POINT('',(-2.549862877257,-1.323510289967));
#5757 = CARTESIAN_POINT('',(-2.583601999261,-1.323508496246));
#5758 = ( GEOMETRIC_REPRESENTATION_CONTEXT(2) 
PARAMETRIC_REPRESENTATION_CONTEXT() REPRESENTATION_CONTEXT('2D SPACE',''
  ) );
#5759 = ORIENTED_EDGE('',*,*,#5760,.T.);
#5760 = EDGE_CURVE('',#5636,#5210,#5761,.T.);
#5761 = SURFACE_CURVE('',#5762,(#5801,#5843),.PCURVE_S1.);
#5762 = B_SPLINE_CURVE_WITH_KNOTS('',7,(#5763,#5764,#5765,#5766,#5767,
    #5768,#5769,#5770,#5771,#5772,#5773,#5774,#5775,#5776,#5777,#5778,
    #5779,#5780,#5781,#5782,#5783,#5784,#5785,#5786,#5787,#5788,#5789,
    #5790,#5791,#5792,#5793,#5794,#5795,#5796,#5797,#5798,#5799,#5800),
  .UNSPECIFIED.,.F.,.F.,(8,6,6,6,6,6,8),(0.,0.205016968867,0.43445683022
    ,0.560867200922,0.697379744189,0.843158036428,1.),.UNSPECIFIED.);
#5763 = CARTESIAN_POINT('',(-3.967164717167,2.476121340231,
    39.823508496246));
#5764 = CARTESIAN_POINT('',(-3.791648712505,2.830423082802,
    39.784805719919));
#5765 = CARTESIAN_POINT('',(-3.580792520372,3.167781613585,
    39.746425417035));
#5766 = CARTESIAN_POINT('',(-3.336977207156,3.484020343154,
    39.708371040562));
#5767 = CARTESIAN_POINT('',(-3.063111971881,3.775587997657,
    39.670627298139));
#5768 = CARTESIAN_POINT('',(-2.762469123909,4.039447622305,
    39.633178068681));
#5769 = CARTESIAN_POINT('',(-2.438632577796,4.273057392571,
    39.596016675384));
#5770 = CARTESIAN_POINT('',(-1.711618204188,4.699819403622,
    39.517888391051));
#5771 = CARTESIAN_POINT('',(-1.303411013324,4.884938151119,
    39.476977229069));
#5772 = CARTESIAN_POINT('',(-0.87641945157,5.026985345517,
    39.436421860637));
#5773 = CARTESIAN_POINT('',(-0.436256630475,5.124272316176,
    39.396205586672));
#5774 = CARTESIAN_POINT('',(1.145999875285E-02,5.175943376902,
    39.356312830226));
#5775 = CARTESIAN_POINT('',(0.461116811755,5.181942750868,
    39.316731278032));
#5776 = CARTESIAN_POINT('',(1.152849955213,5.121769617512,
    39.255839826281));
#5777 = CARTESIAN_POINT('',(1.397513919175,5.086791803442,39.23430253136
    ));
#5778 = CARTESIAN_POINT('',(1.640207028969,5.038348555701,
    39.212857814311));
#5779 = CARTESIAN_POINT('',(1.88005410504,4.9766477113,39.191504073067)
  );
#5780 = CARTESIAN_POINT('',(2.116212224498,4.901964675753,
    39.170239540226));
#5781 = CARTESIAN_POINT('',(2.347870994304,4.81463894658,39.149062832511
    ));
#5782 = CARTESIAN_POINT('',(2.818726115807,4.607545256381,
    39.105198799315));
#5783 = CARTESIAN_POINT('',(3.057056413539,4.485737958987,
    39.082524971179));
#5784 = CARTESIAN_POINT('',(3.288264069,4.350152168818,39.059951395065)
  );
#5785 = CARTESIAN_POINT('',(3.511439678435,4.201366813932,39.03747641242
    ));
#5786 = CARTESIAN_POINT('',(3.725738678543,4.040025736737,
    39.015098170069));
#5787 = CARTESIAN_POINT('',(3.930379957921,3.866833573417,
    38.992815321409));
#5788 = CARTESIAN_POINT('',(4.332102930374,3.485774987466,
    38.946933863745));
#5789 = CARTESIAN_POINT('',(4.527740139133,3.27634209971,38.923347310915
    ));
#5790 = CARTESIAN_POINT('',(4.710687967338,3.055191146039,
    38.899867505609));
#5791 = CARTESIAN_POINT('',(4.880185177897,2.823310908768,
    38.876492643983));
#5792 = CARTESIAN_POINT('',(5.035570300378,2.581736992825,
    38.853220566201));
#5793 = CARTESIAN_POINT('',(5.176278325101,2.331547666337,
    38.830049642636));
#5794 = CARTESIAN_POINT('',(5.436941888771,1.796627461353,
    38.782158517536));
#5795 = CARTESIAN_POINT('',(5.554520838275,1.510697884741,
    38.757452576849));
#5796 = CARTESIAN_POINT('',(5.654000794721,1.217472186248,
    38.732861166137));
#5797 = CARTESIAN_POINT('',(5.734954871864,0.91836312548,38.708381949919
    ));
#5798 = CARTESIAN_POINT('',(5.797091803697,0.614793698055,
    38.684012184711));
#5799 = CARTESIAN_POINT('',(5.840250103292,0.308193663063,
    38.659749896695));
#5800 = CARTESIAN_POINT('',(5.864405158699,1.476249678056E-14,
    38.635594841301));
#5801 = PCURVE('',#5166,#5802);
#5802 = DEFINITIONAL_REPRESENTATION('',(#5803),#5842);
#5803 = B_SPLINE_CURVE_WITH_KNOTS('',7,(#5804,#5805,#5806,#5807,#5808,
    #5809,#5810,#5811,#5812,#5813,#5814,#5815,#5816,#5817,#5818,#5819,
    #5820,#5821,#5822,#5823,#5824,#5825,#5826,#5827,#5828,#5829,#5830,
    #5831,#5832,#5833,#5834,#5835,#5836,#5837,#5838,#5839,#5840,#5841),
  .UNSPECIFIED.,.F.,.F.,(8,6,6,6,6,6,8),(0.,0.205016968867,0.43445683022
    ,0.560867200922,0.697379744189,0.843158036428,1.),.UNSPECIFIED.);
#5804 = CARTESIAN_POINT('',(-2.583601999261,-1.323508496246));
#5805 = CARTESIAN_POINT('',(-2.499458961115,-1.284805719919));
#5806 = CARTESIAN_POINT('',(-2.416013362764,-1.246425417035));
#5807 = CARTESIAN_POINT('',(-2.33326880545,-1.208371040562));
#5808 = CARTESIAN_POINT('',(-2.251198232797,-1.170627298139));
#5809 = CARTESIAN_POINT('',(-2.169769467342,-1.133178068681));
#5810 = CARTESIAN_POINT('',(-2.088965071328,-1.096016675384));
#5811 = CARTESIAN_POINT('',(-1.919077818704,-1.017888391051));
#5812 = CARTESIAN_POINT('',(-1.830115478877,-0.976977229069));
#5813 = CARTESIAN_POINT('',(-1.741922778564,-0.936421860637));
#5814 = CARTESIAN_POINT('',(-1.65446132845,-0.896205586672));
#5815 = CARTESIAN_POINT('',(-1.567698410505,-0.856312830226));
#5816 = CARTESIAN_POINT('',(-1.481609340411,-0.816731278032));
#5817 = CARTESIAN_POINT('',(-1.349169630244,-0.755839826281));
#5818 = CARTESIAN_POINT('',(-1.302325324079,-0.73430253136));
#5819 = CARTESIAN_POINT('',(-1.255682268615,-0.712857814311));
#5820 = CARTESIAN_POINT('',(-1.209237217155,-0.691504073067));
#5821 = CARTESIAN_POINT('',(-1.16298648115,-0.670239540226));
#5822 = CARTESIAN_POINT('',(-1.116927103634,-0.649062832511));
#5823 = CARTESIAN_POINT('',(-1.021523303072,-0.605198799315));
#5824 = CARTESIAN_POINT('',(-0.972208284386,-0.582524971179));
#5825 = CARTESIAN_POINT('',(-0.923111552187,-0.559951395065));
#5826 = CARTESIAN_POINT('',(-0.874229285478,-0.53747641242));
#5827 = CARTESIAN_POINT('',(-0.825557151559,-0.515098170069));
#5828 = CARTESIAN_POINT('',(-0.777091895558,-0.492815321409));
#5829 = CARTESIAN_POINT('',(-0.6772977905,-0.446933863745));
#5830 = CARTESIAN_POINT('',(-0.625995040157,-0.423347310915));
#5831 = CARTESIAN_POINT('',(-0.574923133205,-0.399867505609));
#5832 = CARTESIAN_POINT('',(-0.524077870898,-0.376492643983));
#5833 = CARTESIAN_POINT('',(-0.473454427009,-0.353220566201));
#5834 = CARTESIAN_POINT('',(-0.423049298116,-0.330049642636));
#5835 = CARTESIAN_POINT('',(-0.318865553891,-0.282158517536));
#5836 = CARTESIAN_POINT('',(-0.265117715187,-0.257452576845));
#5837 = CARTESIAN_POINT('',(-0.211617415064,-0.232861166143));
#5838 = CARTESIAN_POINT('',(-0.158359959891,-0.20838194992));
#5839 = CARTESIAN_POINT('',(-0.105339856113,-0.184012184702));
#5840 = CARTESIAN_POINT('',(-5.255326921018E-02,-0.159749896701));
#5841 = CARTESIAN_POINT('',(0.,-0.135594841301));
#5842 = ( GEOMETRIC_REPRESENTATION_CONTEXT(2) 
PARAMETRIC_REPRESENTATION_CONTEXT() REPRESENTATION_CONTEXT('2D SPACE',''
  ) );
#5843 = PCURVE('',#5604,#5844);
#5844 = DEFINITIONAL_REPRESENTATION('',(#5845),#5884);
#5845 = B_SPLINE_CURVE_WITH_KNOTS('',7,(#5846,#5847,#5848,#5849,#5850,
    #5851,#5852,#5853,#5854,#5855,#5856,#5857,#5858,#5859,#5860,#5861,
    #5862,#5863,#5864,#5865,#5866,#5867,#5868,#5869,#5870,#5871,#5872,
    #5873,#5874,#5875,#5876,#5877,#5878,#5879,#5880,#5881,#5882,#5883),
  .UNSPECIFIED.,.F.,.F.,(8,6,6,6,6,6,8),(0.,0.205016968867,0.43445683022
    ,0.560867200922,0.697379744189,0.843158036428,1.),.UNSPECIFIED.);
#5846 = CARTESIAN_POINT('',(-2.583601999261,-1.323508496246));
#5847 = CARTESIAN_POINT('',(-2.499458961115,-1.284805719919));
#5848 = CARTESIAN_POINT('',(-2.416013362764,-1.246425417035));
#5849 = CARTESIAN_POINT('',(-2.33326880545,-1.208371040562));
#5850 = CARTESIAN_POINT('',(-2.251198232797,-1.170627298139));
#5851 = CARTESIAN_POINT('',(-2.169769467342,-1.133178068681));
#5852 = CARTESIAN_POINT('',(-2.088965071328,-1.096016675384));
#5853 = CARTESIAN_POINT('',(-1.919077818704,-1.017888391051));
#5854 = CARTESIAN_POINT('',(-1.830115478877,-0.976977229069));
#5855 = CARTESIAN_POINT('',(-1.741922778564,-0.936421860637));
#5856 = CARTESIAN_POINT('',(-1.65446132845,-0.896205586672));
#5857 = CARTESIAN_POINT('',(-1.567698410505,-0.856312830226));
#5858 = CARTESIAN_POINT('',(-1.481609340411,-0.816731278032));
#5859 = CARTESIAN_POINT('',(-1.349169630244,-0.755839826281));
#5860 = CARTESIAN_POINT('',(-1.302325324079,-0.73430253136));
#5861 = CARTESIAN_POINT('',(-1.255682268615,-0.712857814311));
#5862 = CARTESIAN_POINT('',(-1.209237217155,-0.691504073067));
#5863 = CARTESIAN_POINT('',(-1.16298648115,-0.670239540226));
#5864 = CARTESIAN_POINT('',(-1.116927103634,-0.649062832511));
#5865 = CARTESIAN_POINT('',(-1.021523303072,-0.605198799315));
#5866 = CARTESIAN_POINT('',(-0.972208284386,-0.582524971179));
#5867 = CARTESIAN_POINT('',(-0.923111552187,-0.559951395065));
#5868 = CARTESIAN_POINT('',(-0.874229285478,-0.53747641242));
#5869 = CARTESIAN_POINT('',(-0.825557151559,-0.515098170069));
#5870 = CARTESIAN_POINT('',(-0.777091895558,-0.492815321409));
#5871 = CARTESIAN_POINT('',(-0.6772977905,-0.446933863745));
#5872 = CARTESIAN_POINT('',(-0.625995040157,-0.423347310915));
#5873 = CARTESIAN_POINT('',(-0.574923133205,-0.399867505609));
#5874 = CARTESIAN_POINT('',(-0.524077870898,-0.376492643983));
#5875 = CARTESIAN_POINT('',(-0.473454427009,-0.353220566201));
#5876 = CARTESIAN_POINT('',(-0.423049298116,-0.330049642636));
#5877 = CARTESIAN_POINT('',(-0.318865553891,-0.282158517536));
#5878 = CARTESIAN_POINT('',(-0.265117715187,-0.257452576845));
#5879 = CARTESIAN_POINT('',(-0.211617415064,-0.232861166143));
#5880 = CARTESIAN_POINT('',(-0.158359959891,-0.20838194992));
#5881 = CARTESIAN_POINT('',(-0.105339856113,-0.184012184702));
#5882 = CARTESIAN_POINT('',(-5.255326921018E-02,-0.159749896701));
#5883 = CARTESIAN_POINT('',(0.,-0.135594841301));
#5884 = ( GEOMETRIC_REPRESENTATION_CONTEXT(2) 
PARAMETRIC_REPRESENTATION_CONTEXT() REPRESENTATION_CONTEXT('2D SPACE',''
  ) );
#5885 = ADVANCED_FACE('',(#5886),#5193,.T.);
#5886 = FACE_BOUND('',#5887,.T.);
#5887 = EDGE_LOOP('',(#5888,#5889,#5908,#5909));
#5888 = ORIENTED_EDGE('',*,*,#5230,.F.);
#5889 = ORIENTED_EDGE('',*,*,#5890,.T.);
#5890 = EDGE_CURVE('',#5210,#5266,#5891,.T.);
#5891 = SURFACE_CURVE('',#5892,(#5896,#5902),.PCURVE_S1.);
#5892 = LINE('',#5893,#5894);
#5893 = CARTESIAN_POINT('',(6.,0.,38.5));
#5894 = VECTOR('',#5895,1.);
#5895 = DIRECTION('',(-0.707106781187,0.,0.707106781187));
#5896 = PCURVE('',#5193,#5897);
#5897 = DEFINITIONAL_REPRESENTATION('',(#5898),#5901);
#5898 = B_SPLINE_CURVE_WITH_KNOTS('',1,(#5899,#5900),.UNSPECIFIED.,.F.,
  .F.,(2,2),(0.,2.12132034356),.PIECEWISE_BEZIER_KNOTS.);
#5899 = CARTESIAN_POINT('',(-6.28318530718,0.));
#5900 = CARTESIAN_POINT('',(-6.28318530718,-1.5));
#5901 = ( GEOMETRIC_REPRESENTATION_CONTEXT(2) 
PARAMETRIC_REPRESENTATION_CONTEXT() REPRESENTATION_CONTEXT('2D SPACE',''
  ) );
#5902 = PCURVE('',#5604,#5903);
#5903 = DEFINITIONAL_REPRESENTATION('',(#5904),#5907);
#5904 = B_SPLINE_CURVE_WITH_KNOTS('',1,(#5905,#5906),.UNSPECIFIED.,.F.,
  .F.,(2,2),(0.,2.12132034356),.PIECEWISE_BEZIER_KNOTS.);
#5905 = CARTESIAN_POINT('',(0.,0.));
#5906 = CARTESIAN_POINT('',(0.,-1.5));
#5907 = ( GEOMETRIC_REPRESENTATION_CONTEXT(2) 
PARAMETRIC_REPRESENTATION_CONTEXT() REPRESENTATION_CONTEXT('2D SPACE',''
  ) );
#5908 = ORIENTED_EDGE('',*,*,#5265,.F.);
#5909 = ORIENTED_EDGE('',*,*,#5178,.T.);
#5910 = ADVANCED_FACE('',(#5911),#5604,.T.);
#5911 = FACE_BOUND('',#5912,.T.);
#5912 = EDGE_LOOP('',(#5913,#5914,#5915,#5916));
#5913 = ORIENTED_EDGE('',*,*,#5890,.F.);
#5914 = ORIENTED_EDGE('',*,*,#5760,.F.);
#5915 = ORIENTED_EDGE('',*,*,#5635,.F.);
#5916 = ORIENTED_EDGE('',*,*,#5550,.F.);
#5917 = ADVANCED_FACE('',(#5918),#43,.T.);
#5918 = FACE_BOUND('',#5919,.T.);
#5919 = EDGE_LOOP('',(#5920,#5921,#5944,#6288,#6317,#6349,#6693,#6721,
    #6928));
#5920 = ORIENTED_EDGE('',*,*,#21,.F.);
#5921 = ORIENTED_EDGE('',*,*,#5922,.T.);
#5922 = EDGE_CURVE('',#22,#5923,#5925,.T.);
#5923 = VERTEX_POINT('',#5924);
#5924 = CARTESIAN_POINT('',(6.,0.,-20.08216252954));
#5925 = SEAM_CURVE('',#5926,(#5930,#5937),.PCURVE_S1.);
#5926 = LINE('',#5927,#5928);
#5927 = CARTESIAN_POINT('',(6.,0.,0.));
#5928 = VECTOR('',#5929,1.);
#5929 = DIRECTION('',(-0.,-0.,-1.));
#5930 = PCURVE('',#43,#5931);
#5931 = DEFINITIONAL_REPRESENTATION('',(#5932),#5936);
#5932 = LINE('',#5933,#5934);
#5933 = CARTESIAN_POINT('',(6.28318530718,0.));
#5934 = VECTOR('',#5935,1.);
#5935 = DIRECTION('',(0.,-1.));
#5936 = ( GEOMETRIC_REPRESENTATION_CONTEXT(2) 
PARAMETRIC_REPRESENTATION_CONTEXT() REPRESENTATION_CONTEXT('2D SPACE',''
  ) );
#5937 = PCURVE('',#43,#5938);
#5938 = DEFINITIONAL_REPRESENTATION('',(#5939),#5943);
#5939 = LINE('',#5940,#5941);
#5940 = CARTESIAN_POINT('',(0.,0.));
#5941 = VECTOR('',#5942,1.);
#5942 = DIRECTION('',(0.,-1.));
#5943 = ( GEOMETRIC_REPRESENTATION_CONTEXT(2) 
PARAMETRIC_REPRESENTATION_CONTEXT() REPRESENTATION_CONTEXT('2D SPACE',''
  ) );
#5944 = ORIENTED_EDGE('',*,*,#5945,.T.);
#5945 = EDGE_CURVE('',#5923,#5946,#5948,.T.);
#5946 = VERTEX_POINT('',#5947);
#5947 = CARTESIAN_POINT('',(5.740861462031,1.744279127252,-20.));
#5948 = SURFACE_CURVE('',#5949,(#5973,#6000),.PCURVE_S1.);
#5949 = B_SPLINE_CURVE_WITH_KNOTS('',8,(#5950,#5951,#5952,#5953,#5954,
    #5955,#5956,#5957,#5958,#5959,#5960,#5961,#5962,#5963,#5964,#5965,
    #5966,#5967,#5968,#5969,#5970,#5971,#5972),.UNSPECIFIED.,.F.,.F.,(9,
    7,7,9),(0.,0.258845542089,0.727216088971,1.),.UNSPECIFIED.);
#5950 = CARTESIAN_POINT('',(6.,-1.01741531866E-15,-20.08216252954));
#5951 = CARTESIAN_POINT('',(6.,0.420125271551,-20.06265865317));
#5952 = CARTESIAN_POINT('',(5.966379809921,0.840324822336,
    -20.04315113827));
#5953 = CARTESIAN_POINT('',(5.899119597729,1.257363864735,
    -20.02364438012));
#5954 = CARTESIAN_POINT('',(5.798590303453,1.668101592105,
    -20.00413906397));
#5955 = CARTESIAN_POINT('',(5.665497533653,2.069479128603,
    -19.98463401779));
#5956 = CARTESIAN_POINT('',(5.500865332452,2.458520352674,
    -19.96512823326));
#5957 = CARTESIAN_POINT('',(5.306059829152,2.832345594173,
    -19.94562305515));
#5958 = CARTESIAN_POINT('',(4.678968596375,3.832099122565,
    -19.89084276227));
#5959 = CARTESIAN_POINT('',(4.18113911035,4.418676761054,-19.85549978354
    ));
#5960 = CARTESIAN_POINT('',(3.599807447498,4.930000901177,
    -19.82019308548));
#5961 = CARTESIAN_POINT('',(2.948798639854,5.3530257148,-19.7849048705)
  );
#5962 = CARTESIAN_POINT('',(2.243357266246,5.677212825803,
    -19.74961313261));
#5963 = CARTESIAN_POINT('',(1.500546109714,5.895335587693,
    -19.71430129906));
#5964 = CARTESIAN_POINT('',(0.738706279999,6.002677971615,
    -19.67895255186));
#5965 = CARTESIAN_POINT('',(-0.464157209375,5.998379704869,
    -19.62311314675));
#5966 = CARTESIAN_POINT('',(-0.906741749464,5.959464177518,
    -19.60256168954));
#5967 = CARTESIAN_POINT('',(-1.345445963611,5.883229850776,
    -19.58201385289));
#5968 = CARTESIAN_POINT('',(-1.776637000699,5.770153994797,
    -19.56146842183));
#5969 = CARTESIAN_POINT('',(-2.196777585426,5.621110631355,
    -19.54092211068));
#5970 = CARTESIAN_POINT('',(-2.602427016481,5.43735529954,
    -19.52037223079));
#5971 = CARTESIAN_POINT('',(-2.990262428053,5.22056036648,
    -19.49981964872));
#5972 = CARTESIAN_POINT('',(-3.357120314659,4.972900883077,
    -19.4792720348));
#5973 = PCURVE('',#43,#5974);
#5974 = DEFINITIONAL_REPRESENTATION('',(#5975),#5999);
#5975 = B_SPLINE_CURVE_WITH_KNOTS('',8,(#5976,#5977,#5978,#5979,#5980,
    #5981,#5982,#5983,#5984,#5985,#5986,#5987,#5988,#5989,#5990,#5991,
    #5992,#5993,#5994,#5995,#5996,#5997,#5998),.UNSPECIFIED.,.F.,.F.,(9,
    7,7,9),(0.,0.258845542089,0.727216088971,1.),.UNSPECIFIED.);
#5976 = CARTESIAN_POINT('',(0.,-20.08216252954));
#5977 = CARTESIAN_POINT('',(7.002087859177E-02,-20.06265865317));
#5978 = CARTESIAN_POINT('',(0.140053903186,-20.04315113827));
#5979 = CARTESIAN_POINT('',(0.210084132676,-20.02364438012));
#5980 = CARTESIAN_POINT('',(0.280110255915,-20.00413906397));
#5981 = CARTESIAN_POINT('',(0.350137433117,-19.98463401779));
#5982 = CARTESIAN_POINT('',(0.420169745632,-19.96512823326));
#5983 = CARTESIAN_POINT('',(0.490202254124,-19.94562305515));
#5984 = CARTESIAN_POINT('',(0.6868936743,-19.89084276227));
#5985 = CARTESIAN_POINT('',(0.8138004279,-19.85549978354));
#5986 = CARTESIAN_POINT('',(0.940579681582,-19.82019308548));
#5987 = CARTESIAN_POINT('',(1.067288347961,-19.7849048705));
#5988 = CARTESIAN_POINT('',(1.193996083884,-19.74961313261));
#5989 = CARTESIAN_POINT('',(1.320769908239,-19.71430129906));
#5990 = CARTESIAN_POINT('',(1.447677812215,-19.67895255186));
#5991 = CARTESIAN_POINT('',(1.648156340379,-19.62311314675));
#5992 = CARTESIAN_POINT('',(1.721942833578,-19.60256168954));
#5993 = CARTESIAN_POINT('',(1.795718048969,-19.58201385289));
#5994 = CARTESIAN_POINT('',(1.86948610881,-19.56146842183));
#5995 = CARTESIAN_POINT('',(1.943257699633,-19.54092211068));
#5996 = CARTESIAN_POINT('',(2.017040904913,-19.52037223079));
#5997 = CARTESIAN_POINT('',(2.090831532668,-19.49981964872));
#5998 = CARTESIAN_POINT('',(2.164602937977,-19.4792720348));
#5999 = ( GEOMETRIC_REPRESENTATION_CONTEXT(2) 
PARAMETRIC_REPRESENTATION_CONTEXT() REPRESENTATION_CONTEXT('2D SPACE',''
  ) );
#6000 = PCURVE('',#6001,#6262);
#6001 = B_SPLINE_SURFACE_WITH_KNOTS('',1,9,(
    (#6002,#6003,#6004,#6005,#6006,#6007,#6008,#6009,#6010,#6011,#6012
      ,#6013,#6014,#6015,#6016,#6017,#6018,#6019,#6020,#6021,#6022,#6023
      ,#6024,#6025,#6026,#6027,#6028,#6029,#6030,#6031,#6032,#6033,#6034
      ,#6035,#6036,#6037,#6038,#6039,#6040,#6041,#6042,#6043,#6044,#6045
      ,#6046,#6047,#6048,#6049,#6050,#6051,#6052,#6053,#6054,#6055,#6056
      ,#6057,#6058,#6059,#6060,#6061,#6062,#6063,#6064,#6065,#6066,#6067
      ,#6068,#6069,#6070,#6071,#6072,#6073,#6074,#6075,#6076,#6077,#6078
      ,#6079,#6080,#6081,#6082,#6083,#6084,#6085,#6086,#6087,#6088,#6089
      ,#6090,#6091,#6092,#6093,#6094,#6095,#6096,#6097,#6098,#6099,#6100
      ,#6101,#6102,#6103,#6104,#6105,#6106,#6107,#6108,#6109,#6110,#6111
      ,#6112,#6113,#6114,#6115,#6116,#6117,#6118,#6119,#6120,#6121,#6122
      ,#6123,#6124,#6125,#6126,#6127,#6128,#6129,#6130,#6131)
    ,(#6132,#6133,#6134,#6135,#6136,#6137,#6138,#6139,#6140,#6141,#6142
      ,#6143,#6144,#6145,#6146,#6147,#6148,#6149,#6150,#6151,#6152,#6153
      ,#6154,#6155,#6156,#6157,#6158,#6159,#6160,#6161,#6162,#6163,#6164
      ,#6165,#6166,#6167,#6168,#6169,#6170,#6171,#6172,#6173,#6174,#6175
      ,#6176,#6177,#6178,#6179,#6180,#6181,#6182,#6183,#6184,#6185,#6186
      ,#6187,#6188,#6189,#6190,#6191,#6192,#6193,#6194,#6195,#6196,#6197
      ,#6198,#6199,#6200,#6201,#6202,#6203,#6204,#6205,#6206,#6207,#6208
      ,#6209,#6210,#6211,#6212,#6213,#6214,#6215,#6216,#6217,#6218,#6219
      ,#6220,#6221,#6222,#6223,#6224,#6225,#6226,#6227,#6228,#6229,#6230
      ,#6231,#6232,#6233,#6234,#6235,#6236,#6237,#6238,#6239,#6240,#6241
      ,#6242,#6243,#6244,#6245,#6246,#6247,#6248,#6249,#6250,#6251,#6252
      ,#6253,#6254,#6255,#6256,#6257,#6258,#6259,#6260,#6261
  )),.UNSPECIFIED.,.F.,.F.,.F.,(2,2),(10,8,8,8,8,8,8,8,8,8,8,8,8,8,8,8,
    10),(0.,1.691176043067),(0.,4.658814205154,9.317628410307,
    13.976442615461,18.635256820615,23.294071025768,27.952885230922,
    32.611699436076,37.270513641229,41.929327846383,46.588142051537,
    51.24695625669,55.905770461844,60.564584666998,65.223398872151,
    69.882213077305,74.541027282459),.UNSPECIFIED.);
#6002 = CARTESIAN_POINT('',(4.676489625,-6.76233690977E-03,
    -39.85432337401));
#6003 = CARTESIAN_POINT('',(4.679861307427,2.325244770958,
    -39.71543845551));
#6004 = CARTESIAN_POINT('',(3.374700559437,4.659614026141,
    -39.57653338904));
#6005 = CARTESIAN_POINT('',(0.762072211455,6.153393232056,
    -39.43768446659));
#6006 = CARTESIAN_POINT('',(-2.540503945541,5.985091764225,
    -39.29872891249));
#6007 = CARTESIAN_POINT('',(-5.25868318544,3.823845327489,
    -39.15991837311));
#6008 = CARTESIAN_POINT('',(-6.166854386865,0.644126639177,
    -39.02096398943));
#6009 = CARTESIAN_POINT('',(-5.300223334434,-2.237906620336,
    -38.88211326625));
#6010 = CARTESIAN_POINT('',(-3.3199980702,-4.035527805991,
    -38.74320992931));
#6011 = CARTESIAN_POINT('',(1.225578868083,-5.079943124412,
    -38.46543767415));
#6012 = CARTESIAN_POINT('',(3.791846329132,-4.326951332195,
    -38.32653450296));
#6013 = CARTESIAN_POINT('',(5.829537710712,-2.112224396546,
    -38.18768320109));
#6014 = CARTESIAN_POINT('',(6.400348406418,1.145000105137,
    -38.04873006286));
#6015 = CARTESIAN_POINT('',(4.898140579492,4.275951308444,-37.9099175461
    ));
#6016 = CARTESIAN_POINT('',(2.000231267964,5.86890685293,-37.77096444342
    ));
#6017 = CARTESIAN_POINT('',(-1.002386994212,5.665316724683,
    -37.63211309264));
#6018 = CARTESIAN_POINT('',(-3.195579624958,4.134748206408,
    -37.49320996147));
#6019 = CARTESIAN_POINT('',(-5.225295299686,-6.445736000916E-02,
    -37.2154376588));
#6020 = CARTESIAN_POINT('',(-5.062230813508,-2.733939571325,
    -37.07653452484));
#6021 = CARTESIAN_POINT('',(-3.356460698586,-5.213364886139,
    -36.93768317623));
#6022 = CARTESIAN_POINT('',(-0.307918941562,-6.494664799802,
    -36.79873008544));
#6023 = CARTESIAN_POINT('',(3.078805464229,-5.726822648933,
    -36.65991752986));
#6024 = CARTESIAN_POINT('',(5.276667775651,-3.256035927359,
    -36.52096445233));
#6025 = CARTESIAN_POINT('',(5.746327496147,-0.28339650958,
    -36.38211308923));
#6026 = CARTESIAN_POINT('',(4.742164798992,2.195391739464,-36.2432099621
    ));
#6027 = CARTESIAN_POINT('',(1.099896310844,5.108629348979,-35.9654376585
    ));
#6028 = CARTESIAN_POINT('',(-1.538941669749,5.543668904825,
    -35.82653452526));
#6029 = CARTESIAN_POINT('',(-4.335772174484,4.432390044669,
    -35.68768317576));
#6030 = CARTESIAN_POINT('',(-6.263311583099,1.745397647842,
    -35.54873008587));
#6031 = CARTESIAN_POINT('',(-6.268337915955,-1.72727545884,
    -35.40991752956));
#6032 = CARTESIAN_POINT('',(-4.348569350249,-4.419834542226,
    -35.27096445249));
#6033 = CARTESIAN_POINT('',(-1.554969328672,-5.539193412545,
    -35.13211308917));
#6034 = CARTESIAN_POINT('',(1.085117744931,-5.111789446968,
    -34.99320996211));
#6035 = CARTESIAN_POINT('',(4.735795390966,-2.209096587919,
    -34.71543765849));
#6036 = CARTESIAN_POINT('',(5.747124288864,0.26677480681,-34.57653452528
    ));
#6037 = CARTESIAN_POINT('',(5.286060845915,3.240765741375,
    -34.43768317574));
#6038 = CARTESIAN_POINT('',(3.095354827866,5.71788977032,-34.29873008589
    ));
#6039 = CARTESIAN_POINT('',(-0.289132649438,6.495532545566,
    -34.15991752954));
#6040 = CARTESIAN_POINT('',(-3.341372349249,5.223047347875,
    -34.02096445251));
#6041 = CARTESIAN_POINT('',(-5.054301041576,2.748569492638,
    -33.88211308916));
#6042 = CARTESIAN_POINT('',(-5.2250876271,7.95685843888E-02,
    -33.74320996211));
#6043 = CARTESIAN_POINT('',(-3.207523537692,-4.12548887709,
    -33.46543765849));
#6044 = CARTESIAN_POINT('',(-1.018769258893,-5.662394863163,
    -33.32653452527));
#6045 = CARTESIAN_POINT('',(1.98325378172,-5.874666483672,
    -33.18768317575));
#6046 = CARTESIAN_POINT('',(4.885749088652,-4.290097991751,
    -33.04873008588));
#6047 = CARTESIAN_POINT('',(6.397014050337,-1.163508478319,
    -32.90991752956));
#6048 = CARTESIAN_POINT('',(5.83561994195,2.095359794327,-32.7709644525)
  );
#6049 = CARTESIAN_POINT('',(3.804344905208,4.315964911456,
    -32.63211308917));
#6050 = CARTESIAN_POINT('',(1.24026501264,5.076378095544,-32.49320996211
    ));
#6051 = CARTESIAN_POINT('',(-3.308313124378,4.045111863833,
    -32.2154376585));
#6052 = CARTESIAN_POINT('',(-5.293729314916,2.253227979949,
    -32.07653452526));
#6053 = CARTESIAN_POINT('',(-6.168691813473,-0.626293196112,
    -31.93768317576));
#6054 = CARTESIAN_POINT('',(-5.269717728434,-3.808616546553,
    -31.79873008586));
#6055 = CARTESIAN_POINT('',(-2.557806432588,-5.977722559031,
    -31.65991752957));
#6056 = CARTESIAN_POINT('',(0.744277149857,-6.1555701847,-31.52096445249
    ));
#6057 = CARTESIAN_POINT('',(3.361208278777,-4.669354578673,
    -31.38211308918));
#6058 = CARTESIAN_POINT('',(4.673117769169,-2.338769374262,
    -31.24320996211));
#6059 = CARTESIAN_POINT('',(4.679861390205,2.325244737295,-30.9654376585
    ));
#6060 = CARTESIAN_POINT('',(3.374700441429,4.659614074132,
    -30.82653452526));
#6061 = CARTESIAN_POINT('',(0.762072345523,6.153393177533,
    -30.68768317576));
#6062 = CARTESIAN_POINT('',(-2.540504067414,5.985091813789,
    -30.54873008586));
#6063 = CARTESIAN_POINT('',(-5.258683097821,3.823845291857,
    -30.40991752957));
#6064 = CARTESIAN_POINT('',(-6.166854434966,0.644126658738,
    -30.27096445249));
#6065 = CARTESIAN_POINT('',(-5.300223316038,-2.237906627817,
    -30.13211308917));
#6066 = CARTESIAN_POINT('',(-3.319998073607,-4.035527804606,
    -29.99320996211));
#6067 = CARTESIAN_POINT('',(1.225578869709,-5.079943125073,
    -29.71543765849));
#6068 = CARTESIAN_POINT('',(3.791846326814,-4.326951331253,
    -29.57653452527));
#6069 = CARTESIAN_POINT('',(5.829537713344,-2.112224397617,
    -29.43768317575));
#6070 = CARTESIAN_POINT('',(6.400348404027,1.145000106111,
    -29.29873008588));
#6071 = CARTESIAN_POINT('',(4.898140581211,4.275951307742,
    -29.15991752955));
#6072 = CARTESIAN_POINT('',(2.000231267021,5.868906853317,-29.0209644525
    ));
#6073 = CARTESIAN_POINT('',(-1.002386993851,5.665316724535,
    -28.88211308917));
#6074 = CARTESIAN_POINT('',(-3.195579625025,4.134748206436,
    -28.74320996211));
#6075 = CARTESIAN_POINT('',(-5.225295299654,-6.445736002275E-02,
    -28.46543765849));
#6076 = CARTESIAN_POINT('',(-5.062230813553,-2.733939571305,
    -28.32653452527));
#6077 = CARTESIAN_POINT('',(-3.356460698533,-5.213364886164,
    -28.18768317574));
#6078 = CARTESIAN_POINT('',(-0.307918941611,-6.494664799778,
    -28.04873008589));
#6079 = CARTESIAN_POINT('',(3.078805464267,-5.726822648951,
    -27.90991752953));
#6080 = CARTESIAN_POINT('',(5.276667775629,-3.256035927349,
    -27.77096445252));
#6081 = CARTESIAN_POINT('',(5.746327496156,-0.283396509584,
    -27.63211308916));
#6082 = CARTESIAN_POINT('',(4.742164798991,2.195391739465,
    -27.49320996211));
#6083 = CARTESIAN_POINT('',(1.099896310845,5.108629348979,
    -27.21543765849));
#6084 = CARTESIAN_POINT('',(-1.538941669749,5.543668904825,
    -27.07653452529));
#6085 = CARTESIAN_POINT('',(-4.335772174486,4.432390044668,
    -26.93768317571));
#6086 = CARTESIAN_POINT('',(-6.263311583096,1.745397647846,
    -26.79873008594));
#6087 = CARTESIAN_POINT('',(-6.268337915959,-1.727275458847,
    -26.65991752949));
#6088 = CARTESIAN_POINT('',(-4.348569350246,-4.41983454222,
    -26.52096445255));
#6089 = CARTESIAN_POINT('',(-1.554969328674,-5.539193412549,
    -26.38211308914));
#6090 = CARTESIAN_POINT('',(1.085117744932,-5.111789446968,
    -26.24320996211));
#6091 = CARTESIAN_POINT('',(4.735795390966,-2.209096587919,
    -25.96543765849));
#6092 = CARTESIAN_POINT('',(5.747124288864,0.266774806808,
    -25.82653452528));
#6093 = CARTESIAN_POINT('',(5.286060845914,3.240765741377,
    -25.68768317573));
#6094 = CARTESIAN_POINT('',(3.095354827868,5.717889770317,
    -25.54873008591));
#6095 = CARTESIAN_POINT('',(-0.28913264944,6.495532545569,
    -25.40991752952));
#6096 = CARTESIAN_POINT('',(-3.341372349247,5.223047347874,
    -25.27096445253));
#6097 = CARTESIAN_POINT('',(-5.054301041577,2.748569492638,
    -25.13211308915));
#6098 = CARTESIAN_POINT('',(-5.2250876271,7.956858438922E-02,
    -24.99320996211));
#6099 = CARTESIAN_POINT('',(-3.207523537693,-4.125488877091,
    -24.71543765848));
#6100 = CARTESIAN_POINT('',(-1.018769258893,-5.66239486316,
    -24.57653452531));
#6101 = CARTESIAN_POINT('',(1.983253781721,-5.874666483676,
    -24.43768317567));
#6102 = CARTESIAN_POINT('',(4.885749088646,-4.29009799175,
    -24.29873008599));
#6103 = CARTESIAN_POINT('',(6.397014050345,-1.163508478315,
    -24.15991752945));
#6104 = CARTESIAN_POINT('',(5.835619941942,2.095359794321,
    -24.02096445258));
#6105 = CARTESIAN_POINT('',(3.804344905213,4.31596491146,-23.88211308913
    ));
#6106 = CARTESIAN_POINT('',(1.240265012639,5.076378095543,
    -23.74320996211));
#6107 = CARTESIAN_POINT('',(-3.308313124376,4.045111863832,
    -23.4654376585));
#6108 = CARTESIAN_POINT('',(-5.293729314921,2.253227979955,
    -23.32653452522));
#6109 = CARTESIAN_POINT('',(-6.168691813461,-0.62629319613,
    -23.18768317591));
#6110 = CARTESIAN_POINT('',(-5.269717728459,-3.808616546518,
    -23.04873008558));
#6111 = CARTESIAN_POINT('',(-2.55780643255,-5.977722559081,
    -22.90991752998));
#6112 = CARTESIAN_POINT('',(0.744277149814,-6.155570184647,
    -22.77096445203));
#6113 = CARTESIAN_POINT('',(3.361208278815,-4.669354578718,
    -22.63211308959));
#6114 = CARTESIAN_POINT('',(4.673117769142,-2.338769374232,
    -22.49320996181));
#6115 = CARTESIAN_POINT('',(4.679861390259,2.325244737233,
    -22.21543765913));
#6116 = CARTESIAN_POINT('',(3.374700441137,4.659614074467,
    -22.07653452183));
#6117 = CARTESIAN_POINT('',(0.762072346281,6.153393176656,
    -21.93768318477));
#6118 = CARTESIAN_POINT('',(-2.540504068789,5.985091815387,
    -21.79873006942));
#6119 = CARTESIAN_POINT('',(-5.258683095912,3.823845289636,
    -21.65991755247));
#6120 = CARTESIAN_POINT('',(-6.166854437066,0.644126661179,
    -21.52096442725));
#6121 = CARTESIAN_POINT('',(-5.300223314188,-2.237906629964,
    -21.38211311141));
#6122 = CARTESIAN_POINT('',(-3.319998074907,-4.035527803101,
    -21.24320994649));
#6123 = CARTESIAN_POINT('',(1.225578872434,-5.079943128225,
    -20.96543769122));
#6124 = CARTESIAN_POINT('',(3.791846312101,-4.326951314236,
    -20.82653434854));
#6125 = CARTESIAN_POINT('',(5.829537751819,-2.112224442111,
    -20.68768363791));
#6126 = CARTESIAN_POINT('',(6.400348333938,1.145000187159,
    -20.54872924396));
#6127 = CARTESIAN_POINT('',(4.898140678703,4.275951195008,
    -20.40991870069));
#6128 = CARTESIAN_POINT('',(2.000231159771,5.868906977336,
    -20.27096316412));
#6129 = CARTESIAN_POINT('',(-1.002386899449,5.665316615368,
    -20.13211422324));
#6130 = CARTESIAN_POINT('',(-3.195579691243,4.134748283013,
    -19.9932091666));
#6131 = CARTESIAN_POINT('',(-4.210437426091,2.035145381287,
    -19.85432424577));
#6132 = CARTESIAN_POINT('',(6.25,-3.550222917222E-02,-39.23519856671));
#6133 = CARTESIAN_POINT('',(6.267701325324,3.081156411664,
    -39.09630893413));
#6134 = CARTESIAN_POINT('',(4.536597508679,6.208403024953,
    -38.95742307445));
#6135 = CARTESIAN_POINT('',(1.053300940163,8.219551562563,
    -38.81852668616));
#6136 = CARTESIAN_POINT('',(-3.361435018007,8.013359233567,
    -38.67965034235));
#6137 = CARTESIAN_POINT('',(-7.00652630467,5.14024870588,-38.54074666419
    ));
#6138 = CARTESIAN_POINT('',(-8.238205433003,0.895754961733,
    -38.4018701749));
#6139 = CARTESIAN_POINT('',(-7.096326809573,-2.960918010638,
    -38.26297404255));
#6140 = CARTESIAN_POINT('',(-4.459946352886,-5.374619198186,
    -38.12408789845));
#6141 = CARTESIAN_POINT('',(1.609210546662,-6.796179226047,
    -37.84630907775));
#6142 = CARTESIAN_POINT('',(5.043257610219,-5.804354526413,
    -37.70742286972));
#6143 = CARTESIAN_POINT('',(7.779088592176,-2.855915516057,
    -37.56852691875));
#6144 = CARTESIAN_POINT('',(8.560437376631,1.494017315168,
    -37.42965013092));
#6145 = CARTESIAN_POINT('',(6.570470622675,5.687044636015,
    -37.29074681619));
#6146 = CARTESIAN_POINT('',(2.706469732989,7.83233245741,-37.15187009146
    ));
#6147 = CARTESIAN_POINT('',(-1.307600364524,7.577273220309,
    -37.01297407445));
#6148 = CARTESIAN_POINT('',(-4.247434842192,5.544091488684,
    -36.87408789254));
#6149 = CARTESIAN_POINT('',(-6.983867859171,-5.657213876944E-02,
    -36.59630908057));
#6150 = CARTESIAN_POINT('',(-6.781057631141,-3.625222209515,
    -36.4574228657));
#6151 = CARTESIAN_POINT('',(-4.515321813098,-6.948549626432,
    -36.31852692332));
#6152 = CARTESIAN_POINT('',(-0.448317335736,-8.678259454085,
    -36.17965012677));
#6153 = CARTESIAN_POINT('',(4.082391292153,-7.67122169956,
    -36.04074681917));
#6154 = CARTESIAN_POINT('',(7.033713358514,-4.381470814438,
    -35.90187008982));
#6155 = CARTESIAN_POINT('',(7.678263614676,-0.411285822464,
    -35.76297407508));
#6156 = CARTESIAN_POINT('',(6.350232708082,2.907266367194,
    -35.62408789243));
#6157 = CARTESIAN_POINT('',(1.498903041477,6.821356195874,
    -35.34630908062));
#6158 = CARTESIAN_POINT('',(-2.025403042573,7.417730190824,
    -35.20742286562));
#6159 = CARTESIAN_POINT('',(-5.769581353086,5.948311020304,
    -35.06852692341));
#6160 = CARTESIAN_POINT('',(-8.360917378628,2.368171483218,
    -34.92965012669));
#6161 = CARTESIAN_POINT('',(-8.387305678585,-2.273029802177,
    -34.79074681923));
#6162 = CARTESIAN_POINT('',(-5.836766659098,-5.882394501674,
    -34.65187008978));
#6163 = CARTESIAN_POINT('',(-2.109548418915,-7.394233809737,
    -34.51297407509));
#6164 = CARTESIAN_POINT('',(1.421315416484,-6.837946743241,
    -34.37408789242));
#6165 = CARTESIAN_POINT('',(6.316793249592,-2.979216964348,
    -34.09630908062));
#6166 = CARTESIAN_POINT('',(7.682446784738,0.32402170973,-33.95742286561
    ));
#6167 = CARTESIAN_POINT('',(7.08302707526,4.301302179019,-33.81852692341
    ));
#6168 = CARTESIAN_POINT('',(4.169275623646,7.624323993663,
    -33.67965012668));
#6169 = CARTESIAN_POINT('',(-0.34968910639,8.682815128539,
    -33.54074681924));
#6170 = CARTESIAN_POINT('',(-4.436107821875,6.999382651262,
    -33.40187008978));
#6171 = CARTESIAN_POINT('',(-6.739426245911,3.702029448932,
    -33.26297407509));
#6172 = CARTESIAN_POINT('',(-6.98277757592,0.135906224105,
    -33.12408789242));
#6173 = CARTESIAN_POINT('',(-4.310140508497,-5.495479913143,
    -32.84630908062));
#6174 = CARTESIAN_POINT('',(-1.393607424643,-7.561933417767,
    -32.70742286562));
#6175 = CARTESIAN_POINT('',(2.617337753034,-7.862570576511,
    -32.56852692341));
#6176 = CARTESIAN_POINT('',(6.505415167239,-5.761314874929,
    -32.42965012669));
#6177 = CARTESIAN_POINT('',(8.542931971681,-1.591186461369,
    -32.29074681923));
#6178 = CARTESIAN_POINT('',(7.811020370408,2.767376172322,
    -32.15187008978));
#6179 = CARTESIAN_POINT('',(5.108875264054,5.746675708715,
    -32.01297407509));
#6180 = CARTESIAN_POINT('',(1.686312959122,6.777462783405,
    -31.87408789242));
#6181 = CARTESIAN_POINT('',(-4.398600266724,5.424935609968,
    -31.59630908062));
#6182 = CARTESIAN_POINT('',(-7.062233133341,3.04135526355,
    -31.45742286562));
#6183 = CARTESIAN_POINT('',(-8.247851957826,-0.802129083066,
    -31.31852692341));
#6184 = CARTESIAN_POINT('',(-7.06445774122,-5.060297660077,
    -31.17965012668));
#6185 = CARTESIAN_POINT('',(-3.452273295743,-7.974670533587,
    -31.04074681923));
#6186 = CARTESIAN_POINT('',(0.959876725933,-8.230980912201,
    -30.90187008978));
#6187 = CARTESIAN_POINT('',(4.465762855458,-6.25954074063,
    -30.76297407509));
#6188 = CARTESIAN_POINT('',(6.232297706709,-3.152160920939,
    -30.62408789242));
#6189 = CARTESIAN_POINT('',(6.267701787398,3.081156435976,
    -30.34630908062));
#6190 = CARTESIAN_POINT('',(4.536596849946,6.208402990292,
    -30.20742286562));
#6191 = CARTESIAN_POINT('',(1.053301688534,8.219551601944,
    -30.06852692341));
#6192 = CARTESIAN_POINT('',(-3.361435698285,8.013359197763,
    -29.92965012669));
#6193 = CARTESIAN_POINT('',(-7.006525815607,5.140248731627,
    -29.79074681923));
#6194 = CARTESIAN_POINT('',(-8.238205701478,0.895754947595,
    -29.65187008979));
#6195 = CARTESIAN_POINT('',(-7.096326706903,-2.960918005229,
    -29.51297407509));
#6196 = CARTESIAN_POINT('',(-4.459946371903,-5.374619199189,
    -29.37408789243));
#6197 = CARTESIAN_POINT('',(1.60921055574,-6.796179225567,
    -29.09630908062));
#6198 = CARTESIAN_POINT('',(5.043257597276,-5.804354527101,
    -28.95742286562));
#6199 = CARTESIAN_POINT('',(7.779088606883,-2.855915515273,
    -28.8185269234));
#6200 = CARTESIAN_POINT('',(8.560437363257,1.494017314455,
    -28.67965012669));
#6201 = CARTESIAN_POINT('',(6.570470632294,5.687044636526,
    -28.54074681923));
#6202 = CARTESIAN_POINT('',(2.706469727706,7.832332457131,
    -28.40187008979));
#6203 = CARTESIAN_POINT('',(-1.307600362503,7.577273220414,
    -28.26297407509));
#6204 = CARTESIAN_POINT('',(-4.247434842566,5.544091488665,
    -28.12408789242));
#6205 = CARTESIAN_POINT('',(-6.983867858992,-5.657213876059E-02,
    -27.84630908062));
#6206 = CARTESIAN_POINT('',(-6.781057631397,-3.625222209526,
    -27.70742286562));
#6207 = CARTESIAN_POINT('',(-4.515321812805,-6.948549626419,
    -27.56852692341));
#6208 = CARTESIAN_POINT('',(-0.448317336003,-8.678259454096,
    -27.42965012668));
#6209 = CARTESIAN_POINT('',(4.082391292345,-7.671221699551,
    -27.29074681924));
#6210 = CARTESIAN_POINT('',(7.033713358408,-4.381470814444,
    -27.15187008978));
#6211 = CARTESIAN_POINT('',(7.678263614718,-0.41128582246,
    -27.01297407509));
#6212 = CARTESIAN_POINT('',(6.350232708074,2.907266367193,
    -26.87408789242));
#6213 = CARTESIAN_POINT('',(1.498903041482,6.821356195876,
    -26.59630908062));
#6214 = CARTESIAN_POINT('',(-2.025403042584,7.417730190819,
    -26.45742286562));
#6215 = CARTESIAN_POINT('',(-5.769581353066,5.94831102031,
    -26.31852692341));
#6216 = CARTESIAN_POINT('',(-8.360917378654,2.368171483217,
    -26.17965012669));
#6217 = CARTESIAN_POINT('',(-8.387305678559,-2.273029802183,
    -26.04074681923));
#6218 = CARTESIAN_POINT('',(-5.836766659116,-5.882394501663,
    -25.90187008978));
#6219 = CARTESIAN_POINT('',(-2.109548418906,-7.394233809744,
    -25.76297407509));
#6220 = CARTESIAN_POINT('',(1.421315416482,-6.837946743238,
    -25.62408789242));
#6221 = CARTESIAN_POINT('',(6.316793249592,-2.979216964349,
    -25.34630908062));
#6222 = CARTESIAN_POINT('',(7.682446784739,0.324021709731,
    -25.20742286561));
#6223 = CARTESIAN_POINT('',(7.083027075258,4.301302179018,
    -25.06852692341));
#6224 = CARTESIAN_POINT('',(4.16927562365,7.624323993666,-24.92965012668
    ));
#6225 = CARTESIAN_POINT('',(-0.349689106396,8.682815128535,
    -24.79074681924));
#6226 = CARTESIAN_POINT('',(-4.436107821869,6.999382651267,
    -24.65187008978));
#6227 = CARTESIAN_POINT('',(-6.739426245915,3.702029448928,
    -24.51297407509));
#6228 = CARTESIAN_POINT('',(-6.982777575917,0.135906224107,
    -24.37408789242));
#6229 = CARTESIAN_POINT('',(-4.310140508502,-5.495479913146,
    -24.09630908063));
#6230 = CARTESIAN_POINT('',(-1.393607424624,-7.56193341776,
    -23.95742286561));
#6231 = CARTESIAN_POINT('',(2.617337752997,-7.862570576514,
    -23.81852692341));
#6232 = CARTESIAN_POINT('',(6.505415167286,-5.76131487494,
    -23.67965012668));
#6233 = CARTESIAN_POINT('',(8.54293197164,-1.591186461342,
    -23.54074681924));
#6234 = CARTESIAN_POINT('',(7.81102037043,2.767376172292,-23.40187008978
    ));
#6235 = CARTESIAN_POINT('',(5.108875264048,5.746675708734,-23.2629740751
    ));
#6236 = CARTESIAN_POINT('',(1.68631295912,6.7774627834,-23.12408789242)
  );
#6237 = CARTESIAN_POINT('',(-4.398600266718,5.42493560997,
    -22.84630908062));
#6238 = CARTESIAN_POINT('',(-7.062233133377,3.041355263557,
    -22.70742286563));
#6239 = CARTESIAN_POINT('',(-8.247851957729,-0.802129083095,
    -22.56852692338));
#6240 = CARTESIAN_POINT('',(-7.0644577414,-5.060297660012,
    -22.42965012675));
#6241 = CARTESIAN_POINT('',(-3.452273295493,-7.97467053369,
    -22.29074681915));
#6242 = CARTESIAN_POINT('',(0.95987672566,-8.230980912079,
    -22.15187008988));
#6243 = CARTESIAN_POINT('',(4.465762855694,-6.259540740742,
    -22.01297407501));
#6244 = CARTESIAN_POINT('',(6.232297706547,-3.152160920859,
    -21.87408789248));
#6245 = CARTESIAN_POINT('',(6.267701787737,3.081156435808,-21.5963090805
    ));
#6246 = CARTESIAN_POINT('',(4.536596848133,6.208402991207,
    -21.45742286629));
#6247 = CARTESIAN_POINT('',(1.053301693253,8.219551599544,
    -21.31852692165));
#6248 = CARTESIAN_POINT('',(-3.361435706854,8.013359202142,
    -21.17965012989));
#6249 = CARTESIAN_POINT('',(-7.006525803717,5.140248725539,
    -21.04074681477));
#6250 = CARTESIAN_POINT('',(-8.238205714539,0.895754954281,
    -20.90187009469));
#6251 = CARTESIAN_POINT('',(-7.096326695416,-2.960918011103,
    -20.76297407077));
#6252 = CARTESIAN_POINT('',(-4.459946379958,-5.374619195077,
    -20.62408789546));
#6253 = CARTESIAN_POINT('',(1.609210572616,-6.796179234174,
    -20.34630907427));
#6254 = CARTESIAN_POINT('',(5.04325750616,-5.80435448065,-20.2074228999)
  );
#6255 = CARTESIAN_POINT('',(7.779088845147,-2.855915636721,
    -20.06852683375));
#6256 = CARTESIAN_POINT('',(8.560436929221,1.494017535666,
    -19.92965029003));
#6257 = CARTESIAN_POINT('',(6.570471236039,5.687044328844,
    -19.79074659203));
#6258 = CARTESIAN_POINT('',(2.706469063521,7.832332795599,
    -19.65187033973));
#6259 = CARTESIAN_POINT('',(-1.307599777867,7.577272922491,
    -19.51297385509));
#6260 = CARTESIAN_POINT('',(-4.247435252666,5.544091697645,
    -19.37408804675));
#6261 = CARTESIAN_POINT('',(-5.615651126284,2.743759560554,
    -19.23519840204));
#6262 = DEFINITIONAL_REPRESENTATION('',(#6263),#6287);
#6263 = B_SPLINE_CURVE_WITH_KNOTS('',8,(#6264,#6265,#6266,#6267,#6268,
    #6269,#6270,#6271,#6272,#6273,#6274,#6275,#6276,#6277,#6278,#6279,
    #6280,#6281,#6282,#6283,#6284,#6285,#6286),.UNSPECIFIED.,.F.,.F.,(9,
    7,7,9),(0.,0.258845542089,0.727216088971,1.),.UNSPECIFIED.);
#6264 = CARTESIAN_POINT('',(1.422391171673,71.751090192551));
#6265 = CARTESIAN_POINT('',(1.422395237851,71.823776593307));
#6266 = CARTESIAN_POINT('',(1.42240003272,71.896475560794));
#6267 = CARTESIAN_POINT('',(1.422404969578,71.969171514136));
#6268 = CARTESIAN_POINT('',(1.422409197141,72.04186306086));
#6269 = CARTESIAN_POINT('',(1.422411975736,72.114555578499));
#6270 = CARTESIAN_POINT('',(1.422412906978,72.187253368704));
#6271 = CARTESIAN_POINT('',(1.422412016914,72.25995138387));
#6272 = CARTESIAN_POINT('',(1.422405486951,72.46412925919));
#6273 = CARTESIAN_POINT('',(1.42239655121,72.595866548896));
#6274 = CARTESIAN_POINT('',(1.422385155134,72.727471975837));
#6275 = CARTESIAN_POINT('',(1.422376549366,72.859004708164));
#6276 = CARTESIAN_POINT('',(1.422378519235,72.990536140456));
#6277 = CARTESIAN_POINT('',(1.422386245815,73.122134615271));
#6278 = CARTESIAN_POINT('',(1.422393405992,73.253871441659));
#6279 = CARTESIAN_POINT('',(1.422400231974,73.461978458189));
#6280 = CARTESIAN_POINT('',(1.422401787642,73.538572671879));
#6281 = CARTESIAN_POINT('',(1.422401884244,73.615155382364));
#6282 = CARTESIAN_POINT('',(1.42240050667,73.691731138593));
#6283 = CARTESIAN_POINT('',(1.422398371037,73.768311209449));
#6284 = CARTESIAN_POINT('',(1.422396695868,73.844903953106));
#6285 = CARTESIAN_POINT('',(1.422396500504,73.921504749063));
#6286 = CARTESIAN_POINT('',(1.422397430771,73.99808549283));
#6287 = ( GEOMETRIC_REPRESENTATION_CONTEXT(2) 
PARAMETRIC_REPRESENTATION_CONTEXT() REPRESENTATION_CONTEXT('2D SPACE',''
  ) );
#6288 = ORIENTED_EDGE('',*,*,#6289,.T.);
#6289 = EDGE_CURVE('',#5946,#6290,#6292,.T.);
#6290 = VERTEX_POINT('',#6291);
#6291 = CARTESIAN_POINT('',(-5.405813207415,2.603302434705,-20.));
#6292 = SURFACE_CURVE('',#6293,(#6298,#6305),.PCURVE_S1.);
#6293 = CIRCLE('',#6294,6.);
#6294 = AXIS2_PLACEMENT_3D('',#6295,#6296,#6297);
#6295 = CARTESIAN_POINT('',(0.,0.,-20.));
#6296 = DIRECTION('',(0.,0.,1.));
#6297 = DIRECTION('',(1.,0.,-0.));
#6298 = PCURVE('',#43,#6299);
#6299 = DEFINITIONAL_REPRESENTATION('',(#6300),#6304);
#6300 = LINE('',#6301,#6302);
#6301 = CARTESIAN_POINT('',(0.,-20.));
#6302 = VECTOR('',#6303,1.);
#6303 = DIRECTION('',(1.,0.));
#6304 = ( GEOMETRIC_REPRESENTATION_CONTEXT(2) 
PARAMETRIC_REPRESENTATION_CONTEXT() REPRESENTATION_CONTEXT('2D SPACE',''
  ) );
#6305 = PCURVE('',#6306,#6311);
#6306 = PLANE('',#6307);
#6307 = AXIS2_PLACEMENT_3D('',#6308,#6309,#6310);
#6308 = CARTESIAN_POINT('',(-5.127900497023E-16,6.990076196319E-16,-20.)
  );
#6309 = DIRECTION('',(0.,0.,1.));
#6310 = DIRECTION('',(1.,0.,-0.));
#6311 = DEFINITIONAL_REPRESENTATION('',(#6312),#6316);
#6312 = CIRCLE('',#6313,6.);
#6313 = AXIS2_PLACEMENT_2D('',#6314,#6315);
#6314 = CARTESIAN_POINT('',(5.127900497023E-16,-6.990076196319E-16));
#6315 = DIRECTION('',(1.,0.));
#6316 = ( GEOMETRIC_REPRESENTATION_CONTEXT(2) 
PARAMETRIC_REPRESENTATION_CONTEXT() REPRESENTATION_CONTEXT('2D SPACE',''
  ) );
#6317 = ORIENTED_EDGE('',*,*,#6318,.T.);
#6318 = EDGE_CURVE('',#6290,#6319,#6321,.T.);
#6319 = VERTEX_POINT('',#6320);
#6320 = CARTESIAN_POINT('',(-5.419163360455,2.575396760249,
    -20.66640306912));
#6321 = SURFACE_CURVE('',#6322,(#6327,#6337),.PCURVE_S1.);
#6322 = ELLIPSE('',#6323,129.39328338217,6.);
#6323 = AXIS2_PLACEMENT_3D('',#6324,#6325,#6326);
#6324 = CARTESIAN_POINT('',(0.,0.,-20.));
#6325 = DIRECTION('',(-0.4334170195,-0.89999971463,4.637025851086E-02));
#6326 = DIRECTION('',(2.011930114654E-02,4.177815931487E-02,
    0.99892432102));
#6327 = PCURVE('',#43,#6328);
#6328 = DEFINITIONAL_REPRESENTATION('',(#6329),#6336);
#6329 = B_SPLINE_CURVE_WITH_KNOTS('',5,(#6330,#6331,#6332,#6333,#6334,
    #6335),.UNSPECIFIED.,.F.,.F.,(6,6),(1.570204623068,1.577305113365),
  .PIECEWISE_BEZIER_KNOTS.);
#6330 = CARTESIAN_POINT('',(2.69220199935,-19.92351987313));
#6331 = CARTESIAN_POINT('',(2.69362209741,-20.10707333438));
#6332 = CARTESIAN_POINT('',(2.695042195469,-20.29062698841));
#6333 = CARTESIAN_POINT('',(2.696462293528,-20.47418006406));
#6334 = CARTESIAN_POINT('',(2.697882391588,-20.65773179014));
#6335 = CARTESIAN_POINT('',(2.699302489647,-20.84128139547));
#6336 = ( GEOMETRIC_REPRESENTATION_CONTEXT(2) 
PARAMETRIC_REPRESENTATION_CONTEXT() REPRESENTATION_CONTEXT('2D SPACE',''
  ) );
#6337 = PCURVE('',#6338,#6343);
#6338 = PLANE('',#6339);
#6339 = AXIS2_PLACEMENT_3D('',#6340,#6341,#6342);
#6340 = CARTESIAN_POINT('',(-5.091017147059,2.45170463008,
    -20.00000023014));
#6341 = DIRECTION('',(-0.4334170195,-0.89999971463,4.637025851086E-02));
#6342 = DIRECTION('',(-0.900968867902,0.433883739118,0.));
#6343 = DEFINITIONAL_REPRESENTATION('',(#6344),#6348);
#6344 = ELLIPSE('',#6345,129.39328338217,6.);
#6345 = AXIS2_PLACEMENT_2D('',#6346,#6347);
#6346 = CARTESIAN_POINT('',(-5.650602727569,-2.303810298707E-07));
#6347 = DIRECTION('',(0.,-1.));
#6348 = ( GEOMETRIC_REPRESENTATION_CONTEXT(2) 
PARAMETRIC_REPRESENTATION_CONTEXT() REPRESENTATION_CONTEXT('2D SPACE',''
  ) );
#6349 = ORIENTED_EDGE('',*,*,#6350,.F.);
#6350 = EDGE_CURVE('',#6351,#6319,#6353,.T.);
#6351 = VERTEX_POINT('',#6352);
#6352 = CARTESIAN_POINT('',(6.,0.,-21.41783739732));
#6353 = SURFACE_CURVE('',#6354,(#6378,#6405),.PCURVE_S1.);
#6354 = B_SPLINE_CURVE_WITH_KNOTS('',8,(#6355,#6356,#6357,#6358,#6359,
    #6360,#6361,#6362,#6363,#6364,#6365,#6366,#6367,#6368,#6369,#6370,
    #6371,#6372,#6373,#6374,#6375,#6376,#6377),.UNSPECIFIED.,.F.,.F.,(9,
    7,7,9),(0.,0.242210698571,0.631477661406,1.),.UNSPECIFIED.);
#6355 = CARTESIAN_POINT('',(6.,-5.567594996148E-15,-21.41783739732));
#6356 = CARTESIAN_POINT('',(6.,0.489824672077,-21.39510123638));
#6357 = CARTESIAN_POINT('',(5.954298842161,0.979835349613,
    -21.37235702169));
#6358 = CARTESIAN_POINT('',(5.86283927188,1.464810778917,-21.34961512261
    ));
#6359 = CARTESIAN_POINT('',(5.726329275948,1.939757019463,
    -21.32687653549));
#6360 = CARTESIAN_POINT('',(5.54608806428,2.399878045755,-21.30413758388
    ));
#6361 = CARTESIAN_POINT('',(5.32398791425,2.840574813847,-21.2813945159)
  );
#6362 = CARTESIAN_POINT('',(5.062491877646,3.257472792536,-21.258647999)
  );
#6363 = CARTESIAN_POINT('',(4.286333929762,4.271664462752,-21.199360322)
  );
#6364 = CARTESIAN_POINT('',(3.713186555205,4.826337157571,
    -21.16273989103));
#6365 = CARTESIAN_POINT('',(3.058812696447,5.29157971796,-21.12616415743
    ));
#6366 = CARTESIAN_POINT('',(2.3400118968,5.654645052134,-21.08961264345)
  );
#6367 = CARTESIAN_POINT('',(1.574852678695,5.905671625168,
    -21.05306620276));
#6368 = CARTESIAN_POINT('',(0.783089656593,6.038872570908,
    -21.01649900412));
#6369 = CARTESIAN_POINT('',(-1.43866420374E-02,6.051412137482,
    -20.97988603577));
#6370 = CARTESIAN_POINT('',(-1.533470735941,5.848415497754,
    -20.90874469403));
#6371 = CARTESIAN_POINT('',(-2.259352197529,5.644664895482,
    -20.87409272539));
#6372 = CARTESIAN_POINT('',(-2.953050369247,5.337893965464,
    -20.83947187012));
#6373 = CARTESIAN_POINT('',(-3.597982687276,4.93471830648,
    -20.80486829306));
#6374 = CARTESIAN_POINT('',(-4.179074865793,4.443984710788,
    -20.7702680048));
#6375 = CARTESIAN_POINT('',(-4.683300423047,3.877320883778,
    -20.73565744434));
#6376 = CARTESIAN_POINT('',(-5.099265848117,3.248526782279,
    -20.70099919673));
#6377 = CARTESIAN_POINT('',(-5.419163360455,2.575396760249,
    -20.66640306912));
#6378 = PCURVE('',#43,#6379);
#6379 = DEFINITIONAL_REPRESENTATION('',(#6380),#6404);
#6380 = B_SPLINE_CURVE_WITH_KNOTS('',8,(#6381,#6382,#6383,#6384,#6385,
    #6386,#6387,#6388,#6389,#6390,#6391,#6392,#6393,#6394,#6395,#6396,
    #6397,#6398,#6399,#6400,#6401,#6402,#6403),.UNSPECIFIED.,.F.,.F.,(9,
    7,7,9),(0.,0.242210698571,0.631477661406,1.),.UNSPECIFIED.);
#6381 = CARTESIAN_POINT('',(0.,-21.41783739732));
#6382 = CARTESIAN_POINT('',(8.16374453462E-02,-21.39510123638));
#6383 = CARTESIAN_POINT('',(0.16330526772,-21.37235702169));
#6384 = CARTESIAN_POINT('',(0.244965194064,-21.34961512261));
#6385 = CARTESIAN_POINT('',(0.326611775964,-21.32687653549));
#6386 = CARTESIAN_POINT('',(0.408256650372,-21.30413758388));
#6387 = CARTESIAN_POINT('',(0.48991267298,-21.2813945159));
#6388 = CARTESIAN_POINT('',(0.571577924233,-21.258647999));
#6389 = CARTESIAN_POINT('',(0.784429326755,-21.199360322));
#6390 = CARTESIAN_POINT('',(0.915896950696,-21.16273989103));
#6391 = CARTESIAN_POINT('',(1.047203949811,-21.12616415743));
#6392 = CARTESIAN_POINT('',(1.178432219777,-21.08961264345));
#6393 = CARTESIAN_POINT('',(1.309659470644,-21.05306620276));
#6394 = CARTESIAN_POINT('',(1.440964464957,-21.01649900412));
#6395 = CARTESIAN_POINT('',(1.572428403668,-20.97988603577));
#6396 = CARTESIAN_POINT('',(1.827859635993,-20.90874469403));
#6397 = CARTESIAN_POINT('',(1.952271325514,-20.87409272539));
#6398 = CARTESIAN_POINT('',(2.076565182085,-20.83947187012));
#6399 = CARTESIAN_POINT('',(2.200797370392,-20.80486829306));
#6400 = CARTESIAN_POINT('',(2.325029091634,-20.7702680048));
#6401 = CARTESIAN_POINT('',(2.449325631998,-20.73565744434));
#6402 = CARTESIAN_POINT('',(2.573736580929,-20.70099919673));
#6403 = CARTESIAN_POINT('',(2.697949485626,-20.66640306912));
#6404 = ( GEOMETRIC_REPRESENTATION_CONTEXT(2) 
PARAMETRIC_REPRESENTATION_CONTEXT() REPRESENTATION_CONTEXT('2D SPACE',''
  ) );
#6405 = PCURVE('',#6406,#6667);
#6406 = B_SPLINE_SURFACE_WITH_KNOTS('',1,9,(
    (#6407,#6408,#6409,#6410,#6411,#6412,#6413,#6414,#6415,#6416,#6417
      ,#6418,#6419,#6420,#6421,#6422,#6423,#6424,#6425,#6426,#6427,#6428
      ,#6429,#6430,#6431,#6432,#6433,#6434,#6435,#6436,#6437,#6438,#6439
      ,#6440,#6441,#6442,#6443,#6444,#6445,#6446,#6447,#6448,#6449,#6450
      ,#6451,#6452,#6453,#6454,#6455,#6456,#6457,#6458,#6459,#6460,#6461
      ,#6462,#6463,#6464,#6465,#6466,#6467,#6468,#6469,#6470,#6471,#6472
      ,#6473,#6474,#6475,#6476,#6477,#6478,#6479,#6480,#6481,#6482,#6483
      ,#6484,#6485,#6486,#6487,#6488,#6489,#6490,#6491,#6492,#6493,#6494
      ,#6495,#6496,#6497,#6498,#6499,#6500,#6501,#6502,#6503,#6504,#6505
      ,#6506,#6507,#6508,#6509,#6510,#6511,#6512,#6513,#6514,#6515,#6516
      ,#6517,#6518,#6519,#6520,#6521,#6522,#6523,#6524,#6525,#6526,#6527
      ,#6528,#6529,#6530,#6531,#6532,#6533,#6534,#6535,#6536)
    ,(#6537,#6538,#6539,#6540,#6541,#6542,#6543,#6544,#6545,#6546,#6547
      ,#6548,#6549,#6550,#6551,#6552,#6553,#6554,#6555,#6556,#6557,#6558
      ,#6559,#6560,#6561,#6562,#6563,#6564,#6565,#6566,#6567,#6568,#6569
      ,#6570,#6571,#6572,#6573,#6574,#6575,#6576,#6577,#6578,#6579,#6580
      ,#6581,#6582,#6583,#6584,#6585,#6586,#6587,#6588,#6589,#6590,#6591
      ,#6592,#6593,#6594,#6595,#6596,#6597,#6598,#6599,#6600,#6601,#6602
      ,#6603,#6604,#6605,#6606,#6607,#6608,#6609,#6610,#6611,#6612,#6613
      ,#6614,#6615,#6616,#6617,#6618,#6619,#6620,#6621,#6622,#6623,#6624
      ,#6625,#6626,#6627,#6628,#6629,#6630,#6631,#6632,#6633,#6634,#6635
      ,#6636,#6637,#6638,#6639,#6640,#6641,#6642,#6643,#6644,#6645,#6646
      ,#6647,#6648,#6649,#6650,#6651,#6652,#6653,#6654,#6655,#6656,#6657
      ,#6658,#6659,#6660,#6661,#6662,#6663,#6664,#6665,#6666
  )),.UNSPECIFIED.,.F.,.F.,.F.,(2,2),(10,8,8,8,8,8,8,8,8,8,8,8,8,8,8,8,
    10),(0.,1.691176043067),(0.,4.658814205154,9.317628410307,
    13.976442615461,18.635256820615,23.294071025768,27.952885230922,
    32.611699436076,37.270513641229,41.929327846383,46.588142051537,
    51.24695625669,55.905770461844,60.564584666998,65.223398872151,
    69.882213077305,74.541027282459),.UNSPECIFIED.);
#6407 = CARTESIAN_POINT('',(6.25,3.550222917222E-02,-40.76480143328));
#6408 = CARTESIAN_POINT('',(6.232298675532,3.152161175392,
    -40.62591178857));
#6409 = CARTESIAN_POINT('',(4.465762570656,6.259541223925,
    -40.48702598024));
#6410 = CARTESIAN_POINT('',(0.959877562577,8.230981592132,
    -40.34812949558));
#6411 = CARTESIAN_POINT('',(-3.45227423862,7.974671168227,
    -40.20925324331));
#6412 = CARTESIAN_POINT('',(-7.064457816239,5.060298091631,
    -40.07034954528));
#6413 = CARTESIAN_POINT('',(-8.247852889983,0.802129155689,
    -39.93147300159));
#6414 = CARTESIAN_POINT('',(-7.062233606599,-3.041355494999,
    -39.79257693541));
#6415 = CARTESIAN_POINT('',(-4.398600650042,-5.42493604115,
    -39.65369076105));
#6416 = CARTESIAN_POINT('',(1.68631309296,-6.777463333422,
    -39.37591193986));
#6417 = CARTESIAN_POINT('',(5.108875654123,-5.746676181741,
    -39.23702576455));
#6418 = CARTESIAN_POINT('',(7.811021011264,-2.767376408624,
    -39.09812974062));
#6419 = CARTESIAN_POINT('',(8.542932651012,1.5911865752,-38.95925302057)
  );
#6420 = CARTESIAN_POINT('',(6.50541571193,5.761315329532,-38.82034970541
    ));
#6421 = CARTESIAN_POINT('',(2.61733797238,7.862571207013,-38.68147291368
    ));
#6422 = CARTESIAN_POINT('',(-1.393607522464,7.561934030903,
    -38.54257696903));
#6423 = CARTESIAN_POINT('',(-4.310140847741,5.49548036423,
    -38.40369075482));
#6424 = CARTESIAN_POINT('',(-6.98277813994,-0.135906223333,
    -38.12591194284));
#6425 = CARTESIAN_POINT('',(-6.739426796709,-3.702029736605,
    -37.98702576032));
#6426 = CARTESIAN_POINT('',(-4.436108191637,-6.999383209096,
    -37.84812974543));
#6427 = CARTESIAN_POINT('',(-0.349689149509,-8.682815829241,
    -37.70925301619));
#6428 = CARTESIAN_POINT('',(4.169275947759,-7.62432461645,
    -37.57034970856));
#6429 = CARTESIAN_POINT('',(7.08302763998,-4.301302538333,
    -37.43147291196));
#6430 = CARTESIAN_POINT('',(7.682447404717,-0.32402174882,
    -37.29257696969));
#6431 = CARTESIAN_POINT('',(6.316793764775,2.979217194344,-37.1536907547
    ));
#6432 = CARTESIAN_POINT('',(1.421315542783,6.837947293122,
    -36.87591194289));
#6433 = CARTESIAN_POINT('',(-2.109548576867,7.394234410489,
    -36.73702576023));
#6434 = CARTESIAN_POINT('',(-5.836767120603,5.882394986581,
    -36.59812974552));
#6435 = CARTESIAN_POINT('',(-8.387306352181,2.273029999873,
    -36.45925301611));
#6436 = CARTESIAN_POINT('',(-8.360918057882,-2.36817166043,
    -36.32034970862));
#6437 = CARTESIAN_POINT('',(-5.769581829073,-5.948311491017,
    -36.18147291192));
#6438 = CARTESIAN_POINT('',(-2.025403218637,-7.417730786518,
    -36.0425769697));
#6439 = CARTESIAN_POINT('',(1.498903151069,-6.821356749327,
    -35.9036907547));
#6440 = CARTESIAN_POINT('',(6.350233216067,-2.907266612682,
    -35.6259119429));
#6441 = CARTESIAN_POINT('',(7.678264235552,0.411285842767,
    -35.48702576023));
#6442 = CARTESIAN_POINT('',(7.033713933858,4.381471156485,
    -35.34812974553));
#6443 = CARTESIAN_POINT('',(4.082391634966,7.671222312257,-35.2092530161
    ));
#6444 = CARTESIAN_POINT('',(-0.448317357614,8.678260155763,
    -35.07034970863));
#6445 = CARTESIAN_POINT('',(-4.515322165807,6.948550195211,
    -34.93147291192));
#6446 = CARTESIAN_POINT('',(-6.781058172975,3.62522251373,-34.7925769697
    ));
#6447 = CARTESIAN_POINT('',(-6.983868422955,5.657215507402E-02,
    -34.6536907547));
#6448 = CARTESIAN_POINT('',(-4.247435194938,-5.544091929293,
    -34.3759119429));
#6449 = CARTESIAN_POINT('',(-1.307600480854,-7.577273830204,
    -34.23702576023));
#6450 = CARTESIAN_POINT('',(2.706469933121,-7.832333094261,
    -34.09812974553));
#6451 = CARTESIAN_POINT('',(6.570471153399,-5.687045106904,
    -33.9592530161));
#6452 = CARTESIAN_POINT('',(8.560438052138,-1.494017449511,
    -33.82034970862));
#6453 = CARTESIAN_POINT('',(7.779089239967,2.855915732847,
    -33.68147291192));
#6454 = CARTESIAN_POINT('',(5.043258014364,5.804354987414,-33.5425769697
    ));
#6455 = CARTESIAN_POINT('',(1.609210697139,6.796179771759,-33.4036907547
    ));
#6456 = CARTESIAN_POINT('',(-4.459946723074,5.374619640776,
    -33.12591194289));
#6457 = CARTESIAN_POINT('',(-7.09632727507,2.960918256302,
    -32.98702576023));
#6458 = CARTESIAN_POINT('',(-8.23820636834,-0.895755006081,
    -32.84812974553));
#6459 = CARTESIAN_POINT('',(-7.006526390152,-5.140249135002,
    -32.7092530161));
#6460 = CARTESIAN_POINT('',(-3.361435983244,-8.013359839316,
    -32.57034970862));
#6461 = CARTESIAN_POINT('',(1.053301759779,-8.219552267572,
    -32.43147291192));
#6462 = CARTESIAN_POINT('',(4.536597205906,-6.208403499351,
    -32.2925769697));
#6463 = CARTESIAN_POINT('',(6.267702288433,-3.081156695369,
    -32.1536907547));
#6464 = CARTESIAN_POINT('',(6.232298215368,3.152161165043,
    -31.87591194289));
#6465 = CARTESIAN_POINT('',(4.465763226664,6.259541238683,
    -31.73702576023));
#6466 = CARTESIAN_POINT('',(0.959876817304,8.230981575355,
    -31.59812974552));
#6467 = CARTESIAN_POINT('',(-3.452273561157,7.97467118349,
    -31.45925301611));
#6468 = CARTESIAN_POINT('',(-7.064458303281,5.060298080648,
    -31.32034970862));
#6469 = CARTESIAN_POINT('',(-8.247852622616,0.802129161724,
    -31.18147291192));
#6470 = CARTESIAN_POINT('',(-7.062233708847,-3.041355497309,
    -31.0425769697));
#6471 = CARTESIAN_POINT('',(-4.398600631103,-5.424936040721,
    -30.9036907547));
#6472 = CARTESIAN_POINT('',(1.686313083918,-6.777463333628,
    -30.62591194289));
#6473 = CARTESIAN_POINT('',(5.108875667016,-5.746676181445,
    -30.48702576023));
#6474 = CARTESIAN_POINT('',(7.811020996611,-2.767376408963,
    -30.34812974552));
#6475 = CARTESIAN_POINT('',(8.542932664338,1.591186575507,
    -30.20925301611));
#6476 = CARTESIAN_POINT('',(6.505415702344,5.761315329314,
    -30.07034970862));
#6477 = CARTESIAN_POINT('',(2.617337977646,7.86257120713,-29.93147291192
    ));
#6478 = CARTESIAN_POINT('',(-1.393607524478,7.56193403086,-29.7925769697
    ));
#6479 = CARTESIAN_POINT('',(-4.310140847367,5.495480364238,
    -29.6536907547));
#6480 = CARTESIAN_POINT('',(-6.982778140118,-0.135906223336,
    -29.37591194289));
#6481 = CARTESIAN_POINT('',(-6.739426796455,-3.702029736601,
    -29.23702576023));
#6482 = CARTESIAN_POINT('',(-4.436108191923,-6.999383209102,
    -29.09812974553));
#6483 = CARTESIAN_POINT('',(-0.349689149251,-8.682815829234,
    -28.9592530161));
#6484 = CARTESIAN_POINT('',(4.169275947574,-7.62432461646,
    -28.82034970862));
#6485 = CARTESIAN_POINT('',(7.083027640082,-4.301302538324,
    -28.68147291192));
#6486 = CARTESIAN_POINT('',(7.682447404677,-0.324021748826,
    -28.5425769697));
#6487 = CARTESIAN_POINT('',(6.316793764783,2.979217194346,-28.4036907547
    ));
#6488 = CARTESIAN_POINT('',(1.421315542778,6.83794729312,-28.1259119429)
  );
#6489 = CARTESIAN_POINT('',(-2.109548576855,7.394234410497,
    -27.98702576023));
#6490 = CARTESIAN_POINT('',(-5.836767120627,5.882394986569,
    -27.84812974553));
#6491 = CARTESIAN_POINT('',(-8.387306352147,2.273029999882,
    -27.7092530161));
#6492 = CARTESIAN_POINT('',(-8.360918057918,-2.368171660429,
    -27.57034970862));
#6493 = CARTESIAN_POINT('',(-5.769581829046,-5.948311491025,
    -27.43147291192));
#6494 = CARTESIAN_POINT('',(-2.025403218649,-7.417730786511,
    -27.2925769697));
#6495 = CARTESIAN_POINT('',(1.498903151072,-6.821356749329,
    -27.1536907547));
#6496 = CARTESIAN_POINT('',(6.350233216065,-2.907266612681,
    -26.8759119429));
#6497 = CARTESIAN_POINT('',(7.678264235556,0.411285842765,
    -26.73702576023));
#6498 = CARTESIAN_POINT('',(7.033713933852,4.38147115649,-26.59812974553
    ));
#6499 = CARTESIAN_POINT('',(4.082391634972,7.671222312247,
    -26.45925301609));
#6500 = CARTESIAN_POINT('',(-0.448317357616,8.678260155775,
    -26.32034970863));
#6501 = CARTESIAN_POINT('',(-4.51532216581,6.9485501952,-26.18147291192)
  );
#6502 = CARTESIAN_POINT('',(-6.781058172971,3.625222513736,
    -26.0425769697));
#6503 = CARTESIAN_POINT('',(-6.983868422958,5.657215507188E-02,
    -25.9036907547));
#6504 = CARTESIAN_POINT('',(-4.247435194933,-5.54409192929,
    -25.6259119429));
#6505 = CARTESIAN_POINT('',(-1.307600480878,-7.577273830209,
    -25.48702576023));
#6506 = CARTESIAN_POINT('',(2.706469933169,-7.832333094262,
    -25.34812974553));
#6507 = CARTESIAN_POINT('',(6.570471153337,-5.687045106885,
    -25.2092530161));
#6508 = CARTESIAN_POINT('',(8.560438052194,-1.494017449547,
    -25.07034970862));
#6509 = CARTESIAN_POINT('',(7.779089239935,2.855915732885,
    -24.93147291192));
#6510 = CARTESIAN_POINT('',(5.043258014372,5.804354987391,-24.7925769697
    ));
#6511 = CARTESIAN_POINT('',(1.60921069714,6.796179771765,-24.6536907547)
  );
#6512 = CARTESIAN_POINT('',(-4.45994672308,5.374619640775,
    -24.37591194289));
#6513 = CARTESIAN_POINT('',(-7.096327275033,2.960918256297,
    -24.23702576024));
#6514 = CARTESIAN_POINT('',(-8.23820636844,-0.895755006055,
    -24.09812974549));
#6515 = CARTESIAN_POINT('',(-7.006526389967,-5.140249135065,
    -23.95925301616));
#6516 = CARTESIAN_POINT('',(-3.361435983499,-8.013359839212,
    -23.82034970854));
#6517 = CARTESIAN_POINT('',(1.053301760055,-8.219552267699,
    -23.68147291201));
#6518 = CARTESIAN_POINT('',(4.536597205669,-6.208403499232,
    -23.54257696962));
#6519 = CARTESIAN_POINT('',(6.267702288595,-3.081156695454,
    -23.40369075475));
#6520 = CARTESIAN_POINT('',(6.232298215033,3.152161165223,
    -23.12591194278));
#6521 = CARTESIAN_POINT('',(4.465763228461,6.259541237706,
    -22.98702576087));
#6522 = CARTESIAN_POINT('',(0.959876812628,8.230981577917,
    -22.84812974386));
#6523 = CARTESIAN_POINT('',(-3.452273552671,7.97467117882,
    -22.70925301914));
#6524 = CARTESIAN_POINT('',(-7.064458315051,5.060298087137,
    -22.57034970439));
#6525 = CARTESIAN_POINT('',(-8.247852609693,0.8021291546,-22.43147291658
    ));
#6526 = CARTESIAN_POINT('',(-7.062233720211,-3.041355491055,
    -22.2925769656));
#6527 = CARTESIAN_POINT('',(-4.398600623134,-5.424936045098,
    -22.15369075757));
#6528 = CARTESIAN_POINT('',(1.686313067222,-6.777463324469,
    -21.87591193687));
#6529 = CARTESIAN_POINT('',(5.108875757163,-5.746676230878,
    -21.73702579278));
#6530 = CARTESIAN_POINT('',(7.811020760878,-2.767376279719,
    -21.59812966042));
#6531 = CARTESIAN_POINT('',(8.542933093768,1.591186340093,
    -21.45925317115));
#6532 = CARTESIAN_POINT('',(6.505415105001,5.761315656747,
    -21.32034949296));
#6533 = CARTESIAN_POINT('',(2.617338634793,7.862570846939,
    -21.18147314917));
#6534 = CARTESIAN_POINT('',(-1.393608102925,7.5619343479,-21.04257676087
    ));
#6535 = CARTESIAN_POINT('',(-4.310140441607,5.495480141849,
    -20.90369090119));
#6536 = CARTESIAN_POINT('',(-5.646459715862,2.67978719219,
    -20.76480126861));
#6537 = CARTESIAN_POINT('',(4.676489625,6.762336909766E-03,
    -40.14567662599));
#6538 = CARTESIAN_POINT('',(4.67311793804,2.338769502946,-40.00679170518
    ));
#6539 = CARTESIAN_POINT('',(3.361208175239,4.669354646335,
    -39.86788664849));
#6540 = CARTESIAN_POINT('',(0.74427726254,6.155570382974,-39.72903770769
    ));
#6541 = CARTESIAN_POINT('',(-2.557806673531,5.977722600702,
    -39.59008217102));
#6542 = CARTESIAN_POINT('',(-5.269717771382,3.808616622073,
    -39.45127162787));
#6543 = CARTESIAN_POINT('',(-6.168691999768,0.626293132418,
    -39.31231723381));
#6544 = CARTESIAN_POINT('',(-5.293729383766,-2.253228063021,
    -39.17346652324));
#6545 = CARTESIAN_POINT('',(-3.308313161385,-4.045111977247,
    -39.03456318053));
#6546 = CARTESIAN_POINT('',(1.240265083761,-5.076378188506,
    -38.75679092528));
#6547 = CARTESIAN_POINT('',(3.804345018104,-4.315964968573,
    -38.61788776033));
#6548 = CARTESIAN_POINT('',(5.835620083037,-2.095359785841,
    -38.47903644455));
#6549 = CARTESIAN_POINT('',(6.397014169248,1.163508556266,
    -38.34008331923));
#6550 = CARTESIAN_POINT('',(4.885749154099,4.290098122991,
    -38.20127080239));
#6551 = CARTESIAN_POINT('',(1.983253770814,5.874666621184,
    -38.06231768696));
#6552 = CARTESIAN_POINT('',(-1.018769328285,5.662394971061,
    -37.92346634995));
#6553 = CARTESIAN_POINT('',(-3.207523639339,4.125488934279,
    -37.78456321263));
#6554 = CARTESIAN_POINT('',(-5.225087733887,-7.956863106879E-02,
    -37.50679090996));
#6555 = CARTESIAN_POINT('',(-5.054301121913,-2.748569592806,
    -37.36788778216));
#6556 = CARTESIAN_POINT('',(-3.341372372905,-5.223047484115,
    -37.22903641975));
#6557 = CARTESIAN_POINT('',(-0.289132599418,-6.495532681753,
    -37.09008334177));
#6558 = CARTESIAN_POINT('',(3.095354940901,-5.717889861232,
    -36.95127078619));
#6559 = CARTESIAN_POINT('',(5.286060982599,-3.240765762495,
    -36.81231769585));
#6560 = CARTESIAN_POINT('',(5.747124409425,-0.266774762725,
    -36.67346634655));
#6561 = CARTESIAN_POINT('',(4.735795469352,2.20909667421,-36.53456321326
    ));
#6562 = CARTESIAN_POINT('',(1.085117723178,5.111789561504,
    -36.25679090966));
#6563 = CARTESIAN_POINT('',(-1.554969408446,5.539193513103,
    -36.11788778259));
#6564 = CARTESIAN_POINT('',(-4.348569477811,4.419834595668,
    -35.97903641927));
#6565 = CARTESIAN_POINT('',(-6.268338059859,1.727275440322,
    -35.8400833422));
#6566 = CARTESIAN_POINT('',(-6.263311696882,-1.745397737771,
    -35.70127078589));
#6567 = CARTESIAN_POINT('',(-4.335772225492,-4.43239017325,
    -35.56231769601));
#6568 = CARTESIAN_POINT('',(-1.538941653597,-5.543669032163,
    -35.42346634649));
#6569 = CARTESIAN_POINT('',(1.099896377529,-5.108629444603,
    -35.28456321327));
#6570 = CARTESIAN_POINT('',(4.742164915495,-2.195391743742,
    -35.00679090965));
#6571 = CARTESIAN_POINT('',(5.74632761194,0.283396564978,-34.8678877826)
  );
#6572 = CARTESIAN_POINT('',(5.276667856122,3.256036039831,
    -34.72903641925));
#6573 = CARTESIAN_POINT('',(3.078805478228,5.726822793351,
    -34.59008334223));
#6574 = CARTESIAN_POINT('',(-0.307919003962,6.494664930736,
    -34.45127078587));
#6575 = CARTESIAN_POINT('',(-3.356460812544,5.213364964493,
    -34.31231769603));
#6576 = CARTESIAN_POINT('',(-5.062230941292,2.733939583898,
    -34.17346634648));
#6577 = CARTESIAN_POINT('',(-5.22529540772,6.445731628772E-02,
    -34.03456321327));
#6578 = CARTESIAN_POINT('',(-3.195579655119,-4.134748319067,
    -33.75679090965));
#6579 = CARTESIAN_POINT('',(-1.002386965611,-5.665316849744,
    -33.6178877826));
#6580 = CARTESIAN_POINT('',(2.00023135877,-5.868906956818,
    -33.47903641926));
#6581 = CARTESIAN_POINT('',(4.898140718887,-4.275951353489,
    -33.34008334221));
#6582 = CARTESIAN_POINT('',(6.400348545572,-1.145000074461,
    -33.20127078589));
#6583 = CARTESIAN_POINT('',(5.829537815081,2.112224491335,
    -33.06231769601));
#6584 = CARTESIAN_POINT('',(3.791846367515,4.326951452988,
    -32.92346634649));
#6585 = CARTESIAN_POINT('',(1.225578851118,5.07994324016,-32.78456321327
    ));
#6586 = CARTESIAN_POINT('',(-3.319998176717,4.03552785901,
    -32.50679090966));
#6587 = CARTESIAN_POINT('',(-5.300223444395,2.237906628144,
    -32.36788778259));
#6588 = CARTESIAN_POINT('',(-6.166854556284,-0.644126725151,
    -32.22903641928));
#6589 = CARTESIAN_POINT('',(-5.258683173064,-3.823845415909,
    -32.09008334219));
#6590 = CARTESIAN_POINT('',(-2.540504068049,-5.98509195882,
    -31.9512707859));
#6591 = CARTESIAN_POINT('',(0.762072414251,-6.153393297581,-31.812317696
    ));
#6592 = CARTESIAN_POINT('',(3.374700551056,-4.659614140897,
    -31.6734663465));
#6593 = CARTESIAN_POINT('',(4.679861506544,-2.32524474478,
    -31.53456321327));
#6594 = CARTESIAN_POINT('',(4.673117845152,2.338769462681,
    -31.25679090966));
#6595 = CARTESIAN_POINT('',(3.361208307658,4.669354703739,
    -31.11788778259));
#6596 = CARTESIAN_POINT('',(0.744277112104,6.155570317754,
    -30.97903641928));
#6597 = CARTESIAN_POINT('',(-2.557806536786,5.977722659992,
    -30.84008334219));
#6598 = CARTESIAN_POINT('',(-5.269717869688,3.808616579444,
    -30.7012707859));
#6599 = CARTESIAN_POINT('',(-6.168691945804,0.626293155821,
    -30.56231769601));
#6600 = CARTESIAN_POINT('',(-5.293729404402,-2.253228071971,
    -30.42346634649));
#6601 = CARTESIAN_POINT('',(-3.308313157563,-4.045111975589,
    -30.28456321327));
#6602 = CARTESIAN_POINT('',(1.240265081936,-5.076378189298,
    -30.00679090966));
#6603 = CARTESIAN_POINT('',(3.804345020707,-4.315964967444,
    -29.86788778259));
#6604 = CARTESIAN_POINT('',(5.835620080077,-2.095359787126,
    -29.72903641926));
#6605 = CARTESIAN_POINT('',(6.397014171941,1.163508557435,
    -29.59008334222));
#6606 = CARTESIAN_POINT('',(4.88574915216,4.290098122149,-29.45127078588
    ));
#6607 = CARTESIAN_POINT('',(1.983253771879,5.874666621646,
    -29.31231769602));
#6608 = CARTESIAN_POINT('',(-1.018769328693,5.662394970884,
    -29.17346634649));
#6609 = CARTESIAN_POINT('',(-3.207523639263,4.125488934312,
    -29.03456321327));
#6610 = CARTESIAN_POINT('',(-5.225087733923,-7.956863108477E-02,
    -28.75679090965));
#6611 = CARTESIAN_POINT('',(-5.054301121862,-2.748569592782,
    -28.6178877826));
#6612 = CARTESIAN_POINT('',(-3.341372372962,-5.223047484143,
    -28.47903641925));
#6613 = CARTESIAN_POINT('',(-0.289132599369,-6.495532681725,
    -28.34008334223));
#6614 = CARTESIAN_POINT('',(3.095354940868,-5.717889861254,
    -28.20127078586));
#6615 = CARTESIAN_POINT('',(5.286060982617,-3.240765762482,
    -28.06231769603));
#6616 = CARTESIAN_POINT('',(5.747124409418,-0.266774762731,
    -27.92346634648));
#6617 = CARTESIAN_POINT('',(4.735795469354,2.209096674211,
    -27.78456321327));
#6618 = CARTESIAN_POINT('',(1.085117723177,5.111789561503,
    -27.50679090965));
#6619 = CARTESIAN_POINT('',(-1.554969408442,5.539193513105,
    -27.36788778261));
#6620 = CARTESIAN_POINT('',(-4.34856947782,4.419834595664,
    -27.22903641922));
#6621 = CARTESIAN_POINT('',(-6.268338059845,1.727275440327,
    -27.09008334227));
#6622 = CARTESIAN_POINT('',(-6.263311696897,-1.745397737776,
    -26.95127078582));
#6623 = CARTESIAN_POINT('',(-4.335772225481,-4.432390173248,
    -26.81231769606));
#6624 = CARTESIAN_POINT('',(-1.538941653602,-5.543669032164,
    -26.67346634647));
#6625 = CARTESIAN_POINT('',(1.09989637753,-5.108629444603,
    -26.53456321328));
#6626 = CARTESIAN_POINT('',(4.742164915495,-2.195391743742,
    -26.25679090965));
#6627 = CARTESIAN_POINT('',(5.746327611941,0.283396564976,-26.1178877826
    ));
#6628 = CARTESIAN_POINT('',(5.276667856121,3.256036039835,
    -25.97903641924));
#6629 = CARTESIAN_POINT('',(3.07880547823,5.726822793346,-25.84008334224
    ));
#6630 = CARTESIAN_POINT('',(-0.307919003963,6.494664930742,
    -25.70127078585));
#6631 = CARTESIAN_POINT('',(-3.356460812543,5.213364964489,
    -25.56231769605));
#6632 = CARTESIAN_POINT('',(-5.062230941291,2.7339395839,-25.42346634647
    ));
#6633 = CARTESIAN_POINT('',(-5.22529540772,6.445731628738E-02,
    -25.28456321328));
#6634 = CARTESIAN_POINT('',(-3.195579655118,-4.134748319067,
    -25.00679090964));
#6635 = CARTESIAN_POINT('',(-1.002386965619,-5.665316849743,
    -24.86788778263));
#6636 = CARTESIAN_POINT('',(2.000231358789,-5.868906956822,
    -24.72903641919));
#6637 = CARTESIAN_POINT('',(4.898140718859,-4.275951353482,
    -24.59008334232));
#6638 = CARTESIAN_POINT('',(6.4003485456,-1.14500007447,-24.45127078578)
  );
#6639 = CARTESIAN_POINT('',(5.829537815063,2.112224491343,
    -24.31231769609));
#6640 = CARTESIAN_POINT('',(3.791846367522,4.326951452984,
    -24.17346634646));
#6641 = CARTESIAN_POINT('',(1.225578851117,5.079943240162,
    -24.03456321328));
#6642 = CARTESIAN_POINT('',(-3.319998176718,4.035527859009,
    -23.75679090966));
#6643 = CARTESIAN_POINT('',(-5.300223444386,2.237906628148,
    -23.61788778254));
#6644 = CARTESIAN_POINT('',(-6.166854556308,-0.64412672516,
    -23.47903641942));
#6645 = CARTESIAN_POINT('',(-5.25868317302,-3.823845415897,
    -23.34008334192));
#6646 = CARTESIAN_POINT('',(-2.540504068107,-5.98509195883,
    -23.2012707863));
#6647 = CARTESIAN_POINT('',(0.762072414312,-6.153393297575,
    -23.06231769554));
#6648 = CARTESIAN_POINT('',(3.374700551004,-4.659614140898,
    -22.92346634691));
#6649 = CARTESIAN_POINT('',(4.679861506579,-2.325244744782,
    -22.78456321297));
#6650 = CARTESIAN_POINT('',(4.673117845079,2.338769462686,
    -22.50679091029));
#6651 = CARTESIAN_POINT('',(3.361208308053,4.669354703713,
    -22.36788777915));
#6652 = CARTESIAN_POINT('',(0.744277111073,6.155570317823,
    -22.22903642829));
#6653 = CARTESIAN_POINT('',(-2.557806534913,5.977722659866,
    -22.09008332573));
#6654 = CARTESIAN_POINT('',(-5.269717872285,3.808616579619,
    -21.95127080884));
#6655 = CARTESIAN_POINT('',(-6.168691942955,0.626293155631,
    -21.81231767073));
#6656 = CARTESIAN_POINT('',(-5.293729406904,-2.253228071808,
    -21.67346636878));
#6657 = CARTESIAN_POINT('',(-3.30831315581,-4.045111975701,
    -21.53456319762));
#6658 = CARTESIAN_POINT('',(1.240265078265,-5.076378189066,
    -21.25679094244));
#6659 = CARTESIAN_POINT('',(3.80434504052,-4.31596496869,-21.11788760553
    ));
#6660 = CARTESIAN_POINT('',(5.835620028267,-2.095359783869,
    -20.97903688229));
#6661 = CARTESIAN_POINT('',(6.397014266323,1.163508551506,
    -20.84008249871));
#6662 = CARTESIAN_POINT('',(4.885749020872,4.29009813039,-20.70127195921
    ));
#6663 = CARTESIAN_POINT('',(1.983253916312,5.874666612587,
    -20.56231640522));
#6664 = CARTESIAN_POINT('',(-1.01876945583,5.662394978853,
    -20.42346748269));
#6665 = CARTESIAN_POINT('',(-3.207523550079,4.125488928723,
    -20.28456241627));
#6666 = CARTESIAN_POINT('',(-4.216305735414,2.022960154672,
    -20.14567749775));
#6667 = DEFINITIONAL_REPRESENTATION('',(#6668),#6692);
#6668 = B_SPLINE_CURVE_WITH_KNOTS('',8,(#6669,#6670,#6671,#6672,#6673,
    #6674,#6675,#6676,#6677,#6678,#6679,#6680,#6681,#6682,#6683,#6684,
    #6685,#6686,#6687,#6688,#6689,#6690,#6691),.UNSPECIFIED.,.F.,.F.,(9,
    7,7,9),(0.,0.242210698571,0.631477661406,1.),.UNSPECIFIED.);
#6669 = CARTESIAN_POINT('',(0.26878596057,71.740386112776));
#6670 = CARTESIAN_POINT('',(0.268781326147,71.825131276056));
#6671 = CARTESIAN_POINT('',(0.268775616557,71.909907923084));
#6672 = CARTESIAN_POINT('',(0.268769711829,71.994676205944));
#6673 = CARTESIAN_POINT('',(0.268765061036,72.079430433969));
#6674 = CARTESIAN_POINT('',(0.268762808614,72.164182747999));
#6675 = CARTESIAN_POINT('',(0.268763327691,72.248946622267));
#6676 = CARTESIAN_POINT('',(0.268766160427,72.333720193916));
#6677 = CARTESIAN_POINT('',(0.268777123266,72.5546734528));
#6678 = CARTESIAN_POINT('',(0.268787471913,72.691145559471));
#6679 = CARTESIAN_POINT('',(0.268797572596,72.827451414981));
#6680 = CARTESIAN_POINT('',(0.268801200797,72.963675834163));
#6681 = CARTESIAN_POINT('',(0.268792653475,73.099897958038));
#6682 = CARTESIAN_POINT('',(0.268783010914,73.236198942736));
#6683 = CARTESIAN_POINT('',(0.268777582764,73.372664763374));
#6684 = CARTESIAN_POINT('',(0.268774623691,73.637816236709));
#6685 = CARTESIAN_POINT('',(0.268776685215,73.766963091327));
#6686 = CARTESIAN_POINT('',(0.268782053092,73.895989473179));
#6687 = CARTESIAN_POINT('',(0.268785747525,74.024953740714));
#6688 = CARTESIAN_POINT('',(0.268779305247,74.153919580732));
#6689 = CARTESIAN_POINT('',(0.268755828295,74.282946947591));
#6690 = CARTESIAN_POINT('',(0.268780391384,74.412086500105));
#6691 = CARTESIAN_POINT('',(0.268780953797,74.541027282459));
#6692 = ( GEOMETRIC_REPRESENTATION_CONTEXT(2) 
PARAMETRIC_REPRESENTATION_CONTEXT() REPRESENTATION_CONTEXT('2D SPACE',''
  ) );
#6693 = ORIENTED_EDGE('',*,*,#6694,.T.);
#6694 = EDGE_CURVE('',#6351,#6695,#6697,.T.);
#6695 = VERTEX_POINT('',#6696);
#6696 = CARTESIAN_POINT('',(6.,0.,-21.83216066669));
#6697 = SURFACE_CURVE('',#6698,(#6702,#6709),.PCURVE_S1.);
#6698 = LINE('',#6699,#6700);
#6699 = CARTESIAN_POINT('',(6.,0.,0.));
#6700 = VECTOR('',#6701,1.);
#6701 = DIRECTION('',(-0.,-0.,-1.));
#6702 = PCURVE('',#43,#6703);
#6703 = DEFINITIONAL_REPRESENTATION('',(#6704),#6708);
#6704 = LINE('',#6705,#6706);
#6705 = CARTESIAN_POINT('',(0.,0.));
#6706 = VECTOR('',#6707,1.);
#6707 = DIRECTION('',(0.,-1.));
#6708 = ( GEOMETRIC_REPRESENTATION_CONTEXT(2) 
PARAMETRIC_REPRESENTATION_CONTEXT() REPRESENTATION_CONTEXT('2D SPACE',''
  ) );
#6709 = PCURVE('',#6710,#6715);
#6710 = CYLINDRICAL_SURFACE('',#6711,6.);
#6711 = AXIS2_PLACEMENT_3D('',#6712,#6713,#6714);
#6712 = CARTESIAN_POINT('',(0.,0.,0.));
#6713 = DIRECTION('',(0.,0.,1.));
#6714 = DIRECTION('',(1.,0.,0.));
#6715 = DEFINITIONAL_REPRESENTATION('',(#6716),#6720);
#6716 = LINE('',#6717,#6718);
#6717 = CARTESIAN_POINT('',(6.28318530718,0.));
#6718 = VECTOR('',#6719,1.);
#6719 = DIRECTION('',(0.,-1.));
#6720 = ( GEOMETRIC_REPRESENTATION_CONTEXT(2) 
PARAMETRIC_REPRESENTATION_CONTEXT() REPRESENTATION_CONTEXT('2D SPACE',''
  ) );
#6721 = ORIENTED_EDGE('',*,*,#6722,.T.);
#6722 = EDGE_CURVE('',#6695,#5923,#6723,.T.);
#6723 = SURFACE_CURVE('',#6724,(#6790,#6859),.PCURVE_S1.);
#6724 = B_SPLINE_CURVE_WITH_KNOTS('',8,(#6725,#6726,#6727,#6728,#6729,
    #6730,#6731,#6732,#6733,#6734,#6735,#6736,#6737,#6738,#6739,#6740,
    #6741,#6742,#6743,#6744,#6745,#6746,#6747,#6748,#6749,#6750,#6751,
    #6752,#6753,#6754,#6755,#6756,#6757,#6758,#6759,#6760,#6761,#6762,
    #6763,#6764,#6765,#6766,#6767,#6768,#6769,#6770,#6771,#6772,#6773,
    #6774,#6775,#6776,#6777,#6778,#6779,#6780,#6781,#6782,#6783,#6784,
    #6785,#6786,#6787,#6788,#6789),.UNSPECIFIED.,.F.,.F.,(9,7,7,7,7,7,7,
    7,7,9),(0.,0.151179140776,0.272014717651,0.413667024556,
    0.574063374862,0.695256797904,0.759633007569,0.821500620709,
    0.906963011862,1.),.UNSPECIFIED.);
#6725 = CARTESIAN_POINT('',(6.,-1.15463194561E-14,-21.83216066669));
#6726 = CARTESIAN_POINT('',(6.,0.712122351769,-21.79910344089));
#6727 = CARTESIAN_POINT('',(5.903405627351,1.425205349269,-21.7659959635
    ));
#6728 = CARTESIAN_POINT('',(5.709765122986,2.122449483012,-21.7329265367
    ));
#6729 = CARTESIAN_POINT('',(5.422650882062,2.788682605483,
    -21.69986658514));
#6730 = CARTESIAN_POINT('',(5.047741254203,3.40976756041,-21.66680328077
    ));
#6731 = CARTESIAN_POINT('',(4.593236025921,3.97286379105,-21.63372451139
    ));
#6732 = CARTESIAN_POINT('',(4.069375908559,4.466245743351,
    -21.60062103106));
#6733 = CARTESIAN_POINT('',(3.027080988134,5.21160170303,-21.54113981022
    ));
#6734 = CARTESIAN_POINT('',(2.527895092719,5.492701430828,
    -21.51470207096));
#6735 = CARTESIAN_POINT('',(1.999208091217,5.718868279935,
    -21.48827214562));
#6736 = CARTESIAN_POINT('',(1.448155124754,5.886658633758,
    -21.46184821216));
#6737 = CARTESIAN_POINT('',(0.882155884794,5.993668230664,
    -21.43542380168));
#6738 = CARTESIAN_POINT('',(0.308899019023,6.038587746569,-21.4089930267
    ));
#6739 = CARTESIAN_POINT('',(-0.263690025517,6.021163543537,
    -21.38255496614));
#6740 = CARTESIAN_POINT('',(-1.488248107312,5.850665581378,
    -21.32515889791));
#6741 = CARTESIAN_POINT('',(-2.138146042319,5.674566330553,
    -21.29414847551));
#6742 = CARTESIAN_POINT('',(-2.763462578214,5.415937092395,
    -21.26315544322));
#6743 = CARTESIAN_POINT('',(-3.352144127268,5.079189189239,
    -21.23217631382));
#6744 = CARTESIAN_POINT('',(-3.893181428237,4.670328138234,
    -21.20120135381));
#6745 = CARTESIAN_POINT('',(-4.376771336366,4.197139980966,
    -21.17021820803));
#6746 = CARTESIAN_POINT('',(-4.794195779045,3.6689165735,-21.13921764991
    ));
#6747 = CARTESIAN_POINT('',(-5.528728376623,2.450318124577,
    -21.07317377871));
#6748 = CARTESIAN_POINT('',(-5.826294715556,1.746006553777,
    -21.03804487701));
#6749 = CARTESIAN_POINT('',(-6.020369560506,1.001549664341,
    -21.00294958064));
#6750 = CARTESIAN_POINT('',(-6.105617600899,0.234781385014,
    -20.96786970544));
#6751 = CARTESIAN_POINT('',(-6.079506519943,-0.536269249208,
    -20.93278799516));
#6752 = CARTESIAN_POINT('',(-5.943170517858,-1.293444762879,
    -20.89768937016));
#6753 = CARTESIAN_POINT('',(-5.700561307729,-2.018528564642,
    -20.86255753092));
#6754 = CARTESIAN_POINT('',(-5.105067440819,-3.203778299516,
    -20.80098495225));
#6755 = CARTESIAN_POINT('',(-4.793136789743,-3.68635819527,
    -20.77446792919));
#6756 = CARTESIAN_POINT('',(-4.429213529399,-4.133834750658,
    -20.747957567));
#6757 = CARTESIAN_POINT('',(-4.01806490692,-4.539775043259,
    -20.72145209564));
#6758 = CARTESIAN_POINT('',(-3.565191081583,-4.89855951856,
    -20.69494526971));
#6759 = CARTESIAN_POINT('',(-3.076837831428,-5.20542573285,
    -20.66843213533));
#6760 = CARTESIAN_POINT('',(-2.559936707203,-5.456439124322,
    -20.64191551707));
#6761 = CARTESIAN_POINT('',(-1.736839351085,-5.751119346428,
    -20.60133558407));
#6762 = CARTESIAN_POINT('',(-1.445411676129,-5.836844819891,
    -20.58725874769));
#6763 = CARTESIAN_POINT('',(-1.149214307255,-5.905674028329,
    -20.5731820854));
#6764 = CARTESIAN_POINT('',(-0.849379776683,-5.957304723522,
    -20.55910516691));
#6765 = CARTESIAN_POINT('',(-0.547056973327,-5.991526237244,
    -20.54502776006));
#6766 = CARTESIAN_POINT('',(-0.243411142798,-6.008219481263,
    -20.53094983083));
#6767 = CARTESIAN_POINT('',(6.03761125984E-02,-6.00735694734,
    -20.51687154332));
#6768 = CARTESIAN_POINT('',(0.6540408178,-5.971363690696,-20.48926357532
    ));
#6769 = CARTESIAN_POINT('',(0.944022696644,-5.93757275811,
    -20.47573320099));
#6770 = CARTESIAN_POINT('',(1.231992666877,-5.887686935572,
    -20.46220174056));
#6771 = CARTESIAN_POINT('',(1.516906267992,-5.821846880364,
    -20.44866915021));
#6772 = CARTESIAN_POINT('',(1.797734382491,-5.740276880949,
    -20.43513573855));
#6773 = CARTESIAN_POINT('',(2.073463235885,-5.643284856971,
    -20.42160216659));
#6774 = CARTESIAN_POINT('',(2.343094396693,-5.531262359252,
    -20.40806944773));
#6775 = CARTESIAN_POINT('',(2.968325379633,-5.229833141001,
    -20.37584824968));
#6776 = CARTESIAN_POINT('',(3.317720001695,-5.027099750594,
    -20.35715093338));
#6777 = CARTESIAN_POINT('',(3.65120005967,-4.797735464709,
    -20.33845397922));
#6778 = CARTESIAN_POINT('',(3.966366053881,-4.543233991021,
    -20.3197597965));
#6779 = CARTESIAN_POINT('',(4.261040807464,-4.265314909875,
    -20.30106784737));
#6780 = CARTESIAN_POINT('',(4.533262705894,-3.965906905403,
    -20.28237627069));
#6781 = CARTESIAN_POINT('',(4.781278936514,-3.647130996649,
    -20.26368350589));
#6782 = CARTESIAN_POINT('',(5.245497574651,-2.945670144464,
    -20.22463950085));
#6783 = CARTESIAN_POINT('',(5.456992377589,-2.559746590057,
    -20.20428347003));
#6784 = CARTESIAN_POINT('',(5.635933568618,-2.156609448743,
    -20.18392898622));
#6785 = CARTESIAN_POINT('',(5.780717338776,-1.739503422555,
    -20.16357702426));
#6786 = CARTESIAN_POINT('',(5.890143992377,-1.311787642015,
    -20.14322551923));
#6787 = CARTESIAN_POINT('',(5.963385178502,-0.876916844035,
    -20.12287211862));
#6788 = CARTESIAN_POINT('',(6.,-0.438437657998,-20.1025165393));
#6789 = CARTESIAN_POINT('',(6.,-8.881784197001E-16,-20.08216252954));
#6790 = PCURVE('',#43,#6791);
#6791 = DEFINITIONAL_REPRESENTATION('',(#6792),#6858);
#6792 = B_SPLINE_CURVE_WITH_KNOTS('',8,(#6793,#6794,#6795,#6796,#6797,
    #6798,#6799,#6800,#6801,#6802,#6803,#6804,#6805,#6806,#6807,#6808,
    #6809,#6810,#6811,#6812,#6813,#6814,#6815,#6816,#6817,#6818,#6819,
    #6820,#6821,#6822,#6823,#6824,#6825,#6826,#6827,#6828,#6829,#6830,
    #6831,#6832,#6833,#6834,#6835,#6836,#6837,#6838,#6839,#6840,#6841,
    #6842,#6843,#6844,#6845,#6846,#6847,#6848,#6849,#6850,#6851,#6852,
    #6853,#6854,#6855,#6856,#6857),.UNSPECIFIED.,.F.,.F.,(9,7,7,7,7,7,7,
    7,7,9),(0.,0.151179140776,0.272014717651,0.413667024556,
    0.574063374862,0.695256797904,0.759633007569,0.821500620709,
    0.906963011862,1.),.UNSPECIFIED.);
#6793 = CARTESIAN_POINT('',(0.,-21.83216066669));
#6794 = CARTESIAN_POINT('',(0.118687058628,-21.79910344089));
#6795 = CARTESIAN_POINT('',(0.237533860007,-21.7659959635));
#6796 = CARTESIAN_POINT('',(0.356291091092,-21.7329265367));
#6797 = CARTESIAN_POINT('',(0.474994768673,-21.69986658514));
#6798 = CARTESIAN_POINT('',(0.593698972428,-21.66680328077));
#6799 = CARTESIAN_POINT('',(0.712456770952,-21.63372451139));
#6800 = CARTESIAN_POINT('',(0.83130769391,-21.60062103106));
#6801 = CARTESIAN_POINT('',(1.044870994946,-21.54113981022));
#6802 = CARTESIAN_POINT('',(1.139797035975,-21.51470207096));
#6803 = CARTESIAN_POINT('',(1.234698438494,-21.48827214562));
#6804 = CARTESIAN_POINT('',(1.329579922575,-21.46184821216));
#6805 = CARTESIAN_POINT('',(1.424460481528,-21.43542380168));
#6806 = CARTESIAN_POINT('',(1.519359055167,-21.4089930267));
#6807 = CARTESIAN_POINT('',(1.614279223565,-21.38255496614));
#6808 = CARTESIAN_POINT('',(1.820340976094,-21.32515889791));
#6809 = CARTESIAN_POINT('',(1.931669619645,-21.29414847551));
#6810 = CARTESIAN_POINT('',(2.042934261471,-21.26315544322));
#6811 = CARTESIAN_POINT('',(2.154152417506,-21.23217631382));
#6812 = CARTESIAN_POINT('',(2.265364394885,-21.20120135381));
#6813 = CARTESIAN_POINT('',(2.376612904648,-21.17021820803));
#6814 = CARTESIAN_POINT('',(2.487926817441,-21.13921764991));
#6815 = CARTESIAN_POINT('',(2.725069549697,-21.07317377871));
#6816 = CARTESIAN_POINT('',(2.851205488796,-21.03804487701));
#6817 = CARTESIAN_POINT('',(2.977214782626,-21.00294958064));
#6818 = CARTESIAN_POINT('',(3.103158329933,-20.96786970544));
#6819 = CARTESIAN_POINT('',(3.229101692312,-20.93278799516));
#6820 = CARTESIAN_POINT('',(3.355113065879,-20.89768937016));
#6821 = CARTESIAN_POINT('',(3.481249747355,-20.86255753092));
#6822 = CARTESIAN_POINT('',(3.702322251773,-20.80098495225));
#6823 = CARTESIAN_POINT('',(3.797531098809,-20.77446792919));
#6824 = CARTESIAN_POINT('',(3.892715332105,-20.747957567));
#6825 = CARTESIAN_POINT('',(3.987878238337,-20.72145209564));
#6826 = CARTESIAN_POINT('',(4.083039872419,-20.69494526971));
#6827 = CARTESIAN_POINT('',(4.178221548068,-20.66843213533));
#6828 = CARTESIAN_POINT('',(4.273431576066,-20.64191551707));
#6829 = CARTESIAN_POINT('',(4.419141113135,-20.60133558407));
#6830 = CARTESIAN_POINT('',(4.469684448331,-20.58725874769));
#6831 = CARTESIAN_POINT('',(4.520225332435,-20.5731820854));
#6832 = CARTESIAN_POINT('',(4.570765743295,-20.55910516691));
#6833 = CARTESIAN_POINT('',(4.621307132355,-20.54502776006));
#6834 = CARTESIAN_POINT('',(4.671850424659,-20.53094983083));
#6835 = CARTESIAN_POINT('',(4.722396018847,-20.51687154332));
#6836 = CARTESIAN_POINT('',(4.821521822294,-20.48926357532));
#6837 = CARTESIAN_POINT('',(4.870102905181,-20.47573320099));
#6838 = CARTESIAN_POINT('',(4.918687751061,-20.46220174056));
#6839 = CARTESIAN_POINT('',(4.967276044002,-20.44866915021));
#6840 = CARTESIAN_POINT('',(5.015866436898,-20.43513573855));
#6841 = CARTESIAN_POINT('',(5.064456551471,-20.42160216659));
#6842 = CARTESIAN_POINT('',(5.113042978267,-20.40806944773));
#6843 = CARTESIAN_POINT('',(5.228726136991,-20.37584824968));
#6844 = CARTESIAN_POINT('',(5.295854246812,-20.35715093338));
#6845 = CARTESIAN_POINT('',(5.362981719809,-20.33845397922));
#6846 = CARTESIAN_POINT('',(5.43010071001,-20.3197597965));
#6847 = CARTESIAN_POINT('',(5.49721354133,-20.30106784737));
#6848 = CARTESIAN_POINT('',(5.564326837126,-20.28237627069));
#6849 = CARTESIAN_POINT('',(5.631445649746,-20.26368350589));
#6850 = CARTESIAN_POINT('',(5.771638599238,-20.22463950085));
#6851 = CARTESIAN_POINT('',(5.844730065786,-20.20428347003));
#6852 = CARTESIAN_POINT('',(5.917815233447,-20.18392898622));
#6853 = CARTESIAN_POINT('',(5.99088933967,-20.16357702426));
#6854 = CARTESIAN_POINT('',(6.063959028087,-20.14322551923));
#6855 = CARTESIAN_POINT('',(6.137032779895,-20.12287211862));
#6856 = CARTESIAN_POINT('',(6.21011236418,-20.1025165393));
#6857 = CARTESIAN_POINT('',(6.28318530718,-20.08216252954));
#6858 = ( GEOMETRIC_REPRESENTATION_CONTEXT(2) 
PARAMETRIC_REPRESENTATION_CONTEXT() REPRESENTATION_CONTEXT('2D SPACE',''
  ) );
#6859 = PCURVE('',#6001,#6860);
#6860 = DEFINITIONAL_REPRESENTATION('',(#6861),#6927);
#6861 = B_SPLINE_CURVE_WITH_KNOTS('',8,(#6862,#6863,#6864,#6865,#6866,
    #6867,#6868,#6869,#6870,#6871,#6872,#6873,#6874,#6875,#6876,#6877,
    #6878,#6879,#6880,#6881,#6882,#6883,#6884,#6885,#6886,#6887,#6888,
    #6889,#6890,#6891,#6892,#6893,#6894,#6895,#6896,#6897,#6898,#6899,
    #6900,#6901,#6902,#6903,#6904,#6905,#6906,#6907,#6908,#6909,#6910,
    #6911,#6912,#6913,#6914,#6915,#6916,#6917,#6918,#6919,#6920,#6921,
    #6922,#6923,#6924,#6925,#6926),.UNSPECIFIED.,.F.,.F.,(9,7,7,7,7,7,7,
    7,7,9),(0.,0.151179140776,0.272014717651,0.413667024556,
    0.574063374862,0.695256797904,0.759633007569,0.821500620709,
    0.906963011862,1.),.UNSPECIFIED.);
#6862 = CARTESIAN_POINT('',(1.422395832323,65.228750895923));
#6863 = CARTESIAN_POINT('',(1.422397008622,65.35195526946));
#6864 = CARTESIAN_POINT('',(1.422418192733,65.475319630612));
#6865 = CARTESIAN_POINT('',(1.422399552526,65.598596513466));
#6866 = CARTESIAN_POINT('',(1.422391960394,65.721823008247));
#6867 = CARTESIAN_POINT('',(1.422393971287,65.84504889743));
#6868 = CARTESIAN_POINT('',(1.422398636087,65.968328805146));
#6869 = CARTESIAN_POINT('',(1.422401223858,66.091703646185));
#6870 = CARTESIAN_POINT('',(1.422400381716,66.313394361423));
#6871 = CARTESIAN_POINT('',(1.422398056468,66.411932346712));
#6872 = CARTESIAN_POINT('',(1.422393289437,66.51044454079));
#6873 = CARTESIAN_POINT('',(1.422387045527,66.60893641774));
#6874 = CARTESIAN_POINT('',(1.422382308437,66.707428016384));
#6875 = CARTESIAN_POINT('',(1.422380871075,66.80593883346));
#6876 = CARTESIAN_POINT('',(1.422382708123,66.904472336357));
#6877 = CARTESIAN_POINT('',(1.422391542273,67.118378376516));
#6878 = CARTESIAN_POINT('',(1.422399383853,67.233945113863));
#6879 = CARTESIAN_POINT('',(1.422408608913,67.34944514972));
#6880 = CARTESIAN_POINT('',(1.422415625452,67.464896382344));
#6881 = CARTESIAN_POINT('',(1.422416170721,67.580340905309));
#6882 = CARTESIAN_POINT('',(1.422411085429,67.695823619813));
#6883 = CARTESIAN_POINT('',(1.422403532895,67.811374597509));
#6884 = CARTESIAN_POINT('',(1.42238817862,68.057544448459));
#6885 = CARTESIAN_POINT('',(1.422380460877,68.188482200271));
#6886 = CARTESIAN_POINT('',(1.422377256286,68.319288545307));
#6887 = CARTESIAN_POINT('',(1.422382302121,68.450026157314));
#6888 = CARTESIAN_POINT('',(1.422393764612,68.580761853275));
#6889 = CARTESIAN_POINT('',(1.422400369343,68.711567219063));
#6890 = CARTESIAN_POINT('',(1.42240174758,68.842503507191));
#6891 = CARTESIAN_POINT('',(1.422399767241,69.071990371893));
#6892 = CARTESIAN_POINT('',(1.422397489941,69.170823785963));
#6893 = CARTESIAN_POINT('',(1.422394995667,69.269632671003));
#6894 = CARTESIAN_POINT('',(1.422394739246,69.368420274723));
#6895 = CARTESIAN_POINT('',(1.422399052828,69.467206692011));
#6896 = CARTESIAN_POINT('',(1.422406742397,69.56601201556));
#6897 = CARTESIAN_POINT('',(1.422404411601,69.664843996091));
#6898 = CARTESIAN_POINT('',(1.42239765914,69.816096706156));
#6899 = CARTESIAN_POINT('',(1.422396457111,69.868563438882));
#6900 = CARTESIAN_POINT('',(1.42239659851,69.921027689362));
#6901 = CARTESIAN_POINT('',(1.422397979142,69.973491203437));
#6902 = CARTESIAN_POINT('',(1.422400187664,70.025955407668));
#6903 = CARTESIAN_POINT('',(1.422402505588,70.078421409329));
#6904 = CARTESIAN_POINT('',(1.422403907275,70.130889996414));
#6905 = CARTESIAN_POINT('',(1.42240224563,70.233788576661));
#6906 = CARTESIAN_POINT('',(1.422400680995,70.284219110808));
#6907 = CARTESIAN_POINT('',(1.422398980325,70.334653878638));
#6908 = CARTESIAN_POINT('',(1.422397580515,70.385092447319));
#6909 = CARTESIAN_POINT('',(1.422396741063,70.435533312627));
#6910 = CARTESIAN_POINT('',(1.42239654407,70.485973898941));
#6911 = CARTESIAN_POINT('',(1.422396894244,70.536410559248));
#6912 = CARTESIAN_POINT('',(1.422398381773,70.656498589488));
#6913 = CARTESIAN_POINT('',(1.422399878841,70.726182405113));
#6914 = CARTESIAN_POINT('',(1.422401232836,70.79586506639));
#6915 = CARTESIAN_POINT('',(1.422401818323,70.865538447023));
#6916 = CARTESIAN_POINT('',(1.422401238823,70.93520509255));
#6917 = CARTESIAN_POINT('',(1.422399403936,71.004872062844));
#6918 = CARTESIAN_POINT('',(1.422396606471,71.074544774617));
#6919 = CARTESIAN_POINT('',(1.422390326162,71.220072356451));
#6920 = CARTESIAN_POINT('',(1.422386729619,71.295945236333));
#6921 = CARTESIAN_POINT('',(1.422383497476,71.371811853122));
#6922 = CARTESIAN_POINT('',(1.42238155778,71.447667307297));
#6923 = CARTESIAN_POINT('',(1.422381533291,71.523518445164));
#6924 = CARTESIAN_POINT('',(1.422383482611,71.599373954774));
#6925 = CARTESIAN_POINT('',(1.422386928259,71.675235542821));
#6926 = CARTESIAN_POINT('',(1.422391171673,71.751090192551));
#6927 = ( GEOMETRIC_REPRESENTATION_CONTEXT(2) 
PARAMETRIC_REPRESENTATION_CONTEXT() REPRESENTATION_CONTEXT('2D SPACE',''
  ) );
#6928 = ORIENTED_EDGE('',*,*,#5922,.F.);
#6929 = ADVANCED_FACE('',(#6930),#5537,.T.);
#6930 = FACE_BOUND('',#6931,.T.);
#6931 = EDGE_LOOP('',(#6932));
#6932 = ORIENTED_EDGE('',*,*,#5522,.T.);
#6933 = ADVANCED_FACE('',(#6934),#6001,.F.);
#6934 = FACE_BOUND('',#6935,.F.);
#6935 = EDGE_LOOP('',(#6936,#7348,#7499,#7629,#7843,#8078,#8292,#8506,
    #8720,#8913,#9169,#9383,#9590,#9591,#9592));
#6936 = ORIENTED_EDGE('',*,*,#6937,.F.);
#6937 = EDGE_CURVE('',#6938,#6940,#6942,.T.);
#6938 = VERTEX_POINT('',#6939);
#6939 = CARTESIAN_POINT('',(4.648639170545,0.50963295215,-39.82350859256
    ));
#6940 = VERTEX_POINT('',#6941);
#6941 = CARTESIAN_POINT('',(-2.630950426052,3.866224120237,-20.));
#6942 = SURFACE_CURVE('',#6943,(#7074,#7080),.PCURVE_S1.);
#6943 = B_SPLINE_CURVE_WITH_KNOTS('',9,(#6944,#6945,#6946,#6947,#6948,
    #6949,#6950,#6951,#6952,#6953,#6954,#6955,#6956,#6957,#6958,#6959,
    #6960,#6961,#6962,#6963,#6964,#6965,#6966,#6967,#6968,#6969,#6970,
    #6971,#6972,#6973,#6974,#6975,#6976,#6977,#6978,#6979,#6980,#6981,
    #6982,#6983,#6984,#6985,#6986,#6987,#6988,#6989,#6990,#6991,#6992,
    #6993,#6994,#6995,#6996,#6997,#6998,#6999,#7000,#7001,#7002,#7003,
    #7004,#7005,#7006,#7007,#7008,#7009,#7010,#7011,#7012,#7013,#7014,
    #7015,#7016,#7017,#7018,#7019,#7020,#7021,#7022,#7023,#7024,#7025,
    #7026,#7027,#7028,#7029,#7030,#7031,#7032,#7033,#7034,#7035,#7036,
    #7037,#7038,#7039,#7040,#7041,#7042,#7043,#7044,#7045,#7046,#7047,
    #7048,#7049,#7050,#7051,#7052,#7053,#7054,#7055,#7056,#7057,#7058,
    #7059,#7060,#7061,#7062,#7063,#7064,#7065,#7066,#7067,#7068,#7069,
    #7070,#7071,#7072,#7073),.UNSPECIFIED.,.F.,.F.,(10,8,8,8,8,8,8,8,8,8
    ,8,8,8,8,8,8,10),(0.,4.658814205154,9.317628410307,13.976442615461,
    18.635256820615,23.294071025768,27.952885230922,32.611699436076,
    37.270513641229,41.929327846383,46.588142051537,51.24695625669,
    55.905770461844,60.564584666998,65.223398872151,69.882213077305,
    74.541027282459),.UNSPECIFIED.);
#6944 = CARTESIAN_POINT('',(4.676489625,-6.76233690977E-03,
    -39.85432337401));
#6945 = CARTESIAN_POINT('',(4.679861307427,2.325244770958,
    -39.71543845551));
#6946 = CARTESIAN_POINT('',(3.374700559437,4.659614026141,
    -39.57653338904));
#6947 = CARTESIAN_POINT('',(0.762072211455,6.153393232056,
    -39.43768446659));
#6948 = CARTESIAN_POINT('',(-2.540503945541,5.985091764225,
    -39.29872891249));
#6949 = CARTESIAN_POINT('',(-5.258683185441,3.823845327489,
    -39.15991837311));
#6950 = CARTESIAN_POINT('',(-6.166854386865,0.644126639177,
    -39.02096398943));
#6951 = CARTESIAN_POINT('',(-5.300223334434,-2.237906620336,
    -38.88211326625));
#6952 = CARTESIAN_POINT('',(-3.3199980702,-4.035527805991,
    -38.74320992931));
#6953 = CARTESIAN_POINT('',(1.225578868083,-5.079943124412,
    -38.46543767415));
#6954 = CARTESIAN_POINT('',(3.791846329132,-4.326951332195,
    -38.32653450296));
#6955 = CARTESIAN_POINT('',(5.829537710711,-2.112224396546,
    -38.18768320109));
#6956 = CARTESIAN_POINT('',(6.400348406418,1.145000105137,
    -38.04873006285));
#6957 = CARTESIAN_POINT('',(4.898140579492,4.275951308444,-37.9099175461
    ));
#6958 = CARTESIAN_POINT('',(2.000231267964,5.86890685293,-37.77096444342
    ));
#6959 = CARTESIAN_POINT('',(-1.002386994212,5.665316724683,
    -37.63211309264));
#6960 = CARTESIAN_POINT('',(-3.195579624958,4.134748206408,
    -37.49320996147));
#6961 = CARTESIAN_POINT('',(-5.225295299686,-6.445736000914E-02,
    -37.2154376588));
#6962 = CARTESIAN_POINT('',(-5.062230813508,-2.733939571325,
    -37.07653452484));
#6963 = CARTESIAN_POINT('',(-3.356460698586,-5.213364886139,
    -36.93768317624));
#6964 = CARTESIAN_POINT('',(-0.307918941562,-6.494664799802,
    -36.79873008544));
#6965 = CARTESIAN_POINT('',(3.078805464229,-5.726822648932,
    -36.65991752987));
#6966 = CARTESIAN_POINT('',(5.276667775651,-3.256035927359,
    -36.52096445233));
#6967 = CARTESIAN_POINT('',(5.746327496147,-0.28339650958,
    -36.38211308923));
#6968 = CARTESIAN_POINT('',(4.742164798992,2.195391739464,-36.2432099621
    ));
#6969 = CARTESIAN_POINT('',(1.099896310844,5.108629348979,-35.9654376585
    ));
#6970 = CARTESIAN_POINT('',(-1.538941669749,5.543668904825,
    -35.82653452526));
#6971 = CARTESIAN_POINT('',(-4.335772174484,4.432390044669,
    -35.68768317576));
#6972 = CARTESIAN_POINT('',(-6.263311583099,1.745397647842,
    -35.54873008587));
#6973 = CARTESIAN_POINT('',(-6.268337915955,-1.72727545884,
    -35.40991752956));
#6974 = CARTESIAN_POINT('',(-4.348569350249,-4.419834542226,
    -35.27096445249));
#6975 = CARTESIAN_POINT('',(-1.554969328672,-5.539193412545,
    -35.13211308917));
#6976 = CARTESIAN_POINT('',(1.085117744931,-5.111789446968,
    -34.99320996211));
#6977 = CARTESIAN_POINT('',(4.735795390966,-2.209096587919,
    -34.71543765849));
#6978 = CARTESIAN_POINT('',(5.747124288864,0.26677480681,-34.57653452528
    ));
#6979 = CARTESIAN_POINT('',(5.286060845915,3.240765741375,
    -34.43768317574));
#6980 = CARTESIAN_POINT('',(3.095354827866,5.71788977032,-34.29873008589
    ));
#6981 = CARTESIAN_POINT('',(-0.289132649438,6.495532545566,
    -34.15991752954));
#6982 = CARTESIAN_POINT('',(-3.341372349249,5.223047347875,
    -34.02096445251));
#6983 = CARTESIAN_POINT('',(-5.054301041576,2.748569492638,
    -33.88211308916));
#6984 = CARTESIAN_POINT('',(-5.2250876271,7.956858438879E-02,
    -33.74320996211));
#6985 = CARTESIAN_POINT('',(-3.207523537692,-4.12548887709,
    -33.46543765849));
#6986 = CARTESIAN_POINT('',(-1.018769258893,-5.662394863163,
    -33.32653452527));
#6987 = CARTESIAN_POINT('',(1.98325378172,-5.874666483672,
    -33.18768317575));
#6988 = CARTESIAN_POINT('',(4.885749088651,-4.290097991751,
    -33.04873008587));
#6989 = CARTESIAN_POINT('',(6.397014050337,-1.163508478318,
    -32.90991752956));
#6990 = CARTESIAN_POINT('',(5.83561994195,2.095359794327,-32.77096445249
    ));
#6991 = CARTESIAN_POINT('',(3.804344905208,4.315964911456,
    -32.63211308917));
#6992 = CARTESIAN_POINT('',(1.24026501264,5.076378095544,-32.49320996211
    ));
#6993 = CARTESIAN_POINT('',(-3.308313124378,4.045111863833,
    -32.2154376585));
#6994 = CARTESIAN_POINT('',(-5.293729314916,2.253227979949,
    -32.07653452526));
#6995 = CARTESIAN_POINT('',(-6.168691813473,-0.626293196112,
    -31.93768317577));
#6996 = CARTESIAN_POINT('',(-5.269717728434,-3.808616546553,
    -31.79873008586));
#6997 = CARTESIAN_POINT('',(-2.557806432588,-5.977722559032,
    -31.65991752957));
#6998 = CARTESIAN_POINT('',(0.744277149857,-6.1555701847,-31.52096445248
    ));
#6999 = CARTESIAN_POINT('',(3.361208278777,-4.669354578674,
    -31.38211308918));
#7000 = CARTESIAN_POINT('',(4.673117769169,-2.338769374262,
    -31.24320996211));
#7001 = CARTESIAN_POINT('',(4.679861390205,2.325244737295,-30.9654376585
    ));
#7002 = CARTESIAN_POINT('',(3.374700441429,4.659614074131,
    -30.82653452526));
#7003 = CARTESIAN_POINT('',(0.762072345523,6.153393177533,
    -30.68768317576));
#7004 = CARTESIAN_POINT('',(-2.540504067414,5.985091813788,
    -30.54873008586));
#7005 = CARTESIAN_POINT('',(-5.258683097821,3.823845291857,
    -30.40991752957));
#7006 = CARTESIAN_POINT('',(-6.166854434966,0.644126658738,
    -30.27096445249));
#7007 = CARTESIAN_POINT('',(-5.300223316038,-2.237906627817,
    -30.13211308917));
#7008 = CARTESIAN_POINT('',(-3.319998073607,-4.035527804606,
    -29.99320996211));
#7009 = CARTESIAN_POINT('',(1.225578869709,-5.079943125073,
    -29.71543765849));
#7010 = CARTESIAN_POINT('',(3.791846326814,-4.326951331253,
    -29.57653452527));
#7011 = CARTESIAN_POINT('',(5.829537713343,-2.112224397617,
    -29.43768317575));
#7012 = CARTESIAN_POINT('',(6.400348404027,1.145000106112,
    -29.29873008588));
#7013 = CARTESIAN_POINT('',(4.898140581211,4.275951307742,
    -29.15991752955));
#7014 = CARTESIAN_POINT('',(2.000231267021,5.868906853317,-29.0209644525
    ));
#7015 = CARTESIAN_POINT('',(-1.002386993851,5.665316724535,
    -28.88211308917));
#7016 = CARTESIAN_POINT('',(-3.195579625025,4.134748206436,
    -28.74320996211));
#7017 = CARTESIAN_POINT('',(-5.225295299654,-6.445736002277E-02,
    -28.46543765849));
#7018 = CARTESIAN_POINT('',(-5.062230813553,-2.733939571305,
    -28.32653452527));
#7019 = CARTESIAN_POINT('',(-3.356460698533,-5.213364886164,
    -28.18768317574));
#7020 = CARTESIAN_POINT('',(-0.307918941611,-6.494664799778,
    -28.0487300859));
#7021 = CARTESIAN_POINT('',(3.078805464267,-5.726822648951,
    -27.90991752953));
#7022 = CARTESIAN_POINT('',(5.276667775629,-3.256035927349,
    -27.77096445252));
#7023 = CARTESIAN_POINT('',(5.746327496156,-0.283396509584,
    -27.63211308916));
#7024 = CARTESIAN_POINT('',(4.742164798991,2.195391739465,
    -27.49320996211));
#7025 = CARTESIAN_POINT('',(1.099896310845,5.108629348979,
    -27.21543765849));
#7026 = CARTESIAN_POINT('',(-1.538941669749,5.543668904825,
    -27.07653452529));
#7027 = CARTESIAN_POINT('',(-4.335772174485,4.432390044668,
    -26.93768317571));
#7028 = CARTESIAN_POINT('',(-6.263311583096,1.745397647846,
    -26.79873008594));
#7029 = CARTESIAN_POINT('',(-6.268337915959,-1.727275458846,
    -26.65991752949));
#7030 = CARTESIAN_POINT('',(-4.348569350246,-4.41983454222,
    -26.52096445255));
#7031 = CARTESIAN_POINT('',(-1.554969328674,-5.539193412549,
    -26.38211308915));
#7032 = CARTESIAN_POINT('',(1.085117744932,-5.111789446968,
    -26.24320996211));
#7033 = CARTESIAN_POINT('',(4.735795390966,-2.209096587919,
    -25.96543765849));
#7034 = CARTESIAN_POINT('',(5.747124288864,0.266774806808,
    -25.82653452528));
#7035 = CARTESIAN_POINT('',(5.286060845914,3.240765741377,
    -25.68768317573));
#7036 = CARTESIAN_POINT('',(3.095354827868,5.717889770318,
    -25.54873008591));
#7037 = CARTESIAN_POINT('',(-0.28913264944,6.495532545568,
    -25.40991752952));
#7038 = CARTESIAN_POINT('',(-3.341372349247,5.223047347875,
    -25.27096445253));
#7039 = CARTESIAN_POINT('',(-5.054301041578,2.748569492638,
    -25.13211308915));
#7040 = CARTESIAN_POINT('',(-5.2250876271,7.956858438924E-02,
    -24.99320996211));
#7041 = CARTESIAN_POINT('',(-3.207523537693,-4.125488877091,
    -24.71543765848));
#7042 = CARTESIAN_POINT('',(-1.018769258893,-5.66239486316,
    -24.57653452531));
#7043 = CARTESIAN_POINT('',(1.983253781721,-5.874666483676,
    -24.43768317567));
#7044 = CARTESIAN_POINT('',(4.885749088646,-4.29009799175,
    -24.29873008598));
#7045 = CARTESIAN_POINT('',(6.397014050345,-1.163508478315,
    -24.15991752945));
#7046 = CARTESIAN_POINT('',(5.835619941942,2.095359794321,
    -24.02096445257));
#7047 = CARTESIAN_POINT('',(3.804344905213,4.31596491146,-23.88211308913
    ));
#7048 = CARTESIAN_POINT('',(1.240265012639,5.076378095543,
    -23.74320996211));
#7049 = CARTESIAN_POINT('',(-3.308313124376,4.045111863832,
    -23.4654376585));
#7050 = CARTESIAN_POINT('',(-5.293729314921,2.253227979955,
    -23.32653452522));
#7051 = CARTESIAN_POINT('',(-6.168691813461,-0.62629319613,
    -23.1876831759));
#7052 = CARTESIAN_POINT('',(-5.269717728459,-3.808616546518,
    -23.04873008559));
#7053 = CARTESIAN_POINT('',(-2.55780643255,-5.977722559081,
    -22.90991752997));
#7054 = CARTESIAN_POINT('',(0.744277149814,-6.155570184647,
    -22.77096445203));
#7055 = CARTESIAN_POINT('',(3.361208278815,-4.669354578718,
    -22.63211308959));
#7056 = CARTESIAN_POINT('',(4.673117769142,-2.338769374232,
    -22.49320996181));
#7057 = CARTESIAN_POINT('',(4.679861390259,2.325244737233,
    -22.21543765913));
#7058 = CARTESIAN_POINT('',(3.374700441137,4.659614074467,
    -22.07653452183));
#7059 = CARTESIAN_POINT('',(0.762072346281,6.153393176656,
    -21.93768318477));
#7060 = CARTESIAN_POINT('',(-2.540504068789,5.985091815387,
    -21.79873006943));
#7061 = CARTESIAN_POINT('',(-5.258683095912,3.823845289636,
    -21.65991755247));
#7062 = CARTESIAN_POINT('',(-6.166854437067,0.644126661179,
    -21.52096442725));
#7063 = CARTESIAN_POINT('',(-5.300223314188,-2.237906629964,
    -21.38211311141));
#7064 = CARTESIAN_POINT('',(-3.319998074907,-4.035527803101,
    -21.24320994649));
#7065 = CARTESIAN_POINT('',(1.225578872434,-5.079943128225,
    -20.96543769122));
#7066 = CARTESIAN_POINT('',(3.791846312101,-4.326951314236,
    -20.82653434854));
#7067 = CARTESIAN_POINT('',(5.829537751819,-2.112224442111,
    -20.68768363791));
#7068 = CARTESIAN_POINT('',(6.400348333938,1.145000187159,
    -20.54872924395));
#7069 = CARTESIAN_POINT('',(4.898140678703,4.275951195008,
    -20.40991870069));
#7070 = CARTESIAN_POINT('',(2.000231159771,5.868906977336,
    -20.27096316412));
#7071 = CARTESIAN_POINT('',(-1.002386899449,5.665316615368,
    -20.13211422324));
#7072 = CARTESIAN_POINT('',(-3.195579691243,4.134748283013,
    -19.9932091666));
#7073 = CARTESIAN_POINT('',(-4.210437426091,2.035145381287,
    -19.85432424577));
#7074 = PCURVE('',#6001,#7075);
#7075 = DEFINITIONAL_REPRESENTATION('',(#7076),#7079);
#7076 = B_SPLINE_CURVE_WITH_KNOTS('',1,(#7077,#7078),.UNSPECIFIED.,.F.,
  .F.,(2,2),(0.,74.541027282459),.PIECEWISE_BEZIER_KNOTS.);
#7077 = CARTESIAN_POINT('',(0.,0.));
#7078 = CARTESIAN_POINT('',(0.,74.541027282459));
#7079 = ( GEOMETRIC_REPRESENTATION_CONTEXT(2) 
PARAMETRIC_REPRESENTATION_CONTEXT() REPRESENTATION_CONTEXT('2D SPACE',''
  ) );
#7080 = PCURVE('',#7081,#7342);
#7081 = B_SPLINE_SURFACE_WITH_KNOTS('',1,9,(
    (#7082,#7083,#7084,#7085,#7086,#7087,#7088,#7089,#7090,#7091,#7092
      ,#7093,#7094,#7095,#7096,#7097,#7098,#7099,#7100,#7101,#7102,#7103
      ,#7104,#7105,#7106,#7107,#7108,#7109,#7110,#7111,#7112,#7113,#7114
      ,#7115,#7116,#7117,#7118,#7119,#7120,#7121,#7122,#7123,#7124,#7125
      ,#7126,#7127,#7128,#7129,#7130,#7131,#7132,#7133,#7134,#7135,#7136
      ,#7137,#7138,#7139,#7140,#7141,#7142,#7143,#7144,#7145,#7146,#7147
      ,#7148,#7149,#7150,#7151,#7152,#7153,#7154,#7155,#7156,#7157,#7158
      ,#7159,#7160,#7161,#7162,#7163,#7164,#7165,#7166,#7167,#7168,#7169
      ,#7170,#7171,#7172,#7173,#7174,#7175,#7176,#7177,#7178,#7179,#7180
      ,#7181,#7182,#7183,#7184,#7185,#7186,#7187,#7188,#7189,#7190,#7191
      ,#7192,#7193,#7194,#7195,#7196,#7197,#7198,#7199,#7200,#7201,#7202
      ,#7203,#7204,#7205,#7206,#7207,#7208,#7209,#7210,#7211)
    ,(#7212,#7213,#7214,#7215,#7216,#7217,#7218,#7219,#7220,#7221,#7222
      ,#7223,#7224,#7225,#7226,#7227,#7228,#7229,#7230,#7231,#7232,#7233
      ,#7234,#7235,#7236,#7237,#7238,#7239,#7240,#7241,#7242,#7243,#7244
      ,#7245,#7246,#7247,#7248,#7249,#7250,#7251,#7252,#7253,#7254,#7255
      ,#7256,#7257,#7258,#7259,#7260,#7261,#7262,#7263,#7264,#7265,#7266
      ,#7267,#7268,#7269,#7270,#7271,#7272,#7273,#7274,#7275,#7276,#7277
      ,#7278,#7279,#7280,#7281,#7282,#7283,#7284,#7285,#7286,#7287,#7288
      ,#7289,#7290,#7291,#7292,#7293,#7294,#7295,#7296,#7297,#7298,#7299
      ,#7300,#7301,#7302,#7303,#7304,#7305,#7306,#7307,#7308,#7309,#7310
      ,#7311,#7312,#7313,#7314,#7315,#7316,#7317,#7318,#7319,#7320,#7321
      ,#7322,#7323,#7324,#7325,#7326,#7327,#7328,#7329,#7330,#7331,#7332
      ,#7333,#7334,#7335,#7336,#7337,#7338,#7339,#7340,#7341
  )),.UNSPECIFIED.,.F.,.F.,.F.,(2,2),(10,8,8,8,8,8,8,8,8,8,8,8,8,8,8,8,
    10),(0.,0.291666992032),(0.,4.658814205154,9.317628410307,
    13.976442615461,18.635256820615,23.294071025768,27.952885230922,
    32.611699436076,37.270513641229,41.929327846383,46.588142051537,
    51.24695625669,55.905770461844,60.564584666998,65.223398872151,
    69.882213077305,74.541027282459),.UNSPECIFIED.);
#7082 = CARTESIAN_POINT('',(4.676489625,6.762336909768E-03,
    -40.14567662599));
#7083 = CARTESIAN_POINT('',(4.67311793804,2.338769502946,-40.00679170518
    ));
#7084 = CARTESIAN_POINT('',(3.361208175239,4.669354646335,
    -39.86788664849));
#7085 = CARTESIAN_POINT('',(0.74427726254,6.155570382974,-39.72903770769
    ));
#7086 = CARTESIAN_POINT('',(-2.557806673531,5.977722600702,
    -39.59008217102));
#7087 = CARTESIAN_POINT('',(-5.269717771382,3.808616622073,
    -39.45127162786));
#7088 = CARTESIAN_POINT('',(-6.168691999768,0.626293132418,
    -39.31231723381));
#7089 = CARTESIAN_POINT('',(-5.293729383766,-2.253228063021,
    -39.17346652324));
#7090 = CARTESIAN_POINT('',(-3.308313161385,-4.045111977247,
    -39.03456318053));
#7091 = CARTESIAN_POINT('',(1.240265083761,-5.076378188506,
    -38.75679092528));
#7092 = CARTESIAN_POINT('',(3.804345018104,-4.315964968573,
    -38.61788776033));
#7093 = CARTESIAN_POINT('',(5.835620083037,-2.095359785841,
    -38.47903644455));
#7094 = CARTESIAN_POINT('',(6.397014169247,1.163508556266,
    -38.34008331923));
#7095 = CARTESIAN_POINT('',(4.885749154099,4.290098122991,-38.2012708024
    ));
#7096 = CARTESIAN_POINT('',(1.983253770814,5.874666621184,
    -38.06231768695));
#7097 = CARTESIAN_POINT('',(-1.018769328285,5.662394971061,
    -37.92346634995));
#7098 = CARTESIAN_POINT('',(-3.207523639339,4.125488934279,
    -37.78456321263));
#7099 = CARTESIAN_POINT('',(-5.225087733887,-7.956863106878E-02,
    -37.50679090996));
#7100 = CARTESIAN_POINT('',(-5.054301121913,-2.748569592806,
    -37.36788778216));
#7101 = CARTESIAN_POINT('',(-3.341372372905,-5.223047484114,
    -37.22903641975));
#7102 = CARTESIAN_POINT('',(-0.289132599419,-6.495532681753,
    -37.09008334178));
#7103 = CARTESIAN_POINT('',(3.095354940901,-5.717889861232,
    -36.95127078619));
#7104 = CARTESIAN_POINT('',(5.286060982599,-3.240765762495,
    -36.81231769585));
#7105 = CARTESIAN_POINT('',(5.747124409425,-0.266774762725,
    -36.67346634655));
#7106 = CARTESIAN_POINT('',(4.735795469352,2.20909667421,-36.53456321326
    ));
#7107 = CARTESIAN_POINT('',(1.085117723178,5.111789561504,
    -36.25679090966));
#7108 = CARTESIAN_POINT('',(-1.554969408447,5.539193513103,
    -36.11788778259));
#7109 = CARTESIAN_POINT('',(-4.348569477811,4.419834595668,
    -35.97903641927));
#7110 = CARTESIAN_POINT('',(-6.268338059859,1.727275440322,
    -35.8400833422));
#7111 = CARTESIAN_POINT('',(-6.263311696881,-1.745397737771,
    -35.70127078589));
#7112 = CARTESIAN_POINT('',(-4.335772225492,-4.43239017325,
    -35.56231769601));
#7113 = CARTESIAN_POINT('',(-1.538941653597,-5.543669032163,
    -35.42346634649));
#7114 = CARTESIAN_POINT('',(1.099896377529,-5.108629444603,
    -35.28456321327));
#7115 = CARTESIAN_POINT('',(4.742164915495,-2.195391743742,
    -35.00679090965));
#7116 = CARTESIAN_POINT('',(5.74632761194,0.283396564978,-34.8678877826)
  );
#7117 = CARTESIAN_POINT('',(5.276667856122,3.256036039831,
    -34.72903641926));
#7118 = CARTESIAN_POINT('',(3.078805478228,5.726822793351,
    -34.59008334222));
#7119 = CARTESIAN_POINT('',(-0.307919003962,6.494664930736,
    -34.45127078587));
#7120 = CARTESIAN_POINT('',(-3.356460812544,5.213364964493,
    -34.31231769602));
#7121 = CARTESIAN_POINT('',(-5.062230941292,2.733939583898,
    -34.17346634649));
#7122 = CARTESIAN_POINT('',(-5.22529540772,6.445731628772E-02,
    -34.03456321327));
#7123 = CARTESIAN_POINT('',(-3.195579655119,-4.134748319067,
    -33.75679090965));
#7124 = CARTESIAN_POINT('',(-1.002386965611,-5.665316849744,
    -33.6178877826));
#7125 = CARTESIAN_POINT('',(2.00023135877,-5.868906956818,
    -33.47903641926));
#7126 = CARTESIAN_POINT('',(4.898140718887,-4.27595135349,
    -33.34008334221));
#7127 = CARTESIAN_POINT('',(6.400348545572,-1.14500007446,
    -33.20127078588));
#7128 = CARTESIAN_POINT('',(5.829537815081,2.112224491335,
    -33.06231769601));
#7129 = CARTESIAN_POINT('',(3.791846367515,4.326951452988,
    -32.92346634649));
#7130 = CARTESIAN_POINT('',(1.225578851118,5.07994324016,-32.78456321327
    ));
#7131 = CARTESIAN_POINT('',(-3.319998176717,4.03552785901,
    -32.50679090966));
#7132 = CARTESIAN_POINT('',(-5.300223444395,2.237906628144,
    -32.36788778259));
#7133 = CARTESIAN_POINT('',(-6.166854556284,-0.644126725151,
    -32.22903641928));
#7134 = CARTESIAN_POINT('',(-5.258683173064,-3.823845415909,
    -32.09008334219));
#7135 = CARTESIAN_POINT('',(-2.540504068048,-5.985091958819,
    -31.9512707859));
#7136 = CARTESIAN_POINT('',(0.762072414251,-6.153393297581,-31.812317696
    ));
#7137 = CARTESIAN_POINT('',(3.374700551056,-4.659614140897,
    -31.6734663465));
#7138 = CARTESIAN_POINT('',(4.679861506544,-2.32524474478,
    -31.53456321327));
#7139 = CARTESIAN_POINT('',(4.673117845152,2.338769462681,
    -31.25679090966));
#7140 = CARTESIAN_POINT('',(3.361208307658,4.669354703739,
    -31.11788778259));
#7141 = CARTESIAN_POINT('',(0.744277112104,6.155570317754,
    -30.97903641928));
#7142 = CARTESIAN_POINT('',(-2.557806536787,5.977722659992,
    -30.84008334219));
#7143 = CARTESIAN_POINT('',(-5.269717869687,3.808616579444,
    -30.70127078589));
#7144 = CARTESIAN_POINT('',(-6.168691945805,0.626293155821,
    -30.56231769601));
#7145 = CARTESIAN_POINT('',(-5.293729404402,-2.253228071971,
    -30.42346634649));
#7146 = CARTESIAN_POINT('',(-3.308313157563,-4.045111975589,
    -30.28456321327));
#7147 = CARTESIAN_POINT('',(1.240265081936,-5.076378189298,
    -30.00679090966));
#7148 = CARTESIAN_POINT('',(3.804345020708,-4.315964967444,
    -29.8678877826));
#7149 = CARTESIAN_POINT('',(5.835620080077,-2.095359787126,
    -29.72903641926));
#7150 = CARTESIAN_POINT('',(6.397014171942,1.163508557435,
    -29.59008334222));
#7151 = CARTESIAN_POINT('',(4.885749152159,4.290098122149,
    -29.45127078588));
#7152 = CARTESIAN_POINT('',(1.98325377188,5.874666621646,-29.31231769602
    ));
#7153 = CARTESIAN_POINT('',(-1.018769328693,5.662394970884,
    -29.17346634649));
#7154 = CARTESIAN_POINT('',(-3.207523639263,4.125488934312,
    -29.03456321327));
#7155 = CARTESIAN_POINT('',(-5.225087733923,-7.956863108477E-02,
    -28.75679090965));
#7156 = CARTESIAN_POINT('',(-5.054301121862,-2.748569592782,
    -28.6178877826));
#7157 = CARTESIAN_POINT('',(-3.341372372962,-5.223047484143,
    -28.47903641925));
#7158 = CARTESIAN_POINT('',(-0.289132599369,-6.495532681725,
    -28.34008334223));
#7159 = CARTESIAN_POINT('',(3.095354940868,-5.717889861254,
    -28.20127078586));
#7160 = CARTESIAN_POINT('',(5.286060982617,-3.240765762482,
    -28.06231769604));
#7161 = CARTESIAN_POINT('',(5.747124409418,-0.266774762731,
    -27.92346634648));
#7162 = CARTESIAN_POINT('',(4.735795469354,2.209096674211,
    -27.78456321327));
#7163 = CARTESIAN_POINT('',(1.085117723177,5.111789561503,
    -27.50679090965));
#7164 = CARTESIAN_POINT('',(-1.554969408442,5.539193513105,
    -27.36788778261));
#7165 = CARTESIAN_POINT('',(-4.34856947782,4.419834595663,
    -27.22903641922));
#7166 = CARTESIAN_POINT('',(-6.268338059845,1.727275440328,
    -27.09008334227));
#7167 = CARTESIAN_POINT('',(-6.263311696897,-1.745397737776,
    -26.95127078582));
#7168 = CARTESIAN_POINT('',(-4.335772225481,-4.432390173248,
    -26.81231769606));
#7169 = CARTESIAN_POINT('',(-1.538941653602,-5.543669032164,
    -26.67346634647));
#7170 = CARTESIAN_POINT('',(1.09989637753,-5.108629444603,
    -26.53456321328));
#7171 = CARTESIAN_POINT('',(4.742164915495,-2.195391743742,
    -26.25679090965));
#7172 = CARTESIAN_POINT('',(5.746327611941,0.283396564976,-26.1178877826
    ));
#7173 = CARTESIAN_POINT('',(5.276667856121,3.256036039835,
    -25.97903641925));
#7174 = CARTESIAN_POINT('',(3.07880547823,5.726822793346,-25.84008334224
    ));
#7175 = CARTESIAN_POINT('',(-0.307919003963,6.494664930741,
    -25.70127078585));
#7176 = CARTESIAN_POINT('',(-3.356460812543,5.21336496449,
    -25.56231769605));
#7177 = CARTESIAN_POINT('',(-5.062230941291,2.7339395839,-25.42346634647
    ));
#7178 = CARTESIAN_POINT('',(-5.22529540772,6.445731628739E-02,
    -25.28456321328));
#7179 = CARTESIAN_POINT('',(-3.195579655118,-4.134748319067,
    -25.00679090964));
#7180 = CARTESIAN_POINT('',(-1.002386965618,-5.665316849743,
    -24.86788778263));
#7181 = CARTESIAN_POINT('',(2.000231358788,-5.868906956822,
    -24.72903641919));
#7182 = CARTESIAN_POINT('',(4.89814071886,-4.275951353482,
    -24.59008334232));
#7183 = CARTESIAN_POINT('',(6.400348545599,-1.14500007447,
    -24.45127078578));
#7184 = CARTESIAN_POINT('',(5.829537815063,2.112224491343,
    -24.31231769609));
#7185 = CARTESIAN_POINT('',(3.791846367522,4.326951452984,
    -24.17346634646));
#7186 = CARTESIAN_POINT('',(1.225578851117,5.079943240162,
    -24.03456321328));
#7187 = CARTESIAN_POINT('',(-3.319998176718,4.035527859009,
    -23.75679090966));
#7188 = CARTESIAN_POINT('',(-5.300223444386,2.237906628148,
    -23.61788778254));
#7189 = CARTESIAN_POINT('',(-6.166854556308,-0.644126725159,
    -23.47903641942));
#7190 = CARTESIAN_POINT('',(-5.25868317302,-3.823845415897,
    -23.34008334192));
#7191 = CARTESIAN_POINT('',(-2.540504068107,-5.98509195883,
    -23.2012707863));
#7192 = CARTESIAN_POINT('',(0.762072414312,-6.153393297575,
    -23.06231769554));
#7193 = CARTESIAN_POINT('',(3.374700551004,-4.659614140898,
    -22.92346634691));
#7194 = CARTESIAN_POINT('',(4.679861506579,-2.325244744782,
    -22.78456321297));
#7195 = CARTESIAN_POINT('',(4.673117845079,2.338769462686,
    -22.50679091029));
#7196 = CARTESIAN_POINT('',(3.361208308053,4.669354703713,
    -22.36788777915));
#7197 = CARTESIAN_POINT('',(0.744277111073,6.155570317823,-22.2290364283
    ));
#7198 = CARTESIAN_POINT('',(-2.557806534914,5.977722659867,
    -22.09008332573));
#7199 = CARTESIAN_POINT('',(-5.269717872285,3.808616579618,
    -21.95127080884));
#7200 = CARTESIAN_POINT('',(-6.168691942956,0.626293155631,
    -21.81231767072));
#7201 = CARTESIAN_POINT('',(-5.293729406904,-2.253228071808,
    -21.67346636878));
#7202 = CARTESIAN_POINT('',(-3.30831315581,-4.045111975701,
    -21.53456319762));
#7203 = CARTESIAN_POINT('',(1.240265078265,-5.076378189066,
    -21.25679094244));
#7204 = CARTESIAN_POINT('',(3.804345040521,-4.31596496869,
    -21.11788760554));
#7205 = CARTESIAN_POINT('',(5.835620028267,-2.095359783869,
    -20.97903688229));
#7206 = CARTESIAN_POINT('',(6.397014266323,1.163508551506,
    -20.84008249871));
#7207 = CARTESIAN_POINT('',(4.885749020872,4.29009813039,-20.70127195921
    ));
#7208 = CARTESIAN_POINT('',(1.983253916313,5.874666612587,
    -20.56231640522));
#7209 = CARTESIAN_POINT('',(-1.018769455831,5.662394978853,
    -20.42346748269));
#7210 = CARTESIAN_POINT('',(-3.207523550079,4.125488928723,
    -20.28456241627));
#7211 = CARTESIAN_POINT('',(-4.216305735414,2.022960154672,
    -20.14567749775));
#7212 = CARTESIAN_POINT('',(4.676489625,-6.76233690977E-03,
    -39.85432337401));
#7213 = CARTESIAN_POINT('',(4.679861307427,2.325244770958,
    -39.71543845551));
#7214 = CARTESIAN_POINT('',(3.374700559437,4.659614026141,
    -39.57653338904));
#7215 = CARTESIAN_POINT('',(0.762072211455,6.153393232056,
    -39.43768446659));
#7216 = CARTESIAN_POINT('',(-2.540503945541,5.985091764225,
    -39.29872891249));
#7217 = CARTESIAN_POINT('',(-5.258683185441,3.823845327489,
    -39.15991837311));
#7218 = CARTESIAN_POINT('',(-6.166854386865,0.644126639177,
    -39.02096398943));
#7219 = CARTESIAN_POINT('',(-5.300223334434,-2.237906620336,
    -38.88211326625));
#7220 = CARTESIAN_POINT('',(-3.3199980702,-4.035527805991,
    -38.74320992931));
#7221 = CARTESIAN_POINT('',(1.225578868083,-5.079943124412,
    -38.46543767415));
#7222 = CARTESIAN_POINT('',(3.791846329132,-4.326951332195,
    -38.32653450296));
#7223 = CARTESIAN_POINT('',(5.829537710711,-2.112224396546,
    -38.18768320109));
#7224 = CARTESIAN_POINT('',(6.400348406418,1.145000105137,
    -38.04873006285));
#7225 = CARTESIAN_POINT('',(4.898140579492,4.275951308444,-37.9099175461
    ));
#7226 = CARTESIAN_POINT('',(2.000231267964,5.86890685293,-37.77096444342
    ));
#7227 = CARTESIAN_POINT('',(-1.002386994212,5.665316724683,
    -37.63211309264));
#7228 = CARTESIAN_POINT('',(-3.195579624958,4.134748206408,
    -37.49320996147));
#7229 = CARTESIAN_POINT('',(-5.225295299686,-6.445736000914E-02,
    -37.2154376588));
#7230 = CARTESIAN_POINT('',(-5.062230813508,-2.733939571325,
    -37.07653452484));
#7231 = CARTESIAN_POINT('',(-3.356460698586,-5.213364886139,
    -36.93768317624));
#7232 = CARTESIAN_POINT('',(-0.307918941562,-6.494664799802,
    -36.79873008544));
#7233 = CARTESIAN_POINT('',(3.078805464229,-5.726822648932,
    -36.65991752987));
#7234 = CARTESIAN_POINT('',(5.276667775651,-3.256035927359,
    -36.52096445233));
#7235 = CARTESIAN_POINT('',(5.746327496147,-0.28339650958,
    -36.38211308923));
#7236 = CARTESIAN_POINT('',(4.742164798992,2.195391739464,-36.2432099621
    ));
#7237 = CARTESIAN_POINT('',(1.099896310844,5.108629348979,-35.9654376585
    ));
#7238 = CARTESIAN_POINT('',(-1.538941669749,5.543668904825,
    -35.82653452526));
#7239 = CARTESIAN_POINT('',(-4.335772174484,4.432390044669,
    -35.68768317576));
#7240 = CARTESIAN_POINT('',(-6.263311583099,1.745397647842,
    -35.54873008587));
#7241 = CARTESIAN_POINT('',(-6.268337915955,-1.72727545884,
    -35.40991752956));
#7242 = CARTESIAN_POINT('',(-4.348569350249,-4.419834542226,
    -35.27096445249));
#7243 = CARTESIAN_POINT('',(-1.554969328672,-5.539193412545,
    -35.13211308917));
#7244 = CARTESIAN_POINT('',(1.085117744931,-5.111789446968,
    -34.99320996211));
#7245 = CARTESIAN_POINT('',(4.735795390966,-2.209096587919,
    -34.71543765849));
#7246 = CARTESIAN_POINT('',(5.747124288864,0.26677480681,-34.57653452528
    ));
#7247 = CARTESIAN_POINT('',(5.286060845915,3.240765741375,
    -34.43768317574));
#7248 = CARTESIAN_POINT('',(3.095354827866,5.71788977032,-34.29873008589
    ));
#7249 = CARTESIAN_POINT('',(-0.289132649438,6.495532545566,
    -34.15991752954));
#7250 = CARTESIAN_POINT('',(-3.341372349249,5.223047347875,
    -34.02096445251));
#7251 = CARTESIAN_POINT('',(-5.054301041576,2.748569492638,
    -33.88211308916));
#7252 = CARTESIAN_POINT('',(-5.2250876271,7.956858438879E-02,
    -33.74320996211));
#7253 = CARTESIAN_POINT('',(-3.207523537692,-4.12548887709,
    -33.46543765849));
#7254 = CARTESIAN_POINT('',(-1.018769258893,-5.662394863163,
    -33.32653452527));
#7255 = CARTESIAN_POINT('',(1.98325378172,-5.874666483672,
    -33.18768317575));
#7256 = CARTESIAN_POINT('',(4.885749088651,-4.290097991751,
    -33.04873008587));
#7257 = CARTESIAN_POINT('',(6.397014050337,-1.163508478318,
    -32.90991752956));
#7258 = CARTESIAN_POINT('',(5.83561994195,2.095359794327,-32.77096445249
    ));
#7259 = CARTESIAN_POINT('',(3.804344905208,4.315964911456,
    -32.63211308917));
#7260 = CARTESIAN_POINT('',(1.24026501264,5.076378095544,-32.49320996211
    ));
#7261 = CARTESIAN_POINT('',(-3.308313124378,4.045111863833,
    -32.2154376585));
#7262 = CARTESIAN_POINT('',(-5.293729314916,2.253227979949,
    -32.07653452526));
#7263 = CARTESIAN_POINT('',(-6.168691813473,-0.626293196112,
    -31.93768317577));
#7264 = CARTESIAN_POINT('',(-5.269717728434,-3.808616546553,
    -31.79873008586));
#7265 = CARTESIAN_POINT('',(-2.557806432588,-5.977722559032,
    -31.65991752957));
#7266 = CARTESIAN_POINT('',(0.744277149857,-6.1555701847,-31.52096445248
    ));
#7267 = CARTESIAN_POINT('',(3.361208278777,-4.669354578674,
    -31.38211308918));
#7268 = CARTESIAN_POINT('',(4.673117769169,-2.338769374262,
    -31.24320996211));
#7269 = CARTESIAN_POINT('',(4.679861390205,2.325244737295,-30.9654376585
    ));
#7270 = CARTESIAN_POINT('',(3.374700441429,4.659614074131,
    -30.82653452526));
#7271 = CARTESIAN_POINT('',(0.762072345523,6.153393177533,
    -30.68768317576));
#7272 = CARTESIAN_POINT('',(-2.540504067414,5.985091813788,
    -30.54873008586));
#7273 = CARTESIAN_POINT('',(-5.258683097821,3.823845291857,
    -30.40991752957));
#7274 = CARTESIAN_POINT('',(-6.166854434966,0.644126658738,
    -30.27096445249));
#7275 = CARTESIAN_POINT('',(-5.300223316038,-2.237906627817,
    -30.13211308917));
#7276 = CARTESIAN_POINT('',(-3.319998073607,-4.035527804606,
    -29.99320996211));
#7277 = CARTESIAN_POINT('',(1.225578869709,-5.079943125073,
    -29.71543765849));
#7278 = CARTESIAN_POINT('',(3.791846326814,-4.326951331253,
    -29.57653452527));
#7279 = CARTESIAN_POINT('',(5.829537713343,-2.112224397617,
    -29.43768317575));
#7280 = CARTESIAN_POINT('',(6.400348404027,1.145000106112,
    -29.29873008588));
#7281 = CARTESIAN_POINT('',(4.898140581211,4.275951307742,
    -29.15991752955));
#7282 = CARTESIAN_POINT('',(2.000231267021,5.868906853317,-29.0209644525
    ));
#7283 = CARTESIAN_POINT('',(-1.002386993851,5.665316724535,
    -28.88211308917));
#7284 = CARTESIAN_POINT('',(-3.195579625025,4.134748206436,
    -28.74320996211));
#7285 = CARTESIAN_POINT('',(-5.225295299654,-6.445736002277E-02,
    -28.46543765849));
#7286 = CARTESIAN_POINT('',(-5.062230813553,-2.733939571305,
    -28.32653452527));
#7287 = CARTESIAN_POINT('',(-3.356460698533,-5.213364886164,
    -28.18768317574));
#7288 = CARTESIAN_POINT('',(-0.307918941611,-6.494664799778,
    -28.0487300859));
#7289 = CARTESIAN_POINT('',(3.078805464267,-5.726822648951,
    -27.90991752953));
#7290 = CARTESIAN_POINT('',(5.276667775629,-3.256035927349,
    -27.77096445252));
#7291 = CARTESIAN_POINT('',(5.746327496156,-0.283396509584,
    -27.63211308916));
#7292 = CARTESIAN_POINT('',(4.742164798991,2.195391739465,
    -27.49320996211));
#7293 = CARTESIAN_POINT('',(1.099896310845,5.108629348979,
    -27.21543765849));
#7294 = CARTESIAN_POINT('',(-1.538941669749,5.543668904825,
    -27.07653452529));
#7295 = CARTESIAN_POINT('',(-4.335772174485,4.432390044668,
    -26.93768317571));
#7296 = CARTESIAN_POINT('',(-6.263311583096,1.745397647846,
    -26.79873008594));
#7297 = CARTESIAN_POINT('',(-6.268337915959,-1.727275458846,
    -26.65991752949));
#7298 = CARTESIAN_POINT('',(-4.348569350246,-4.41983454222,
    -26.52096445255));
#7299 = CARTESIAN_POINT('',(-1.554969328674,-5.539193412549,
    -26.38211308915));
#7300 = CARTESIAN_POINT('',(1.085117744932,-5.111789446968,
    -26.24320996211));
#7301 = CARTESIAN_POINT('',(4.735795390966,-2.209096587919,
    -25.96543765849));
#7302 = CARTESIAN_POINT('',(5.747124288864,0.266774806808,
    -25.82653452528));
#7303 = CARTESIAN_POINT('',(5.286060845914,3.240765741377,
    -25.68768317573));
#7304 = CARTESIAN_POINT('',(3.095354827868,5.717889770318,
    -25.54873008591));
#7305 = CARTESIAN_POINT('',(-0.28913264944,6.495532545568,
    -25.40991752952));
#7306 = CARTESIAN_POINT('',(-3.341372349247,5.223047347875,
    -25.27096445253));
#7307 = CARTESIAN_POINT('',(-5.054301041578,2.748569492638,
    -25.13211308915));
#7308 = CARTESIAN_POINT('',(-5.2250876271,7.956858438924E-02,
    -24.99320996211));
#7309 = CARTESIAN_POINT('',(-3.207523537693,-4.125488877091,
    -24.71543765848));
#7310 = CARTESIAN_POINT('',(-1.018769258893,-5.66239486316,
    -24.57653452531));
#7311 = CARTESIAN_POINT('',(1.983253781721,-5.874666483676,
    -24.43768317567));
#7312 = CARTESIAN_POINT('',(4.885749088646,-4.29009799175,
    -24.29873008598));
#7313 = CARTESIAN_POINT('',(6.397014050345,-1.163508478315,
    -24.15991752945));
#7314 = CARTESIAN_POINT('',(5.835619941942,2.095359794321,
    -24.02096445257));
#7315 = CARTESIAN_POINT('',(3.804344905213,4.31596491146,-23.88211308913
    ));
#7316 = CARTESIAN_POINT('',(1.240265012639,5.076378095543,
    -23.74320996211));
#7317 = CARTESIAN_POINT('',(-3.308313124376,4.045111863832,
    -23.4654376585));
#7318 = CARTESIAN_POINT('',(-5.293729314921,2.253227979955,
    -23.32653452522));
#7319 = CARTESIAN_POINT('',(-6.168691813461,-0.62629319613,
    -23.1876831759));
#7320 = CARTESIAN_POINT('',(-5.269717728459,-3.808616546518,
    -23.04873008559));
#7321 = CARTESIAN_POINT('',(-2.55780643255,-5.977722559081,
    -22.90991752997));
#7322 = CARTESIAN_POINT('',(0.744277149814,-6.155570184647,
    -22.77096445203));
#7323 = CARTESIAN_POINT('',(3.361208278815,-4.669354578718,
    -22.63211308959));
#7324 = CARTESIAN_POINT('',(4.673117769142,-2.338769374232,
    -22.49320996181));
#7325 = CARTESIAN_POINT('',(4.679861390259,2.325244737233,
    -22.21543765913));
#7326 = CARTESIAN_POINT('',(3.374700441137,4.659614074467,
    -22.07653452183));
#7327 = CARTESIAN_POINT('',(0.762072346281,6.153393176656,
    -21.93768318477));
#7328 = CARTESIAN_POINT('',(-2.540504068789,5.985091815387,
    -21.79873006943));
#7329 = CARTESIAN_POINT('',(-5.258683095912,3.823845289636,
    -21.65991755247));
#7330 = CARTESIAN_POINT('',(-6.166854437067,0.644126661179,
    -21.52096442725));
#7331 = CARTESIAN_POINT('',(-5.300223314188,-2.237906629964,
    -21.38211311141));
#7332 = CARTESIAN_POINT('',(-3.319998074907,-4.035527803101,
    -21.24320994649));
#7333 = CARTESIAN_POINT('',(1.225578872434,-5.079943128225,
    -20.96543769122));
#7334 = CARTESIAN_POINT('',(3.791846312101,-4.326951314236,
    -20.82653434854));
#7335 = CARTESIAN_POINT('',(5.829537751819,-2.112224442111,
    -20.68768363791));
#7336 = CARTESIAN_POINT('',(6.400348333938,1.145000187159,
    -20.54872924395));
#7337 = CARTESIAN_POINT('',(4.898140678703,4.275951195008,
    -20.40991870069));
#7338 = CARTESIAN_POINT('',(2.000231159771,5.868906977336,
    -20.27096316412));
#7339 = CARTESIAN_POINT('',(-1.002386899449,5.665316615368,
    -20.13211422324));
#7340 = CARTESIAN_POINT('',(-3.195579691243,4.134748283013,
    -19.9932091666));
#7341 = CARTESIAN_POINT('',(-4.210437426091,2.035145381287,
    -19.85432424577));
#7342 = DEFINITIONAL_REPRESENTATION('',(#7343),#7347);
#7343 = LINE('',#7344,#7345);
#7344 = CARTESIAN_POINT('',(0.291666992032,0.));
#7345 = VECTOR('',#7346,1.);
#7346 = DIRECTION('',(0.,1.));
#7347 = ( GEOMETRIC_REPRESENTATION_CONTEXT(2) 
PARAMETRIC_REPRESENTATION_CONTEXT() REPRESENTATION_CONTEXT('2D SPACE',''
  ) );
#7348 = ORIENTED_EDGE('',*,*,#7349,.F.);
#7349 = EDGE_CURVE('',#7350,#6938,#7352,.T.);
#7350 = VERTEX_POINT('',#7351);
#7351 = CARTESIAN_POINT('',(-5.929180851796,0.919137871431,-38.5));
#7352 = SURFACE_CURVE('',#7353,(#7398,#7446),.PCURVE_S1.);
#7353 = B_SPLINE_CURVE_WITH_KNOTS('',7,(#7354,#7355,#7356,#7357,#7358,
    #7359,#7360,#7361,#7362,#7363,#7364,#7365,#7366,#7367,#7368,#7369,
    #7370,#7371,#7372,#7373,#7374,#7375,#7376,#7377,#7378,#7379,#7380,
    #7381,#7382,#7383,#7384,#7385,#7386,#7387,#7388,#7389,#7390,#7391,
    #7392,#7393,#7394,#7395,#7396,#7397),.UNSPECIFIED.,.F.,.F.,(8,6,6,6,
    6,6,6,8),(0.,0.160344196734,0.307064564067,0.444630712027,
    0.571180739111,0.688478442046,0.799206718062,1.),.UNSPECIFIED.);
#7354 = CARTESIAN_POINT('',(-5.929180851796,0.919137871431,-38.5));
#7355 = CARTESIAN_POINT('',(-5.847741409275,1.266559458189,
    -38.52725680755));
#7356 = CARTESIAN_POINT('',(-5.742153457555,1.608198761126,
    -38.55464792673));
#7357 = CARTESIAN_POINT('',(-5.612774075131,1.94196673521,
    -38.58217267977));
#7358 = CARTESIAN_POINT('',(-5.460184611724,2.26582748164,
    -38.60983354148));
#7359 = CARTESIAN_POINT('',(-5.285174357243,2.577793458515,
    -38.63763454873));
#7360 = CARTESIAN_POINT('',(-5.088749748832,2.875933762309,
    -38.66557919005));
#7361 = CARTESIAN_POINT('',(-4.67399050619,3.416857512758,
    -38.71936978142));
#7362 = CARTESIAN_POINT('',(-4.45891652322,3.662216972023,
    -38.74519475552));
#7363 = CARTESIAN_POINT('',(-4.227906762494,3.893048389955,
    -38.77114281565));
#7364 = CARTESIAN_POINT('',(-3.982061539608,4.108030959071,
    -38.79721637403));
#7365 = CARTESIAN_POINT('',(-3.722613443079,4.305941876794,
    -38.8234188275));
#7366 = CARTESIAN_POINT('',(-3.450931194877,4.485664695398,
    -38.84975296778));
#7367 = CARTESIAN_POINT('',(-2.903759736253,4.796743703756,
    -38.90103397233));
#7368 = CARTESIAN_POINT('',(-2.629544322791,4.930430164225,
    -38.92596686071));
#7369 = CARTESIAN_POINT('',(-2.347142654274,5.046452861611,
    -38.9510178835));
#7370 = CARTESIAN_POINT('',(-2.057883793829,5.144118576178,
    -38.97618896598));
#7371 = CARTESIAN_POINT('',(-1.76316874143,5.222853111651,
    -39.00148284138));
#7372 = CARTESIAN_POINT('',(-1.464470774135,5.282208878665,
    -39.02690180849));
#7373 = CARTESIAN_POINT('',(-0.886323732181,5.358387778516,-39.07594514)
  );
#7374 = CARTESIAN_POINT('',(-0.607230385557,5.378238693948,
    -39.09955174843));
#7375 = CARTESIAN_POINT('',(-0.327267558866,5.381203143006,
    -39.12326632031));
#7376 = CARTESIAN_POINT('',(-4.766228022613E-02,5.367156715036,
    -39.14709056173));
#7377 = CARTESIAN_POINT('',(0.230339755327,5.33608218004,-39.17102691891
    ));
#7378 = CARTESIAN_POINT('',(0.505476035487,5.288075005015,
    -39.19507762173));
#7379 = CARTESIAN_POINT('',(1.027651038621,5.163375309249,
    -39.24164256183));
#7380 = CARTESIAN_POINT('',(1.275286812972,5.089033454699,
    -39.26414176566));
#7381 = CARTESIAN_POINT('',(1.518359160767,5.000509936704,
    -39.28674170138));
#7382 = CARTESIAN_POINT('',(1.755866085526,4.898070335503,
    -39.30944414726));
#7383 = CARTESIAN_POINT('',(1.986821362094,4.782066405807,
    -39.33225143537));
#7384 = CARTESIAN_POINT('',(2.210257439531,4.652939660636,
    -39.35516565436));
#7385 = CARTESIAN_POINT('',(2.62816588478,4.377460606554,-39.3999203409)
  );
#7386 = CARTESIAN_POINT('',(2.823568957655,4.232471898289,
    -39.42175006897));
#7387 = CARTESIAN_POINT('',(3.010645704208,4.076720255175,
    -39.44367753355));
#7388 = CARTESIAN_POINT('',(3.188639729791,3.910728117436,
    -39.46570433787));
#7389 = CARTESIAN_POINT('',(3.356832372615,3.735083517568,
    -39.48783247059));
#7390 = CARTESIAN_POINT('',(3.51454602398,3.55044209447,-39.51006366006)
  );
#7391 = CARTESIAN_POINT('',(3.927004860267,3.007715303062,-39.5729006164
    ));
#7392 = CARTESIAN_POINT('',(4.156430908671,2.630579541214,
    -39.61375917818));
#7393 = CARTESIAN_POINT('',(4.345519736692,2.230590164699,
    -39.65496155325));
#7394 = CARTESIAN_POINT('',(4.491204032646,1.812771911368,
    -39.69652085014));
#7395 = CARTESIAN_POINT('',(4.59114705166,1.382610442252,-39.73845315208
    ));
#7396 = CARTESIAN_POINT('',(4.643771367616,0.946069717831,
    -39.78078555929));
#7397 = CARTESIAN_POINT('',(4.648639170545,0.50963295215,-39.82350859256
    ));
#7398 = PCURVE('',#6001,#7399);
#7399 = DEFINITIONAL_REPRESENTATION('',(#7400),#7445);
#7400 = B_SPLINE_CURVE_WITH_KNOTS('',7,(#7401,#7402,#7403,#7404,#7405,
    #7406,#7407,#7408,#7409,#7410,#7411,#7412,#7413,#7414,#7415,#7416,
    #7417,#7418,#7419,#7420,#7421,#7422,#7423,#7424,#7425,#7426,#7427,
    #7428,#7429,#7430,#7431,#7432,#7433,#7434,#7435,#7436,#7437,#7438,
    #7439,#7440,#7441,#7442,#7443,#7444),.UNSPECIFIED.,.F.,.F.,(8,6,6,6,
    6,6,6,8),(0.,0.160344196734,0.307064564067,0.444630712027,
    0.571180739111,0.688478442046,0.799206718062,1.),.UNSPECIFIED.);
#7401 = CARTESIAN_POINT('',(1.422383381547,3.106874553922));
#7402 = CARTESIAN_POINT('',(1.39308995528,3.045256216281));
#7403 = CARTESIAN_POINT('',(1.363653179527,2.98333288742));
#7404 = CARTESIAN_POINT('',(1.334073974034,2.921105838918));
#7405 = CARTESIAN_POINT('',(1.304349651372,2.858569512988));
#7406 = CARTESIAN_POINT('',(1.274475567971,2.795715197948));
#7407 = CARTESIAN_POINT('',(1.244447470544,2.732535693037));
#7408 = CARTESIAN_POINT('',(1.186646132874,2.610921984651));
#7409 = CARTESIAN_POINT('',(1.158895457189,2.552535172078));
#7410 = CARTESIAN_POINT('',(1.131012010132,2.493870766651));
#7411 = CARTESIAN_POINT('',(1.102992813976,2.43492383995));
#7412 = CARTESIAN_POINT('',(1.074833963417,2.375687060627));
#7413 = CARTESIAN_POINT('',(1.046532401066,2.316154196757));
#7414 = CARTESIAN_POINT('',(0.991418153214,2.200227430543));
#7415 = CARTESIAN_POINT('',(0.964620615117,2.143864949445));
#7416 = CARTESIAN_POINT('',(0.937695294077,2.087236528523));
#7417 = CARTESIAN_POINT('',(0.910640372852,2.03033747385));
#7418 = CARTESIAN_POINT('',(0.883453270971,1.973161121799));
#7419 = CARTESIAN_POINT('',(0.856131898946,1.915701757452));
#7420 = CARTESIAN_POINT('',(0.803418970984,1.804838497206));
#7421 = CARTESIAN_POINT('',(0.77804642846,1.75147483488));
#7422 = CARTESIAN_POINT('',(0.752558464324,1.697866280092));
#7423 = CARTESIAN_POINT('',(0.726953413652,1.644008745392));
#7424 = CARTESIAN_POINT('',(0.701228687965,1.589896643625));
#7425 = CARTESIAN_POINT('',(0.675381789967,1.535525068139));
#7426 = CARTESIAN_POINT('',(0.62534020596,1.430254048405));
#7427 = CARTESIAN_POINT('',(0.601161602994,1.379388690524));
#7428 = CARTESIAN_POINT('',(0.576875037177,1.328295203608));
#7429 = CARTESIAN_POINT('',(0.552478370247,1.276969874065));
#7430 = CARTESIAN_POINT('',(0.527968848473,1.225407763948));
#7431 = CARTESIAN_POINT('',(0.503344021125,1.173604430437));
#7432 = CARTESIAN_POINT('',(0.455247327441,1.072426515263));
#7433 = CARTESIAN_POINT('',(0.431787054822,1.023076142762));
#7434 = CARTESIAN_POINT('',(0.408221231895,0.973505506503));
#7435 = CARTESIAN_POINT('',(0.384548129571,0.923710992463));
#7436 = CARTESIAN_POINT('',(0.360765725646,0.873687953487));
#7437 = CARTESIAN_POINT('',(0.336872372988,0.823432204075));
#7438 = CARTESIAN_POINT('',(0.269337337974,0.68138315687));
#7439 = CARTESIAN_POINT('',(0.22542398269,0.589018396153));
#7440 = CARTESIAN_POINT('',(0.181142602693,0.495874483534));
#7441 = CARTESIAN_POINT('',(0.136479587237,0.401921226994));
#7442 = CARTESIAN_POINT('',(9.141879744656E-02,0.307120718811));
#7443 = CARTESIAN_POINT('',(4.592015196623E-02,0.211426542295));
#7444 = CARTESIAN_POINT('',(0.,0.114850232593));
#7445 = ( GEOMETRIC_REPRESENTATION_CONTEXT(2) 
PARAMETRIC_REPRESENTATION_CONTEXT() REPRESENTATION_CONTEXT('2D SPACE',''
  ) );
#7446 = PCURVE('',#7447,#7452);
#7447 = CONICAL_SURFACE('',#7448,6.,0.785398163397);
#7448 = AXIS2_PLACEMENT_3D('',#7449,#7450,#7451);
#7449 = CARTESIAN_POINT('',(0.,0.,-38.5));
#7450 = DIRECTION('',(0.,0.,1.));
#7451 = DIRECTION('',(1.,0.,-0.));
#7452 = DEFINITIONAL_REPRESENTATION('',(#7453),#7498);
#7453 = B_SPLINE_CURVE_WITH_KNOTS('',7,(#7454,#7455,#7456,#7457,#7458,
    #7459,#7460,#7461,#7462,#7463,#7464,#7465,#7466,#7467,#7468,#7469,
    #7470,#7471,#7472,#7473,#7474,#7475,#7476,#7477,#7478,#7479,#7480,
    #7481,#7482,#7483,#7484,#7485,#7486,#7487,#7488,#7489,#7490,#7491,
    #7492,#7493,#7494,#7495,#7496,#7497),.UNSPECIFIED.,.F.,.F.,(8,6,6,6,
    6,6,6,8),(0.,0.160344196734,0.307064564067,0.444630712027,
    0.571180739111,0.688478442046,0.799206718062,1.),.UNSPECIFIED.);
#7454 = CARTESIAN_POINT('',(2.987797439426,0.));
#7455 = CARTESIAN_POINT('',(2.928498008994,-2.725680756219E-02));
#7456 = CARTESIAN_POINT('',(2.868905840637,-5.464792671899E-02));
#7457 = CARTESIAN_POINT('',(2.809022153515,-8.217267977333E-02));
#7458 = CARTESIAN_POINT('',(2.748841560184,-0.10983354149));
#7459 = CARTESIAN_POINT('',(2.688355636979,-0.137634548734));
#7460 = CARTESIAN_POINT('',(2.627557435151,-0.165579190058));
#7461 = CARTESIAN_POINT('',(2.5105287546,-0.219369781427));
#7462 = CARTESIAN_POINT('',(2.454343772113,-0.245194755529));
#7463 = CARTESIAN_POINT('',(2.397892226918,-0.27114281565));
#7464 = CARTESIAN_POINT('',(2.341169407245,-0.297216374036));
#7465 = CARTESIAN_POINT('',(2.284168312269,-0.323418827507));
#7466 = CARTESIAN_POINT('',(2.226883012347,-0.349752967782));
#7467 = CARTESIAN_POINT('',(2.115334341192,-0.401033972332));
#7468 = CARTESIAN_POINT('',(2.061101113224,-0.425966860713));
#7469 = CARTESIAN_POINT('',(2.006612703102,-0.4510178835));
#7470 = CARTESIAN_POINT('',(1.951864639644,-0.476188965987));
#7471 = CARTESIAN_POINT('',(1.896850538472,-0.501482841389));
#7472 = CARTESIAN_POINT('',(1.841564906304,-0.526901808491));
#7473 = CARTESIAN_POINT('',(1.734897158359,-0.57594514));
#7474 = CARTESIAN_POINT('',(1.683553636435,-0.599551748433));
#7475 = CARTESIAN_POINT('',(1.631975127759,-0.623266320315));
#7476 = CARTESIAN_POINT('',(1.580157681856,-0.647090561736));
#7477 = CARTESIAN_POINT('',(1.528095904103,-0.671026918911));
#7478 = CARTESIAN_POINT('',(1.475785065801,-0.695077621736));
#7479 = CARTESIAN_POINT('',(1.374505073325,-0.74164256183));
#7480 = CARTESIAN_POINT('',(1.325568629421,-0.764141765661));
#7481 = CARTESIAN_POINT('',(1.276413229861,-0.786741701389));
#7482 = CARTESIAN_POINT('',(1.227035333081,-0.809444147261));
#7483 = CARTESIAN_POINT('',(1.177430246734,-0.832251435372));
#7484 = CARTESIAN_POINT('',(1.12759377937,-0.855165654359));
#7485 = CARTESIAN_POINT('',(1.030258889348,-0.899920340905));
#7486 = CARTESIAN_POINT('',(0.982783672355,-0.921750068975));
#7487 = CARTESIAN_POINT('',(0.935097322349,-0.943677533551));
#7488 = CARTESIAN_POINT('',(0.887196447911,-0.965704337876));
#7489 = CARTESIAN_POINT('',(0.839076655777,-0.987832470592));
#7490 = CARTESIAN_POINT('',(0.790733970857,-1.010063660068));
#7491 = CARTESIAN_POINT('',(0.654094960585,-1.072900616408));
#7492 = CARTESIAN_POINT('',(0.565251139066,-1.113759178183));
#7493 = CARTESIAN_POINT('',(0.475661025635,-1.154961553258));
#7494 = CARTESIAN_POINT('',(0.385295231719,-1.196520850148));
#7495 = CARTESIAN_POINT('',(0.294116058784,-1.238453152089));
#7496 = CARTESIAN_POINT('',(0.202077788977,-1.280785559299));
#7497 = CARTESIAN_POINT('',(0.109194496703,-1.323508592562));
#7498 = ( GEOMETRIC_REPRESENTATION_CONTEXT(2) 
PARAMETRIC_REPRESENTATION_CONTEXT() REPRESENTATION_CONTEXT('2D SPACE',''
  ) );
#7499 = ORIENTED_EDGE('',*,*,#7500,.T.);
#7500 = EDGE_CURVE('',#7350,#7501,#7503,.T.);
#7501 = VERTEX_POINT('',#7502);
#7502 = CARTESIAN_POINT('',(6.,0.,-37.58216252958));
#7503 = SURFACE_CURVE('',#7504,(#7542,#7583),.PCURVE_S1.);
#7504 = B_SPLINE_CURVE_WITH_KNOTS('',8,(#7505,#7506,#7507,#7508,#7509,
    #7510,#7511,#7512,#7513,#7514,#7515,#7516,#7517,#7518,#7519,#7520,
    #7521,#7522,#7523,#7524,#7525,#7526,#7527,#7528,#7529,#7530,#7531,
    #7532,#7533,#7534,#7535,#7536,#7537,#7538,#7539,#7540,#7541),
  .UNSPECIFIED.,.F.,.F.,(9,7,7,7,7,9),(0.,0.279434053768,0.426265066587,
    0.58431260377,0.77710284457,1.),.UNSPECIFIED.);
#7505 = CARTESIAN_POINT('',(-5.929178871778,0.919150644051,-38.5000006)
  );
#7506 = CARTESIAN_POINT('',(-6.034962268368,0.236772098045,
    -38.46794553265));
#7507 = CARTESIAN_POINT('',(-6.05112609673,-0.460381293105,
    -38.43584886397));
#7508 = CARTESIAN_POINT('',(-5.974937544484,-1.157282276872,
    -38.40377233006));
#7509 = CARTESIAN_POINT('',(-5.807363025312,-1.839733198217,
    -38.3717102496));
#7510 = CARTESIAN_POINT('',(-5.551410782452,-2.494164972683,
    -38.33965154492));
#7511 = CARTESIAN_POINT('',(-5.212461009649,-3.107768685195,
    -38.30758156306));
#7512 = CARTESIAN_POINT('',(-4.797859320108,-3.668443334015,
    -38.27548831705));
#7513 = CARTESIAN_POINT('',(-4.066479136528,-4.426672694806,
    -38.22658429814));
#7514 = CARTESIAN_POINT('',(-3.796477761785,-4.670455186195,
    -38.20973824728));
#7515 = CARTESIAN_POINT('',(-3.509838777822,-4.895357466223,
    -38.19289169863));
#7516 = CARTESIAN_POINT('',(-3.208104983894,-5.100060193539,
    -38.17604489521));
#7517 = CARTESIAN_POINT('',(-2.892928998625,-5.283408150849,
    -38.1591982194));
#7518 = CARTESIAN_POINT('',(-2.566073259998,-5.444410244918,
    -38.14235219297));
#7519 = CARTESIAN_POINT('',(-2.229410025362,-5.582239506571,
    -38.12550747703));
#7520 = CARTESIAN_POINT('',(-1.514116986871,-5.818934724906,
    -38.09053564873));
#7521 = CARTESIAN_POINT('',(-1.134160546468,-5.914055158834,
    -38.07240501412));
#7522 = CARTESIAN_POINT('',(-0.747500359131,-5.980791254953,
    -38.0542735819));
#7523 = CARTESIAN_POINT('',(-0.356607074898,-6.018602186324,
    -38.03614188434));
#7524 = CARTESIAN_POINT('',(3.602631506358E-02,-6.0272094366,
    -38.01801037236));
#7525 = CARTESIAN_POINT('',(0.427884478456,-6.006596800022,
    -37.99987941553));
#7526 = CARTESIAN_POINT('',(0.816429741852,-5.957010381421,
    -37.98174930207));
#7527 = CARTESIAN_POINT('',(1.665895155596,-5.78374912487,
    -37.94150596532));
#7528 = CARTESIAN_POINT('',(2.124095546849,-5.646171297319,
    -37.91938924239));
#7529 = CARTESIAN_POINT('',(2.569089348928,-5.467152811371,
    -37.89727497117));
#7530 = CARTESIAN_POINT('',(2.996553661424,-5.248213415822,
    -37.87516271907));
#7531 = CARTESIAN_POINT('',(3.402407732025,-4.991366660292,
    -37.85304943202));
#7532 = CARTESIAN_POINT('',(3.782809695139,-4.699093270619,
    -37.83093269982));
#7533 = CARTESIAN_POINT('',(4.134198916187,-4.374386149827,
    -37.80881457455));
#7534 = CARTESIAN_POINT('',(4.822414209419,-3.612140860032,
    -37.76114473461));
#7535 = CARTESIAN_POINT('',(5.1487745247,-3.164482494763,-37.73557022043
    ));
#7536 = CARTESIAN_POINT('',(5.427367584918,-2.683382272829,
    -37.71000178661));
#7537 = CARTESIAN_POINT('',(5.654297830645,-2.174881383532,
    -37.68443834802));
#7538 = CARTESIAN_POINT('',(5.826617748911,-1.645390526105,
    -37.65887435934));
#7539 = CARTESIAN_POINT('',(5.942234771062,-1.10163812032,
    -37.63330449105));
#7540 = CARTESIAN_POINT('',(5.999999999787,-0.550692181704,
    -37.60772783804));
#7541 = CARTESIAN_POINT('',(6.,-2.6645352591E-15,-37.58216252958));
#7542 = PCURVE('',#6001,#7543);
#7543 = DEFINITIONAL_REPRESENTATION('',(#7544),#7582);
#7544 = B_SPLINE_CURVE_WITH_KNOTS('',8,(#7545,#7546,#7547,#7548,#7549,
    #7550,#7551,#7552,#7553,#7554,#7555,#7556,#7557,#7558,#7559,#7560,
    #7561,#7562,#7563,#7564,#7565,#7566,#7567,#7568,#7569,#7570,#7571,
    #7572,#7573,#7574,#7575,#7576,#7577,#7578,#7579,#7580,#7581),
  .UNSPECIFIED.,.F.,.F.,(9,7,7,7,7,9),(0.,0.279434053768,0.426265066587,
    0.58431260377,0.77710284457,1.),.UNSPECIFIED.);
#7545 = CARTESIAN_POINT('',(1.422383381436,3.106872317843));
#7546 = CARTESIAN_POINT('',(1.422384930848,3.226341086312));
#7547 = CARTESIAN_POINT('',(1.422390246037,3.345959766687));
#7548 = CARTESIAN_POINT('',(1.422397901404,3.465500210436));
#7549 = CARTESIAN_POINT('',(1.422404636266,3.584988041246));
#7550 = CARTESIAN_POINT('',(1.422403981322,3.704473373183));
#7551 = CARTESIAN_POINT('',(1.422399147631,3.82400643763));
#7552 = CARTESIAN_POINT('',(1.422396688638,3.943622969178));
#7553 = CARTESIAN_POINT('',(1.422397216826,4.125890039978));
#7554 = CARTESIAN_POINT('',(1.422398835327,4.188673929018));
#7555 = CARTESIAN_POINT('',(1.422400929594,4.251459024386));
#7556 = CARTESIAN_POINT('',(1.422402737805,4.314245459823));
#7557 = CARTESIAN_POINT('',(1.422403697117,4.377032578076));
#7558 = CARTESIAN_POINT('',(1.422403443662,4.439818930895));
#7559 = CARTESIAN_POINT('',(1.422401812548,4.502602279036));
#7560 = CARTESIAN_POINT('',(1.422395635934,4.632952508608));
#7561 = CARTESIAN_POINT('',(1.422397238355,4.700524128727));
#7562 = CARTESIAN_POINT('',(1.42240050569,4.7680964493));
#7563 = CARTESIAN_POINT('',(1.422403261856,4.835670455803));
#7564 = CARTESIAN_POINT('',(1.422404294121,4.903246122506));
#7565 = CARTESIAN_POINT('',(1.422403353101,4.970822412475));
#7566 = CARTESIAN_POINT('',(1.422401152764,5.038397277572));
#7567 = CARTESIAN_POINT('',(1.422397196291,5.188391657158));
#7568 = CARTESIAN_POINT('',(1.422395588802,5.270824012122));
#7569 = CARTESIAN_POINT('',(1.42239623332,5.353244157079));
#7570 = CARTESIAN_POINT('',(1.42239848286,5.435654587069));
#7571 = CARTESIAN_POINT('',(1.422400815142,5.518068761695));
#7572 = CARTESIAN_POINT('',(1.422401881168,5.600497504392));
#7573 = CARTESIAN_POINT('',(1.42240114536,5.682933897708));
#7574 = CARTESIAN_POINT('',(1.422396772407,5.860607807092));
#7575 = CARTESIAN_POINT('',(1.422392687623,5.955930951909));
#7576 = CARTESIAN_POINT('',(1.422387168148,6.051233212135));
#7577 = CARTESIAN_POINT('',(1.422382445369,6.146516035511));
#7578 = CARTESIAN_POINT('',(1.422380382897,6.241797207677));
#7579 = CARTESIAN_POINT('',(1.422381686634,6.337095422368));
#7580 = CARTESIAN_POINT('',(1.422385866304,6.432415374193));
#7581 = CARTESIAN_POINT('',(1.422391195973,6.527691319659));
#7582 = ( GEOMETRIC_REPRESENTATION_CONTEXT(2) 
PARAMETRIC_REPRESENTATION_CONTEXT() REPRESENTATION_CONTEXT('2D SPACE',''
  ) );
#7583 = PCURVE('',#7584,#7589);
#7584 = CYLINDRICAL_SURFACE('',#7585,6.);
#7585 = AXIS2_PLACEMENT_3D('',#7586,#7587,#7588);
#7586 = CARTESIAN_POINT('',(0.,0.,0.));
#7587 = DIRECTION('',(0.,0.,1.));
#7588 = DIRECTION('',(1.,0.,0.));
#7589 = DEFINITIONAL_REPRESENTATION('',(#7590),#7628);
#7590 = B_SPLINE_CURVE_WITH_KNOTS('',8,(#7591,#7592,#7593,#7594,#7595,
    #7596,#7597,#7598,#7599,#7600,#7601,#7602,#7603,#7604,#7605,#7606,
    #7607,#7608,#7609,#7610,#7611,#7612,#7613,#7614,#7615,#7616,#7617,
    #7618,#7619,#7620,#7621,#7622,#7623,#7624,#7625,#7626,#7627),
  .UNSPECIFIED.,.F.,.F.,(9,7,7,7,7,9),(0.,0.279434053768,0.426265066587,
    0.58431260377,0.77710284457,1.),.UNSPECIFIED.);
#7591 = CARTESIAN_POINT('',(2.98779528523,-38.5000006));
#7592 = CARTESIAN_POINT('',(3.10288348897,-38.46794553265));
#7593 = CARTESIAN_POINT('',(3.218116645068,-38.43584886397));
#7594 = CARTESIAN_POINT('',(3.333275198511,-38.40377233006));
#7595 = CARTESIAN_POINT('',(3.448383699447,-38.3717102496));
#7596 = CARTESIAN_POINT('',(3.563489615206,-38.33965154492));
#7597 = CARTESIAN_POINT('',(3.678639490191,-38.30758156306));
#7598 = CARTESIAN_POINT('',(3.793868198874,-38.27548831705));
#7599 = CARTESIAN_POINT('',(3.969448881223,-38.22658429814));
#7600 = CARTESIAN_POINT('',(4.029929335116,-38.20973824728));
#7601 = CARTESIAN_POINT('',(4.090411211733,-38.19289169863));
#7602 = CARTESIAN_POINT('',(4.150894948778,-38.17604489521));
#7603 = CARTESIAN_POINT('',(4.211380034795,-38.1591982194));
#7604 = CARTESIAN_POINT('',(4.271865009166,-38.14235219297));
#7605 = CARTESIAN_POINT('',(4.332347462111,-38.12550747703));
#7606 = CARTESIAN_POINT('',(4.457920455193,-38.09053564873));
#7607 = CARTESIAN_POINT('',(4.523015252063,-38.07240501412));
#7608 = CARTESIAN_POINT('',(4.588110612413,-38.0542735819));
#7609 = CARTESIAN_POINT('',(4.653207605511,-38.03614188434));
#7610 = CARTESIAN_POINT('',(4.718306182777,-38.01801037236));
#7611 = CARTESIAN_POINT('',(4.783405177784,-37.99987941553));
#7612 = CARTESIAN_POINT('',(4.848502306259,-37.98174930207));
#7613 = CARTESIAN_POINT('',(4.99299480435,-37.94150596532));
#7614 = CARTESIAN_POINT('',(5.072402926573,-37.91938924239));
#7615 = CARTESIAN_POINT('',(5.151799271401,-37.89727497117));
#7616 = CARTESIAN_POINT('',(5.231186791256,-37.87516271907));
#7617 = CARTESIAN_POINT('',(5.310578710315,-37.85304943202));
#7618 = CARTESIAN_POINT('',(5.389985348701,-37.83093269982));
#7619 = CARTESIAN_POINT('',(5.469399712898,-37.80881457455));
#7620 = CARTESIAN_POINT('',(5.64056063228,-37.76114473461));
#7621 = CARTESIAN_POINT('',(5.732389717507,-37.73557022043));
#7622 = CARTESIAN_POINT('',(5.824198512136,-37.71000178661));
#7623 = CARTESIAN_POINT('',(5.915988048569,-37.68443834802));
#7624 = CARTESIAN_POINT('',(6.0077754376,-37.65887435934));
#7625 = CARTESIAN_POINT('',(6.099578921752,-37.63330449105));
#7626 = CARTESIAN_POINT('',(6.191403276896,-37.60772783804));
#7627 = CARTESIAN_POINT('',(6.28318530718,-37.58216252958));
#7628 = ( GEOMETRIC_REPRESENTATION_CONTEXT(2) 
PARAMETRIC_REPRESENTATION_CONTEXT() REPRESENTATION_CONTEXT('2D SPACE',''
  ) );
#7629 = ORIENTED_EDGE('',*,*,#7630,.T.);
#7630 = EDGE_CURVE('',#7501,#7631,#7633,.T.);
#7631 = VERTEX_POINT('',#7632);
#7632 = CARTESIAN_POINT('',(6.,0.,-35.83215960981));
#7633 = SURFACE_CURVE('',#7634,(#7700,#7769),.PCURVE_S1.);
#7634 = B_SPLINE_CURVE_WITH_KNOTS('',8,(#7635,#7636,#7637,#7638,#7639,
    #7640,#7641,#7642,#7643,#7644,#7645,#7646,#7647,#7648,#7649,#7650,
    #7651,#7652,#7653,#7654,#7655,#7656,#7657,#7658,#7659,#7660,#7661,
    #7662,#7663,#7664,#7665,#7666,#7667,#7668,#7669,#7670,#7671,#7672,
    #7673,#7674,#7675,#7676,#7677,#7678,#7679,#7680,#7681,#7682,#7683,
    #7684,#7685,#7686,#7687,#7688,#7689,#7690,#7691,#7692,#7693,#7694,
    #7695,#7696,#7697,#7698,#7699),.UNSPECIFIED.,.F.,.F.,(9,7,7,7,7,7,7,
    7,7,9),(0.,0.140212474889,0.292393182772,0.421917561503,
    0.45495887064,0.541697126442,0.68320142699,0.819900553165,
    0.909678685006,1.),.UNSPECIFIED.);
#7635 = CARTESIAN_POINT('',(6.,8.881784197001E-16,-37.58216252958));
#7636 = CARTESIAN_POINT('',(6.,0.660717035982,-37.55148943214));
#7637 = CARTESIAN_POINT('',(5.916847938175,1.322116188947,
    -37.52078408662));
#7638 = CARTESIAN_POINT('',(5.750245818013,1.970921304588,
    -37.49009654659));
#7639 = CARTESIAN_POINT('',(5.502783355444,2.594974512621,
    -37.45942258588));
#7640 = CARTESIAN_POINT('',(5.178708941659,3.182875660773,
    -37.42875205273));
#7641 = CARTESIAN_POINT('',(4.784131073949,3.724112104271,
    -37.39807241829));
#7642 = CARTESIAN_POINT('',(4.32677080012,4.208997097231,-37.36737566334
    ));
#7643 = CARTESIAN_POINT('',(3.263627480225,5.085573092463,
    -37.30341710111));
#7644 = CARTESIAN_POINT('',(2.64727787841,5.466789829451,-37.27008620517
    ));
#7645 = CARTESIAN_POINT('',(1.980849773046,5.761773613426,
    -37.23678089367));
#7646 = CARTESIAN_POINT('',(1.278577436501,5.963551974358,
    -37.20348748289));
#7647 = CARTESIAN_POINT('',(0.555283290251,6.067430148303,
    -37.17019211977));
#7648 = CARTESIAN_POINT('',(-0.173591471993,6.071569865177,
    -37.13688190121));
#7649 = CARTESIAN_POINT('',(-0.892106167411,5.976483292924,
    -37.10354643017));
#7650 = CARTESIAN_POINT('',(-2.172433768231,5.626102287548,
    -37.04192894251));
#7651 = CARTESIAN_POINT('',(-2.742795820752,5.396453624048,
    -37.01357843978));
#7652 = CARTESIAN_POINT('',(-3.284873102773,5.10080538046,
    -36.98523830275));
#7653 = CARTESIAN_POINT('',(-3.789885391329,4.743448555204,
    -36.95690478605));
#7654 = CARTESIAN_POINT('',(-4.249901350356,4.32977326349,
    -36.92856912047));
#7655 = CARTESIAN_POINT('',(-4.657919647553,3.866327108296,
    -36.90022569875));
#7656 = CARTESIAN_POINT('',(-5.007818318078,3.36069867421,
    -36.87187838128));
#7657 = CARTESIAN_POINT('',(-5.368131098023,2.684662249831,
    -36.83631959878));
#7658 = CARTESIAN_POINT('',(-5.437266543896,2.545133137733,
    -36.82909429494));
#7659 = CARTESIAN_POINT('',(-5.5022430722,2.403596914705,-36.82186989212
    ));
#7660 = CARTESIAN_POINT('',(-5.563001553663,2.260180665833,
    -36.81464562167));
#7661 = CARTESIAN_POINT('',(-5.619484890625,2.115020269228,
    -36.80742102748));
#7662 = CARTESIAN_POINT('',(-5.67163801704,1.968260396022,
    -36.80019596596));
#7663 = CARTESIAN_POINT('',(-5.719407898477,1.820054510371,
    -36.79297060609));
#7664 = CARTESIAN_POINT('',(-5.876505891237,1.278132757893,
    -36.76677828659));
#7665 = CARTESIAN_POINT('',(-5.959735341597,0.876808313252,
    -36.74781225966));
#7666 = CARTESIAN_POINT('',(-6.011612607161,0.469434402881,
    -36.72884597503));
#7667 = CARTESIAN_POINT('',(-6.031635663748,5.886671224532E-02,
    -36.70987871901));
#7668 = CARTESIAN_POINT('',(-6.019619739031,-0.352026255072,
    -36.69091043782));
#7669 = CARTESIAN_POINT('',(-5.975697312543,-0.760363177371,
    -36.67194173753));
#7670 = CARTESIAN_POINT('',(-5.900318115669,-1.163249914837,
    -36.65297388411));
#7671 = CARTESIAN_POINT('',(-5.621208790292,-2.201412861715,
    -36.60306927779));
#7672 = CARTESIAN_POINT('',(-5.366294361786,-2.823690405381,
    -36.57210037723));
#7673 = CARTESIAN_POINT('',(-5.032757898712,-3.411441497697,
    -36.54115061353));
#7674 = CARTESIAN_POINT('',(-4.626404009809,-3.953343042298,
    -36.51021436517));
#7675 = CARTESIAN_POINT('',(-4.154490976459,-4.439243969485,
    -36.47927846519));
#7676 = CARTESIAN_POINT('',(-3.625907425107,-4.860376060507,
    -36.44832939245));
#7677 = CARTESIAN_POINT('',(-3.050948019496,-5.209212552922,
    -36.41736033547));
#7678 = CARTESIAN_POINT('',(-1.854097918525,-5.74254696522,
    -36.35653432438));
#7679 = CARTESIAN_POINT('',(-1.233298295476,-5.932742774209,
    -36.32661617443));
#7680 = CARTESIAN_POINT('',(-0.590843986401,-6.0458532527,
    -36.29671043713));
#7681 = CARTESIAN_POINT('',(6.202639724313E-02,-6.079387059362,
    -36.26681435532));
#7682 = CARTESIAN_POINT('',(0.71407022265,-6.032535964926,
    -36.23691991274));
#7683 = CARTESIAN_POINT('',(1.354070028541,-5.906349609619,
    -36.20701803467));
#7684 = CARTESIAN_POINT('',(1.970876555465,-5.703530217665,
    -36.17710283066));
#7685 = CARTESIAN_POINT('',(2.936231954107,-5.249511997841,
    -36.1275857199));
#7686 = CARTESIAN_POINT('',(3.304473135818,-5.038670417982,
    -36.10795600903));
#7687 = CARTESIAN_POINT('',(3.655290143999,-4.798383010235,
    -36.08832550299));
#7688 = CARTESIAN_POINT('',(3.985933893593,-4.530342421266,
    -36.0686941951));
#7689 = CARTESIAN_POINT('',(4.293893834175,-4.236516120258,
    -36.04906229573));
#7690 = CARTESIAN_POINT('',(4.576897949952,-3.919146398914,
    -36.02943023241));
#7691 = CARTESIAN_POINT('',(4.83291275976,-3.580750371454,
    -36.00979864973));
#7692 = CARTESIAN_POINT('',(5.288748683675,-2.865331862765,
    -35.97041940058));
#7693 = CARTESIAN_POINT('',(5.488316745355,-2.487943800954,
    -35.95066605911));
#7694 = CARTESIAN_POINT('',(5.657044717598,-2.094797113916,
    -35.93091356889));
#7695 = CARTESIAN_POINT('',(5.793486346783,-1.688852001885,
    -35.91116280855));
#7696 = CARTESIAN_POINT('',(5.896552929078,-1.273179470044,
    -35.89141241674));
#7697 = CARTESIAN_POINT('',(5.965514329336,-0.850953257965,
    -35.87166085737));
#7698 = CARTESIAN_POINT('',(6.,-0.425441769056,-35.85190848495));
#7699 = CARTESIAN_POINT('',(6.,-2.6645352591E-15,-35.83215960981));
#7700 = PCURVE('',#6001,#7701);
#7701 = DEFINITIONAL_REPRESENTATION('',(#7702),#7768);
#7702 = B_SPLINE_CURVE_WITH_KNOTS('',8,(#7703,#7704,#7705,#7706,#7707,
    #7708,#7709,#7710,#7711,#7712,#7713,#7714,#7715,#7716,#7717,#7718,
    #7719,#7720,#7721,#7722,#7723,#7724,#7725,#7726,#7727,#7728,#7729,
    #7730,#7731,#7732,#7733,#7734,#7735,#7736,#7737,#7738,#7739,#7740,
    #7741,#7742,#7743,#7744,#7745,#7746,#7747,#7748,#7749,#7750,#7751,
    #7752,#7753,#7754,#7755,#7756,#7757,#7758,#7759,#7760,#7761,#7762,
    #7763,#7764,#7765,#7766,#7767),.UNSPECIFIED.,.F.,.F.,(9,7,7,7,7,7,7,
    7,7,9),(0.,0.140212474889,0.292393182772,0.421917561503,
    0.45495887064,0.541697126442,0.68320142699,0.819900553165,
    0.909678685006,1.),.UNSPECIFIED.);
#7703 = CARTESIAN_POINT('',(1.422391171571,6.527691320408));
#7704 = CARTESIAN_POINT('',(1.422397566349,6.642002804425));
#7705 = CARTESIAN_POINT('',(1.422405782636,6.756431993337));
#7706 = CARTESIAN_POINT('',(1.422413429183,6.870795597735));
#7707 = CARTESIAN_POINT('',(1.422416954663,6.985114214422));
#7708 = CARTESIAN_POINT('',(1.422413699486,7.09942930845));
#7709 = CARTESIAN_POINT('',(1.42240620175,7.213784112342));
#7710 = CARTESIAN_POINT('',(1.422397990522,7.328203698846));
#7711 = CARTESIAN_POINT('',(1.422384454422,7.566599015336));
#7712 = CARTESIAN_POINT('',(1.422379426154,7.690831837629));
#7713 = CARTESIAN_POINT('',(1.422379490928,7.814962356089));
#7714 = CARTESIAN_POINT('',(1.422386398851,7.939039182646));
#7715 = CARTESIAN_POINT('',(1.422396519367,8.063118901913));
#7716 = CARTESIAN_POINT('',(1.422401426057,8.18726110192));
#7717 = CARTESIAN_POINT('',(1.42240180193,8.311503601246));
#7718 = CARTESIAN_POINT('',(1.422399102485,8.54115882533));
#7719 = CARTESIAN_POINT('',(1.42239653556,8.646826107569));
#7720 = CARTESIAN_POINT('',(1.42239437805,8.752454198074));
#7721 = CARTESIAN_POINT('',(1.42239564556,8.858052941623));
#7722 = CARTESIAN_POINT('',(1.422402699442,8.963651799708));
#7723 = CARTESIAN_POINT('',(1.422411244904,9.069277530799));
#7724 = CARTESIAN_POINT('',(1.422399832155,9.174945013352));
#7725 = CARTESIAN_POINT('',(1.422395549782,9.30748026611));
#7726 = CARTESIAN_POINT('',(1.422395693843,9.334409148108));
#7727 = CARTESIAN_POINT('',(1.422396551467,9.361333698233));
#7728 = CARTESIAN_POINT('',(1.422397844723,9.388257160496));
#7729 = CARTESIAN_POINT('',(1.422399318643,9.415181582756));
#7730 = CARTESIAN_POINT('',(1.422400741213,9.442107816717));
#7731 = CARTESIAN_POINT('',(1.422401903379,9.469035517928));
#7732 = CARTESIAN_POINT('',(1.422404497779,9.566652096506));
#7733 = CARTESIAN_POINT('',(1.422403330542,9.637341044319));
#7734 = CARTESIAN_POINT('',(1.422400876757,9.708032708104));
#7735 = CARTESIAN_POINT('',(1.422398427016,9.778727986967));
#7736 = CARTESIAN_POINT('',(1.422396803082,9.849425960243));
#7737 = CARTESIAN_POINT('',(1.422396357893,9.9201238875));
#7738 = CARTESIAN_POINT('',(1.422396975557,9.990817208531));
#7739 = CARTESIAN_POINT('',(1.422399859033,10.17681030513));
#7740 = CARTESIAN_POINT('',(1.422402500212,10.292229384873));
#7741 = CARTESIAN_POINT('',(1.422403340912,10.407579597485));
#7742 = CARTESIAN_POINT('',(1.422398315602,10.522887441497));
#7743 = CARTESIAN_POINT('',(1.422389970337,10.638198516737));
#7744 = CARTESIAN_POINT('',(1.422383846983,10.753555655599));
#7745 = CARTESIAN_POINT('',(1.422381784766,10.86898173535));
#7746 = CARTESIAN_POINT('',(1.422385225612,11.095678707694));
#7747 = CARTESIAN_POINT('',(1.422390471087,11.207178031823));
#7748 = CARTESIAN_POINT('',(1.422398980772,11.318626639452));
#7749 = CARTESIAN_POINT('',(1.422408453325,11.430037946873));
#7750 = CARTESIAN_POINT('',(1.422414356065,11.541448015716));
#7751 = CARTESIAN_POINT('',(1.422414778489,11.65289327478));
#7752 = CARTESIAN_POINT('',(1.422410935407,11.764394020513));
#7753 = CARTESIAN_POINT('',(1.422401133196,11.948960210636));
#7754 = CARTESIAN_POINT('',(1.422396156607,12.022127941801));
#7755 = CARTESIAN_POINT('',(1.422391124871,12.095298711826));
#7756 = CARTESIAN_POINT('',(1.422386825389,12.16847147132));
#7757 = CARTESIAN_POINT('',(1.422383797228,12.241644700565));
#7758 = CARTESIAN_POINT('',(1.422382331121,12.314816409527));
#7759 = CARTESIAN_POINT('',(1.422382469465,12.387984137845));
#7760 = CARTESIAN_POINT('',(1.422385552482,12.534748415521));
#7761 = CARTESIAN_POINT('',(1.422388404928,12.608366241734));
#7762 = CARTESIAN_POINT('',(1.42239211701,12.681979722267));
#7763 = CARTESIAN_POINT('',(1.42239593117,12.755586616081));
#7764 = CARTESIAN_POINT('',(1.422399039194,12.829193099814));
#7765 = CARTESIAN_POINT('',(1.422400842466,12.902805715294));
#7766 = CARTESIAN_POINT('',(1.422401212224,12.97642331704));
#7767 = CARTESIAN_POINT('',(1.422400749811,13.050029019769));
#7768 = ( GEOMETRIC_REPRESENTATION_CONTEXT(2) 
PARAMETRIC_REPRESENTATION_CONTEXT() REPRESENTATION_CONTEXT('2D SPACE',''
  ) );
#7769 = PCURVE('',#7770,#7775);
#7770 = CYLINDRICAL_SURFACE('',#7771,6.);
#7771 = AXIS2_PLACEMENT_3D('',#7772,#7773,#7774);
#7772 = CARTESIAN_POINT('',(0.,0.,0.));
#7773 = DIRECTION('',(0.,0.,1.));
#7774 = DIRECTION('',(1.,0.,0.));
#7775 = DEFINITIONAL_REPRESENTATION('',(#7776),#7842);
#7776 = B_SPLINE_CURVE_WITH_KNOTS('',8,(#7777,#7778,#7779,#7780,#7781,
    #7782,#7783,#7784,#7785,#7786,#7787,#7788,#7789,#7790,#7791,#7792,
    #7793,#7794,#7795,#7796,#7797,#7798,#7799,#7800,#7801,#7802,#7803,
    #7804,#7805,#7806,#7807,#7808,#7809,#7810,#7811,#7812,#7813,#7814,
    #7815,#7816,#7817,#7818,#7819,#7820,#7821,#7822,#7823,#7824,#7825,
    #7826,#7827,#7828,#7829,#7830,#7831,#7832,#7833,#7834,#7835,#7836,
    #7837,#7838,#7839,#7840,#7841),.UNSPECIFIED.,.F.,.F.,(9,7,7,7,7,7,7,
    7,7,9),(0.,0.140212474889,0.292393182772,0.421917561503,
    0.45495887064,0.541697126442,0.68320142699,0.819900553165,
    0.909678685006,1.),.UNSPECIFIED.);
#7777 = CARTESIAN_POINT('',(0.,-37.58216252958));
#7778 = CARTESIAN_POINT('',(0.110119505997,-37.55148943214));
#7779 = CARTESIAN_POINT('',(0.22035250216,-37.52078408662));
#7780 = CARTESIAN_POINT('',(0.330522669425,-37.49009654659));
#7781 = CARTESIAN_POINT('',(0.440649938062,-37.45942258588));
#7782 = CARTESIAN_POINT('',(0.5507738381,-37.42875205273));
#7783 = CARTESIAN_POINT('',(0.660935581968,-37.39807241829));
#7784 = CARTESIAN_POINT('',(0.771159382762,-37.36737566334));
#7785 = CARTESIAN_POINT('',(1.000812454085,-37.30341710111));
#7786 = CARTESIAN_POINT('',(1.120489366188,-37.27008620517));
#7787 = CARTESIAN_POINT('',(1.240067904517,-37.23678089367));
#7788 = CARTESIAN_POINT('',(1.359595405197,-37.20348748289));
#7789 = CARTESIAN_POINT('',(1.479127114475,-37.17019211977));
#7790 = CARTESIAN_POINT('',(1.598719460323,-37.13688190121));
#7791 = CARTESIAN_POINT('',(1.718407493082,-37.10354643017));
#7792 = CARTESIAN_POINT('',(1.93964175896,-37.04192894251));
#7793 = CARTESIAN_POINT('',(2.041433557641,-37.01357843978));
#7794 = CARTESIAN_POINT('',(2.14318647674,-36.98523830275));
#7795 = CARTESIAN_POINT('',(2.244910405326,-36.95690478605));
#7796 = CARTESIAN_POINT('',(2.346634760672,-36.92856912047));
#7797 = CARTESIAN_POINT('',(2.448388199718,-36.90022569875));
#7798 = CARTESIAN_POINT('',(2.55018499435,-36.87187838128));
#7799 = CARTESIAN_POINT('',(2.677861946338,-36.83631959878));
#7800 = CARTESIAN_POINT('',(2.703803493205,-36.82909429494));
#7801 = CARTESIAN_POINT('',(2.729740882242,-36.82186989212));
#7802 = CARTESIAN_POINT('',(2.755677376335,-36.81464562167));
#7803 = CARTESIAN_POINT('',(2.781614996555,-36.80742102748));
#7804 = CARTESIAN_POINT('',(2.807554522161,-36.80019596596));
#7805 = CARTESIAN_POINT('',(2.833495490598,-36.79297060609));
#7806 = CARTESIAN_POINT('',(2.927534336758,-36.76677828659));
#7807 = CARTESIAN_POINT('',(2.99563176884,-36.74781225966));
#7808 = CARTESIAN_POINT('',(3.063731119963,-36.72884597503));
#7809 = CARTESIAN_POINT('',(3.131833345412,-36.70987871901));
#7810 = CARTESIAN_POINT('',(3.199937729541,-36.69091043782));
#7811 = CARTESIAN_POINT('',(3.268041885774,-36.67194173753));
#7812 = CARTESIAN_POINT('',(3.336141756602,-36.65297388411));
#7813 = CARTESIAN_POINT('',(3.515313021642,-36.60306927779));
#7814 = CARTESIAN_POINT('',(3.626499796999,-36.57210037723));
#7815 = CARTESIAN_POINT('',(3.737621682787,-36.54115061353));
#7816 = CARTESIAN_POINT('',(3.848703581837,-36.51021436517));
#7817 = CARTESIAN_POINT('',(3.959787974867,-36.47927846519));
#7818 = CARTESIAN_POINT('',(4.070915909151,-36.44832939245));
#7819 = CARTESIAN_POINT('',(4.182109607816,-36.41736033547));
#7820 = CARTESIAN_POINT('',(4.400493556118,-36.35653432438));
#7821 = CARTESIAN_POINT('',(4.507903881226,-36.32661617443));
#7822 = CARTESIAN_POINT('',(4.615265340795,-36.29671043713));
#7823 = CARTESIAN_POINT('',(4.722591256831,-36.26681435532));
#7824 = CARTESIAN_POINT('',(4.829916478634,-36.23691991274));
#7825 = CARTESIAN_POINT('',(4.937275688541,-36.20701803467));
#7826 = CARTESIAN_POINT('',(5.044688177756,-36.17710283066));
#7827 = CARTESIAN_POINT('',(5.222486720871,-36.1275857199));
#7828 = CARTESIAN_POINT('',(5.29297142244,-36.10795600903));
#7829 = CARTESIAN_POINT('',(5.363458947863,-36.08832550299));
#7830 = CARTESIAN_POINT('',(5.433948324497,-36.0686941951));
#7831 = CARTESIAN_POINT('',(5.504438142917,-36.04906229573));
#7832 = CARTESIAN_POINT('',(5.574926556912,-36.02943023241));
#7833 = CARTESIAN_POINT('',(5.645411283491,-36.00979864973));
#7834 = CARTESIAN_POINT('',(5.786794336077,-35.97041940058));
#7835 = CARTESIAN_POINT('',(5.857713116154,-35.95066605911));
#7836 = CARTESIAN_POINT('',(5.928627992903,-35.93091356889));
#7837 = CARTESIAN_POINT('',(5.999536756866,-35.91116280855));
#7838 = CARTESIAN_POINT('',(6.070445223001,-35.89141241674));
#7839 = CARTESIAN_POINT('',(6.141359514342,-35.87166085737));
#7840 = CARTESIAN_POINT('',(6.21227834567,-35.85190848495));
#7841 = CARTESIAN_POINT('',(6.28318530718,-35.83215960981));
#7842 = ( GEOMETRIC_REPRESENTATION_CONTEXT(2) 
PARAMETRIC_REPRESENTATION_CONTEXT() REPRESENTATION_CONTEXT('2D SPACE',''
  ) );
#7843 = ORIENTED_EDGE('',*,*,#7844,.T.);
#7844 = EDGE_CURVE('',#7631,#7845,#7847,.T.);
#7845 = VERTEX_POINT('',#7846);
#7846 = CARTESIAN_POINT('',(6.,0.,-34.08215812967));
#7847 = SURFACE_CURVE('',#7848,(#7921,#7997),.PCURVE_S1.);
#7848 = B_SPLINE_CURVE_WITH_KNOTS('',8,(#7849,#7850,#7851,#7852,#7853,
    #7854,#7855,#7856,#7857,#7858,#7859,#7860,#7861,#7862,#7863,#7864,
    #7865,#7866,#7867,#7868,#7869,#7870,#7871,#7872,#7873,#7874,#7875,
    #7876,#7877,#7878,#7879,#7880,#7881,#7882,#7883,#7884,#7885,#7886,
    #7887,#7888,#7889,#7890,#7891,#7892,#7893,#7894,#7895,#7896,#7897,
    #7898,#7899,#7900,#7901,#7902,#7903,#7904,#7905,#7906,#7907,#7908,
    #7909,#7910,#7911,#7912,#7913,#7914,#7915,#7916,#7917,#7918,#7919,
    #7920),.UNSPECIFIED.,.F.,.F.,(9,7,7,7,7,7,7,7,7,7,9),(0.,
    7.163845384376E-02,0.143539777337,0.215198048918,0.304677841418,
    0.3940479226,0.542652313061,0.687612551139,0.824463348099,
    0.912500715076,1.),.UNSPECIFIED.);
#7849 = CARTESIAN_POINT('',(6.,-2.6645352591E-15,-35.83215960981));
#7850 = CARTESIAN_POINT('',(6.,0.337392666279,-35.81649794674));
#7851 = CARTESIAN_POINT('',(5.978317361226,0.674846599062,
    -35.80083358217));
#7852 = CARTESIAN_POINT('',(5.934938392545,1.01069177473,-35.78516842892
    ));
#7853 = CARTESIAN_POINT('',(5.870011158484,1.343288537051,
    -35.76950296482));
#7854 = CARTESIAN_POINT('',(5.783829148377,1.671026249703,
    -35.75383701752));
#7855 = CARTESIAN_POINT('',(5.676826366225,1.992324305452,-35.7381705704
    ));
#7856 = CARTESIAN_POINT('',(5.549583841291,2.30563549198,-35.72250458965
    ));
#7857 = CARTESIAN_POINT('',(5.255572844462,2.914382757898,
    -35.69112168262));
#7858 = CARTESIAN_POINT('',(5.088582837934,3.209881176307,
    -35.67539799562));
#7859 = CARTESIAN_POINT('',(4.902637058714,3.494399147797,
    -35.65967400855));
#7860 = CARTESIAN_POINT('',(4.698600804705,3.766495691055,
    -35.64395162733));
#7861 = CARTESIAN_POINT('',(4.477445152848,4.024836665245,
    -35.62823146669));
#7862 = CARTESIAN_POINT('',(4.240246959116,4.26819477001,-35.61251285017
    ));
#7863 = CARTESIAN_POINT('',(3.98818885852,4.495449545475,-35.59679381014
    ));
#7864 = CARTESIAN_POINT('',(3.457827593695,4.915014858804,
    -35.56540151378));
#7865 = CARTESIAN_POINT('',(3.179575285741,5.107450156459,
    -35.54972920121));
#7866 = CARTESIAN_POINT('',(2.889141868667,5.281848909961,
    -35.53405659681));
#7867 = CARTESIAN_POINT('',(2.587916531103,5.437305406605,
    -35.51838520044));
#7868 = CARTESIAN_POINT('',(2.277338122893,5.573052576223,
    -35.50271556509));
#7869 = CARTESIAN_POINT('',(1.95889515509,5.688461991186,-35.48704729688
    ));
#7870 = CARTESIAN_POINT('',(1.634125799958,5.783043866402,
    -35.47137905504));
#7871 = CARTESIAN_POINT('',(0.893160864833,5.94810573773,-35.43614077089
    ));
#7872 = CARTESIAN_POINT('',(0.474280943595,6.006731385577,
    -35.41657183605));
#7873 = CARTESIAN_POINT('',(5.117440395127E-02,6.031626053548,
    -35.39700201151));
#7874 = CARTESIAN_POINT('',(-0.372982534728,6.022448998134,
    -35.37743164963));
#7875 = CARTESIAN_POINT('',(-0.7950337104,5.979216681617,-35.35786119094
    ));
#7876 = CARTESIAN_POINT('',(-1.211843018343,5.902302772075,
    -35.33829116419));
#7877 = CARTESIAN_POINT('',(-1.620294411162,5.79243814338,
    -35.31872218634));
#7878 = CARTESIAN_POINT('',(-2.413802627143,5.509157379053,
    -35.27961173016));
#7879 = CARTESIAN_POINT('',(-2.799044006674,5.335762420414,
    -35.26006708745));
#7880 = CARTESIAN_POINT('',(-3.169933433205,5.13164042056,
    -35.24052163635));
#7881 = CARTESIAN_POINT('',(-3.52359995109,4.898194329032,
    -35.22097584221));
#7882 = CARTESIAN_POINT('',(-3.85738425321,4.637115623635,
    -35.20143003379));
#7883 = CARTESIAN_POINT('',(-4.168838680975,4.350384310442,
    -35.18188440328));
#7884 = CARTESIAN_POINT('',(-4.455727224319,4.040268923791,
    -35.1623390063));
#7885 = CARTESIAN_POINT('',(-5.148849004807,3.15903617621,
    -35.11029396888));
#7886 = CARTESIAN_POINT('',(-5.508852107058,2.550310445597,
    -35.07775028743));
#7887 = CARTESIAN_POINT('',(-5.785872836648,1.895384207373,
    -35.04522591553));
#7888 = CARTESIAN_POINT('',(-5.973557975521,1.207670866025,
    -35.01271489866));
#7889 = CARTESIAN_POINT('',(-6.067755897465,0.501061603694,
    -34.98020578954));
#7890 = CARTESIAN_POINT('',(-6.066924373863,-0.210034991182,
    -34.9476861534));
#7891 = CARTESIAN_POINT('',(-5.971646042235,-0.910865277008,
    -34.9151438352));
#7892 = CARTESIAN_POINT('',(-5.60600195077,-2.244821930677,
    -34.85094229833));
#7893 = CARTESIAN_POINT('',(-5.339554266979,-2.880767594535,
    -34.81920509631));
#7894 = CARTESIAN_POINT('',(-4.990766665568,-3.479688640494,
    -34.78748784962));
#7895 = CARTESIAN_POINT('',(-4.566052756616,-4.029451571172,
    -34.7557816155));
#7896 = CARTESIAN_POINT('',(-4.07338291752,-4.519236628742,
    -34.72407325826));
#7897 = CARTESIAN_POINT('',(-3.522503871622,-4.939795211103,
    -34.69235194014));
#7898 = CARTESIAN_POINT('',(-2.924653216406,-5.283266227283,
    -34.66061096866));
#7899 = CARTESIAN_POINT('',(-1.697684775697,-5.790822964354,
    -34.59897262369));
#7900 = CARTESIAN_POINT('',(-1.071024695007,-5.964349952304,
    -34.56901315578));
#7901 = CARTESIAN_POINT('',(-0.424795691611,-6.059991915357,
    -34.53907020673));
#7902 = CARTESIAN_POINT('',(0.229662636972,-6.075579352097,
    -34.50913835493));
#7903 = CARTESIAN_POINT('',(0.881049808539,-6.010620397904,
    -34.47920621957));
#7904 = CARTESIAN_POINT('',(1.518154970121,-5.866480910081,
    -34.44926078687));
#7905 = CARTESIAN_POINT('',(2.129876155151,-5.646186324164,
    -34.41930281546));
#7906 = CARTESIAN_POINT('',(3.075679891452,-5.168391191562,
    -34.37011594477));
#7907 = CARTESIAN_POINT('',(3.431245182693,-4.952048147296,
    -34.35085564695));
#7908 = CARTESIAN_POINT('',(3.769317562531,-4.70778986713,
    -34.33160552036));
#7909 = CARTESIAN_POINT('',(4.087342426859,-4.437304824642,
    -34.31233343123));
#7910 = CARTESIAN_POINT('',(4.382997195325,-4.142512764594,
    -34.29307648965));
#7911 = CARTESIAN_POINT('',(4.654158987769,-3.825582606824,
    -34.27381473722));
#7912 = CARTESIAN_POINT('',(4.898940692534,-3.488911146831,
    -34.25455281557));
#7913 = CARTESIAN_POINT('',(5.331184579816,-2.783611738086,
    -34.21615457011));
#7914 = CARTESIAN_POINT('',(5.519088124611,-2.415027479007,
    -34.19700929768));
#7915 = CARTESIAN_POINT('',(5.677783945389,-2.032070252141,
    -34.17786520576));
#7916 = CARTESIAN_POINT('',(5.806010447175,-1.637481287016,
    -34.15872364037));
#7917 = CARTESIAN_POINT('',(5.902832094682,-1.234076314963,
    -34.13958343744));
#7918 = CARTESIAN_POINT('',(5.967608963021,-0.824730954519,
    -34.12044280512));
#7919 = CARTESIAN_POINT('',(6.,-0.412375626678,-34.10130076171));
#7920 = CARTESIAN_POINT('',(6.,4.440892098501E-15,-34.08215812967));
#7921 = PCURVE('',#6001,#7922);
#7922 = DEFINITIONAL_REPRESENTATION('',(#7923),#7996);
#7923 = B_SPLINE_CURVE_WITH_KNOTS('',8,(#7924,#7925,#7926,#7927,#7928,
    #7929,#7930,#7931,#7932,#7933,#7934,#7935,#7936,#7937,#7938,#7939,
    #7940,#7941,#7942,#7943,#7944,#7945,#7946,#7947,#7948,#7949,#7950,
    #7951,#7952,#7953,#7954,#7955,#7956,#7957,#7958,#7959,#7960,#7961,
    #7962,#7963,#7964,#7965,#7966,#7967,#7968,#7969,#7970,#7971,#7972,
    #7973,#7974,#7975,#7976,#7977,#7978,#7979,#7980,#7981,#7982,#7983,
    #7984,#7985,#7986,#7987,#7988,#7989,#7990,#7991,#7992,#7993,#7994,
    #7995),.UNSPECIFIED.,.F.,.F.,(9,7,7,7,7,7,7,7,7,7,9),(0.,
    7.163845384376E-02,0.143539777337,0.215198048918,0.304677841418,
    0.3940479226,0.542652313061,0.687612551139,0.824463348099,
    0.912500715076,1.),.UNSPECIFIED.);
#7924 = CARTESIAN_POINT('',(1.422400749811,13.050029019769));
#7925 = CARTESIAN_POINT('',(1.422400383099,13.10840134262));
#7926 = CARTESIAN_POINT('',(1.42239947188,13.166784477136));
#7927 = CARTESIAN_POINT('',(1.422398209893,13.225171029784));
#7928 = CARTESIAN_POINT('',(1.422397022064,13.283558639897));
#7929 = CARTESIAN_POINT('',(1.422396367379,13.341947323631));
#7930 = CARTESIAN_POINT('',(1.422396556664,13.400336718831));
#7931 = CARTESIAN_POINT('',(1.422397585257,13.458723230819));
#7932 = CARTESIAN_POINT('',(1.422400381052,13.575685123972));
#7933 = CARTESIAN_POINT('',(1.422403344019,13.634284071117));
#7934 = CARTESIAN_POINT('',(1.422405367709,13.692885418362));
#7935 = CARTESIAN_POINT('',(1.422405122419,13.751483876539));
#7936 = CARTESIAN_POINT('',(1.422402450535,13.810077369478));
#7937 = CARTESIAN_POINT('',(1.422398366525,13.868667034007));
#7938 = CARTESIAN_POINT('',(1.422395056946,13.927257219953));
#7939 = CARTESIAN_POINT('',(1.422396701151,14.044255677451));
#7940 = CARTESIAN_POINT('',(1.422400041278,14.102662633295));
#7941 = CARTESIAN_POINT('',(1.422403421093,14.161070622293));
#7942 = CARTESIAN_POINT('',(1.422405282429,14.219476180632));
#7943 = CARTESIAN_POINT('',(1.422404988687,14.27787811607));
#7944 = CARTESIAN_POINT('',(1.422402824829,14.336277507937));
#7945 = CARTESIAN_POINT('',(1.422399997383,14.394677707131));
#7946 = CARTESIAN_POINT('',(1.422396932533,14.52601678241));
#7947 = CARTESIAN_POINT('',(1.422396476501,14.598951829395));
#7948 = CARTESIAN_POINT('',(1.422397022298,14.671888825621));
#7949 = CARTESIAN_POINT('',(1.422398237758,14.744826911096));
#7950 = CARTESIAN_POINT('',(1.422399702603,14.817765017294));
#7951 = CARTESIAN_POINT('',(1.422400908438,14.890701867161));
#7952 = CARTESIAN_POINT('',(1.422401258751,14.963635975105));
#7953 = CARTESIAN_POINT('',(1.422398880541,15.109405899719));
#7954 = CARTESIAN_POINT('',(1.422396305138,15.182253301285));
#7955 = CARTESIAN_POINT('',(1.42239294153,15.255104791187));
#7956 = CARTESIAN_POINT('',(1.422389359768,15.327957857215));
#7957 = CARTESIAN_POINT('',(1.422386101135,15.400810535471));
#7958 = CARTESIAN_POINT('',(1.422383678142,15.473661410365));
#7959 = CARTESIAN_POINT('',(1.422382574533,15.546509614619));
#7960 = CARTESIAN_POINT('',(1.422384360597,15.740481705028));
#7961 = CARTESIAN_POINT('',(1.422389706252,15.861766383163));
#7962 = CARTESIAN_POINT('',(1.422399261617,15.982973349637));
#7963 = CARTESIAN_POINT('',(1.42241023392,16.104128607971));
#7964 = CARTESIAN_POINT('',(1.422416098439,16.225283725475));
#7965 = CARTESIAN_POINT('',(1.42241490999,16.346487701336));
#7966 = CARTESIAN_POINT('',(1.422409149793,16.467782452418));
#7967 = CARTESIAN_POINT('',(1.422394921775,16.707084291909));
#7968 = CARTESIAN_POINT('',(1.422386509063,16.825381953006));
#7969 = CARTESIAN_POINT('',(1.422379658537,16.943603108069));
#7970 = CARTESIAN_POINT('',(1.422377969872,17.061776175557));
#7971 = CARTESIAN_POINT('',(1.42238340924,17.179947429971));
#7972 = CARTESIAN_POINT('',(1.422390849526,17.298164259854));
#7973 = CARTESIAN_POINT('',(1.422396454045,17.416456843387));
#7974 = CARTESIAN_POINT('',(1.422401965039,17.646178600706));
#7975 = CARTESIAN_POINT('',(1.422402186948,17.757838773194));
#7976 = CARTESIAN_POINT('',(1.422399067986,17.869441937536));
#7977 = CARTESIAN_POINT('',(1.422394427956,17.98100581767));
#7978 = CARTESIAN_POINT('',(1.42239237068,18.092567231201));
#7979 = CARTESIAN_POINT('',(1.42240087104,18.204163800181));
#7980 = CARTESIAN_POINT('',(1.42240455117,18.315813679192));
#7981 = CARTESIAN_POINT('',(1.422401696979,18.499139570259));
#7982 = CARTESIAN_POINT('',(1.422401673545,18.570923722517));
#7983 = CARTESIAN_POINT('',(1.422379002102,18.642700868437));
#7984 = CARTESIAN_POINT('',(1.422402704663,18.714496592972));
#7985 = CARTESIAN_POINT('',(1.422406736737,18.786262699698));
#7986 = CARTESIAN_POINT('',(1.422403926516,18.858056073853));
#7987 = CARTESIAN_POINT('',(1.422403525329,18.929846791171));
#7988 = CARTESIAN_POINT('',(1.422399698035,19.072964244117));
#7989 = CARTESIAN_POINT('',(1.422397262887,19.144322979535));
#7990 = CARTESIAN_POINT('',(1.422395825629,19.215675953799));
#7991 = CARTESIAN_POINT('',(1.422395967318,19.287017357523));
#7992 = CARTESIAN_POINT('',(1.422397379509,19.358351949959));
#7993 = CARTESIAN_POINT('',(1.422399160129,19.429687640302));
#7994 = CARTESIAN_POINT('',(1.422400350532,19.501029395244));
#7995 = CARTESIAN_POINT('',(1.422400713742,19.572374472772));
#7996 = ( GEOMETRIC_REPRESENTATION_CONTEXT(2) 
PARAMETRIC_REPRESENTATION_CONTEXT() REPRESENTATION_CONTEXT('2D SPACE',''
  ) );
#7997 = PCURVE('',#7998,#8003);
#7998 = CYLINDRICAL_SURFACE('',#7999,6.);
#7999 = AXIS2_PLACEMENT_3D('',#8000,#8001,#8002);
#8000 = CARTESIAN_POINT('',(0.,0.,0.));
#8001 = DIRECTION('',(0.,0.,1.));
#8002 = DIRECTION('',(1.,0.,0.));
#8003 = DEFINITIONAL_REPRESENTATION('',(#8004),#8077);
#8004 = B_SPLINE_CURVE_WITH_KNOTS('',8,(#8005,#8006,#8007,#8008,#8009,
    #8010,#8011,#8012,#8013,#8014,#8015,#8016,#8017,#8018,#8019,#8020,
    #8021,#8022,#8023,#8024,#8025,#8026,#8027,#8028,#8029,#8030,#8031,
    #8032,#8033,#8034,#8035,#8036,#8037,#8038,#8039,#8040,#8041,#8042,
    #8043,#8044,#8045,#8046,#8047,#8048,#8049,#8050,#8051,#8052,#8053,
    #8054,#8055,#8056,#8057,#8058,#8059,#8060,#8061,#8062,#8063,#8064,
    #8065,#8066,#8067,#8068,#8069,#8070,#8071,#8072,#8073,#8074,#8075,
    #8076),.UNSPECIFIED.,.F.,.F.,(9,7,7,7,7,7,7,7,7,7,9),(0.,
    7.163845384376E-02,0.143539777337,0.215198048918,0.304677841418,
    0.3940479226,0.542652313061,0.687612551139,0.824463348099,
    0.912500715076,1.),.UNSPECIFIED.);
#8005 = CARTESIAN_POINT('',(0.,-35.83215960981));
#8006 = CARTESIAN_POINT('',(5.62321110465E-02,-35.81649794674));
#8007 = CARTESIAN_POINT('',(0.112474387676,-35.80083358217));
#8008 = CARTESIAN_POINT('',(0.168719657344,-35.78516842892));
#8009 = CARTESIAN_POINT('',(0.224965621319,-35.76950296482));
#8010 = CARTESIAN_POINT('',(0.281212346522,-35.75383701752));
#8011 = CARTESIAN_POINT('',(0.337459622414,-35.7381705704));
#8012 = CARTESIAN_POINT('',(0.393704182923,-35.72250458965));
#8013 = CARTESIAN_POINT('',(0.50637574347,-35.69112168262));
#8014 = CARTESIAN_POINT('',(0.562825425836,-35.67539799562));
#8015 = CARTESIAN_POINT('',(0.619277944968,-35.65967400855));
#8016 = CARTESIAN_POINT('',(0.675728306957,-35.64395162733));
#8017 = CARTESIAN_POINT('',(0.73217441953,-35.62823146669));
#8018 = CARTESIAN_POINT('',(0.788617092051,-35.61251285017));
#8019 = CARTESIAN_POINT('',(0.845060035525,-35.59679381014));
#8020 = CARTESIAN_POINT('',(0.957768869273,-35.56540151378));
#8021 = CARTESIAN_POINT('',(1.014035439925,-35.54972920121));
#8022 = CARTESIAN_POINT('',(1.070303223986,-35.53405659681));
#8023 = CARTESIAN_POINT('',(1.126568314867,-35.51838520044));
#8024 = CARTESIAN_POINT('',(1.182829249954,-35.50271556509));
#8025 = CARTESIAN_POINT('',(1.239087010606,-35.48704729688));
#8026 = CARTESIAN_POINT('',(1.295345022158,-35.47137905504));
#8027 = CARTESIAN_POINT('',(1.421866260653,-35.43614077089));
#8028 = CARTESIAN_POINT('',(1.492125533747,-35.41657183605));
#8029 = CARTESIAN_POINT('',(1.562386771125,-35.39700201151));
#8030 = CARTESIAN_POINT('',(1.632649432851,-35.37743164963));
#8031 = CARTESIAN_POINT('',(1.702912641126,-35.35786119094));
#8032 = CARTESIAN_POINT('',(1.77317518029,-35.33829116419));
#8033 = CARTESIAN_POINT('',(1.843435496824,-35.31872218634));
#8034 = CARTESIAN_POINT('',(1.983861760617,-35.27961173016));
#8035 = CARTESIAN_POINT('',(2.054038922947,-35.26006708745));
#8036 = CARTESIAN_POINT('',(2.124220023042,-35.24052163635));
#8037 = CARTESIAN_POINT('',(2.194402488047,-35.22097584221));
#8038 = CARTESIAN_POINT('',(2.264584335542,-35.20143003379));
#8039 = CARTESIAN_POINT('',(2.334764173539,-35.18188440328));
#8040 = CARTESIAN_POINT('',(2.404941200487,-35.1623390063));
#8041 = CARTESIAN_POINT('',(2.591800398667,-35.11029396888));
#8042 = CARTESIAN_POINT('',(2.708637204255,-35.07775028743));
#8043 = CARTESIAN_POINT('',(2.825399092203,-35.04522591553));
#8044 = CARTESIAN_POINT('',(2.942111675319,-35.01271489866));
#8045 = CARTESIAN_POINT('',(3.058824777016,-34.98020578954));
#8046 = CARTESIAN_POINT('',(3.175584936947,-34.9476861534));
#8047 = CARTESIAN_POINT('',(3.292432248945,-34.9151438352));
#8048 = CARTESIAN_POINT('',(3.522959178891,-34.85094229833));
#8049 = CARTESIAN_POINT('',(3.636918728499,-34.81920509631));
#8050 = CARTESIAN_POINT('',(3.750804314497,-34.78748784962));
#8051 = CARTESIAN_POINT('',(3.864643580011,-34.7557816155));
#8052 = CARTESIAN_POINT('',(3.978481858602,-34.72407325826));
#8053 = CARTESIAN_POINT('',(4.092365131352,-34.69235194014));
#8054 = CARTESIAN_POINT('',(4.206321754262,-34.66061096866));
#8055 = CARTESIAN_POINT('',(4.427622542271,-34.59897262369));
#8056 = CARTESIAN_POINT('',(4.53518927526,-34.56901315578));
#8057 = CARTESIAN_POINT('',(4.64270018403,-34.53907020673));
#8058 = CARTESIAN_POINT('',(4.750171803687,-34.50913835493));
#8059 = CARTESIAN_POINT('',(4.857639297145,-34.47920621957));
#8060 = CARTESIAN_POINT('',(4.965140959802,-34.44926078687));
#8061 = CARTESIAN_POINT('',(5.072696994377,-34.41930281546));
#8062 = CARTESIAN_POINT('',(5.249303343856,-34.37011594477));
#8063 = CARTESIAN_POINT('',(5.318456295104,-34.35085564695));
#8064 = CARTESIAN_POINT('',(5.387608400598,-34.33160552036));
#8065 = CARTESIAN_POINT('',(5.456757198517,-34.31233343123));
#8066 = CARTESIAN_POINT('',(5.52590838085,-34.29307648965));
#8067 = CARTESIAN_POINT('',(5.595064059255,-34.27381473722));
#8068 = CARTESIAN_POINT('',(5.664223877225,-34.25455281557));
#8069 = CARTESIAN_POINT('',(5.802092779737,-34.21615457011));
#8070 = CARTESIAN_POINT('',(5.870833913568,-34.19700929768));
#8071 = CARTESIAN_POINT('',(5.939569072923,-34.17786520576));
#8072 = CARTESIAN_POINT('',(6.008293098466,-34.15872364037));
#8073 = CARTESIAN_POINT('',(6.077010931436,-34.13958343744));
#8074 = CARTESIAN_POINT('',(6.145730334067,-34.12044280512));
#8075 = CARTESIAN_POINT('',(6.214456036067,-34.10130076171));
#8076 = CARTESIAN_POINT('',(6.28318530718,-34.08215812967));
#8077 = ( GEOMETRIC_REPRESENTATION_CONTEXT(2) 
PARAMETRIC_REPRESENTATION_CONTEXT() REPRESENTATION_CONTEXT('2D SPACE',''
  ) );
#8078 = ORIENTED_EDGE('',*,*,#8079,.T.);
#8079 = EDGE_CURVE('',#7845,#8080,#8082,.T.);
#8080 = VERTEX_POINT('',#8081);
#8081 = CARTESIAN_POINT('',(6.,0.,-32.33216242925));
#8082 = SURFACE_CURVE('',#8083,(#8149,#8218),.PCURVE_S1.);
#8083 = B_SPLINE_CURVE_WITH_KNOTS('',8,(#8084,#8085,#8086,#8087,#8088,
    #8089,#8090,#8091,#8092,#8093,#8094,#8095,#8096,#8097,#8098,#8099,
    #8100,#8101,#8102,#8103,#8104,#8105,#8106,#8107,#8108,#8109,#8110,
    #8111,#8112,#8113,#8114,#8115,#8116,#8117,#8118,#8119,#8120,#8121,
    #8122,#8123,#8124,#8125,#8126,#8127,#8128,#8129,#8130,#8131,#8132,
    #8133,#8134,#8135,#8136,#8137,#8138,#8139,#8140,#8141,#8142,#8143,
    #8144,#8145,#8146,#8147,#8148),.UNSPECIFIED.,.F.,.F.,(9,7,7,7,7,7,7,
    7,7,9),(0.,0.118988495708,0.247380469632,0.405085018018,
    0.492088069693,0.563802044102,0.652350821175,0.750531341753,
    0.87328598092,1.),.UNSPECIFIED.);
#8084 = CARTESIAN_POINT('',(6.,4.440892098501E-15,-34.08215812967));
#8085 = CARTESIAN_POINT('',(6.,0.560662413458,-34.05613196909));
#8086 = CARTESIAN_POINT('',(5.940125229266,1.121616882715,
    -34.03009303525));
#8087 = CARTESIAN_POINT('',(5.820266921762,1.674975698946,
    -34.00406135039));
#8088 = CARTESIAN_POINT('',(5.641684850921,2.213289128974,
    -33.97803510475));
#8089 = CARTESIAN_POINT('',(5.406591882266,2.729448725165,-33.9520079481
    ));
#8090 = CARTESIAN_POINT('',(5.1181913225,3.216723648279,-33.92597419087)
  );
#8091 = CARTESIAN_POINT('',(4.780631973392,3.66877294417,-33.89993285674
    ));
#8092 = CARTESIAN_POINT('',(3.988034330355,4.523446196247,
    -33.84582221338));
#8093 = CARTESIAN_POINT('',(3.525241581626,4.919964683885,
    -33.81771582331));
#8094 = CARTESIAN_POINT('',(3.017716143651,5.261925650516,
    -33.78961838632));
#8095 = CARTESIAN_POINT('',(2.473120226987,5.543652058926,
    -33.76152883558));
#8096 = CARTESIAN_POINT('',(1.899682085682,5.760694280189,-33.7334411221
    ));
#8097 = CARTESIAN_POINT('',(1.306207627076,5.909919283285,
    -33.70534819191));
#8098 = CARTESIAN_POINT('',(0.702004087759,5.989425535461,
    -33.67724625218));
#8099 = CARTESIAN_POINT('',(-0.645949664314,6.011238466999,
    -33.61467018167));
#8100 = CARTESIAN_POINT('',(-1.391843635054,5.918105813721,
    -33.58012367887));
#8101 = CARTESIAN_POINT('',(-2.121360056648,5.718937188795,
    -33.54560928916));
#8102 = CARTESIAN_POINT('',(-2.817251647814,5.417772485044,
    -33.51111052341));
#8103 = CARTESIAN_POINT('',(-3.463447879857,5.021047413616,
    -33.47660853778));
#8104 = CARTESIAN_POINT('',(-4.045453313336,4.538224354447,
    -33.44208857343));
#8105 = CARTESIAN_POINT('',(-4.550063237652,3.981101858942,
    -33.40753741514));
#8106 = CARTESIAN_POINT('',(-5.196941100028,3.026529781774,
    -33.35400894836));
#8107 = CARTESIAN_POINT('',(-5.400383403108,2.669248911946,
    -33.33498161084));
#8108 = CARTESIAN_POINT('',(-5.575670329859,2.296485235942,
    -33.31595729596));
#8109 = CARTESIAN_POINT('',(-5.721475782288,1.910787545022,
    -33.29693349376));
#8110 = CARTESIAN_POINT('',(-5.836731548904,1.514833493459,
    -33.27790737451));
#8111 = CARTESIAN_POINT('',(-5.920635660483,1.111427476086,
    -33.25887739605));
#8112 = CARTESIAN_POINT('',(-5.97269260386,0.703505679087,
    -33.23984541601));
#8113 = CARTESIAN_POINT('',(-6.009347270467,-4.327255366744E-02,
    -33.20513666638));
#8114 = CARTESIAN_POINT('',(-6.004192082569,-0.381830509608,
    -33.1894509672));
#8115 = CARTESIAN_POINT('',(-5.977240277136,-0.719830309535,
    -33.17376439867));
#8116 = CARTESIAN_POINT('',(-5.92855798356,-1.055611855409,
    -33.15807842969));
#8117 = CARTESIAN_POINT('',(-5.858357013518,-1.387550205406,
    -33.14239381087));
#8118 = CARTESIAN_POINT('',(-5.766994860971,-1.714055573917,
    -33.12671057444));
#8119 = CARTESIAN_POINT('',(-5.654974702162,-2.033573331543,
    -33.11102803428));
#8120 = CARTESIAN_POINT('',(-5.359922306632,-2.72860420517,
    -33.07597990659));
#8121 = CARTESIAN_POINT('',(-5.166381229644,-3.099673970273,
    -33.05661204856));
#8122 = CARTESIAN_POINT('',(-4.943537232585,-3.454929196753,
    -33.03724472917));
#8123 = CARTESIAN_POINT('',(-4.692908898649,-3.791703549545,
    -33.01788089363));
#8124 = CARTESIAN_POINT('',(-4.416281706813,-4.107516511701,
    -32.99851666991));
#8125 = CARTESIAN_POINT('',(-4.115700352338,-4.400071182711,
    -32.97914818595));
#8126 = CARTESIAN_POINT('',(-3.793489103369,-4.667275892876,
    -32.95977880267));
#8127 = CARTESIAN_POINT('',(-3.073997131051,-5.173440128136,
    -32.91894306845));
#8128 = CARTESIAN_POINT('',(-2.672173437897,-5.406299057826,
    -32.89746744666));
#8129 = CARTESIAN_POINT('',(-2.250357977008,-5.603365775633,
    -32.87599339688));
#8130 = CARTESIAN_POINT('',(-1.812289731589,-5.762687517991,
    -32.85452171013));
#8131 = CARTESIAN_POINT('',(-1.361878376802,-5.882783141356,
    -32.83305029491));
#8132 = CARTESIAN_POINT('',(-0.90318484966,-5.962619946213,
    -32.81157707193));
#8133 = CARTESIAN_POINT('',(-0.440421013367,-6.001657655955,
    -32.79010329101));
#8134 = CARTESIAN_POINT('',(0.60023387269,-5.997836417619,
    -32.74179840598));
#8135 = CARTESIAN_POINT('',(1.178546498741,-5.932030250461,
    -32.71494410054));
#8136 = CARTESIAN_POINT('',(1.74826576251,-5.802451109895,
    -32.68809809456));
#8137 = CARTESIAN_POINT('',(2.301207973407,-5.610549671001,
    -32.66125777469));
#8138 = CARTESIAN_POINT('',(2.829640110153,-5.358914080885,-32.634416231
    ));
#8139 = CARTESIAN_POINT('',(3.326247935935,-5.051136851438,
    -32.60756716739));
#8140 = CARTESIAN_POINT('',(3.784201926671,-4.691924451057,
    -32.5807091458));
#8141 = CARTESIAN_POINT('',(4.623887678908,-3.86987308297,-32.5261563216
    ));
#8142 = CARTESIAN_POINT('',(5.003195180748,-3.403567801423,
    -32.49842937887));
#8143 = CARTESIAN_POINT('',(5.328338056636,-2.89511560725,
    -32.47071329311));
#8144 = CARTESIAN_POINT('',(5.594066825434,-2.351974188575,
    -32.44300576223));
#8145 = CARTESIAN_POINT('',(5.796284683079,-1.782129111588,
    -32.4152999814));
#8146 = CARTESIAN_POINT('',(5.932147828155,-1.194089792852,
    -32.38758778475));
#8147 = CARTESIAN_POINT('',(6.,-0.596844815717,-32.35986613746));
#8148 = CARTESIAN_POINT('',(6.,0.,-32.33216242925));
#8149 = PCURVE('',#6001,#8150);
#8150 = DEFINITIONAL_REPRESENTATION('',(#8151),#8217);
#8151 = B_SPLINE_CURVE_WITH_KNOTS('',8,(#8152,#8153,#8154,#8155,#8156,
    #8157,#8158,#8159,#8160,#8161,#8162,#8163,#8164,#8165,#8166,#8167,
    #8168,#8169,#8170,#8171,#8172,#8173,#8174,#8175,#8176,#8177,#8178,
    #8179,#8180,#8181,#8182,#8183,#8184,#8185,#8186,#8187,#8188,#8189,
    #8190,#8191,#8192,#8193,#8194,#8195,#8196,#8197,#8198,#8199,#8200,
    #8201,#8202,#8203,#8204,#8205,#8206,#8207,#8208,#8209,#8210,#8211,
    #8212,#8213,#8214,#8215,#8216),.UNSPECIFIED.,.F.,.F.,(9,7,7,7,7,7,7,
    7,7,9),(0.,0.118988495708,0.247380469632,0.405085018018,
    0.492088069693,0.563802044102,0.652350821175,0.750531341753,
    0.87328598092,1.),.UNSPECIFIED.);
#8152 = CARTESIAN_POINT('',(1.422400713742,19.572374472772));
#8153 = CARTESIAN_POINT('',(1.422401207559,19.669374636622));
#8154 = CARTESIAN_POINT('',(1.422400110219,19.766424578245));
#8155 = CARTESIAN_POINT('',(1.422396481885,19.863450955918));
#8156 = CARTESIAN_POINT('',(1.422390580592,19.960460162561));
#8157 = CARTESIAN_POINT('',(1.422384986615,20.057472345066));
#8158 = CARTESIAN_POINT('',(1.422381908858,20.154505694885));
#8159 = CARTESIAN_POINT('',(1.422381929841,20.251563055986));
#8160 = CARTESIAN_POINT('',(1.422387298192,20.453228877895));
#8161 = CARTESIAN_POINT('',(1.422393070465,20.557974961105));
#8162 = CARTESIAN_POINT('',(1.422401144323,20.662684535311));
#8163 = CARTESIAN_POINT('',(1.422409321749,20.767364575804));
#8164 = CARTESIAN_POINT('',(1.422414176707,20.872042302161));
#8165 = CARTESIAN_POINT('',(1.422414366141,20.976745837456));
#8166 = CARTESIAN_POINT('',(1.422410845682,21.081488013878));
#8167 = CARTESIAN_POINT('',(1.422398712814,21.314728797893));
#8168 = CARTESIAN_POINT('',(1.422389100548,21.443498504056));
#8169 = CARTESIAN_POINT('',(1.422379927768,21.572147923501));
#8170 = CARTESIAN_POINT('',(1.422376297537,21.700731549009));
#8171 = CARTESIAN_POINT('',(1.422382545715,21.829313696406));
#8172 = CARTESIAN_POINT('',(1.422391192686,21.957959578046));
#8173 = CARTESIAN_POINT('',(1.422397184321,22.086725343905));
#8174 = CARTESIAN_POINT('',(1.422401198271,22.286223211415));
#8175 = CARTESIAN_POINT('',(1.422401600534,22.35713852653));
#8176 = CARTESIAN_POINT('',(1.422400801728,22.428044214905));
#8177 = CARTESIAN_POINT('',(1.422399120537,22.49894919657));
#8178 = CARTESIAN_POINT('',(1.422397316592,22.569862981639));
#8179 = CARTESIAN_POINT('',(1.422396309728,22.640790062805));
#8180 = CARTESIAN_POINT('',(1.422396672474,22.711722735466));
#8181 = CARTESIAN_POINT('',(1.422398904087,22.841080984496));
#8182 = CARTESIAN_POINT('',(1.422401342922,22.899539064073));
#8183 = CARTESIAN_POINT('',(1.422403562681,22.958000682914));
#8184 = CARTESIAN_POINT('',(1.422404528209,23.016461778618));
#8185 = CARTESIAN_POINT('',(1.422403818778,23.074920127705));
#8186 = CARTESIAN_POINT('',(1.422401628091,23.133375345609));
#8187 = CARTESIAN_POINT('',(1.422398764281,23.191828886682));
#8188 = CARTESIAN_POINT('',(1.422394039193,23.322461506868));
#8189 = CARTESIAN_POINT('',(1.422396974276,23.39464250358));
#8190 = CARTESIAN_POINT('',(1.422408064735,23.466810363666));
#8191 = CARTESIAN_POINT('',(1.422407189029,23.538981566718));
#8192 = CARTESIAN_POINT('',(1.422401198132,23.611161196227));
#8193 = CARTESIAN_POINT('',(1.42240168328,23.683347867399));
#8194 = CARTESIAN_POINT('',(1.422398599472,23.755542760626));
#8195 = CARTESIAN_POINT('',(1.422396357572,23.90774269709));
#8196 = CARTESIAN_POINT('',(1.422396405691,23.987783376519));
#8197 = CARTESIAN_POINT('',(1.422398206807,24.067815805484));
#8198 = CARTESIAN_POINT('',(1.422400549832,24.147838688136));
#8199 = CARTESIAN_POINT('',(1.422401991823,24.22786178832));
#8200 = CARTESIAN_POINT('',(1.422401737586,24.307893940571));
#8201 = CARTESIAN_POINT('',(1.422399893561,24.387930341481));
#8202 = CARTESIAN_POINT('',(1.422393598181,24.567973719513));
#8203 = CARTESIAN_POINT('',(1.422388605504,24.668067907765));
#8204 = CARTESIAN_POINT('',(1.422383193774,24.768131735129));
#8205 = CARTESIAN_POINT('',(1.422379906662,24.868171470912));
#8206 = CARTESIAN_POINT('',(1.422380574731,24.968210371208));
#8207 = CARTESIAN_POINT('',(1.422385035372,25.068272123763));
#8208 = CARTESIAN_POINT('',(1.422391276882,25.168364833283));
#8209 = CARTESIAN_POINT('',(1.422403984789,25.371668671406));
#8210 = CARTESIAN_POINT('',(1.422410445268,25.47499959593));
#8211 = CARTESIAN_POINT('',(1.422414876784,25.578292824486));
#8212 = CARTESIAN_POINT('',(1.422415171267,25.681559813443));
#8213 = CARTESIAN_POINT('',(1.422410636176,25.784826869696));
#8214 = CARTESIAN_POINT('',(1.422403467044,25.888121432139));
#8215 = CARTESIAN_POINT('',(1.422396202301,25.991451348134));
#8216 = CARTESIAN_POINT('',(1.422390555347,26.09471219685));
#8217 = ( GEOMETRIC_REPRESENTATION_CONTEXT(2) 
PARAMETRIC_REPRESENTATION_CONTEXT() REPRESENTATION_CONTEXT('2D SPACE',''
  ) );
#8218 = PCURVE('',#8219,#8224);
#8219 = CYLINDRICAL_SURFACE('',#8220,6.);
#8220 = AXIS2_PLACEMENT_3D('',#8221,#8222,#8223);
#8221 = CARTESIAN_POINT('',(0.,0.,0.));
#8222 = DIRECTION('',(0.,0.,1.));
#8223 = DIRECTION('',(1.,0.,0.));
#8224 = DEFINITIONAL_REPRESENTATION('',(#8225),#8291);
#8225 = B_SPLINE_CURVE_WITH_KNOTS('',8,(#8226,#8227,#8228,#8229,#8230,
    #8231,#8232,#8233,#8234,#8235,#8236,#8237,#8238,#8239,#8240,#8241,
    #8242,#8243,#8244,#8245,#8246,#8247,#8248,#8249,#8250,#8251,#8252,
    #8253,#8254,#8255,#8256,#8257,#8258,#8259,#8260,#8261,#8262,#8263,
    #8264,#8265,#8266,#8267,#8268,#8269,#8270,#8271,#8272,#8273,#8274,
    #8275,#8276,#8277,#8278,#8279,#8280,#8281,#8282,#8283,#8284,#8285,
    #8286,#8287,#8288,#8289,#8290),.UNSPECIFIED.,.F.,.F.,(9,7,7,7,7,7,7,
    7,7,9),(0.,0.118988495708,0.247380469632,0.405085018018,
    0.492088069693,0.563802044102,0.652350821175,0.750531341753,
    0.87328598092,1.),.UNSPECIFIED.);
#8226 = CARTESIAN_POINT('',(0.,-34.08215812967));
#8227 = CARTESIAN_POINT('',(9.344373557629E-02,-34.05613196909));
#8228 = CARTESIAN_POINT('',(0.186936097759,-34.03009303525));
#8229 = CARTESIAN_POINT('',(0.280406172104,-34.00406135039));
#8230 = CARTESIAN_POINT('',(0.373859571418,-33.97803510475));
#8231 = CARTESIAN_POINT('',(0.467315267483,-33.9520079481));
#8232 = CARTESIAN_POINT('',(0.560790815638,-33.92597419087));
#8233 = CARTESIAN_POINT('',(0.654289136946,-33.89993285674));
#8234 = CARTESIAN_POINT('',(0.848559666503,-33.84582221338));
#8235 = CARTESIAN_POINT('',(0.949464425155,-33.81771582331));
#8236 = CARTESIAN_POINT('',(1.050334086986,-33.78961838632));
#8237 = CARTESIAN_POINT('',(1.151175651768,-33.76152883558));
#8238 = CARTESIAN_POINT('',(1.252015369185,-33.7334411221));
#8239 = CARTESIAN_POINT('',(1.352880015557,-33.70534819191));
#8240 = CARTESIAN_POINT('',(1.453781739593,-33.67724625218));
#8241 = CARTESIAN_POINT('',(1.678470111548,-33.61467018167));
#8242 = CARTESIAN_POINT('',(1.802517810428,-33.58012367887));
#8243 = CARTESIAN_POINT('',(1.926449229277,-33.54560928916));
#8244 = CARTESIAN_POINT('',(2.050317053379,-33.51111052341));
#8245 = CARTESIAN_POINT('',(2.174184313294,-33.47660853778));
#8246 = CARTESIAN_POINT('',(2.298114428967,-33.44208857343));
#8247 = CARTESIAN_POINT('',(2.422160424636,-33.40753741514));
#8248 = CARTESIAN_POINT('',(2.614345146203,-33.35400894836));
#8249 = CARTESIAN_POINT('',(2.682660709091,-33.33498161084));
#8250 = CARTESIAN_POINT('',(2.750966706228,-33.31595729596));
#8251 = CARTESIAN_POINT('',(2.819271554951,-33.29693349376));
#8252 = CARTESIAN_POINT('',(2.887584347442,-33.27790737451));
#8253 = CARTESIAN_POINT('',(2.955909516893,-33.25887739605));
#8254 = CARTESIAN_POINT('',(3.024239911624,-33.23984541601));
#8255 = CARTESIAN_POINT('',(3.148852789224,-33.20513666638));
#8256 = CARTESIAN_POINT('',(3.205166381045,-33.1894509672));
#8257 = CARTESIAN_POINT('',(3.261483816565,-33.17376439867));
#8258 = CARTESIAN_POINT('',(3.317801412678,-33.15807842969));
#8259 = CARTESIAN_POINT('',(3.374117039196,-33.14239381087));
#8260 = CARTESIAN_POINT('',(3.430430118846,-33.12671057444));
#8261 = CARTESIAN_POINT('',(3.486741627276,-33.11102803428));
#8262 = CARTESIAN_POINT('',(3.61258586868,-33.07597990659));
#8263 = CARTESIAN_POINT('',(3.682118412987,-33.05661204856));
#8264 = CARTESIAN_POINT('',(3.751645405946,-33.03724472917));
#8265 = CARTESIAN_POINT('',(3.821171270972,-33.01788089363));
#8266 = CARTESIAN_POINT('',(3.890702562445,-32.99851666991));
#8267 = CARTESIAN_POINT('',(3.960243342299,-32.97914818595));
#8268 = CARTESIAN_POINT('',(4.029789424357,-32.95977880267));
#8269 = CARTESIAN_POINT('',(4.17640598126,-32.91894306845));
#8270 = CARTESIAN_POINT('',(4.253510258623,-32.89746744666));
#8271 = CARTESIAN_POINT('',(4.330606941782,-32.87599339688));
#8272 = CARTESIAN_POINT('',(4.407695090321,-32.85452171013));
#8273 = CARTESIAN_POINT('',(4.484784146918,-32.83305029491));
#8274 = CARTESIAN_POINT('',(4.561882417976,-32.81157707193));
#8275 = CARTESIAN_POINT('',(4.638984966796,-32.79010329101));
#8276 = CARTESIAN_POINT('',(4.812428617086,-32.74179840598));
#8277 = CARTESIAN_POINT('',(4.908853729212,-32.71494410054));
#8278 = CARTESIAN_POINT('',(5.005249207021,-32.68809809456));
#8279 = CARTESIAN_POINT('',(5.101620810833,-32.66125777469));
#8280 = CARTESIAN_POINT('',(5.197991109717,-32.634416231));
#8281 = CARTESIAN_POINT('',(5.294383292891,-32.60756716739));
#8282 = CARTESIAN_POINT('',(5.390805393323,-32.5807091458));
#8283 = CARTESIAN_POINT('',(5.586654017852,-32.5261563216));
#8284 = CARTESIAN_POINT('',(5.686195956652,-32.49842937887));
#8285 = CARTESIAN_POINT('',(5.785701860704,-32.47071329311));
#8286 = CARTESIAN_POINT('',(5.885182693597,-32.44300576223));
#8287 = CARTESIAN_POINT('',(5.984663478215,-32.4152999814));
#8288 = CARTESIAN_POINT('',(6.08417042603,-32.38758778475));
#8289 = CARTESIAN_POINT('',(6.183711171227,-32.35986613746));
#8290 = CARTESIAN_POINT('',(6.28318530718,-32.33216242925));
#8291 = ( GEOMETRIC_REPRESENTATION_CONTEXT(2) 
PARAMETRIC_REPRESENTATION_CONTEXT() REPRESENTATION_CONTEXT('2D SPACE',''
  ) );
#8292 = ORIENTED_EDGE('',*,*,#8293,.T.);
#8293 = EDGE_CURVE('',#8080,#8294,#8296,.T.);
#8294 = VERTEX_POINT('',#8295);
#8295 = CARTESIAN_POINT('',(6.,0.,-30.58216066666));
#8296 = SURFACE_CURVE('',#8297,(#8363,#8432),.PCURVE_S1.);
#8297 = B_SPLINE_CURVE_WITH_KNOTS('',8,(#8298,#8299,#8300,#8301,#8302,
    #8303,#8304,#8305,#8306,#8307,#8308,#8309,#8310,#8311,#8312,#8313,
    #8314,#8315,#8316,#8317,#8318,#8319,#8320,#8321,#8322,#8323,#8324,
    #8325,#8326,#8327,#8328,#8329,#8330,#8331,#8332,#8333,#8334,#8335,
    #8336,#8337,#8338,#8339,#8340,#8341,#8342,#8343,#8344,#8345,#8346,
    #8347,#8348,#8349,#8350,#8351,#8352,#8353,#8354,#8355,#8356,#8357,
    #8358,#8359,#8360,#8361,#8362),.UNSPECIFIED.,.F.,.F.,(9,7,7,7,7,7,7,
    7,7,9),(0.,0.142491002611,0.204499854544,0.280883755742,
    0.394267592879,0.466499710484,0.623253791801,0.775519156295,
    0.898174777921,1.),.UNSPECIFIED.);
#8298 = CARTESIAN_POINT('',(6.,0.,-32.33216242925));
#8299 = CARTESIAN_POINT('',(6.,0.671132292802,-32.30101052389));
#8300 = CARTESIAN_POINT('',(5.914205782747,1.342970069539,
    -32.26982516182));
#8301 = CARTESIAN_POINT('',(5.742303873682,2.001615275634,
    -32.23865620949));
#8302 = CARTESIAN_POINT('',(5.487045450946,2.634337268725,
    -32.20749712276));
#8303 = CARTESIAN_POINT('',(5.152935977289,3.229205081931,
    -32.17633708152));
#8304 = CARTESIAN_POINT('',(4.746472057619,3.775241807033,
    -32.14516671021));
#8305 = CARTESIAN_POINT('',(4.275846967001,4.262345018488,-32.1139786948
    ));
#8306 = CARTESIAN_POINT('',(3.524197696308,4.864703171264,
    -32.06926584389));
#8307 = CARTESIAN_POINT('',(3.286111863755,5.034678210366,
    -32.05570755206));
#8308 = CARTESIAN_POINT('',(3.038677436619,5.191319649707,
    -32.04214875035));
#8309 = CARTESIAN_POINT('',(2.782762241748,5.334034476567,
    -32.02858906166));
#8310 = CARTESIAN_POINT('',(2.519279084948,5.462294768667,
    -32.01502813901));
#8311 = CARTESIAN_POINT('',(2.249186097021,5.575639740682,
    -32.00146602437));
#8312 = CARTESIAN_POINT('',(1.97348962004,5.673682137898,-31.9879035966)
  );
#8313 = CARTESIAN_POINT('',(1.348043703538,5.857666533171,
    -31.95763899369));
#8314 = CARTESIAN_POINT('',(0.995816288236,5.935563340031,
    -31.94093235838));
#8315 = CARTESIAN_POINT('',(0.638526907077,5.989239794173,
    -31.92422521942));
#8316 = CARTESIAN_POINT('',(0.278137334278,6.01831743372,-31.90751888997
    ));
#8317 = CARTESIAN_POINT('',(-8.33884008726E-02,6.022608938345,
    -31.89081397949));
#8318 = CARTESIAN_POINT('',(-0.444084014015,6.002118129262,
    -31.8741103938));
#8319 = CARTESIAN_POINT('',(-0.801980965721,5.957039969236,-31.857407335
    ));
#8320 = CARTESIAN_POINT('',(-1.679288947692,5.784922597523,
    -31.8159079274));
#8321 = CARTESIAN_POINT('',(-2.19321387278,5.628709131571,
    -31.79109720523));
#8322 = CARTESIAN_POINT('',(-2.690227263747,5.42035410317,
    -31.76629612913));
#8323 = CARTESIAN_POINT('',(-3.164194420598,5.162090548798,
    -31.74150079706));
#8324 = CARTESIAN_POINT('',(-3.609427784968,4.856920188195,
    -31.7167038557));
#8325 = CARTESIAN_POINT('',(-4.020657933211,4.508542353585,
    -31.69190080753));
#8326 = CARTESIAN_POINT('',(-4.39309047494,4.121420645739,
    -31.66709188614));
#8327 = CARTESIAN_POINT('',(-4.932499823695,3.433111375188,
    -31.62649663719));
#8328 = CARTESIAN_POINT('',(-5.1251017597,3.151581286851,-31.61069493271
    ));
#8329 = CARTESIAN_POINT('',(-5.299293358307,2.857750737711,
    -31.5948935433));
#8330 = CARTESIAN_POINT('',(-5.454152718004,2.553061990299,
    -31.57909423914));
#8331 = CARTESIAN_POINT('',(-5.588912950151,2.239009367591,
    -31.56329708489));
#8332 = CARTESIAN_POINT('',(-5.702947336719,1.917129893337,
    -31.54750125122));
#8333 = CARTESIAN_POINT('',(-5.795764819151,1.588999471786,
    -31.53170566275));
#8334 = CARTESIAN_POINT('',(-6.021640731617,0.534087002228,
    -31.48162949947));
#8335 = CARTESIAN_POINT('',(-6.074916321577,-0.21091243132,
    -31.44729824445));
#8336 = CARTESIAN_POINT('',(-6.022357773176,-0.960432344148,
    -31.41299767757));
#8337 = CARTESIAN_POINT('',(-5.864535252424,-1.697093628149,
    -31.37871185877));
#8338 = CARTESIAN_POINT('',(-5.604557830071,-2.404189819051,
    -31.34442263929));
#8339 = CARTESIAN_POINT('',(-5.248723428295,-3.065938495356,
    -31.31011566797));
#8340 = CARTESIAN_POINT('',(-4.805824773778,-3.667352708198,
    -31.27577847399));
#8341 = CARTESIAN_POINT('',(-3.787818196959,-4.708191914977,
    -31.20819174882));
#8342 = CARTESIAN_POINT('',(-3.215472918564,-5.153179934109,
    -31.17484742918));
#8343 = CARTESIAN_POINT('',(-2.584071716366,-5.517721578793,
    -31.14153194408));
#8344 = CARTESIAN_POINT('',(-1.907046589385,-5.793345501523,
    -31.1082322907));
#8345 = CARTESIAN_POINT('',(-1.19865463282,-5.973787656414,
    -31.07493089947));
#8346 = CARTESIAN_POINT('',(-0.474098500649,-6.055568191704,
    -31.04161121482));
#8347 = CARTESIAN_POINT('',(0.25069347493,-6.037523547926,
    -31.00826438225));
#8348 = CARTESIAN_POINT('',(1.529186721578,-5.830563234025,
    -30.94814153075));
#8349 = CARTESIAN_POINT('',(2.089769384988,-5.675391304152,
    -30.92130089031));
#8350 = CARTESIAN_POINT('',(2.631941961925,-5.458647393342,
    -30.89446802903));
#8351 = CARTESIAN_POINT('',(3.147859076777,-5.183033505057,
    -30.86764229569));
#8352 = CARTESIAN_POINT('',(3.630295583756,-4.852305515829,
    -30.84081806703));
#8353 = CARTESIAN_POINT('',(4.072596333353,-4.471145295539,
    -30.81398853909));
#8354 = CARTESIAN_POINT('',(4.468758743476,-4.045257176214,
    -30.78715032629));
#8355 = CARTESIAN_POINT('',(5.100064266954,-3.196790650469,
    -30.73805767248));
#8356 = CARTESIAN_POINT('',(5.351326918264,-2.785666373886,
    -30.71578327872));
#8357 = CARTESIAN_POINT('',(5.564571027572,-2.35215048562,
    -30.69351113507));
#8358 = CARTESIAN_POINT('',(5.73752527862,-1.900373979518,
    -30.67124031724));
#8359 = CARTESIAN_POINT('',(5.868463389657,-1.43466584444,
    -30.64896946537));
#8360 = CARTESIAN_POINT('',(5.956172007314,-0.959535844649,
    -30.62669846313));
#8361 = CARTESIAN_POINT('',(6.,-0.479682344182,-30.60442786208));
#8362 = CARTESIAN_POINT('',(6.,-6.217248937901E-15,-30.58216066666));
#8363 = PCURVE('',#6001,#8364);
#8364 = DEFINITIONAL_REPRESENTATION('',(#8365),#8431);
#8365 = B_SPLINE_CURVE_WITH_KNOTS('',8,(#8366,#8367,#8368,#8369,#8370,
    #8371,#8372,#8373,#8374,#8375,#8376,#8377,#8378,#8379,#8380,#8381,
    #8382,#8383,#8384,#8385,#8386,#8387,#8388,#8389,#8390,#8391,#8392,
    #8393,#8394,#8395,#8396,#8397,#8398,#8399,#8400,#8401,#8402,#8403,
    #8404,#8405,#8406,#8407,#8408,#8409,#8410,#8411,#8412,#8413,#8414,
    #8415,#8416,#8417,#8418,#8419,#8420,#8421,#8422,#8423,#8424,#8425,
    #8426,#8427,#8428,#8429,#8430),.UNSPECIFIED.,.F.,.F.,(9,7,7,7,7,7,7,
    7,7,9),(0.,0.142491002611,0.204499854544,0.280883755742,
    0.394267592879,0.466499710484,0.623253791801,0.775519156295,
    0.898174777921,1.),.UNSPECIFIED.);
#8366 = CARTESIAN_POINT('',(1.422390555347,26.09471219685));
#8367 = CARTESIAN_POINT('',(1.422384205534,26.210825612482));
#8368 = CARTESIAN_POINT('',(1.422379892342,26.327060944118));
#8369 = CARTESIAN_POINT('',(1.422380036966,26.443229033247));
#8370 = CARTESIAN_POINT('',(1.422385814159,26.55935266726));
#8371 = CARTESIAN_POINT('',(1.422394521862,26.675475860011));
#8372 = CARTESIAN_POINT('',(1.4223999311,26.791642053787));
#8373 = CARTESIAN_POINT('',(1.422401453514,26.907879311337));
#8374 = CARTESIAN_POINT('',(1.422400465269,27.074527751167));
#8375 = CARTESIAN_POINT('',(1.422399749334,27.125061177933));
#8376 = CARTESIAN_POINT('',(1.422398751006,27.175596890429));
#8377 = CARTESIAN_POINT('',(1.422397713645,27.226135962088));
#8378 = CARTESIAN_POINT('',(1.422396921515,27.276679298274));
#8379 = CARTESIAN_POINT('',(1.422396618712,27.327226409518));
#8380 = CARTESIAN_POINT('',(1.42239691559,27.377773869688));
#8381 = CARTESIAN_POINT('',(1.422398627616,27.490569264325));
#8382 = CARTESIAN_POINT('',(1.422401439875,27.552831915818));
#8383 = CARTESIAN_POINT('',(1.422403955493,27.615096849407));
#8384 = CARTESIAN_POINT('',(1.422404864373,27.677360958419));
#8385 = CARTESIAN_POINT('',(1.422403710287,27.739622593709));
#8386 = CARTESIAN_POINT('',(1.422400890876,27.801881563653));
#8387 = CARTESIAN_POINT('',(1.422397657653,27.864139134157));
#8388 = CARTESIAN_POINT('',(1.422393827589,28.018814784572));
#8389 = CARTESIAN_POINT('',(1.42240555542,28.111269617343));
#8390 = CARTESIAN_POINT('',(1.422409884537,28.203698592536));
#8391 = CARTESIAN_POINT('',(1.422403285987,28.296121070228));
#8392 = CARTESIAN_POINT('',(1.422396626512,28.388549629567));
#8393 = CARTESIAN_POINT('',(1.422396684811,28.480991783374));
#8394 = CARTESIAN_POINT('',(1.422396405949,28.573456287753));
#8395 = CARTESIAN_POINT('',(1.422398402356,28.724754141488));
#8396 = CARTESIAN_POINT('',(1.422399544367,28.78364634756));
#8397 = CARTESIAN_POINT('',(1.422400713361,28.842537342625));
#8398 = CARTESIAN_POINT('',(1.422401451073,28.901421154399));
#8399 = CARTESIAN_POINT('',(1.422401418168,28.960298004873));
#8400 = CARTESIAN_POINT('',(1.422400512844,29.019171123833));
#8401 = CARTESIAN_POINT('',(1.422398868977,29.078044336601));
#8402 = CARTESIAN_POINT('',(1.422392100171,29.264690005619));
#8403 = CARTESIAN_POINT('',(1.422385158324,29.39265382858));
#8404 = CARTESIAN_POINT('',(1.422378415547,29.520503003336));
#8405 = CARTESIAN_POINT('',(1.422377548837,29.648289193347));
#8406 = CARTESIAN_POINT('',(1.422386024118,29.776075311092));
#8407 = CARTESIAN_POINT('',(1.422396935952,29.903924266332));
#8408 = CARTESIAN_POINT('',(1.422405509808,30.031889053154));
#8409 = CARTESIAN_POINT('',(1.422413656948,30.283777132808));
#8410 = CARTESIAN_POINT('',(1.422413492196,30.408053349597));
#8411 = CARTESIAN_POINT('',(1.422407334767,30.532230275479));
#8412 = CARTESIAN_POINT('',(1.42239574375,30.656355609722));
#8413 = CARTESIAN_POINT('',(1.422384950831,30.780486332105));
#8414 = CARTESIAN_POINT('',(1.422380544762,30.904676520422));
#8415 = CARTESIAN_POINT('',(1.422381588226,31.02896045463));
#8416 = CARTESIAN_POINT('',(1.422388666216,31.253031752682));
#8417 = CARTESIAN_POINT('',(1.422393676582,31.353061361694));
#8418 = CARTESIAN_POINT('',(1.4223992443,31.453061216709));
#8419 = CARTESIAN_POINT('',(1.422402956787,31.553037036785));
#8420 = CARTESIAN_POINT('',(1.42240299186,31.653012266422));
#8421 = CARTESIAN_POINT('',(1.422400182205,31.753011128362));
#8422 = CARTESIAN_POINT('',(1.422397894376,31.853041647537));
#8423 = CARTESIAN_POINT('',(1.422396587289,32.036014274014));
#8424 = CARTESIAN_POINT('',(1.422397119079,32.119031358658));
#8425 = CARTESIAN_POINT('',(1.42239934214,32.202037749713));
#8426 = CARTESIAN_POINT('',(1.422403338073,32.285036780833));
#8427 = CARTESIAN_POINT('',(1.422407120853,32.368036229963));
#8428 = CARTESIAN_POINT('',(1.422405319079,32.451043859354));
#8429 = CARTESIAN_POINT('',(1.422395040027,32.534061559914));
#8430 = CARTESIAN_POINT('',(1.422395832407,32.617051459841));
#8431 = ( GEOMETRIC_REPRESENTATION_CONTEXT(2) 
PARAMETRIC_REPRESENTATION_CONTEXT() REPRESENTATION_CONTEXT('2D SPACE',''
  ) );
#8432 = PCURVE('',#8433,#8438);
#8433 = CYLINDRICAL_SURFACE('',#8434,6.);
#8434 = AXIS2_PLACEMENT_3D('',#8435,#8436,#8437);
#8435 = CARTESIAN_POINT('',(0.,0.,0.));
#8436 = DIRECTION('',(0.,0.,1.));
#8437 = DIRECTION('',(1.,0.,0.));
#8438 = DEFINITIONAL_REPRESENTATION('',(#8439),#8505);
#8439 = B_SPLINE_CURVE_WITH_KNOTS('',8,(#8440,#8441,#8442,#8443,#8444,
    #8445,#8446,#8447,#8448,#8449,#8450,#8451,#8452,#8453,#8454,#8455,
    #8456,#8457,#8458,#8459,#8460,#8461,#8462,#8463,#8464,#8465,#8466,
    #8467,#8468,#8469,#8470,#8471,#8472,#8473,#8474,#8475,#8476,#8477,
    #8478,#8479,#8480,#8481,#8482,#8483,#8484,#8485,#8486,#8487,#8488,
    #8489,#8490,#8491,#8492,#8493,#8494,#8495,#8496,#8497,#8498,#8499,
    #8500,#8501,#8502,#8503,#8504),.UNSPECIFIED.,.F.,.F.,(9,7,7,7,7,7,7,
    7,7,9),(0.,0.142491002611,0.204499854544,0.280883755742,
    0.394267592879,0.466499710484,0.623253791801,0.775519156295,
    0.898174777921,1.),.UNSPECIFIED.);
#8440 = CARTESIAN_POINT('',(0.,-32.33216242925));
#8441 = CARTESIAN_POINT('',(0.111855382134,-32.30101052389));
#8442 = CARTESIAN_POINT('',(0.223828113915,-32.26982516182));
#8443 = CARTESIAN_POINT('',(0.335736249737,-32.23865620949));
#8444 = CARTESIAN_POINT('',(0.447602162762,-32.20749712276));
#8445 = CARTESIAN_POINT('',(0.559468765155,-32.17633708152));
#8446 = CARTESIAN_POINT('',(0.67137729529,-32.14516671021));
#8447 = CARTESIAN_POINT('',(0.783353727068,-32.1139786948));
#8448 = CARTESIAN_POINT('',(0.94389205499,-32.06926584389));
#8449 = CARTESIAN_POINT('',(0.992572504348,-32.05570755206));
#8450 = CARTESIAN_POINT('',(1.041254935836,-32.04214875035));
#8451 = CARTESIAN_POINT('',(1.089940365564,-32.02858906166));
#8452 = CARTESIAN_POINT('',(1.13862968567,-32.01502813901));
#8453 = CARTESIAN_POINT('',(1.187322489763,-32.00146602437));
#8454 = CARTESIAN_POINT('',(1.23601558056,-31.9879035966));
#8455 = CARTESIAN_POINT('',(1.34467315331,-31.95763899369));
#8456 = CARTESIAN_POINT('',(1.404651658965,-31.94093235838));
#8457 = CARTESIAN_POINT('',(1.464632858379,-31.92422521942));
#8458 = CARTESIAN_POINT('',(1.524614051647,-31.90751888997));
#8459 = CARTESIAN_POINT('',(1.584593657291,-31.89081397949));
#8460 = CARTESIAN_POINT('',(1.644571212252,-31.8741103938));
#8461 = CARTESIAN_POINT('',(1.704547371895,-31.857407335));
#8462 = CARTESIAN_POINT('',(1.853552748837,-31.8159079274));
#8463 = CARTESIAN_POINT('',(1.942616950516,-31.79109720523));
#8464 = CARTESIAN_POINT('',(2.031663517887,-31.76629612913));
#8465 = CARTESIAN_POINT('',(2.120696421836,-31.74150079706));
#8466 = CARTESIAN_POINT('',(2.209731707747,-31.7167038557));
#8467 = CARTESIAN_POINT('',(2.29878462964,-31.69190080753));
#8468 = CARTESIAN_POINT('',(2.387856235368,-31.66709188614));
#8469 = CARTESIAN_POINT('',(2.533604505555,-31.62649663719));
#8470 = CARTESIAN_POINT('',(2.59033679323,-31.61069493271));
#8471 = CARTESIAN_POINT('',(2.647068236888,-31.5948935433));
#8472 = CARTESIAN_POINT('',(2.703793084931,-31.57909423914));
#8473 = CARTESIAN_POINT('',(2.760511492378,-31.56329708489));
#8474 = CARTESIAN_POINT('',(2.817226476162,-31.54750125122));
#8475 = CARTESIAN_POINT('',(2.873941619902,-31.53170566275));
#8476 = CARTESIAN_POINT('',(3.053745544456,-31.48162949947));
#8477 = CARTESIAN_POINT('',(3.177018647194,-31.44729824445));
#8478 = CARTESIAN_POINT('',(3.300180475069,-31.41299767757));
#8479 = CARTESIAN_POINT('',(3.423280287895,-31.37871185877));
#8480 = CARTESIAN_POINT('',(3.546379756916,-31.34442263929));
#8481 = CARTESIAN_POINT('',(3.669540260235,-31.31011566797));
#8482 = CARTESIAN_POINT('',(3.792812801536,-31.27577847399));
#8483 = CARTESIAN_POINT('',(4.035465024367,-31.20819174882));
#8484 = CARTESIAN_POINT('',(4.1551846757,-31.17484742918));
#8485 = CARTESIAN_POINT('',(4.27480866263,-31.14153194408));
#8486 = CARTESIAN_POINT('',(4.394382514032,-31.1082322907));
#8487 = CARTESIAN_POINT('',(4.513960783158,-31.07493089947));
#8488 = CARTESIAN_POINT('',(4.633596401992,-31.04161121482));
#8489 = CARTESIAN_POINT('',(4.753322968638,-31.00826438225));
#8490 = CARTESIAN_POINT('',(4.969178987604,-30.94814153075));
#8491 = CARTESIAN_POINT('',(5.065541575604,-30.92130089031));
#8492 = CARTESIAN_POINT('',(5.161875922599,-30.89446802903));
#8493 = CARTESIAN_POINT('',(5.258187387431,-30.86764229569));
#8494 = CARTESIAN_POINT('',(5.354497899062,-30.84081806703));
#8495 = CARTESIAN_POINT('',(5.450830127389,-30.81398853909));
#8496 = CARTESIAN_POINT('',(5.547191757341,-30.78715032629));
#8497 = CARTESIAN_POINT('',(5.723452463027,-30.73805767248));
#8498 = CARTESIAN_POINT('',(5.80342376704,-30.71578327872));
#8499 = CARTESIAN_POINT('',(5.883385422851,-30.69351113507));
#8500 = CARTESIAN_POINT('',(5.963339468378,-30.67124031724));
#8501 = CARTESIAN_POINT('',(6.043295691612,-30.64896946537));
#8502 = CARTESIAN_POINT('',(6.123262660483,-30.62669846313));
#8503 = CARTESIAN_POINT('',(6.203238249816,-30.60442786208));
#8504 = CARTESIAN_POINT('',(6.28318530718,-30.58216066666));
#8505 = ( GEOMETRIC_REPRESENTATION_CONTEXT(2) 
PARAMETRIC_REPRESENTATION_CONTEXT() REPRESENTATION_CONTEXT('2D SPACE',''
  ) );
#8506 = ORIENTED_EDGE('',*,*,#8507,.T.);
#8507 = EDGE_CURVE('',#8294,#8508,#8510,.T.);
#8508 = VERTEX_POINT('',#8509);
#8509 = CARTESIAN_POINT('',(6.,0.,-28.83216252958));
#8510 = SURFACE_CURVE('',#8511,(#8577,#8646),.PCURVE_S1.);
#8511 = B_SPLINE_CURVE_WITH_KNOTS('',8,(#8512,#8513,#8514,#8515,#8516,
    #8517,#8518,#8519,#8520,#8521,#8522,#8523,#8524,#8525,#8526,#8527,
    #8528,#8529,#8530,#8531,#8532,#8533,#8534,#8535,#8536,#8537,#8538,
    #8539,#8540,#8541,#8542,#8543,#8544,#8545,#8546,#8547,#8548,#8549,
    #8550,#8551,#8552,#8553,#8554,#8555,#8556,#8557,#8558,#8559,#8560,
    #8561,#8562,#8563,#8564,#8565,#8566,#8567,#8568,#8569,#8570,#8571,
    #8572,#8573,#8574,#8575,#8576),.UNSPECIFIED.,.F.,.F.,(9,7,7,7,7,7,7,
    7,7,9),(0.,0.137228497373,0.291261729733,0.449166940803,
    0.571538302319,0.66680207772,0.742300274082,0.821524396779,
    0.904461688029,1.),.UNSPECIFIED.);
#8512 = CARTESIAN_POINT('',(6.,-6.217248937901E-15,-30.58216066666));
#8513 = CARTESIAN_POINT('',(6.,0.646473254566,-30.55215091861));
#8514 = CARTESIAN_POINT('',(5.920394564396,1.29351669632,-30.52211000296
    ));
#8515 = CARTESIAN_POINT('',(5.760939628934,1.928791309002,
    -30.49209357308));
#8516 = CARTESIAN_POINT('',(5.523974261433,2.540910267317,
    -30.46208555213));
#8517 = CARTESIAN_POINT('',(5.213391915428,3.119162444629,
    -30.43207491273));
#8518 = CARTESIAN_POINT('',(4.834797088416,3.65362416048,-30.40205317612
    ));
#8519 = CARTESIAN_POINT('',(4.395305996544,4.135119317822,
    -30.37201648312));
#8520 = CARTESIAN_POINT('',(3.35346137182,5.028006321808,-30.30832200561
    ));
#8521 = CARTESIAN_POINT('',(2.736449319005,5.42471121639,-30.27459161012
    ));
#8522 = CARTESIAN_POINT('',(2.066604742013,5.733968468455,
    -30.24089097329));
#8523 = CARTESIAN_POINT('',(1.358606620252,5.948293574765,
    -30.20720750987));
#8524 = CARTESIAN_POINT('',(0.62776003006,6.062606840551,-30.17352182757
    ));
#8525 = CARTESIAN_POINT('',(-0.109940105944,6.074833228226,
    -30.13981740258));
#8526 = CARTESIAN_POINT('',(-0.838011747579,5.985339017616,
    -30.1060833057));
#8527 = CARTESIAN_POINT('',(-2.258336239846,5.608321399054,
    -30.03786244995));
#8528 = CARTESIAN_POINT('',(-2.95139090144,5.3153025226,-30.00327451009)
  );
#8529 = CARTESIAN_POINT('',(-3.599721373884,4.924518035271,
    -29.96871990501));
#8530 = CARTESIAN_POINT('',(-4.187786408756,4.444575850236,
    -29.93418573827));
#8531 = CARTESIAN_POINT('',(-4.701834926639,3.886079764398,
    -29.89965488981));
#8532 = CARTESIAN_POINT('',(-5.130464934188,3.262126282194,
    -29.8651068743));
#8533 = CARTESIAN_POINT('',(-5.464162252335,2.587718373677,
    -29.83052536094));
#8534 = CARTESIAN_POINT('',(-5.878173202905,1.333945585367,
    -29.76923616225));
#8535 = CARTESIAN_POINT('',(-5.998895007566,0.766477230467,
    -29.74246549993));
#8536 = CARTESIAN_POINT('',(-6.056828526038,0.187004239702,
    -29.71570192998));
#8537 = CARTESIAN_POINT('',(-6.050784657554,-0.396391516469,
    -29.68894210605));
#8538 = CARTESIAN_POINT('',(-5.980680229613,-0.97563961783,
    -29.66218025197));
#8539 = CARTESIAN_POINT('',(-5.847608683652,-1.542718241017,
    -29.63541161248));
#8540 = CARTESIAN_POINT('',(-5.653805331483,-2.089675675656,
    -29.60863562264));
#8541 = CARTESIAN_POINT('',(-5.208076873935,-3.012854984666,
    -29.56104845239));
#8542 = CARTESIAN_POINT('',(-4.978364438442,-3.400415252089,
    -29.54021154139));
#8543 = CARTESIAN_POINT('',(-4.715741874575,-3.767821149984,
    -29.51937514304));
#8544 = CARTESIAN_POINT('',(-4.42232304933,-4.111818119518,
    -29.49854008116));
#8545 = CARTESIAN_POINT('',(-4.100558739478,-4.429460829546,
    -29.4777041576));
#8546 = CARTESIAN_POINT('',(-3.753203580558,-4.718097370978,
    -29.45686540619));
#8547 = CARTESIAN_POINT('',(-3.383329947069,-4.975392229157,
    -29.43602499298));
#8548 = CARTESIAN_POINT('',(-2.686146121814,-5.376908599726,
    -29.39867748153));
#8549 = CARTESIAN_POINT('',(-2.365844047935,-5.533557301608,
    -29.38216617528));
#8550 = CARTESIAN_POINT('',(-2.035179507598,-5.668363951602,
    -29.36565490468));
#8551 = CARTESIAN_POINT('',(-1.695899037331,-5.780532823706,
    -29.34914310793));
#8552 = CARTESIAN_POINT('',(-1.349798744825,-5.86944265421,
    -29.33263060115));
#8553 = CARTESIAN_POINT('',(-0.998724308942,-5.9346466417,
    -29.31611757833));
#8554 = CARTESIAN_POINT('',(-0.644570979709,-5.975872447058,
    -29.29960461134));
#8555 = CARTESIAN_POINT('',(8.353768148776E-02,-6.011018300371,
    -29.26576580347));
#8556 = CARTESIAN_POINT('',(0.457676151411,-6.002505223877,
    -29.24843921201));
#8557 = CARTESIAN_POINT('',(0.83087613538,-5.96738040373,-29.23111249591
    ));
#8558 = CARTESIAN_POINT('',(1.200925087607,-5.905757039757,
    -29.21378544763));
#8559 = CARTESIAN_POINT('',(1.565653612591,-5.817964091862,
    -29.19645803177));
#8560 = CARTESIAN_POINT('',(1.922935465113,-5.704546280023,
    -29.17913038508));
#8561 = CARTESIAN_POINT('',(2.270687550244,-5.566264084299,
    -29.16180281641));
#8562 = CARTESIAN_POINT('',(2.958808883859,-5.23432261679,
    -29.12633669457));
#8563 = CARTESIAN_POINT('',(3.298207106804,-5.038304957402,
    -29.10819248554));
#8564 = CARTESIAN_POINT('',(3.622667631573,-4.817186932798,
    -29.09004933253));
#8565 = CARTESIAN_POINT('',(3.929999482581,-4.572329602575,
    -29.07190933723));
#8566 = CARTESIAN_POINT('',(4.218210221459,-4.305292265139,
    -29.05377188908));
#8567 = CARTESIAN_POINT('',(4.485498499253,-4.017815803054,
    -29.03563500419));
#8568 = CARTESIAN_POINT('',(4.730246608623,-3.711806028392,
    -29.01749666437));
#8569 = CARTESIAN_POINT('',(5.205321459898,-3.017830881697,
    -28.97845948194));
#8570 = CARTESIAN_POINT('',(5.427812009498,-2.624459237828,
    -28.95755888132));
#8571 = CARTESIAN_POINT('',(5.616246987177,-2.212499274484,
    -28.93665987584));
#8572 = CARTESIAN_POINT('',(5.768822821445,-1.785409038445,
    -28.91576253553));
#8573 = CARTESIAN_POINT('',(5.884176179299,-1.346797861155,
    -28.89486437362));
#8574 = CARTESIAN_POINT('',(5.961390078525,-0.900416774619,
    -28.87396324135));
#8575 = CARTESIAN_POINT('',(6.,-0.450148927298,-28.85306022278));
#8576 = CARTESIAN_POINT('',(6.,0.,-28.83216252958));
#8577 = PCURVE('',#6001,#8578);
#8578 = DEFINITIONAL_REPRESENTATION('',(#8579),#8645);
#8579 = B_SPLINE_CURVE_WITH_KNOTS('',8,(#8580,#8581,#8582,#8583,#8584,
    #8585,#8586,#8587,#8588,#8589,#8590,#8591,#8592,#8593,#8594,#8595,
    #8596,#8597,#8598,#8599,#8600,#8601,#8602,#8603,#8604,#8605,#8606,
    #8607,#8608,#8609,#8610,#8611,#8612,#8613,#8614,#8615,#8616,#8617,
    #8618,#8619,#8620,#8621,#8622,#8623,#8624,#8625,#8626,#8627,#8628,
    #8629,#8630,#8631,#8632,#8633,#8634,#8635,#8636,#8637,#8638,#8639,
    #8640,#8641,#8642,#8643,#8644),.UNSPECIFIED.,.F.,.F.,(9,7,7,7,7,7,7,
    7,7,9),(0.,0.137228497373,0.291261729733,0.449166940803,
    0.571538302319,0.66680207772,0.742300274082,0.821524396779,
    0.904461688029,1.),.UNSPECIFIED.);
#8580 = CARTESIAN_POINT('',(1.422395832407,32.617051459841));
#8581 = CARTESIAN_POINT('',(1.422396900307,32.728897875187));
#8582 = CARTESIAN_POINT('',(1.422414449567,32.840837963324));
#8583 = CARTESIAN_POINT('',(1.42240375223,32.952725332488));
#8584 = CARTESIAN_POINT('',(1.42239516357,33.064578484791));
#8585 = CARTESIAN_POINT('',(1.422393870662,33.176431442329));
#8586 = CARTESIAN_POINT('',(1.42239648559,33.288320428511));
#8587 = CARTESIAN_POINT('',(1.422399313712,33.400264867418));
#8588 = CARTESIAN_POINT('',(1.42240169009,33.637654215011));
#8589 = CARTESIAN_POINT('',(1.422400794209,33.76337035461));
#8590 = CARTESIAN_POINT('',(1.422395163416,33.888982042587));
#8591 = CARTESIAN_POINT('',(1.422384726426,34.0145362819));
#8592 = CARTESIAN_POINT('',(1.422378615877,34.140092887522));
#8593 = CARTESIAN_POINT('',(1.422379769597,34.265709436202));
#8594 = CARTESIAN_POINT('',(1.422385790918,34.391429931895));
#8595 = CARTESIAN_POINT('',(1.422400956359,34.645671872296));
#8596 = CARTESIAN_POINT('',(1.422410189378,34.77457030244));
#8597 = CARTESIAN_POINT('',(1.422417305649,34.903347380489));
#8598 = CARTESIAN_POINT('',(1.422417202643,35.032058134313));
#8599 = CARTESIAN_POINT('',(1.422407850073,35.160769141486));
#8600 = CARTESIAN_POINT('',(1.422396688301,35.289546599851));
#8601 = CARTESIAN_POINT('',(1.422388498077,35.418444851905));
#8602 = CARTESIAN_POINT('',(1.422381850164,35.646881914694));
#8603 = CARTESIAN_POINT('',(1.42238161057,35.746657875237));
#8604 = CARTESIAN_POINT('',(1.422384698595,35.846402861728));
#8605 = CARTESIAN_POINT('',(1.422390558456,35.94613010437));
#8606 = CARTESIAN_POINT('',(1.422396764864,36.045864440488));
#8607 = CARTESIAN_POINT('',(1.422400425816,36.145627539185));
#8608 = CARTESIAN_POINT('',(1.422401384396,36.245421720267));
#8609 = CARTESIAN_POINT('',(1.422400243952,36.422783103533));
#8610 = CARTESIAN_POINT('',(1.42239883601,36.500445262024));
#8611 = CARTESIAN_POINT('',(1.422396766812,36.578106412192));
#8612 = CARTESIAN_POINT('',(1.422395502653,36.655761483117));
#8613 = CARTESIAN_POINT('',(1.422396152379,36.733417154438));
#8614 = CARTESIAN_POINT('',(1.422398623021,36.811080881144));
#8615 = CARTESIAN_POINT('',(1.422401507317,36.888750237363));
#8616 = CARTESIAN_POINT('',(1.422403650811,37.027943408581));
#8617 = CARTESIAN_POINT('',(1.422400897444,37.089485653185));
#8618 = CARTESIAN_POINT('',(1.422397549688,37.151028575836));
#8619 = CARTESIAN_POINT('',(1.422395603274,37.212571546951));
#8620 = CARTESIAN_POINT('',(1.422395942992,37.274114044514));
#8621 = CARTESIAN_POINT('',(1.422398342689,37.335655654078));
#8622 = CARTESIAN_POINT('',(1.422401465273,37.397196068766));
#8623 = CARTESIAN_POINT('',(1.422404329113,37.523311134072));
#8624 = CARTESIAN_POINT('',(1.422403337805,37.58788958176));
#8625 = CARTESIAN_POINT('',(1.42240122202,37.652470028359));
#8626 = CARTESIAN_POINT('',(1.422398987595,37.717051875036));
#8627 = CARTESIAN_POINT('',(1.422397312969,37.781634328094));
#8628 = CARTESIAN_POINT('',(1.422396549183,37.846216398974));
#8629 = CARTESIAN_POINT('',(1.422396719882,37.910796904257));
#8630 = CARTESIAN_POINT('',(1.422398360306,38.042978723504));
#8631 = CARTESIAN_POINT('',(1.422399789158,38.110601173013));
#8632 = CARTESIAN_POINT('',(1.422401112331,38.178219830985));
#8633 = CARTESIAN_POINT('',(1.422401751472,38.245827653411));
#8634 = CARTESIAN_POINT('',(1.422401322068,38.313427440517));
#8635 = CARTESIAN_POINT('',(1.422399710098,38.381026741817));
#8636 = CARTESIAN_POINT('',(1.422397148689,38.448632761153));
#8637 = CARTESIAN_POINT('',(1.422391007246,38.594134725319));
#8638 = CARTESIAN_POINT('',(1.422387186452,38.672037550792));
#8639 = CARTESIAN_POINT('',(1.422383785633,38.749933857988));
#8640 = CARTESIAN_POINT('',(1.422381654627,38.827822226309));
#8641 = CARTESIAN_POINT('',(1.422381396395,38.905711101385));
#8642 = CARTESIAN_POINT('',(1.422383223531,38.983608201719));
#8643 = CARTESIAN_POINT('',(1.422386814781,39.061509925348));
#8644 = CARTESIAN_POINT('',(1.422391171567,39.139390756484));
#8645 = ( GEOMETRIC_REPRESENTATION_CONTEXT(2) 
PARAMETRIC_REPRESENTATION_CONTEXT() REPRESENTATION_CONTEXT('2D SPACE',''
  ) );
#8646 = PCURVE('',#8647,#8652);
#8647 = CYLINDRICAL_SURFACE('',#8648,6.);
#8648 = AXIS2_PLACEMENT_3D('',#8649,#8650,#8651);
#8649 = CARTESIAN_POINT('',(0.,0.,0.));
#8650 = DIRECTION('',(0.,0.,1.));
#8651 = DIRECTION('',(1.,0.,0.));
#8652 = DEFINITIONAL_REPRESENTATION('',(#8653),#8719);
#8653 = B_SPLINE_CURVE_WITH_KNOTS('',8,(#8654,#8655,#8656,#8657,#8658,
    #8659,#8660,#8661,#8662,#8663,#8664,#8665,#8666,#8667,#8668,#8669,
    #8670,#8671,#8672,#8673,#8674,#8675,#8676,#8677,#8678,#8679,#8680,
    #8681,#8682,#8683,#8684,#8685,#8686,#8687,#8688,#8689,#8690,#8691,
    #8692,#8693,#8694,#8695,#8696,#8697,#8698,#8699,#8700,#8701,#8702,
    #8703,#8704,#8705,#8706,#8707,#8708,#8709,#8710,#8711,#8712,#8713,
    #8714,#8715,#8716,#8717,#8718),.UNSPECIFIED.,.F.,.F.,(9,7,7,7,7,7,7,
    7,7,9),(0.,0.137228497373,0.291261729733,0.449166940803,
    0.571538302319,0.66680207772,0.742300274082,0.821524396779,
    0.904461688029,1.),.UNSPECIFIED.);
#8654 = CARTESIAN_POINT('',(0.,-30.58216066666));
#8655 = CARTESIAN_POINT('',(0.107745542428,-30.55215091861));
#8656 = CARTESIAN_POINT('',(0.215585950418,-30.52211000296));
#8657 = CARTESIAN_POINT('',(0.323372059006,-30.49209357308));
#8658 = CARTESIAN_POINT('',(0.431121052822,-30.46208555213));
#8659 = CARTESIAN_POINT('',(0.538869590252,-30.43207491273));
#8660 = CARTESIAN_POINT('',(0.646653691691,-30.40205317612));
#8661 = CARTESIAN_POINT('',(0.754492534912,-30.37201648312));
#8662 = CARTESIAN_POINT('',(0.983177630376,-30.30832200561));
#8663 = CARTESIAN_POINT('',(1.104285427004,-30.27459161012));
#8664 = CARTESIAN_POINT('',(1.225293446391,-30.24089097329));
#8665 = CARTESIAN_POINT('',(1.346245510852,-30.20720750987));
#8666 = CARTESIAN_POINT('',(1.467198357448,-30.17352182757));
#8667 = CARTESIAN_POINT('',(1.588208312473,-30.13981740258));
#8668 = CARTESIAN_POINT('',(1.709318291966,-30.1060833057));
#8669 = CARTESIAN_POINT('',(1.954236869595,-30.03786244995));
#8670 = CARTESIAN_POINT('',(2.07840863755,-30.00327451009));
#8671 = CARTESIAN_POINT('',(2.202463994039,-29.96871990501));
#8672 = CARTESIAN_POINT('',(2.326455963482,-29.93418573827));
#8673 = CARTESIAN_POINT('',(2.450447775949,-29.89965488981));
#8674 = CARTESIAN_POINT('',(2.574502845722,-29.8651068743));
#8675 = CARTESIAN_POINT('',(2.698674049657,-29.83052536094));
#8676 = CARTESIAN_POINT('',(2.918734096507,-29.76923616225));
#8677 = CARTESIAN_POINT('',(3.014851305523,-29.74246549993));
#8678 = CARTESIAN_POINT('',(3.110939028859,-29.71570192998));
#8679 = CARTESIAN_POINT('',(3.207010218061,-29.68894210605));
#8680 = CARTESIAN_POINT('',(3.303088859229,-29.66218025197));
#8681 = CARTESIAN_POINT('',(3.399195345608,-29.63541161248));
#8682 = CARTESIAN_POINT('',(3.495331310366,-29.60863562264));
#8683 = CARTESIAN_POINT('',(3.666189755224,-29.56104845239));
#8684 = CARTESIAN_POINT('',(3.741003991382,-29.54021154139));
#8685 = CARTESIAN_POINT('',(3.81581670851,-29.51937514304));
#8686 = CARTESIAN_POINT('',(3.890622963795,-29.49854008116));
#8687 = CARTESIAN_POINT('',(3.965429444156,-29.4777041576));
#8688 = CARTESIAN_POINT('',(4.0402438915,-29.45686540619));
#8689 = CARTESIAN_POINT('',(4.115064566578,-29.43602499298));
#8690 = CARTESIAN_POINT('',(4.249154159558,-29.39867748153));
#8691 = CARTESIAN_POINT('',(4.308440658221,-29.38216617528));
#8692 = CARTESIAN_POINT('',(4.367728094606,-29.36565490468));
#8693 = CARTESIAN_POINT('',(4.427015563848,-29.34914310793));
#8694 = CARTESIAN_POINT('',(4.486302409068,-29.33263060115));
#8695 = CARTESIAN_POINT('',(4.54558822137,-29.31611757833));
#8696 = CARTESIAN_POINT('',(4.60487283984,-29.29960461134));
#8697 = CARTESIAN_POINT('',(4.726365575507,-29.26576580347));
#8698 = CARTESIAN_POINT('',(4.788576524066,-29.24843921201));
#8699 = CARTESIAN_POINT('',(4.850788801717,-29.23111249591));
#8700 = CARTESIAN_POINT('',(4.913001894205,-29.21378544763));
#8701 = CARTESIAN_POINT('',(4.975215168533,-29.19645803177));
#8702 = CARTESIAN_POINT('',(5.037427872962,-29.17913038508));
#8703 = CARTESIAN_POINT('',(5.09963913701,-29.16180281641));
#8704 = CARTESIAN_POINT('',(5.226972482083,-29.12633669457));
#8705 = CARTESIAN_POINT('',(5.292114819892,-29.10819248554));
#8706 = CARTESIAN_POINT('',(5.357253948616,-29.09004933253));
#8707 = CARTESIAN_POINT('',(5.422383070702,-29.07190933723));
#8708 = CARTESIAN_POINT('',(5.48750477212,-29.05377188908));
#8709 = CARTESIAN_POINT('',(5.552626167179,-29.03563500419));
#8710 = CARTESIAN_POINT('',(5.617754043334,-29.01749666437));
#8711 = CARTESIAN_POINT('',(5.757922356696,-28.97845948194));
#8712 = CARTESIAN_POINT('',(5.832969402225,-28.95755888132));
#8713 = CARTESIAN_POINT('',(5.908009882327,-28.93665987584));
#8714 = CARTESIAN_POINT('',(5.983042386699,-28.91576253553));
#8715 = CARTESIAN_POINT('',(6.058075107101,-28.89486437362));
#8716 = CARTESIAN_POINT('',(6.133115589458,-28.87396324135));
#8717 = CARTESIAN_POINT('',(6.208160485963,-28.85306022278));
#8718 = CARTESIAN_POINT('',(6.28318530718,-28.83216252958));
#8719 = ( GEOMETRIC_REPRESENTATION_CONTEXT(2) 
PARAMETRIC_REPRESENTATION_CONTEXT() REPRESENTATION_CONTEXT('2D SPACE',''
  ) );
#8720 = ORIENTED_EDGE('',*,*,#8721,.T.);
#8721 = EDGE_CURVE('',#8508,#8722,#8724,.T.);
#8722 = VERTEX_POINT('',#8723);
#8723 = CARTESIAN_POINT('',(6.,0.,-27.08215960981));
#8724 = SURFACE_CURVE('',#8725,(#8784,#8846),.PCURVE_S1.);
#8725 = B_SPLINE_CURVE_WITH_KNOTS('',8,(#8726,#8727,#8728,#8729,#8730,
    #8731,#8732,#8733,#8734,#8735,#8736,#8737,#8738,#8739,#8740,#8741,
    #8742,#8743,#8744,#8745,#8746,#8747,#8748,#8749,#8750,#8751,#8752,
    #8753,#8754,#8755,#8756,#8757,#8758,#8759,#8760,#8761,#8762,#8763,
    #8764,#8765,#8766,#8767,#8768,#8769,#8770,#8771,#8772,#8773,#8774,
    #8775,#8776,#8777,#8778,#8779,#8780,#8781,#8782,#8783),
  .UNSPECIFIED.,.F.,.F.,(9,7,7,7,7,7,7,7,9),(0.,0.139532040372,
    0.289501649314,0.425873260768,0.502858984977,0.587768496509,
    0.683767834948,0.830003602787,1.),.UNSPECIFIED.);
#8726 = CARTESIAN_POINT('',(6.,0.,-28.83216252958));
#8727 = CARTESIAN_POINT('',(6.,0.657238667235,-28.80165091177));
#8728 = CARTESIAN_POINT('',(5.917721264018,1.315143838071,
    -28.77110777723));
#8729 = CARTESIAN_POINT('',(5.75287324256,1.960680683228,-28.74058087059
    ));
#8730 = CARTESIAN_POINT('',(5.507974458582,2.581867571061,
    -28.71006679356));
#8731 = CARTESIAN_POINT('',(5.18718365446,3.167468960924,-28.67955548673
    ));
#8732 = CARTESIAN_POINT('',(4.796491512376,3.707108195623,
    -28.64903544225));
#8733 = CARTESIAN_POINT('',(4.343465815252,4.19122081351,-28.61849877741
    ));
#8734 = CARTESIAN_POINT('',(3.295271140196,5.063621983634,
    -28.55519822667));
#8735 = CARTESIAN_POINT('',(2.69078538584,5.443047746073,-28.52236515921
    ));
#8736 = CARTESIAN_POINT('',(2.037111986739,5.739195964577,
    -28.48955491373));
#8737 = CARTESIAN_POINT('',(1.347818673713,5.945253011121,
    -28.45675636924));
#8738 = CARTESIAN_POINT('',(0.637051340837,6.056600698081,
    -28.42395689979));
#8739 = CARTESIAN_POINT('',(-8.044732793302E-02,6.071297246916,
    -28.39114445596));
#8740 = CARTESIAN_POINT('',(-0.789463155716,5.989639400364,
    -28.35830949459));
#8741 = CARTESIAN_POINT('',(-2.09690725887,5.658234592377,
    -28.29569917109));
#8742 = CARTESIAN_POINT('',(-2.700834474066,5.42407032492,-28.2658541752
    ));
#8743 = CARTESIAN_POINT('',(-3.274209578598,5.116312085008,
    -28.23602299177));
#8744 = CARTESIAN_POINT('',(-3.806747266412,4.739916505976,
    -28.20620046478));
#8745 = CARTESIAN_POINT('',(-4.289180988302,4.30115537174,
    -28.17637577185));
#8746 = CARTESIAN_POINT('',(-4.71341130791,3.807728218577,
    -28.14654193922));
#8747 = CARTESIAN_POINT('',(-5.072388832319,3.268565730929,
    -28.11670346896));
#8748 = CARTESIAN_POINT('',(-5.523745522507,2.37059996128,
    -28.07005116921));
#8749 = CARTESIAN_POINT('',(-5.664237738658,2.035312332486,
    -28.05321611679));
#8750 = CARTESIAN_POINT('',(-5.781436115656,1.69059243538,
    -28.03638046846));
#8751 = CARTESIAN_POINT('',(-5.874608155943,1.338330200482,
    -28.01954488831));
#8752 = CARTESIAN_POINT('',(-5.943211891995,0.980463103466,
    -28.00270979662));
#8753 = CARTESIAN_POINT('',(-5.986895886326,0.618976165162,
    -27.98587536987));
#8754 = CARTESIAN_POINT('',(-6.00549923148,0.25590195155,-27.96904154074
    ));
#8755 = CARTESIAN_POINT('',(-5.991940238333,-0.506579641428,
    -27.93364185618));
#8756 = CARTESIAN_POINT('',(-5.954362540492,-0.905964526653,
    -27.91507418937));
#8757 = CARTESIAN_POINT('',(-5.886361210971,-1.302073847925,
    -27.8965070911));
#8758 = CARTESIAN_POINT('',(-5.788286190039,-1.692218341702,
    -27.87794043229));
#8759 = CARTESIAN_POINT('',(-5.660758666477,-2.073769397005,
    -27.85937314214));
#8760 = CARTESIAN_POINT('',(-5.504663910536,-2.444160141026,
    -27.84080465335));
#8761 = CARTESIAN_POINT('',(-5.321172877144,-2.800897928235,
    -27.82223651199));
#8762 = CARTESIAN_POINT('',(-4.875065624916,-3.526775278298,
    -27.78268740637));
#8763 = CARTESIAN_POINT('',(-4.605085762654,-3.891708407665,
    -27.76169407066));
#8764 = CARTESIAN_POINT('',(-4.303953444478,-4.232883553174,
    -27.74070173437));
#8765 = CARTESIAN_POINT('',(-3.974157803397,-4.547211799473,
    -27.7197113712));
#8766 = CARTESIAN_POINT('',(-3.618501136956,-4.831954622054,
    -27.69872059402));
#8767 = CARTESIAN_POINT('',(-3.240067378084,-5.084704867361,
    -27.67772686402));
#8768 = CARTESIAN_POINT('',(-2.842234553389,-5.303413474688,
    -27.65673065386));
#8769 = CARTESIAN_POINT('',(-1.7988417198,-5.765299620387,
    -27.60376132098));
#8770 = CARTESIAN_POINT('',(-1.131559011987,-5.961847075792,
    -27.57174160378));
#8771 = CARTESIAN_POINT('',(-0.440579445272,-6.069601154137,
    -27.53974034691));
#8772 = CARTESIAN_POINT('',(0.26022665448,-6.085801129862,
    -27.50775274544));
#8773 = CARTESIAN_POINT('',(0.957053778361,-6.009822322966,
    -27.47576864918));
#8774 = CARTESIAN_POINT('',(1.636228249776,-5.843509904874,
    -27.44377570095));
#8775 = CARTESIAN_POINT('',(2.284256578026,-5.590775968702,
    -27.41176343552));
#8776 = CARTESIAN_POINT('',(3.590077860236,-4.873674546774,
    -27.34261374583));
#8777 = CARTESIAN_POINT('',(4.23470249203,-4.38029930653,-27.30536445251
    ));
#8778 = CARTESIAN_POINT('',(4.800092006523,-3.790064048878,
    -27.2681623836));
#8779 = CARTESIAN_POINT('',(5.270407618585,-3.118538365902,
    -27.23098001101));
#8780 = CARTESIAN_POINT('',(5.632630718411,-2.383053847879,-27.193794316
    ));
#8781 = CARTESIAN_POINT('',(5.877838259903,-1.603359774476,
    -27.15658754065));
#8782 = CARTESIAN_POINT('',(6.,-0.800837641213,-27.11933424506));
#8783 = CARTESIAN_POINT('',(6.,-5.329070518201E-15,-27.08215960981));
#8784 = PCURVE('',#6001,#8785);
#8785 = DEFINITIONAL_REPRESENTATION('',(#8786),#8845);
#8786 = B_SPLINE_CURVE_WITH_KNOTS('',8,(#8787,#8788,#8789,#8790,#8791,
    #8792,#8793,#8794,#8795,#8796,#8797,#8798,#8799,#8800,#8801,#8802,
    #8803,#8804,#8805,#8806,#8807,#8808,#8809,#8810,#8811,#8812,#8813,
    #8814,#8815,#8816,#8817,#8818,#8819,#8820,#8821,#8822,#8823,#8824,
    #8825,#8826,#8827,#8828,#8829,#8830,#8831,#8832,#8833,#8834,#8835,
    #8836,#8837,#8838,#8839,#8840,#8841,#8842,#8843,#8844),
  .UNSPECIFIED.,.F.,.F.,(9,7,7,7,7,7,7,7,9),(0.,0.139532040372,
    0.289501649314,0.425873260768,0.502858984977,0.587768496509,
    0.683767834948,0.830003602787,1.),.UNSPECIFIED.);
#8787 = CARTESIAN_POINT('',(1.422391171567,39.139390756484));
#8788 = CARTESIAN_POINT('',(1.422397532682,39.253100443556));
#8789 = CARTESIAN_POINT('',(1.422405696127,39.366925135925));
#8790 = CARTESIAN_POINT('',(1.422413308238,39.480690098411));
#8791 = CARTESIAN_POINT('',(1.422416880818,39.594412756173));
#8792 = CARTESIAN_POINT('',(1.422413783287,39.708134190408));
#8793 = CARTESIAN_POINT('',(1.422406435248,39.821893990042));
#8794 = CARTESIAN_POINT('',(1.422398290592,39.935716821657));
#8795 = CARTESIAN_POINT('',(1.42238476702,40.171659678424));
#8796 = CARTESIAN_POINT('',(1.42237962949,40.294037217492));
#8797 = CARTESIAN_POINT('',(1.422379343629,40.416323077902));
#8798 = CARTESIAN_POINT('',(1.422385668279,40.538556308229));
#8799 = CARTESIAN_POINT('',(1.422395465803,40.660788247058));
#8800 = CARTESIAN_POINT('',(1.422400802375,40.783074628561));
#8801 = CARTESIAN_POINT('',(1.422401719337,40.905450964347));
#8802 = CARTESIAN_POINT('',(1.422399492249,41.138805894027));
#8803 = CARTESIAN_POINT('',(1.422396708401,41.250043524953));
#8804 = CARTESIAN_POINT('',(1.422394044583,41.361229512805));
#8805 = CARTESIAN_POINT('',(1.422395085279,41.472378183696));
#8806 = CARTESIAN_POINT('',(1.422403157568,41.583525333754));
#8807 = CARTESIAN_POINT('',(1.422413471617,41.69470348994));
#8808 = CARTESIAN_POINT('',(1.422397134244,41.805935295074));
#8809 = CARTESIAN_POINT('',(1.422395130188,41.979813547442));
#8810 = CARTESIAN_POINT('',(1.422398824018,42.04255361186));
#8811 = CARTESIAN_POINT('',(1.422403199308,42.105294966994));
#8812 = CARTESIAN_POINT('',(1.422405860359,42.168038406836));
#8813 = CARTESIAN_POINT('',(1.422405751263,42.230783805899));
#8814 = CARTESIAN_POINT('',(1.422403155903,42.293530119213));
#8815 = CARTESIAN_POINT('',(1.422399697959,42.356275382322));
#8816 = CARTESIAN_POINT('',(1.422396844162,42.488215717348));
#8817 = CARTESIAN_POINT('',(1.422396083529,42.557419402582));
#8818 = CARTESIAN_POINT('',(1.422396685398,42.626619110033));
#8819 = CARTESIAN_POINT('',(1.422398263426,42.69581584789));
#8820 = CARTESIAN_POINT('',(1.422400010417,42.765014708462));
#8821 = CARTESIAN_POINT('',(1.42240114762,42.834218868516));
#8822 = CARTESIAN_POINT('',(1.422401231446,42.903423171009));
#8823 = CARTESIAN_POINT('',(1.422399284366,43.050827376381));
#8824 = CARTESIAN_POINT('',(1.42239697498,43.129073768236));
#8825 = CARTESIAN_POINT('',(1.422393312477,43.207318281435));
#8826 = CARTESIAN_POINT('',(1.422389046624,43.285556263848));
#8827 = CARTESIAN_POINT('',(1.422385237629,43.363795165817));
#8828 = CARTESIAN_POINT('',(1.422382832929,43.442043156917));
#8829 = CARTESIAN_POINT('',(1.422382337024,43.520297787169));
#8830 = CARTESIAN_POINT('',(1.422385459243,43.717712951107));
#8831 = CARTESIAN_POINT('',(1.422391409584,43.837043962515));
#8832 = CARTESIAN_POINT('',(1.422401024889,43.956301170608));
#8833 = CARTESIAN_POINT('',(1.422411312403,44.075506567278));
#8834 = CARTESIAN_POINT('',(1.422416265726,44.194706178179));
#8835 = CARTESIAN_POINT('',(1.422414491975,44.313947959747));
#8836 = CARTESIAN_POINT('',(1.422408497635,44.433267496429));
#8837 = CARTESIAN_POINT('',(1.422392953219,44.69101315184));
#8838 = CARTESIAN_POINT('',(1.422382961725,44.829856814572));
#8839 = CARTESIAN_POINT('',(1.422376118955,44.968520173254));
#8840 = CARTESIAN_POINT('',(1.422378410228,45.107097659619));
#8841 = CARTESIAN_POINT('',(1.422391149127,45.24567327326));
#8842 = CARTESIAN_POINT('',(1.422399377463,45.384333608334));
#8843 = CARTESIAN_POINT('',(1.422401620242,45.523175493627));
#8844 = CARTESIAN_POINT('',(1.422400749811,45.661728455845));
#8845 = ( GEOMETRIC_REPRESENTATION_CONTEXT(2) 
PARAMETRIC_REPRESENTATION_CONTEXT() REPRESENTATION_CONTEXT('2D SPACE',''
  ) );
#8846 = PCURVE('',#8847,#8852);
#8847 = CYLINDRICAL_SURFACE('',#8848,6.);
#8848 = AXIS2_PLACEMENT_3D('',#8849,#8850,#8851);
#8849 = CARTESIAN_POINT('',(0.,0.,0.));
#8850 = DIRECTION('',(0.,0.,1.));
#8851 = DIRECTION('',(1.,0.,0.));
#8852 = DEFINITIONAL_REPRESENTATION('',(#8853),#8912);
#8853 = B_SPLINE_CURVE_WITH_KNOTS('',8,(#8854,#8855,#8856,#8857,#8858,
    #8859,#8860,#8861,#8862,#8863,#8864,#8865,#8866,#8867,#8868,#8869,
    #8870,#8871,#8872,#8873,#8874,#8875,#8876,#8877,#8878,#8879,#8880,
    #8881,#8882,#8883,#8884,#8885,#8886,#8887,#8888,#8889,#8890,#8891,
    #8892,#8893,#8894,#8895,#8896,#8897,#8898,#8899,#8900,#8901,#8902,
    #8903,#8904,#8905,#8906,#8907,#8908,#8909,#8910,#8911),
  .UNSPECIFIED.,.F.,.F.,(9,7,7,7,7,7,7,7,9),(0.,0.139532040372,
    0.289501649314,0.425873260768,0.502858984977,0.587768496509,
    0.683767834948,0.830003602787,1.),.UNSPECIFIED.);
#8854 = CARTESIAN_POINT('',(0.,-28.83216252958));
#8855 = CARTESIAN_POINT('',(0.109539777872,-28.80165091177));
#8856 = CARTESIAN_POINT('',(0.219190444227,-28.77110777723));
#8857 = CARTESIAN_POINT('',(0.328783916735,-28.74058087059));
#8858 = CARTESIAN_POINT('',(0.438337069391,-28.71006679356));
#8859 = CARTESIAN_POINT('',(0.547889075081,-28.67955548673));
#8860 = CARTESIAN_POINT('',(0.65747764208,-28.64903544225));
#8861 = CARTESIAN_POINT('',(0.767126582133,-28.61849877741));
#8862 = CARTESIAN_POINT('',(0.994417137642,-28.55519822667));
#8863 = CARTESIAN_POINT('',(1.112306802897,-28.52236515921));
#8864 = CARTESIAN_POINT('',(1.230108303603,-28.48955491373));
#8865 = CARTESIAN_POINT('',(1.347859742788,-28.45675636924));
#8866 = CARTESIAN_POINT('',(1.465611279035,-28.42395689979));
#8867 = CARTESIAN_POINT('',(1.583415786824,-28.39114445596));
#8868 = CARTESIAN_POINT('',(1.701306170949,-28.35830949459));
#8869 = CARTESIAN_POINT('',(1.926104798714,-28.29569917109));
#8870 = CARTESIAN_POINT('',(2.033262785558,-28.2658541752));
#8871 = CARTESIAN_POINT('',(2.140369721796,-28.23602299177));
#8872 = CARTESIAN_POINT('',(2.247439838465,-28.20620046478));
#8873 = CARTESIAN_POINT('',(2.354508691115,-28.17637577185));
#8874 = CARTESIAN_POINT('',(2.461611375267,-28.14654193922));
#8875 = CARTESIAN_POINT('',(2.568769334464,-28.11670346896));
#8876 = CARTESIAN_POINT('',(2.736272683124,-28.07005116921));
#8877 = CARTESIAN_POINT('',(2.79671343729,-28.05321611679));
#8878 = CARTESIAN_POINT('',(2.8571556265,-28.03638046846));
#8879 = CARTESIAN_POINT('',(2.917599497957,-28.01954488831));
#8880 = CARTESIAN_POINT('',(2.978044634424,-28.00270979662));
#8881 = CARTESIAN_POINT('',(3.03848995422,-27.98587536987));
#8882 = CARTESIAN_POINT('',(3.098933711225,-27.96904154074));
#8883 = CARTESIAN_POINT('',(3.22603406811,-27.93364185618));
#8884 = CARTESIAN_POINT('',(3.292698895219,-27.91507418937));
#8885 = CARTESIAN_POINT('',(3.35935996,-27.8965070911));
#8886 = CARTESIAN_POINT('',(3.426018519988,-27.87794043229));
#8887 = CARTESIAN_POINT('',(3.492679624264,-27.85937314214));
#8888 = CARTESIAN_POINT('',(3.559346307375,-27.84080465335));
#8889 = CARTESIAN_POINT('',(3.626013459364,-27.82223651199));
#8890 = CARTESIAN_POINT('',(3.768014007859,-27.78268740637));
#8891 = CARTESIAN_POINT('',(3.843392243282,-27.76169407066));
#8892 = CARTESIAN_POINT('',(3.918768725434,-27.74070173437));
#8893 = CARTESIAN_POINT('',(3.994138739487,-27.7197113712));
#8894 = CARTESIAN_POINT('',(4.069509318091,-27.69872059402));
#8895 = CARTESIAN_POINT('',(4.144888320075,-27.67772686402));
#8896 = CARTESIAN_POINT('',(4.220273478273,-27.65673065386));
#8897 = CARTESIAN_POINT('',(4.410449377609,-27.60376132098));
#8898 = CARTESIAN_POINT('',(4.525404157345,-27.57174160378));
#8899 = CARTESIAN_POINT('',(4.640287857961,-27.53974034691));
#8900 = CARTESIAN_POINT('',(4.755122167186,-27.50775274544));
#8901 = CARTESIAN_POINT('',(4.86995148023,-27.47576864918));
#8902 = CARTESIAN_POINT('',(4.984821371572,-27.44377570095));
#8903 = CARTESIAN_POINT('',(5.099765865237,-27.41176343552));
#8904 = CARTESIAN_POINT('',(5.348060250908,-27.34261374583));
#8905 = CARTESIAN_POINT('',(5.481812271939,-27.30536445251));
#8906 = CARTESIAN_POINT('',(5.615390297226,-27.2681623836));
#8907 = CARTESIAN_POINT('',(5.748885720249,-27.23098001101));
#8908 = CARTESIAN_POINT('',(5.882381196208,-27.193794316));
#8909 = CARTESIAN_POINT('',(6.015959702036,-27.15658754065));
#8910 = CARTESIAN_POINT('',(6.149712366977,-27.11933424506));
#8911 = CARTESIAN_POINT('',(6.28318530718,-27.08215960981));
#8912 = ( GEOMETRIC_REPRESENTATION_CONTEXT(2) 
PARAMETRIC_REPRESENTATION_CONTEXT() REPRESENTATION_CONTEXT('2D SPACE',''
  ) );
#8913 = ORIENTED_EDGE('',*,*,#8914,.T.);
#8914 = EDGE_CURVE('',#8722,#8915,#8917,.T.);
#8915 = VERTEX_POINT('',#8916);
#8916 = CARTESIAN_POINT('',(6.,0.,-25.33215812967));
#8917 = SURFACE_CURVE('',#8918,(#8998,#9081),.PCURVE_S1.);
#8918 = B_SPLINE_CURVE_WITH_KNOTS('',8,(#8919,#8920,#8921,#8922,#8923,
    #8924,#8925,#8926,#8927,#8928,#8929,#8930,#8931,#8932,#8933,#8934,
    #8935,#8936,#8937,#8938,#8939,#8940,#8941,#8942,#8943,#8944,#8945,
    #8946,#8947,#8948,#8949,#8950,#8951,#8952,#8953,#8954,#8955,#8956,
    #8957,#8958,#8959,#8960,#8961,#8962,#8963,#8964,#8965,#8966,#8967,
    #8968,#8969,#8970,#8971,#8972,#8973,#8974,#8975,#8976,#8977,#8978,
    #8979,#8980,#8981,#8982,#8983,#8984,#8985,#8986,#8987,#8988,#8989,
    #8990,#8991,#8992,#8993,#8994,#8995,#8996,#8997),.UNSPECIFIED.,.F.,
  .F.,(9,7,7,7,7,7,7,7,7,7,7,9),(0.,8.705610967021E-02,0.124455179457,
    0.186104555012,0.263727148464,0.397253283441,0.507249235055,
    0.630516178424,0.730691468091,0.808772940057,0.904660480713,1.),
  .UNSPECIFIED.);
#8919 = CARTESIAN_POINT('',(6.,-5.329070518201E-15,-27.08215960981));
#8920 = CARTESIAN_POINT('',(6.,0.409917080451,-27.0631313859));
#8921 = CARTESIAN_POINT('',(5.967993589671,0.820004839899,
    -27.04409546822));
#8922 = CARTESIAN_POINT('',(5.903935834738,1.227175257566,
    -27.02505952747));
#8923 = CARTESIAN_POINT('',(5.808170258416,1.628459348374,
    -27.00602560022));
#8924 = CARTESIAN_POINT('',(5.68135752245,2.020998745458,-26.98699276451
    ));
#8925 = CARTESIAN_POINT('',(5.524438743332,2.402043450543,
    -26.96795934996));
#8926 = CARTESIAN_POINT('',(5.338633443693,2.768955752173,
    -26.94892468226));
#8927 = CARTESIAN_POINT('',(5.033898617557,3.269693021416,
    -26.92171326944));
#8928 = CARTESIAN_POINT('',(4.937241122571,3.417139403875,
    -26.91353356559));
#8929 = CARTESIAN_POINT('',(4.835649214814,3.561322716553,
    -26.90535353455));
#8930 = CARTESIAN_POINT('',(4.729270378174,3.702026929817,
    -26.89717461444));
#8931 = CARTESIAN_POINT('',(4.618250019527,3.839056727038,
    -26.88899739749));
#8932 = CARTESIAN_POINT('',(4.502731468738,3.972237504591,
    -26.88082163003));
#8933 = CARTESIAN_POINT('',(4.38285597866,4.101415371853,-26.87264621244
    ));
#8934 = CARTESIAN_POINT('',(4.054204921051,4.432578524264,
    -26.85099004693));
#8935 = CARTESIAN_POINT('',(3.838209246093,4.62741550136,-26.83750850651
    ));
#8936 = CARTESIAN_POINT('',(3.611533710823,4.810206059943,
    -26.82402567355));
#8937 = CARTESIAN_POINT('',(3.374976472699,4.980259611078,-26.8105423711
    ));
#8938 = CARTESIAN_POINT('',(3.129375836076,5.136956999448,
    -26.79705914971));
#8939 = CARTESIAN_POINT('',(2.875610252204,5.279750503355,
    -26.78357628737));
#8940 = CARTESIAN_POINT('',(2.614598319227,5.408163834718,
    -26.77009378958));
#8941 = CARTESIAN_POINT('',(2.010742521776,5.664861287695,
    -26.73963572873));
#8942 = CARTESIAN_POINT('',(1.664158251767,5.784513092659,
    -26.72265725801));
#8943 = CARTESIAN_POINT('',(1.309495429023,5.879901045396,
    -26.70567806885));
#8944 = CARTESIAN_POINT('',(0.948749720838,5.95040101932,-26.6886983717)
  );
#8945 = CARTESIAN_POINT('',(0.583955095531,5.995586609815,
    -26.67171764604));
#8946 = CARTESIAN_POINT('',(0.217179640791,6.015222806853,
    -26.65473573382));
#8947 = CARTESIAN_POINT('',(-0.149474890263,6.009278000256,
    -26.63775387612));
#8948 = CARTESIAN_POINT('',(-1.14070076313,5.924071419676,
    -26.59156987734));
#8949 = CARTESIAN_POINT('',(-1.761466240226,5.795037325963,
    -26.56234613725));
#8950 = CARTESIAN_POINT('',(-2.364960977296,5.591651478418,
    -26.53313720587));
#8951 = CARTESIAN_POINT('',(-2.94095493612,5.316859908858,-26.5039378091
    ));
#8952 = CARTESIAN_POINT('',(-3.479886542154,4.97496598313,
    -26.47473708578));
#8953 = CARTESIAN_POINT('',(-3.97298347626,4.571751918677,
    -26.44552452839));
#8954 = CARTESIAN_POINT('',(-4.412220352732,4.114368259641,
    -26.41629716639));
#8955 = CARTESIAN_POINT('',(-5.102886910182,3.19829352056,-26.3630397492
    ));
#8956 = CARTESIAN_POINT('',(-5.37416152972,2.753519098764,-26.3389714089
    ));
#8957 = CARTESIAN_POINT('',(-5.60094196788,2.282656541906,-26.3149052819
    ));
#8958 = CARTESIAN_POINT('',(-5.780376867323,1.790966226439,
    -26.29084190625));
#8959 = CARTESIAN_POINT('',(-5.910377670842,1.283953804076,
    -26.26677860779));
#8960 = CARTESIAN_POINT('',(-5.989552382831,0.767337132199,
    -26.24271242999));
#8961 = CARTESIAN_POINT('',(-6.017273371282,0.247057407355,
    -26.21864319105));
#8962 = CARTESIAN_POINT('',(-5.967686473899,-0.850917977716,
    -26.16762407381));
#8963 = CARTESIAN_POINT('',(-5.877273928645,-1.428640110542,
    -26.14064576179));
#8964 = CARTESIAN_POINT('',(-5.722897343705,-1.995022774165,
    -26.11367515806));
#8965 = CARTESIAN_POINT('',(-5.506396756563,-2.541838258276,
    -26.08671032436));
#8966 = CARTESIAN_POINT('',(-5.230677468479,-3.061328037515,
    -26.05974426331));
#8967 = CARTESIAN_POINT('',(-4.899755764566,-3.546246260073,
    -26.03277054285));
#8968 = CARTESIAN_POINT('',(-4.518682723006,-3.989853116053,
    -26.00578759922));
#8969 = CARTESIAN_POINT('',(-3.748944233219,-4.708318274702,
    -25.95690796724));
#8970 = CARTESIAN_POINT('',(-3.374790553031,-4.999462046491,
    -25.93498796153));
#8971 = CARTESIAN_POINT('',(-2.97496283253,-5.256507853149,
    -25.91307008274));
#8972 = CARTESIAN_POINT('',(-2.553111282062,-5.476818727047,
    -25.89115528156));
#8973 = CARTESIAN_POINT('',(-2.113139086779,-5.658262184874,
    -25.86924091216));
#8974 = CARTESIAN_POINT('',(-1.659189905981,-5.799217605161,
    -25.84732423629));
#8975 = CARTESIAN_POINT('',(-1.195635372461,-5.898583605797,
    -25.82540592731));
#8976 = CARTESIAN_POINT('',(-0.361834275009,-6.000371286865,
    -25.78641402513));
#8977 = CARTESIAN_POINT('',(6.564721955219E-03,-6.019358787353,
    -25.769333552));
#8978 = CARTESIAN_POINT('',(0.375977433769,-6.012493690783,
    -25.75225247007));
#8979 = CARTESIAN_POINT('',(0.744276588296,-5.979726993185,
    -25.73517105666));
#8980 = CARTESIAN_POINT('',(1.109364606543,-5.921214918842,
    -25.7180895512));
#8981 = CARTESIAN_POINT('',(1.46917360266,-5.837318920296,
    -25.70100815524));
#8982 = CARTESIAN_POINT('',(1.821665383941,-5.728605678347,
    -25.68392703241));
#8983 = CARTESIAN_POINT('',(2.58625473296,-5.432813631221,
    -25.64587041535));
#8984 = CARTESIAN_POINT('',(2.993735528273,-5.233474021257,
    -25.6248890212));
#8985 = CARTESIAN_POINT('',(3.383480249172,-4.999266010625,
    -25.60391879284));
#8986 = CARTESIAN_POINT('',(3.752027319606,-4.732077221357,
    -25.58294551182));
#8987 = CARTESIAN_POINT('',(4.096199722034,-4.434154635288,
    -25.56196652664));
#8988 = CARTESIAN_POINT('',(4.413086262781,-4.108081418868,
    -25.54098792902));
#8989 = CARTESIAN_POINT('',(4.700064105671,-3.756801024769,
    -25.52001024735));
#8990 = CARTESIAN_POINT('',(5.208229832963,-3.012668518277,
    -25.47818252404));
#8991 = CARTESIAN_POINT('',(5.429932234916,-2.619848591323,
    -25.45732114786));
#8992 = CARTESIAN_POINT('',(5.617671429776,-2.208506991297,
    -25.43645992765));
#8993 = CARTESIAN_POINT('',(5.769672678084,-1.782117931382,
    -25.41560021669));
#8994 = CARTESIAN_POINT('',(5.884604329719,-1.344290580281,
    -25.39474038176));
#8995 = CARTESIAN_POINT('',(5.961543429574,-0.898748287657,
    -25.3738787313));
#8996 = CARTESIAN_POINT('',(6.,-0.449328019012,-25.35301610569));
#8997 = CARTESIAN_POINT('',(6.,-3.552713678801E-15,-25.33215812967));
#8998 = PCURVE('',#6001,#8999);
#8999 = DEFINITIONAL_REPRESENTATION('',(#9000),#9080);
#9000 = B_SPLINE_CURVE_WITH_KNOTS('',8,(#9001,#9002,#9003,#9004,#9005,
    #9006,#9007,#9008,#9009,#9010,#9011,#9012,#9013,#9014,#9015,#9016,
    #9017,#9018,#9019,#9020,#9021,#9022,#9023,#9024,#9025,#9026,#9027,
    #9028,#9029,#9030,#9031,#9032,#9033,#9034,#9035,#9036,#9037,#9038,
    #9039,#9040,#9041,#9042,#9043,#9044,#9045,#9046,#9047,#9048,#9049,
    #9050,#9051,#9052,#9053,#9054,#9055,#9056,#9057,#9058,#9059,#9060,
    #9061,#9062,#9063,#9064,#9065,#9066,#9067,#9068,#9069,#9070,#9071,
    #9072,#9073,#9074,#9075,#9076,#9077,#9078,#9079),.UNSPECIFIED.,.F.,
  .F.,(9,7,7,7,7,7,7,7,7,7,7,9),(0.,8.705610967021E-02,0.124455179457,
    0.186104555012,0.263727148464,0.397253283441,0.507249235055,
    0.630516178424,0.730691468091,0.808772940057,0.904660480713,1.),
  .UNSPECIFIED.);
#9001 = CARTESIAN_POINT('',(1.422400749811,45.661728455845));
#9002 = CARTESIAN_POINT('',(1.422400304272,45.732648231387));
#9003 = CARTESIAN_POINT('',(1.422399077283,45.803597748357));
#9004 = CARTESIAN_POINT('',(1.422397325064,45.874548068063));
#9005 = CARTESIAN_POINT('',(1.422396009536,45.945490287716));
#9006 = CARTESIAN_POINT('',(1.422395987074,46.016426675049));
#9007 = CARTESIAN_POINT('',(1.422397481368,46.087363150483));
#9008 = CARTESIAN_POINT('',(1.422399840422,46.158303116867));
#9009 = CARTESIAN_POINT('',(1.422402323964,46.259718063069));
#9010 = CARTESIAN_POINT('',(1.42240301786,46.290203293171));
#9011 = CARTESIAN_POINT('',(1.422403465136,46.320690079286));
#9012 = CARTESIAN_POINT('',(1.422403537852,46.351173235962));
#9013 = CARTESIAN_POINT('',(1.422403174342,46.381650640074));
#9014 = CARTESIAN_POINT('',(1.422402379203,46.412123230819));
#9015 = CARTESIAN_POINT('',(1.422401223306,46.442595009721));
#9016 = CARTESIAN_POINT('',(1.422397569763,46.523313637101));
#9017 = CARTESIAN_POINT('',(1.422396386239,46.573561645992));
#9018 = CARTESIAN_POINT('',(1.422396511277,46.623812686415));
#9019 = CARTESIAN_POINT('',(1.422397861059,46.674063805141));
#9020 = CARTESIAN_POINT('',(1.422400049895,46.724313476601));
#9021 = CARTESIAN_POINT('',(1.422402390213,46.774561602882));
#9022 = CARTESIAN_POINT('',(1.422403892567,46.824809513732));
#9023 = CARTESIAN_POINT('',(1.422402476265,46.938330201416));
#9024 = CARTESIAN_POINT('',(1.422400405989,47.001612657553));
#9025 = CARTESIAN_POINT('',(1.422398039941,47.064898195143));
#9026 = CARTESIAN_POINT('',(1.422396431107,47.12818459307));
#9027 = CARTESIAN_POINT('',(1.422396078885,47.191473109942));
#9028 = CARTESIAN_POINT('',(1.42239676048,47.254764638813));
#9029 = CARTESIAN_POINT('',(1.422397815136,47.318055455631));
#9030 = CARTESIAN_POINT('',(1.422400715031,47.490181634704));
#9031 = CARTESIAN_POINT('',(1.422402507855,47.59909756931));
#9032 = CARTESIAN_POINT('',(1.422401933798,47.707961540713));
#9033 = CARTESIAN_POINT('',(1.422396614345,47.816796450923));
#9034 = CARTESIAN_POINT('',(1.422389141561,47.925639243102));
#9035 = CARTESIAN_POINT('',(1.422383728357,48.034523331111));
#9036 = CARTESIAN_POINT('',(1.422381914132,48.14345768584));
#9037 = CARTESIAN_POINT('',(1.422384802023,48.341946874508));
#9038 = CARTESIAN_POINT('',(1.422388409244,48.431645892956));
#9039 = CARTESIAN_POINT('',(1.422394196972,48.521333687118));
#9040 = CARTESIAN_POINT('',(1.422401142876,48.611009646592));
#9041 = CARTESIAN_POINT('',(1.42240741238,48.700686241343));
#9042 = CARTESIAN_POINT('',(1.422411392057,48.790376691941));
#9043 = CARTESIAN_POINT('',(1.422412586853,48.880082351505));
#9044 = CARTESIAN_POINT('',(1.422409856639,49.070236947354));
#9045 = CARTESIAN_POINT('',(1.422405295981,49.170792724901));
#9046 = CARTESIAN_POINT('',(1.422398059225,49.271323424734));
#9047 = CARTESIAN_POINT('',(1.42238987616,49.371833910603));
#9048 = CARTESIAN_POINT('',(1.422383679006,49.472346261223));
#9049 = CARTESIAN_POINT('',(1.422381241562,49.572882028847));
#9050 = CARTESIAN_POINT('',(1.422382142062,49.673447617131));
#9051 = CARTESIAN_POINT('',(1.422387452417,49.855617270413));
#9052 = CARTESIAN_POINT('',(1.422391253564,49.937309071032));
#9053 = CARTESIAN_POINT('',(1.422395552018,50.018992265814));
#9054 = CARTESIAN_POINT('',(1.42239928701,50.100664758939));
#9055 = CARTESIAN_POINT('',(1.422401561686,50.182337635252));
#9056 = CARTESIAN_POINT('',(1.42240194473,50.264021688929));
#9057 = CARTESIAN_POINT('',(1.42240077198,50.345713952163));
#9058 = CARTESIAN_POINT('',(1.422398416114,50.491041988631));
#9059 = CARTESIAN_POINT('',(1.422397032096,50.554703677745));
#9060 = CARTESIAN_POINT('',(1.422396163133,50.618366933275));
#9061 = CARTESIAN_POINT('',(1.422396286503,50.682030070456));
#9062 = CARTESIAN_POINT('',(1.422397489622,50.745692077665));
#9063 = CARTESIAN_POINT('',(1.422399470046,50.809352616416));
#9064 = CARTESIAN_POINT('',(1.422401535472,50.873012021363));
#9065 = CARTESIAN_POINT('',(1.422403915608,51.014847742714));
#9066 = CARTESIAN_POINT('',(1.422407808885,51.093041165532));
#9067 = CARTESIAN_POINT('',(1.422393563066,51.171217723191));
#9068 = CARTESIAN_POINT('',(1.422387202611,51.249394898461));
#9069 = CARTESIAN_POINT('',(1.422397020748,51.32757125668));
#9070 = CARTESIAN_POINT('',(1.422407512319,51.405745250233));
#9071 = CARTESIAN_POINT('',(1.422404321786,51.483934499396));
#9072 = CARTESIAN_POINT('',(1.422401311919,51.639832676678));
#9073 = CARTESIAN_POINT('',(1.422398292639,51.717588215658));
#9074 = CARTESIAN_POINT('',(1.422395901188,51.795342317031));
#9075 = CARTESIAN_POINT('',(1.422395436885,51.873088164241));
#9076 = CARTESIAN_POINT('',(1.422396858122,51.950831901077));
#9077 = CARTESIAN_POINT('',(1.422398973515,52.02858145758));
#9078 = CARTESIAN_POINT('',(1.422400317985,52.106335700578));
#9079 = CARTESIAN_POINT('',(1.422400713742,52.184073908848));
#9080 = ( GEOMETRIC_REPRESENTATION_CONTEXT(2) 
PARAMETRIC_REPRESENTATION_CONTEXT() REPRESENTATION_CONTEXT('2D SPACE',''
  ) );
#9081 = PCURVE('',#9082,#9087);
#9082 = CYLINDRICAL_SURFACE('',#9083,6.);
#9083 = AXIS2_PLACEMENT_3D('',#9084,#9085,#9086);
#9084 = CARTESIAN_POINT('',(0.,0.,0.));
#9085 = DIRECTION('',(0.,0.,1.));
#9086 = DIRECTION('',(1.,0.,0.));
#9087 = DEFINITIONAL_REPRESENTATION('',(#9088),#9168);
#9088 = B_SPLINE_CURVE_WITH_KNOTS('',8,(#9089,#9090,#9091,#9092,#9093,
    #9094,#9095,#9096,#9097,#9098,#9099,#9100,#9101,#9102,#9103,#9104,
    #9105,#9106,#9107,#9108,#9109,#9110,#9111,#9112,#9113,#9114,#9115,
    #9116,#9117,#9118,#9119,#9120,#9121,#9122,#9123,#9124,#9125,#9126,
    #9127,#9128,#9129,#9130,#9131,#9132,#9133,#9134,#9135,#9136,#9137,
    #9138,#9139,#9140,#9141,#9142,#9143,#9144,#9145,#9146,#9147,#9148,
    #9149,#9150,#9151,#9152,#9153,#9154,#9155,#9156,#9157,#9158,#9159,
    #9160,#9161,#9162,#9163,#9164,#9165,#9166,#9167),.UNSPECIFIED.,.F.,
  .F.,(9,7,7,7,7,7,7,7,7,7,7,9),(0.,8.705610967021E-02,0.124455179457,
    0.186104555012,0.263727148464,0.397253283441,0.507249235055,
    0.630516178424,0.730691468091,0.808772940057,0.904660480713,1.),
  .UNSPECIFIED.);
#9089 = CARTESIAN_POINT('',(0.,-27.08215960981));
#9090 = CARTESIAN_POINT('',(6.83195134085E-02,-27.0631313859));
#9091 = CARTESIAN_POINT('',(0.13666730731,-27.04409546822));
#9092 = CARTESIAN_POINT('',(0.205015421703,-27.02505952747));
#9093 = CARTESIAN_POINT('',(0.273355236773,-27.00602560022));
#9094 = CARTESIAN_POINT('',(0.34168909027,-26.98699276451));
#9095 = CARTESIAN_POINT('',(0.410023046181,-26.96795934996));
#9096 = CARTESIAN_POINT('',(0.478360814683,-26.94892468226));
#9097 = CARTESIAN_POINT('',(0.576056647511,-26.92171326944));
#9098 = CARTESIAN_POINT('',(0.605424031962,-26.91353356559));
#9099 = CARTESIAN_POINT('',(0.63479306082,-26.90535353455));
#9100 = CARTESIAN_POINT('',(0.664158748046,-26.89717461444));
#9101 = CARTESIAN_POINT('',(0.693519037485,-26.88899739749));
#9102 = CARTESIAN_POINT('',(0.722874802868,-26.88082163003));
#9103 = CARTESIAN_POINT('',(0.752229847807,-26.87264621244));
#9104 = CARTESIAN_POINT('',(0.829990261754,-26.85099004693));
#9105 = CARTESIAN_POINT('',(0.878396227742,-26.83750850651));
#9106 = CARTESIAN_POINT('',(0.92680505256,-26.82402567355));
#9107 = CARTESIAN_POINT('',(0.975214163917,-26.8105423711));
#9108 = CARTESIAN_POINT('',(1.023622168434,-26.79705914971));
#9109 = CARTESIAN_POINT('',(1.072028851647,-26.78357628737));
#9110 = CARTESIAN_POINT('',(1.120435178001,-26.77009378958));
#9111 = CARTESIAN_POINT('',(1.229793839509,-26.73963572873));
#9112 = CARTESIAN_POINT('',(1.290755565857,-26.72265725801));
#9113 = CARTESIAN_POINT('',(1.351719660084,-26.70567806885));
#9114 = CARTESIAN_POINT('',(1.412684246774,-26.6886983717));
#9115 = CARTESIAN_POINT('',(1.473650849985,-26.67171764604));
#9116 = CARTESIAN_POINT('',(1.534620557798,-26.65473573382));
#9117 = CARTESIAN_POINT('',(1.59558988634,-26.63775387612));
#9118 = CARTESIAN_POINT('',(1.76140344399,-26.59156987734));
#9119 = CARTESIAN_POINT('',(1.866325946648,-26.56234613725));
#9120 = CARTESIAN_POINT('',(1.971199520525,-26.53313720587));
#9121 = CARTESIAN_POINT('',(2.076045579432,-26.5039378091));
#9122 = CARTESIAN_POINT('',(2.180898665447,-26.47473708578));
#9123 = CARTESIAN_POINT('',(2.285790807891,-26.44552452839));
#9124 = CARTESIAN_POINT('',(2.390730810515,-26.41629716639));
#9125 = CARTESIAN_POINT('',(2.581941370803,-26.3630397492));
#9126 = CARTESIAN_POINT('',(2.668350918165,-26.3389714089));
#9127 = CARTESIAN_POINT('',(2.754749604701,-26.3149052819));
#9128 = CARTESIAN_POINT('',(2.841137047262,-26.29084190625));
#9129 = CARTESIAN_POINT('',(2.927525355001,-26.26677860779));
#9130 = CARTESIAN_POINT('',(3.013927212181,-26.24271242999));
#9131 = CARTESIAN_POINT('',(3.100343781584,-26.21864319105));
#9132 = CARTESIAN_POINT('',(3.283526204823,-26.16762407381));
#9133 = CARTESIAN_POINT('',(3.380394971202,-26.14064576179));
#9134 = CARTESIAN_POINT('',(3.477239378285,-26.11367515806));
#9135 = CARTESIAN_POINT('',(3.574063998757,-26.08671032436));
#9136 = CARTESIAN_POINT('',(3.67089017686,-26.05974426331));
#9137 = CARTESIAN_POINT('',(3.767739050726,-26.03277054285));
#9138 = CARTESIAN_POINT('',(3.864617049139,-26.00578759922));
#9139 = CARTESIAN_POINT('',(4.040107593903,-25.95690796724));
#9140 = CARTESIAN_POINT('',(4.118804492012,-25.93498796153));
#9141 = CARTESIAN_POINT('',(4.197493450072,-25.91307008274));
#9142 = CARTESIAN_POINT('',(4.276172313177,-25.89115528156));
#9143 = CARTESIAN_POINT('',(4.35485150014,-25.86924091216));
#9144 = CARTESIAN_POINT('',(4.433541124839,-25.84732423629));
#9145 = CARTESIAN_POINT('',(4.512238117561,-25.82540592731));
#9146 = CARTESIAN_POINT('',(4.652236629669,-25.78641402513));
#9147 = CARTESIAN_POINT('',(4.713563295929,-25.769333552));
#9148 = CARTESIAN_POINT('',(4.774891163414,-25.75225247007));
#9149 = CARTESIAN_POINT('',(4.8362187357,-25.73517105666));
#9150 = CARTESIAN_POINT('',(4.89754520164,-25.7180895512));
#9151 = CARTESIAN_POINT('',(4.958870435369,-25.70100815524));
#9152 = CARTESIAN_POINT('',(5.020194996305,-25.68392703241));
#9153 = CARTESIAN_POINT('',(5.156830135735,-25.64587041535));
#9154 = CARTESIAN_POINT('',(5.232156159804,-25.6248890212));
#9155 = CARTESIAN_POINT('',(5.30747294165,-25.60391879284));
#9156 = CARTESIAN_POINT('',(5.382780846705,-25.58294551182));
#9157 = CARTESIAN_POINT('',(5.458088020099,-25.56196652664));
#9158 = CARTESIAN_POINT('',(5.533402394753,-25.54098792902));
#9159 = CARTESIAN_POINT('',(5.608724303365,-25.52001024735));
#9160 = CARTESIAN_POINT('',(5.758906192494,-25.47818252404));
#9161 = CARTESIAN_POINT('',(5.833809796626,-25.45732114786));
#9162 = CARTESIAN_POINT('',(5.908711262159,-25.43645992765));
#9163 = CARTESIAN_POINT('',(5.983604623634,-25.41560021669));
#9164 = CARTESIAN_POINT('',(6.058496344184,-25.39474038176));
#9165 = CARTESIAN_POINT('',(6.133394293408,-25.3738787313));
#9166 = CARTESIAN_POINT('',(6.208297304011,-25.35301610569));
#9167 = CARTESIAN_POINT('',(6.28318530718,-25.33215812967));
#9168 = ( GEOMETRIC_REPRESENTATION_CONTEXT(2) 
PARAMETRIC_REPRESENTATION_CONTEXT() REPRESENTATION_CONTEXT('2D SPACE',''
  ) );
#9169 = ORIENTED_EDGE('',*,*,#9170,.T.);
#9170 = EDGE_CURVE('',#8915,#9171,#9173,.T.);
#9171 = VERTEX_POINT('',#9172);
#9172 = CARTESIAN_POINT('',(6.,0.,-23.58216242925));
#9173 = SURFACE_CURVE('',#9174,(#9240,#9309),.PCURVE_S1.);
#9174 = B_SPLINE_CURVE_WITH_KNOTS('',8,(#9175,#9176,#9177,#9178,#9179,
    #9180,#9181,#9182,#9183,#9184,#9185,#9186,#9187,#9188,#9189,#9190,
    #9191,#9192,#9193,#9194,#9195,#9196,#9197,#9198,#9199,#9200,#9201,
    #9202,#9203,#9204,#9205,#9206,#9207,#9208,#9209,#9210,#9211,#9212,
    #9213,#9214,#9215,#9216,#9217,#9218,#9219,#9220,#9221,#9222,#9223,
    #9224,#9225,#9226,#9227,#9228,#9229,#9230,#9231,#9232,#9233,#9234,
    #9235,#9236,#9237,#9238,#9239),.UNSPECIFIED.,.F.,.F.,(9,7,7,7,7,7,7,
    7,7,9),(0.,0.123283902626,0.264210850463,0.406615122623,
    0.525833915544,0.578105046919,0.6500652346,0.734459867694,
    0.842684470295,1.),.UNSPECIFIED.);
#9175 = CARTESIAN_POINT('',(6.,-3.552713678801E-15,-25.33215812967));
#9176 = CARTESIAN_POINT('',(6.,0.580865055134,-25.30519415485));
#9177 = CARTESIAN_POINT('',(5.935732479902,1.162072232053,-25.2782151449
    ));
#9178 = CARTESIAN_POINT('',(5.807065487261,1.734815952568,
    -25.25124491619));
#9179 = CARTESIAN_POINT('',(5.615464365019,2.290820623547,
    -25.22428093078));
#9180 = CARTESIAN_POINT('',(5.363471654538,2.822211289467,
    -25.19731561822));
#9181 = CARTESIAN_POINT('',(5.05476841115,3.32155635407,-25.17034262048)
  );
#9182 = CARTESIAN_POINT('',(4.694116663365,3.781879383972,
    -25.14336107702));
#9183 = CARTESIAN_POINT('',(3.823428247027,4.671423967527,
    -25.08557694373));
#9184 = CARTESIAN_POINT('',(3.298496213234,5.087689768372,
    -25.05472025137));
#9185 = CARTESIAN_POINT('',(2.722250468645,5.435884472589,
    -25.02387935355));
#9186 = CARTESIAN_POINT('',(2.105225783848,5.709011730819,
    -24.99305114871));
#9187 = CARTESIAN_POINT('',(1.458627592249,5.901835334423,
    -24.96222658413));
#9188 = CARTESIAN_POINT('',(0.794369506786,6.011109567101,
    -24.93139438799));
#9189 = CARTESIAN_POINT('',(0.124925986883,6.035335415832,
    -24.90054616262));
#9190 = CARTESIAN_POINT('',(-1.204665154709,5.915991363166,
    -24.83858324561));
#9191 = CARTESIAN_POINT('',(-1.865934071793,5.770543815019,
    -24.80740904007));
#9192 = CARTESIAN_POINT('',(-2.506358705558,5.540574698067,
    -24.77625295673));
#9193 = CARTESIAN_POINT('',(-3.113527154944,5.22996312669,
    -24.74510733481));
#9194 = CARTESIAN_POINT('',(-3.675977764603,4.844264886431,
    -24.71396032011));
#9195 = CARTESIAN_POINT('',(-4.183375910171,4.390915256132,
    -24.68280172811));
#9196 = CARTESIAN_POINT('',(-4.626423853682,3.878970164657,
    -24.65162531901));
#9197 = CARTESIAN_POINT('',(-5.30853739463,2.852187190427,
    -24.59440200265));
#9198 = CARTESIAN_POINT('',(-5.569457597578,2.350807566035,
    -24.56831390201));
#9199 = CARTESIAN_POINT('',(-5.775991400397,1.82249385028,
    -24.54223363016));
#9200 = CARTESIAN_POINT('',(-5.92505773265,1.274191755234,
    -24.51615904308));
#9201 = CARTESIAN_POINT('',(-6.014570598361,0.71308466459,
    -24.49008362169));
#9202 = CARTESIAN_POINT('',(-6.043480232336,0.146578493949,
    -24.46400072091));
#9203 = CARTESIAN_POINT('',(-6.011740932889,-0.417729557151,
    -24.43791102667));
#9204 = CARTESIAN_POINT('',(-5.88084102627,-1.215057375949,
    -24.40040293523));
#9205 = CARTESIAN_POINT('',(-5.829557372447,-1.456117247757,
    -24.38897530779));
#9206 = CARTESIAN_POINT('',(-5.766996380415,-1.694653550621,
    -24.37754902635));
#9207 = CARTESIAN_POINT('',(-5.693292530093,-1.93009488221,
    -24.36612285459));
#9208 = CARTESIAN_POINT('',(-5.608615885966,-2.161854714577,
    -24.35469581296));
#9209 = CARTESIAN_POINT('',(-5.513180962345,-2.389335366574,
    -24.34326673603));
#9210 = CARTESIAN_POINT('',(-5.407256090356,-2.611932932753,
    -24.33183560637));
#9211 = CARTESIAN_POINT('',(-5.131365375075,-3.127932688027,
    -24.30467276444));
#9212 = CARTESIAN_POINT('',(-4.952206870507,-3.416607554557,
    -24.28893310341));
#9213 = CARTESIAN_POINT('',(-4.754504576573,-3.693504998178,
    -24.27319397007));
#9214 = CARTESIAN_POINT('',(-4.539199283436,-3.957206979091,
    -24.25745728337));
#9215 = CARTESIAN_POINT('',(-4.307337968866,-4.206423245396,
    -24.24172257961));
#9216 = CARTESIAN_POINT('',(-4.060054754965,-4.439979805598,
    -24.22598833082));
#9217 = CARTESIAN_POINT('',(-3.79856062055,-4.656812816079,
    -24.21025259471));
#9218 = CARTESIAN_POINT('',(-3.20230460637,-5.089536185493,
    -24.17605365518));
#9219 = CARTESIAN_POINT('',(-2.862817324919,-5.298697000611,
    -24.15759637787));
#9220 = CARTESIAN_POINT('',(-2.507834390709,-5.481903216946,
    -24.13914046742));
#9221 = CARTESIAN_POINT('',(-2.139642944503,-5.637855241956,
    -24.1206844304));
#9222 = CARTESIAN_POINT('',(-1.7606549484,-5.76548035782,-24.10222669569
    ));
#9223 = CARTESIAN_POINT('',(-1.373406449673,-5.863940023294,
    -24.08376680782));
#9224 = CARTESIAN_POINT('',(-0.980564061996,-5.932665122109,
    -24.06530709517));
#9225 = CARTESIAN_POINT('',(-7.760306821108E-02,-6.0211159214,
    -24.02319227776));
#9226 = CARTESIAN_POINT('',(0.43479406179,-6.021573969275,
    -23.99951939548));
#9227 = CARTESIAN_POINT('',(0.946383989503,-5.972141403037,
    -23.97584985601));
#9228 = CARTESIAN_POINT('',(1.45147561472,-5.873097067691,
    -23.95218346904));
#9229 = CARTESIAN_POINT('',(1.94455227266,-5.725452957489,
    -23.92851657553));
#9230 = CARTESIAN_POINT('',(2.420264857172,-5.530886282517,
    -23.9048456769));
#9231 = CARTESIAN_POINT('',(2.873454110673,-5.291797633976,
    -23.88117092348));
#9232 = CARTESIAN_POINT('',(3.918150886408,-4.604038319385,
    -23.82310686793));
#9233 = CARTESIAN_POINT('',(4.480568281462,-4.108563848751,
    -23.78865017194));
#9234 = CARTESIAN_POINT('',(4.970164247689,-3.535107394961,
    -23.75422544304));
#9235 = CARTESIAN_POINT('',(5.375055619632,-2.896631442872,
    -23.71982069777));
#9236 = CARTESIAN_POINT('',(5.685666986651,-2.207378173031,
    -23.68542071774));
#9237 = CARTESIAN_POINT('',(5.895399593114,-1.483182236052,
    -23.65100611127));
#9238 = CARTESIAN_POINT('',(6.,-0.741045239443,-23.61655947944));
#9239 = CARTESIAN_POINT('',(6.,-7.105427357601E-15,-23.58216242925));
#9240 = PCURVE('',#6001,#9241);
#9241 = DEFINITIONAL_REPRESENTATION('',(#9242),#9308);
#9242 = B_SPLINE_CURVE_WITH_KNOTS('',8,(#9243,#9244,#9245,#9246,#9247,
    #9248,#9249,#9250,#9251,#9252,#9253,#9254,#9255,#9256,#9257,#9258,
    #9259,#9260,#9261,#9262,#9263,#9264,#9265,#9266,#9267,#9268,#9269,
    #9270,#9271,#9272,#9273,#9274,#9275,#9276,#9277,#9278,#9279,#9280,
    #9281,#9282,#9283,#9284,#9285,#9286,#9287,#9288,#9289,#9290,#9291,
    #9292,#9293,#9294,#9295,#9296,#9297,#9298,#9299,#9300,#9301,#9302,
    #9303,#9304,#9305,#9306,#9307),.UNSPECIFIED.,.F.,.F.,(9,7,7,7,7,7,7,
    7,7,9),(0.,0.123283902626,0.264210850463,0.406615122623,
    0.525833915544,0.578105046919,0.6500652346,0.734459867694,
    0.842684470295,1.),.UNSPECIFIED.);
#9243 = CARTESIAN_POINT('',(1.422400713742,52.184073908848));
#9244 = CARTESIAN_POINT('',(1.422401225353,52.284569330282));
#9245 = CARTESIAN_POINT('',(1.422400028694,52.385123119394));
#9246 = CARTESIAN_POINT('',(1.422396081149,52.485647933765));
#9247 = CARTESIAN_POINT('',(1.422389708279,52.586152788125));
#9248 = CARTESIAN_POINT('',(1.422383986888,52.686661699717));
#9249 = CARTESIAN_POINT('',(1.422381292359,52.787195124248));
#9250 = CARTESIAN_POINT('',(1.422382020945,52.887755728309));
#9251 = CARTESIAN_POINT('',(1.4223891523,53.103110430253));
#9252 = CARTESIAN_POINT('',(1.422396360662,53.218105071864));
#9253 = CARTESIAN_POINT('',(1.422405728778,53.333037899535));
#9254 = CARTESIAN_POINT('',(1.422413949786,53.447924985079));
#9255 = CARTESIAN_POINT('',(1.422416368579,53.562806420177));
#9256 = CARTESIAN_POINT('',(1.422412874186,53.67772436686));
#9257 = CARTESIAN_POINT('',(1.422406156436,53.792706453545));
#9258 = CARTESIAN_POINT('',(1.422391781568,54.023665042184));
#9259 = CARTESIAN_POINT('',(1.422384101774,54.139863386496));
#9260 = CARTESIAN_POINT('',(1.422378868364,54.255990850409));
#9261 = CARTESIAN_POINT('',(1.422379098983,54.372071868611));
#9262 = CARTESIAN_POINT('',(1.42238555525,54.48814958298));
#9263 = CARTESIAN_POINT('',(1.422392877504,54.604269264698));
#9264 = CARTESIAN_POINT('',(1.422397820296,54.720458598098));
#9265 = CARTESIAN_POINT('',(1.422401742238,54.93372748523));
#9266 = CARTESIAN_POINT('',(1.422401567281,55.030959414643));
#9267 = CARTESIAN_POINT('',(1.422399147443,55.128165228852));
#9268 = CARTESIAN_POINT('',(1.422395737112,55.225351207355));
#9269 = CARTESIAN_POINT('',(1.422393982834,55.322538036225));
#9270 = CARTESIAN_POINT('',(1.422397678233,55.41974530596));
#9271 = CARTESIAN_POINT('',(1.422401678157,55.516977480302));
#9272 = CARTESIAN_POINT('',(1.422403402391,55.656769713474));
#9273 = CARTESIAN_POINT('',(1.422403063523,55.699361531051));
#9274 = CARTESIAN_POINT('',(1.42240293104,55.741948050398));
#9275 = CARTESIAN_POINT('',(1.422401147969,55.784536413036));
#9276 = CARTESIAN_POINT('',(1.422397511617,55.827130546364));
#9277 = CARTESIAN_POINT('',(1.422394576966,55.869731307698));
#9278 = CARTESIAN_POINT('',(1.422395281405,55.912334753944));
#9279 = CARTESIAN_POINT('',(1.422399581693,56.013566192862));
#9280 = CARTESIAN_POINT('',(1.422403649083,56.07222316735));
#9281 = CARTESIAN_POINT('',(1.422405286197,56.130881490824));
#9282 = CARTESIAN_POINT('',(1.42240446592,56.189534048521));
#9283 = CARTESIAN_POINT('',(1.422402498615,56.248180780845));
#9284 = CARTESIAN_POINT('',(1.422400475185,56.306825894191));
#9285 = CARTESIAN_POINT('',(1.422398795343,56.365476082237));
#9286 = CARTESIAN_POINT('',(1.422396591585,56.492940292092));
#9287 = CARTESIAN_POINT('',(1.422396266964,56.561731955165));
#9288 = CARTESIAN_POINT('',(1.422397220771,56.63051677982));
#9289 = CARTESIAN_POINT('',(1.422398928468,56.699301047716));
#9290 = CARTESIAN_POINT('',(1.422400557023,56.768091751177));
#9291 = CARTESIAN_POINT('',(1.422401404887,56.836891544819));
#9292 = CARTESIAN_POINT('',(1.422401152355,56.905692186902));
#9293 = CARTESIAN_POINT('',(1.422398344948,57.062660105817));
#9294 = CARTESIAN_POINT('',(1.422395148722,57.150894515462));
#9295 = CARTESIAN_POINT('',(1.422390480549,57.239118474569));
#9296 = CARTESIAN_POINT('',(1.422385543123,57.327331051394));
#9297 = CARTESIAN_POINT('',(1.422382089149,57.415543491926));
#9298 = CARTESIAN_POINT('',(1.422381289836,57.503767237457));
#9299 = CARTESIAN_POINT('',(1.422383015513,57.592001904692));
#9300 = CARTESIAN_POINT('',(1.422391727457,57.808397734642));
#9301 = CARTESIAN_POINT('',(1.422400750681,57.936807298366));
#9302 = CARTESIAN_POINT('',(1.422411392006,58.065095511313));
#9303 = CARTESIAN_POINT('',(1.422418473669,58.193314101379));
#9304 = CARTESIAN_POINT('',(1.422415810214,58.321528228099));
#9305 = CARTESIAN_POINT('',(1.422407075073,58.449805152953));
#9306 = CARTESIAN_POINT('',(1.422397566631,58.578202493218));
#9307 = CARTESIAN_POINT('',(1.422390555348,58.706411632926));
#9308 = ( GEOMETRIC_REPRESENTATION_CONTEXT(2) 
PARAMETRIC_REPRESENTATION_CONTEXT() REPRESENTATION_CONTEXT('2D SPACE',''
  ) );
#9309 = PCURVE('',#9310,#9315);
#9310 = CYLINDRICAL_SURFACE('',#9311,6.);
#9311 = AXIS2_PLACEMENT_3D('',#9312,#9313,#9314);
#9312 = CARTESIAN_POINT('',(0.,0.,0.));
#9313 = DIRECTION('',(0.,0.,1.));
#9314 = DIRECTION('',(1.,0.,0.));
#9315 = DEFINITIONAL_REPRESENTATION('',(#9316),#9382);
#9316 = B_SPLINE_CURVE_WITH_KNOTS('',8,(#9317,#9318,#9319,#9320,#9321,
    #9322,#9323,#9324,#9325,#9326,#9327,#9328,#9329,#9330,#9331,#9332,
    #9333,#9334,#9335,#9336,#9337,#9338,#9339,#9340,#9341,#9342,#9343,
    #9344,#9345,#9346,#9347,#9348,#9349,#9350,#9351,#9352,#9353,#9354,
    #9355,#9356,#9357,#9358,#9359,#9360,#9361,#9362,#9363,#9364,#9365,
    #9366,#9367,#9368,#9369,#9370,#9371,#9372,#9373,#9374,#9375,#9376,
    #9377,#9378,#9379,#9380,#9381),.UNSPECIFIED.,.F.,.F.,(9,7,7,7,7,7,7,
    7,7,9),(0.,0.123283902626,0.264210850463,0.406615122623,
    0.525833915544,0.578105046919,0.6500652346,0.734459867694,
    0.842684470295,1.),.UNSPECIFIED.);
#9317 = CARTESIAN_POINT('',(0.,-25.33215812967));
#9318 = CARTESIAN_POINT('',(9.681084252231E-02,-25.30519415485));
#9319 = CARTESIAN_POINT('',(0.193678635955,-25.2782151449));
#9320 = CARTESIAN_POINT('',(0.290518949987,-25.25124491619));
#9321 = CARTESIAN_POINT('',(0.387339848052,-25.22428093078));
#9322 = CARTESIAN_POINT('',(0.484163995172,-25.19731561822));
#9323 = CARTESIAN_POINT('',(0.581011183919,-25.17034262048));
#9324 = CARTESIAN_POINT('',(0.677884210441,-25.14336107702));
#9325 = CARTESIAN_POINT('',(0.88534156111,-25.08557694373));
#9326 = CARTESIAN_POINT('',(0.996119039049,-25.05472025137));
#9327 = CARTESIAN_POINT('',(1.106837147272,-25.02387935355));
#9328 = CARTESIAN_POINT('',(1.217511706605,-24.99305114871));
#9329 = CARTESIAN_POINT('',(1.32818120923,-24.96222658413));
#9330 = CARTESIAN_POINT('',(1.438885731296,-24.93139438799));
#9331 = CARTESIAN_POINT('',(1.549651719171,-24.90054616262));
#9332 = CARTESIAN_POINT('',(1.772141145057,-24.83858324561));
#9333 = CARTESIAN_POINT('',(1.884078284804,-24.80740904007));
#9334 = CARTESIAN_POINT('',(1.995946974559,-24.77625295673));
#9335 = CARTESIAN_POINT('',(2.107771077235,-24.74510733481));
#9336 = CARTESIAN_POINT('',(2.219592856682,-24.71396032011));
#9337 = CARTESIAN_POINT('',(2.331456054284,-24.68280172811));
#9338 = CARTESIAN_POINT('',(2.443386561696,-24.65162531901));
#9339 = CARTESIAN_POINT('',(2.648837431662,-24.59440200265));
#9340 = CARTESIAN_POINT('',(2.742504717543,-24.56831390201));
#9341 = CARTESIAN_POINT('',(2.836146132588,-24.54223363016));
#9342 = CARTESIAN_POINT('',(2.929767387236,-24.51615904308));
#9343 = CARTESIAN_POINT('',(3.02338833579,-24.49008362169));
#9344 = CARTESIAN_POINT('',(3.117028819027,-24.46400072091));
#9345 = CARTESIAN_POINT('',(3.210694682176,-24.43791102667));
#9346 = CARTESIAN_POINT('',(3.345361600099,-24.40040293523));
#9347 = CARTESIAN_POINT('',(3.386392206965,-24.38897530779));
#9348 = CARTESIAN_POINT('',(3.427417667331,-24.37754902635));
#9349 = CARTESIAN_POINT('',(3.468445384019,-24.36612285459));
#9350 = CARTESIAN_POINT('',(3.509479020216,-24.35469581296));
#9351 = CARTESIAN_POINT('',(3.550518440526,-24.34326673603));
#9352 = CARTESIAN_POINT('',(3.591559225103,-24.33183560637));
#9353 = CARTESIAN_POINT('',(3.689080082448,-24.30467276444));
#9354 = CARTESIAN_POINT('',(3.745587707666,-24.28893310341));
#9355 = CARTESIAN_POINT('',(3.802096392327,-24.27319397007));
#9356 = CARTESIAN_POINT('',(3.858598898315,-24.25745728337));
#9357 = CARTESIAN_POINT('',(3.915095134071,-24.24172257961));
#9358 = CARTESIAN_POINT('',(3.971589305754,-24.22598833082));
#9359 = CARTESIAN_POINT('',(4.028088075074,-24.21025259471));
#9360 = CARTESIAN_POINT('',(4.150876369495,-24.17605365518));
#9361 = CARTESIAN_POINT('',(4.217144312925,-24.15759637787));
#9362 = CARTESIAN_POINT('',(4.283405826221,-24.13914046742));
#9363 = CARTESIAN_POINT('',(4.349667204055,-24.1206844304));
#9364 = CARTESIAN_POINT('',(4.415935281182,-24.10222669569));
#9365 = CARTESIAN_POINT('',(4.482212560165,-24.08376680782));
#9366 = CARTESIAN_POINT('',(4.548490949313,-24.06530709517));
#9367 = CARTESIAN_POINT('',(4.699704751243,-24.02319227776));
#9368 = CARTESIAN_POINT('',(4.784704937046,-23.99951939548));
#9369 = CARTESIAN_POINT('',(4.869695030981,-23.97584985601));
#9370 = CARTESIAN_POINT('',(4.954673800524,-23.95218346904));
#9371 = CARTESIAN_POINT('',(5.039651964876,-23.92851657553));
#9372 = CARTESIAN_POINT('',(5.124640645214,-23.9048456769));
#9373 = CARTESIAN_POINT('',(5.209639652372,-23.88117092348));
#9374 = CARTESIAN_POINT('',(5.418099895587,-23.82310686793));
#9375 = CARTESIAN_POINT('',(5.541800372093,-23.78865017194));
#9376 = CARTESIAN_POINT('',(5.665384288083,-23.75422544304));
#9377 = CARTESIAN_POINT('',(5.788901882651,-23.71982069777));
#9378 = CARTESIAN_POINT('',(5.912415395827,-23.68542071774));
#9379 = CARTESIAN_POINT('',(6.03598881162,-23.65100611127));
#9380 = CARTESIAN_POINT('',(6.159677767272,-23.61655947944));
#9381 = CARTESIAN_POINT('',(6.28318530718,-23.58216242925));
#9382 = ( GEOMETRIC_REPRESENTATION_CONTEXT(2) 
PARAMETRIC_REPRESENTATION_CONTEXT() REPRESENTATION_CONTEXT('2D SPACE',''
  ) );
#9383 = ORIENTED_EDGE('',*,*,#9384,.T.);
#9384 = EDGE_CURVE('',#9171,#6695,#9385,.T.);
#9385 = SURFACE_CURVE('',#9386,(#9452,#9521),.PCURVE_S1.);
#9386 = B_SPLINE_CURVE_WITH_KNOTS('',8,(#9387,#9388,#9389,#9390,#9391,
    #9392,#9393,#9394,#9395,#9396,#9397,#9398,#9399,#9400,#9401,#9402,
    #9403,#9404,#9405,#9406,#9407,#9408,#9409,#9410,#9411,#9412,#9413,
    #9414,#9415,#9416,#9417,#9418,#9419,#9420,#9421,#9422,#9423,#9424,
    #9425,#9426,#9427,#9428,#9429,#9430,#9431,#9432,#9433,#9434,#9435,
    #9436,#9437,#9438,#9439,#9440,#9441,#9442,#9443,#9444,#9445,#9446,
    #9447,#9448,#9449,#9450,#9451),.UNSPECIFIED.,.F.,.F.,(9,7,7,7,7,7,7,
    7,7,9),(0.,0.127877011494,0.260641627805,0.322524539038,
    0.424165513849,0.539582115838,0.677676452198,0.836770352139,
    0.916988097565,1.),.UNSPECIFIED.);
#9387 = CARTESIAN_POINT('',(6.,-7.105427357601E-15,-23.58216242925));
#9388 = CARTESIAN_POINT('',(6.,0.602344555093,-23.55420343998));
#9389 = CARTESIAN_POINT('',(5.930891549922,1.205024428552,
    -23.52622828781));
#9390 = CARTESIAN_POINT('',(5.792540784314,1.798211746484,
    -23.49826299255));
#9391 = CARTESIAN_POINT('',(5.586665506919,2.372708465199,-23.4703036319
    ));
#9392 = CARTESIAN_POINT('',(5.316201647607,2.919791950882,
    -23.44234265757));
#9393 = CARTESIAN_POINT('',(4.985378297837,3.431278341814,
    -23.41437373348));
#9394 = CARTESIAN_POINT('',(4.59962730421,3.899515549724,-23.38639439089
    ));
#9395 = CARTESIAN_POINT('',(3.716167966263,4.751962879278,
    -23.32940549085));
#9396 = CARTESIAN_POINT('',(3.214065511229,5.132931971265,
    -23.30035372325));
#9397 = CARTESIAN_POINT('',(2.667757874472,5.452752245035,
    -23.27131605488));
#9398 = CARTESIAN_POINT('',(2.086093924627,5.705725597161,
    -23.24228795676));
#9399 = CARTESIAN_POINT('',(1.478456044169,5.887565592294,-23.2132592572
    ));
#9400 = CARTESIAN_POINT('',(0.85477235405,5.995527887741,-23.1842196489)
  );
#9401 = CARTESIAN_POINT('',(0.225430582552,6.028291331608,
    -23.15517109296));
#9402 = CARTESIAN_POINT('',(-0.68943772704,5.967382068463,
    -23.11261144965));
#9403 = CARTESIAN_POINT('',(-0.979262903679,5.931857867591,
    -23.09907933267));
#9404 = CARTESIAN_POINT('',(-1.266964648444,5.880253829639,
    -23.08554662377));
#9405 = CARTESIAN_POINT('',(-1.551484666964,5.812725111418,
    -23.07201386023));
#9406 = CARTESIAN_POINT('',(-1.831797370354,5.729502113838,
    -23.05848127787));
#9407 = CARTESIAN_POINT('',(-2.106909875217,5.630890481905,
    -23.04494881103));
#9408 = CARTESIAN_POINT('',(-2.375862003641,5.517271104726,
    -23.03141609257));
#9409 = CARTESIAN_POINT('',(-3.067831139487,5.17858280099,
    -22.99565382563));
#9410 = CARTESIAN_POINT('',(-3.478886512665,4.928759699493,
    -22.97341826717));
#9411 = CARTESIAN_POINT('',(-3.866485110419,4.641732133712,
    -22.95118517754));
#9412 = CARTESIAN_POINT('',(-4.226718613892,4.320135529112,
    -22.92895523751));
#9413 = CARTESIAN_POINT('',(-4.556091335485,3.96702764952,
    -22.90672528925));
#9414 = CARTESIAN_POINT('',(-4.851493041166,3.58583966575,
    -22.88449242664));
#9415 = CARTESIAN_POINT('',(-5.110230937299,3.180390057278,
    -22.86225729617));
#9416 = CARTESIAN_POINT('',(-5.579812871352,2.271873338123,
    -22.81478294611));
#9417 = CARTESIAN_POINT('',(-5.779566623978,1.76272518345,
    -22.78952967309));
#9418 = CARTESIAN_POINT('',(-5.92603205947,1.233837196001,
    -22.76428323269));
#9419 = CARTESIAN_POINT('',(-6.017056559341,0.691749790639,
    -22.73904202949));
#9420 = CARTESIAN_POINT('',(-6.051429164216,0.14313511244,-22.7138003067
    ));
#9421 = CARTESIAN_POINT('',(-6.02880069014,-0.405223183502,
    -22.68855265376));
#9422 = CARTESIAN_POINT('',(-5.949784524032,-0.946434083893,
    -22.66329858895));
#9423 = CARTESIAN_POINT('',(-5.656462270603,-2.104213440276,
    -22.60785505244));
#9424 = CARTESIAN_POINT('',(-5.41836167414,-2.715735667874,
    -22.57762099785));
#9425 = CARTESIAN_POINT('',(-5.104764347441,-3.295785728493,
    -22.54739977855));
#9426 = CARTESIAN_POINT('',(-4.720859373917,-3.833669587559,
    -22.51718845687));
#9427 = CARTESIAN_POINT('',(-4.273205312352,-4.319779778416,
    -22.48697868098));
#9428 = CARTESIAN_POINT('',(-3.769864879534,-4.745738384685,
    -22.45676105479));
#9429 = CARTESIAN_POINT('',(-3.220193550739,-5.104287101723,
    -22.42652911628));
#9430 = CARTESIAN_POINT('',(-1.962210730274,-5.719412660697,
    -22.36153061578));
#9431 = CARTESIAN_POINT('',(-1.24067245495,-5.953078055147,
    -22.32668010858));
#9432 = CARTESIAN_POINT('',(-0.488562798868,-6.08188102251,
    -22.29186374729));
#9433 = CARTESIAN_POINT('',(0.276314779082,-6.102119303293,
    -22.25706384039));
#9434 = CARTESIAN_POINT('',(1.036219384225,-6.01283096159,
    -22.22226118369));
#9435 = CARTESIAN_POINT('',(1.773573746173,-5.816587547446,
    -22.18744036276));
#9436 = CARTESIAN_POINT('',(2.471007036733,-5.518706069308,
    -22.15258705241));
#9437 = CARTESIAN_POINT('',(3.435129340166,-4.933838675662,
    -22.10024046357));
#9438 = CARTESIAN_POINT('',(3.744175275462,-4.714534201111,
    -22.08269632751));
#9439 = CARTESIAN_POINT('',(4.037123073642,-4.473173756629,
    -22.06515284641));
#9440 = CARTESIAN_POINT('',(4.312158040446,-4.211126893058,
    -22.04760879399));
#9441 = CARTESIAN_POINT('',(4.56761912221,-3.929932935547,
    -22.03006360864));
#9442 = CARTESIAN_POINT('',(4.801998905867,-3.631300983553,
    -22.01251739343));
#9443 = CARTESIAN_POINT('',(5.01394361895,-3.317109910843,-21.9949709161
    ));
#9444 = CARTESIAN_POINT('',(5.397121866451,-2.650292268843,
    -21.95926916121));
#9445 = CARTESIAN_POINT('',(5.566771417285,-2.296568867776,
    -21.94110795815));
#9446 = CARTESIAN_POINT('',(5.709880628854,-1.930524311024,
    -21.92294652375));
#9447 = CARTESIAN_POINT('',(5.825404284513,-1.554514476282,
    -21.90478703989));
#9448 = CARTESIAN_POINT('',(5.912566018566,-1.170958176902,
    -21.88662988913));
#9449 = CARTESIAN_POINT('',(5.970851230631,-0.782330368594,
    -21.86847419735));
#9450 = CARTESIAN_POINT('',(6.,-0.391155356121,-21.85031837638));
#9451 = CARTESIAN_POINT('',(6.,-1.15463194561E-14,-21.83216066669));
#9452 = PCURVE('',#6001,#9453);
#9453 = DEFINITIONAL_REPRESENTATION('',(#9454),#9520);
#9454 = B_SPLINE_CURVE_WITH_KNOTS('',8,(#9455,#9456,#9457,#9458,#9459,
    #9460,#9461,#9462,#9463,#9464,#9465,#9466,#9467,#9468,#9469,#9470,
    #9471,#9472,#9473,#9474,#9475,#9476,#9477,#9478,#9479,#9480,#9481,
    #9482,#9483,#9484,#9485,#9486,#9487,#9488,#9489,#9490,#9491,#9492,
    #9493,#9494,#9495,#9496,#9497,#9498,#9499,#9500,#9501,#9502,#9503,
    #9504,#9505,#9506,#9507,#9508,#9509,#9510,#9511,#9512,#9513,#9514,
    #9515,#9516,#9517,#9518,#9519),.UNSPECIFIED.,.F.,.F.,(9,7,7,7,7,7,7,
    7,7,9),(0.,0.127877011494,0.260641627805,0.322524539038,
    0.424165513849,0.539582115838,0.677676452198,0.836770352139,
    0.916988097565,1.),.UNSPECIFIED.);
#9455 = CARTESIAN_POINT('',(1.422390555348,58.706411632926));
#9456 = CARTESIAN_POINT('',(1.422384856359,58.810623998252));
#9457 = CARTESIAN_POINT('',(1.422380798096,58.914894364839));
#9458 = CARTESIAN_POINT('',(1.42238013974,59.019123355158));
#9459 = CARTESIAN_POINT('',(1.422383779321,59.123324362412));
#9460 = CARTESIAN_POINT('',(1.422390393823,59.227527324617));
#9461 = CARTESIAN_POINT('',(1.422396202837,59.331761014868));
#9462 = CARTESIAN_POINT('',(1.422399539809,59.436036908255));
#9463 = CARTESIAN_POINT('',(1.422401691276,59.648434529456));
#9464 = CARTESIAN_POINT('',(1.422400336164,59.756713808142));
#9465 = CARTESIAN_POINT('',(1.422396699898,59.864943650936));
#9466 = CARTESIAN_POINT('',(1.422393418096,59.973137341739));
#9467 = CARTESIAN_POINT('',(1.42239464235,60.081327126514));
#9468 = CARTESIAN_POINT('',(1.422404395393,60.189545932493));
#9469 = CARTESIAN_POINT('',(1.422405242332,60.297810239183));
#9470 = CARTESIAN_POINT('',(1.422399886767,60.456439525755));
#9471 = CARTESIAN_POINT('',(1.422397258839,60.506878007147));
#9472 = CARTESIAN_POINT('',(1.422395492189,60.557317519213));
#9473 = CARTESIAN_POINT('',(1.42239553642,60.607754763641));
#9474 = CARTESIAN_POINT('',(1.422397504188,60.658188707803));
#9475 = CARTESIAN_POINT('',(1.422400671204,60.708620584751));
#9476 = CARTESIAN_POINT('',(1.422403476231,60.759053893224));
#9477 = CARTESIAN_POINT('',(1.422403594765,60.892341534866));
#9478 = CARTESIAN_POINT('',(1.422400713432,60.975218533277));
#9479 = CARTESIAN_POINT('',(1.422396978043,61.05808749582));
#9480 = CARTESIAN_POINT('',(1.422395037245,61.140942271479));
#9481 = CARTESIAN_POINT('',(1.422395841597,61.223793332634));
#9482 = CARTESIAN_POINT('',(1.422398144415,61.306653211446));
#9483 = CARTESIAN_POINT('',(1.422399749239,61.389522495251));
#9484 = CARTESIAN_POINT('',(1.422401360893,61.566459637937));
#9485 = CARTESIAN_POINT('',(1.422400952145,61.660580441765));
#9486 = CARTESIAN_POINT('',(1.422398191319,61.754678989358));
#9487 = CARTESIAN_POINT('',(1.422393008216,61.848761322604));
#9488 = CARTESIAN_POINT('',(1.422387323361,61.942846276828));
#9489 = CARTESIAN_POINT('',(1.422383422363,62.036950898902));
#9490 = CARTESIAN_POINT('',(1.422382162889,62.131075813982));
#9491 = CARTESIAN_POINT('',(1.422384983611,62.337712873285));
#9492 = CARTESIAN_POINT('',(1.422390160093,62.450389684344));
#9493 = CARTESIAN_POINT('',(1.422398750778,62.563013999094));
#9494 = CARTESIAN_POINT('',(1.42240843137,62.675599937829));
#9495 = CARTESIAN_POINT('',(1.422414458422,62.788185100498));
#9496 = CARTESIAN_POINT('',(1.422414840683,62.90080722383));
#9497 = CARTESIAN_POINT('',(1.422410874982,63.013488622595));
#9498 = CARTESIAN_POINT('',(1.422397892049,63.255759087527));
#9499 = CARTESIAN_POINT('',(1.422388176776,63.385661974269));
#9500 = CARTESIAN_POINT('',(1.422379247567,63.515436524955));
#9501 = CARTESIAN_POINT('',(1.42237631855,63.645141562224));
#9502 = CARTESIAN_POINT('',(1.422383453385,63.774843116312));
#9503 = CARTESIAN_POINT('',(1.422392303921,63.904610028103));
#9504 = CARTESIAN_POINT('',(1.422397983176,64.034502356403));
#9505 = CARTESIAN_POINT('',(1.422401212901,64.229596374162));
#9506 = CARTESIAN_POINT('',(1.422401184675,64.294984308635));
#9507 = CARTESIAN_POINT('',(1.422400381905,64.360370858892));
#9508 = CARTESIAN_POINT('',(1.422399155154,64.425760117086));
#9509 = CARTESIAN_POINT('',(1.42239786926,64.491153678603));
#9510 = CARTESIAN_POINT('',(1.422396903328,64.556550642059));
#9511 = CARTESIAN_POINT('',(1.422396650742,64.621947609301));
#9512 = CARTESIAN_POINT('',(1.42239841781,64.75500747367));
#9513 = CARTESIAN_POINT('',(1.422399653712,64.822693524824));
#9514 = CARTESIAN_POINT('',(1.422402667611,64.890378012423));
#9515 = CARTESIAN_POINT('',(1.422405585218,64.958055361827));
#9516 = CARTESIAN_POINT('',(1.422405593126,65.025727985881));
#9517 = CARTESIAN_POINT('',(1.422401314741,65.093401020596));
#9518 = CARTESIAN_POINT('',(1.422395186204,65.161077060821));
#9519 = CARTESIAN_POINT('',(1.422395832323,65.228750895923));
#9520 = ( GEOMETRIC_REPRESENTATION_CONTEXT(2) 
PARAMETRIC_REPRESENTATION_CONTEXT() REPRESENTATION_CONTEXT('2D SPACE',''
  ) );
#9521 = PCURVE('',#6710,#9522);
#9522 = DEFINITIONAL_REPRESENTATION('',(#9523),#9589);
#9523 = B_SPLINE_CURVE_WITH_KNOTS('',8,(#9524,#9525,#9526,#9527,#9528,
    #9529,#9530,#9531,#9532,#9533,#9534,#9535,#9536,#9537,#9538,#9539,
    #9540,#9541,#9542,#9543,#9544,#9545,#9546,#9547,#9548,#9549,#9550,
    #9551,#9552,#9553,#9554,#9555,#9556,#9557,#9558,#9559,#9560,#9561,
    #9562,#9563,#9564,#9565,#9566,#9567,#9568,#9569,#9570,#9571,#9572,
    #9573,#9574,#9575,#9576,#9577,#9578,#9579,#9580,#9581,#9582,#9583,
    #9584,#9585,#9586,#9587,#9588),.UNSPECIFIED.,.F.,.F.,(9,7,7,7,7,7,7,
    7,7,9),(0.,0.127877011494,0.260641627805,0.322524539038,
    0.424165513849,0.539582115838,0.677676452198,0.836770352139,
    0.916988097565,1.),.UNSPECIFIED.);
#9524 = CARTESIAN_POINT('',(0.,-23.58216242925));
#9525 = CARTESIAN_POINT('',(0.100390759182,-23.55420343998));
#9526 = CARTESIAN_POINT('',(0.200837316269,-23.52622828781));
#9527 = CARTESIAN_POINT('',(0.301244134089,-23.49826299255));
#9528 = CARTESIAN_POINT('',(0.401624418707,-23.4703036319));
#9529 = CARTESIAN_POINT('',(0.502007347993,-23.44234265757));
#9530 = CARTESIAN_POINT('',(0.602420443192,-23.41437373348));
#9531 = CARTESIAN_POINT('',(0.70287413595,-23.38639439089));
#9532 = CARTESIAN_POINT('',(0.907485342569,-23.32940549085));
#9533 = CARTESIAN_POINT('',(1.011794594168,-23.30035372325));
#9534 = CARTESIAN_POINT('',(1.116055130072,-23.27131605488));
#9535 = CARTESIAN_POINT('',(1.220279486385,-23.24228795676));
#9536 = CARTESIAN_POINT('',(1.324498914396,-23.2132592572));
#9537 = CARTESIAN_POINT('',(1.428747542288,-23.1842196489));
#9538 = CARTESIAN_POINT('',(1.533043279502,-23.15517109296));
#9539 = CARTESIAN_POINT('',(1.685858887546,-23.11261144965));
#9540 = CARTESIAN_POINT('',(1.734448469421,-23.09907933267));
#9541 = CARTESIAN_POINT('',(1.783039001287,-23.08554662377));
#9542 = CARTESIAN_POINT('',(1.831627490236,-23.07201386023));
#9543 = CARTESIAN_POINT('',(1.88021299729,-23.05848127787));
#9544 = CARTESIAN_POINT('',(1.928796637407,-23.04494881103));
#9545 = CARTESIAN_POINT('',(1.977381579474,-23.03141609257));
#9546 = CARTESIAN_POINT('',(2.105783190321,-22.99565382563));
#9547 = CARTESIAN_POINT('',(2.185621133922,-22.97341826717));
#9548 = CARTESIAN_POINT('',(2.265450083141,-22.95118517754));
#9549 = CARTESIAN_POINT('',(2.345264818992,-22.92895523751));
#9550 = CARTESIAN_POINT('',(2.425076226682,-22.90672528925));
#9551 = CARTESIAN_POINT('',(2.504896788889,-22.88449242664));
#9552 = CARTESIAN_POINT('',(2.58472704312,-22.86225729617));
#9553 = CARTESIAN_POINT('',(2.755176597549,-22.81478294611));
#9554 = CARTESIAN_POINT('',(2.845847045078,-22.78952967309));
#9555 = CARTESIAN_POINT('',(2.936496558382,-22.76428323269));
#9556 = CARTESIAN_POINT('',(3.027130443356,-22.73904202949));
#9557 = CARTESIAN_POINT('',(3.117766434459,-22.7138003067));
#9558 = CARTESIAN_POINT('',(3.208420839946,-22.68855265376));
#9559 = CARTESIAN_POINT('',(3.299094409109,-22.66329858895));
#9560 = CARTESIAN_POINT('',(3.498154072305,-22.60785505244));
#9561 = CARTESIAN_POINT('',(3.606698701933,-22.57762099785));
#9562 = CARTESIAN_POINT('',(3.715192738657,-22.54739977855));
#9563 = CARTESIAN_POINT('',(3.823650203134,-22.51718845687));
#9564 = CARTESIAN_POINT('',(3.932107439845,-22.48697868098));
#9565 = CARTESIAN_POINT('',(4.040600369321,-22.45676105479));
#9566 = CARTESIAN_POINT('',(4.149150219722,-22.42652911628));
#9567 = CARTESIAN_POINT('',(4.382537132016,-22.36153061578));
#9568 = CARTESIAN_POINT('',(4.507676425464,-22.32668010858));
#9569 = CARTESIAN_POINT('',(4.632691692226,-22.29186374729));
#9570 = CARTESIAN_POINT('',(4.757639819127,-22.25706384039));
#9571 = CARTESIAN_POINT('',(4.882585563021,-22.22226118369));
#9572 = CARTESIAN_POINT('',(5.007595756235,-22.18744036276));
#9573 = CARTESIAN_POINT('',(5.132727057151,-22.15258705241));
#9574 = CARTESIAN_POINT('',(5.320669253061,-22.10024046357));
#9575 = CARTESIAN_POINT('',(5.383660047955,-22.08269632751));
#9576 = CARTESIAN_POINT('',(5.446649197329,-22.06515284641));
#9577 = CARTESIAN_POINT('',(5.509640545591,-22.04760879399));
#9578 = CARTESIAN_POINT('',(5.572635619444,-22.03006360864));
#9579 = CARTESIAN_POINT('',(5.635633627884,-22.01251739343));
#9580 = CARTESIAN_POINT('',(5.698631462204,-21.9949709161));
#9581 = CARTESIAN_POINT('',(5.826810085079,-21.95926916121));
#9582 = CARTESIAN_POINT('',(5.892013111106,-21.94110795815));
#9583 = CARTESIAN_POINT('',(5.957215103201,-21.92294652375));
#9584 = CARTESIAN_POINT('',(6.022411029991,-21.90478703989));
#9585 = CARTESIAN_POINT('',(6.087603311536,-21.88662988913));
#9586 = CARTESIAN_POINT('',(6.152796631248,-21.86847419735));
#9587 = CARTESIAN_POINT('',(6.217992747826,-21.85031837638));
#9588 = CARTESIAN_POINT('',(6.28318530718,-21.83216066669));
#9589 = ( GEOMETRIC_REPRESENTATION_CONTEXT(2) 
PARAMETRIC_REPRESENTATION_CONTEXT() REPRESENTATION_CONTEXT('2D SPACE',''
  ) );
#9590 = ORIENTED_EDGE('',*,*,#6722,.T.);
#9591 = ORIENTED_EDGE('',*,*,#5945,.T.);
#9592 = ORIENTED_EDGE('',*,*,#9593,.T.);
#9593 = EDGE_CURVE('',#5946,#6940,#9594,.T.);
#9594 = SURFACE_CURVE('',#9595,(#9628,#9664),.PCURVE_S1.);
#9595 = B_SPLINE_CURVE_WITH_KNOTS('',7,(#9596,#9597,#9598,#9599,#9600,
    #9601,#9602,#9603,#9604,#9605,#9606,#9607,#9608,#9609,#9610,#9611,
    #9612,#9613,#9614,#9615,#9616,#9617,#9618,#9619,#9620,#9621,#9622,
    #9623,#9624,#9625,#9626,#9627),.UNSPECIFIED.,.F.,.F.,(8,6,6,6,6,8),(
    0.,0.173666639906,0.329210267455,0.595921185067,0.815847742681,1.),
  .UNSPECIFIED.);
#9596 = CARTESIAN_POINT('',(6.239298185087,-0.367436028258,-20.));
#9597 = CARTESIAN_POINT('',(6.222826326444,-6.16291986473E-02,-20.));
#9598 = CARTESIAN_POINT('',(6.188767988198,0.243162114321,-20.));
#9599 = CARTESIAN_POINT('',(6.137066476506,0.545699884409,-20.));
#9600 = CARTESIAN_POINT('',(6.067773272506,0.844735025947,-20.));
#9601 = CARTESIAN_POINT('',(5.981046001574,1.139007452646,-20.));
#9602 = CARTESIAN_POINT('',(5.877155676316,1.427248581369,-20.));
#9603 = CARTESIAN_POINT('',(5.648441459011,1.959806677947,-20.));
#9604 = CARTESIAN_POINT('',(5.526929137765,2.205578557582,-20.));
#9605 = CARTESIAN_POINT('',(5.392252825559,2.444586142898,-20.));
#9606 = CARTESIAN_POINT('',(5.244775184623,2.675930993979,-20.));
#9607 = CARTESIAN_POINT('',(5.084934290369,2.898731987343,-20.));
#9608 = CARTESIAN_POINT('',(4.913247883,3.112128648515,-20.));
#9609 = CARTESIAN_POINT('',(4.41666015943,3.663645238182,-20.));
#9610 = CARTESIAN_POINT('',(4.069862282406,3.982002935766,-20.));
#9611 = CARTESIAN_POINT('',(3.693053084643,4.266021005042,-20.));
#9612 = CARTESIAN_POINT('',(3.289994008698,4.511858565102,-20.));
#9613 = CARTESIAN_POINT('',(2.865032280076,4.716138263355,-20.));
#9614 = CARTESIAN_POINT('',(2.423127218354,4.875987815144,-20.));
#9615 = CARTESIAN_POINT('',(1.596320009292,5.082784018719,-20.));
#9616 = CARTESIAN_POINT('',(1.214920732339,5.144640940314,-20.));
#9617 = CARTESIAN_POINT('',(0.828987958236,5.17369774846,-20.));
#9618 = CARTESIAN_POINT('',(0.441888378534,5.169180846377,-20.));
#9619 = CARTESIAN_POINT('',(5.714660683857E-02,5.130711152011,-20.));
#9620 = CARTESIAN_POINT('',(-0.321563192886,5.058354285019,-20.));
#9621 = CARTESIAN_POINT('',(-0.999297486039,4.864327945437,-20.));
#9622 = CARTESIAN_POINT('',(-1.301311808433,4.752580961657,-20.));
#9623 = CARTESIAN_POINT('',(-1.594224581946,4.61787872273,-20.));
#9624 = CARTESIAN_POINT('',(-1.875814711498,4.460854758255,-20.));
#9625 = CARTESIAN_POINT('',(-2.143886708743,4.282399884327,-20.));
#9626 = CARTESIAN_POINT('',(-2.396288563407,4.083686231491,-20.));
#9627 = CARTESIAN_POINT('',(-2.630950426052,3.866224120237,-20.));
#9628 = PCURVE('',#6001,#9629);
#9629 = DEFINITIONAL_REPRESENTATION('',(#9630),#9663);
#9630 = B_SPLINE_CURVE_WITH_KNOTS('',7,(#9631,#9632,#9633,#9634,#9635,
    #9636,#9637,#9638,#9639,#9640,#9641,#9642,#9643,#9644,#9645,#9646,
    #9647,#9648,#9649,#9650,#9651,#9652,#9653,#9654,#9655,#9656,#9657,
    #9658,#9659,#9660,#9661,#9662),.UNSPECIFIED.,.F.,.F.,(8,6,6,6,6,8),(
    0.,0.173666639906,0.329210267455,0.595921185067,0.815847742681,1.),
  .UNSPECIFIED.);
#9631 = CARTESIAN_POINT('',(1.691176043067,71.690572781803));
#9632 = CARTESIAN_POINT('',(1.654186408997,71.741042999542));
#9633 = CARTESIAN_POINT('',(1.616971020472,71.791821242241));
#9634 = CARTESIAN_POINT('',(1.57952682162,71.842911680134));
#9635 = CARTESIAN_POINT('',(1.541848779454,71.894321181826));
#9636 = CARTESIAN_POINT('',(1.503930766514,71.946058109575));
#9637 = CARTESIAN_POINT('',(1.465766791839,71.998130639265));
#9638 = CARTESIAN_POINT('',(1.392947090455,72.097488902333));
#9639 = CARTESIAN_POINT('',(1.358339491476,72.144708967745));
#9640 = CARTESIAN_POINT('',(1.323526820648,72.192208844424));
#9641 = CARTESIAN_POINT('',(1.288504728478,72.239994467364));
#9642 = CARTESIAN_POINT('',(1.253268086967,72.288072833207));
#9643 = CARTESIAN_POINT('',(1.217811834047,72.336450848044));
#9644 = CARTESIAN_POINT('',(1.120951876157,72.468610683319));
#9645 = CARTESIAN_POINT('',(1.059096792633,72.553008385129));
#9646 = CARTESIAN_POINT('',(0.996565981253,72.638328074592));
#9647 = CARTESIAN_POINT('',(0.933331098368,72.724608416034));
#9648 = CARTESIAN_POINT('',(0.869356477158,72.811898064799));
#9649 = CARTESIAN_POINT('',(0.804599276366,72.900255478128));
#9650 = CARTESIAN_POINT('',(0.684987794837,73.06345833905));
#9651 = CARTESIAN_POINT('',(0.630375299546,73.137973886393));
#9652 = CARTESIAN_POINT('',(0.575199045929,73.213258652666));
#9653 = CARTESIAN_POINT('',(0.519438941419,73.289340065681));
#9654 = CARTESIAN_POINT('',(0.463066662585,73.366256787408));
#9655 = CARTESIAN_POINT('',(0.406053597206,73.444047868179));
#9656 = CARTESIAN_POINT('',(0.300092026874,73.588626451653));
#9657 = CARTESIAN_POINT('',(0.251332838249,73.655155634431));
#9658 = CARTESIAN_POINT('',(0.202095743375,73.722336905716));
#9659 = CARTESIAN_POINT('',(0.152364508898,73.790192402113));
#9660 = CARTESIAN_POINT('',(0.102118096996,73.858750791739));
#9661 = CARTESIAN_POINT('',(5.133508044237E-02,73.928041262551));
#9662 = CARTESIAN_POINT('',(0.,73.99808489283));
#9663 = ( GEOMETRIC_REPRESENTATION_CONTEXT(2) 
PARAMETRIC_REPRESENTATION_CONTEXT() REPRESENTATION_CONTEXT('2D SPACE',''
  ) );
#9664 = PCURVE('',#6306,#9665);
#9665 = DEFINITIONAL_REPRESENTATION('',(#9666),#9699);
#9666 = B_SPLINE_CURVE_WITH_KNOTS('',7,(#9667,#9668,#9669,#9670,#9671,
    #9672,#9673,#9674,#9675,#9676,#9677,#9678,#9679,#9680,#9681,#9682,
    #9683,#9684,#9685,#9686,#9687,#9688,#9689,#9690,#9691,#9692,#9693,
    #9694,#9695,#9696,#9697,#9698),.UNSPECIFIED.,.F.,.F.,(8,6,6,6,6,8),(
    0.,0.173666639906,0.329210267455,0.595921185067,0.815847742681,1.),
  .UNSPECIFIED.);
#9667 = CARTESIAN_POINT('',(6.239298185087,-0.367436028258));
#9668 = CARTESIAN_POINT('',(6.222826326444,-6.16291986473E-02));
#9669 = CARTESIAN_POINT('',(6.188767988198,0.243162114321));
#9670 = CARTESIAN_POINT('',(6.137066476506,0.545699884409));
#9671 = CARTESIAN_POINT('',(6.067773272506,0.844735025947));
#9672 = CARTESIAN_POINT('',(5.981046001574,1.139007452646));
#9673 = CARTESIAN_POINT('',(5.877155676316,1.427248581369));
#9674 = CARTESIAN_POINT('',(5.648441459011,1.959806677947));
#9675 = CARTESIAN_POINT('',(5.526929137765,2.205578557582));
#9676 = CARTESIAN_POINT('',(5.392252825559,2.444586142898));
#9677 = CARTESIAN_POINT('',(5.244775184623,2.675930993979));
#9678 = CARTESIAN_POINT('',(5.084934290369,2.898731987343));
#9679 = CARTESIAN_POINT('',(4.913247883,3.112128648515));
#9680 = CARTESIAN_POINT('',(4.41666015943,3.663645238182));
#9681 = CARTESIAN_POINT('',(4.069862282406,3.982002935766));
#9682 = CARTESIAN_POINT('',(3.693053084643,4.266021005042));
#9683 = CARTESIAN_POINT('',(3.289994008698,4.511858565102));
#9684 = CARTESIAN_POINT('',(2.865032280076,4.716138263355));
#9685 = CARTESIAN_POINT('',(2.423127218354,4.875987815144));
#9686 = CARTESIAN_POINT('',(1.596320009292,5.082784018719));
#9687 = CARTESIAN_POINT('',(1.214920732339,5.144640940314));
#9688 = CARTESIAN_POINT('',(0.828987958236,5.17369774846));
#9689 = CARTESIAN_POINT('',(0.441888378534,5.169180846377));
#9690 = CARTESIAN_POINT('',(5.714660683857E-02,5.130711152011));
#9691 = CARTESIAN_POINT('',(-0.321563192886,5.058354285019));
#9692 = CARTESIAN_POINT('',(-0.999297486039,4.864327945437));
#9693 = CARTESIAN_POINT('',(-1.301311808433,4.752580961657));
#9694 = CARTESIAN_POINT('',(-1.594224581946,4.61787872273));
#9695 = CARTESIAN_POINT('',(-1.875814711498,4.460854758255));
#9696 = CARTESIAN_POINT('',(-2.143886708743,4.282399884327));
#9697 = CARTESIAN_POINT('',(-2.396288563407,4.083686231491));
#9698 = CARTESIAN_POINT('',(-2.630950426052,3.866224120237));
#9699 = ( GEOMETRIC_REPRESENTATION_CONTEXT(2) 
PARAMETRIC_REPRESENTATION_CONTEXT() REPRESENTATION_CONTEXT('2D SPACE',''
  ) );
#9700 = ADVANCED_FACE('',(#9701),#6710,.T.);
#9701 = FACE_BOUND('',#9702,.T.);
#9702 = EDGE_LOOP('',(#9703,#9704,#9913,#9934));
#9703 = ORIENTED_EDGE('',*,*,#6694,.F.);
#9704 = ORIENTED_EDGE('',*,*,#9705,.F.);
#9705 = EDGE_CURVE('',#9706,#6351,#9708,.T.);
#9706 = VERTEX_POINT('',#9707);
#9707 = CARTESIAN_POINT('',(6.,0.,-23.16783915997));
#9708 = SURFACE_CURVE('',#9709,(#9775,#9844),.PCURVE_S1.);
#9709 = B_SPLINE_CURVE_WITH_KNOTS('',8,(#9710,#9711,#9712,#9713,#9714,
    #9715,#9716,#9717,#9718,#9719,#9720,#9721,#9722,#9723,#9724,#9725,
    #9726,#9727,#9728,#9729,#9730,#9731,#9732,#9733,#9734,#9735,#9736,
    #9737,#9738,#9739,#9740,#9741,#9742,#9743,#9744,#9745,#9746,#9747,
    #9748,#9749,#9750,#9751,#9752,#9753,#9754,#9755,#9756,#9757,#9758,
    #9759,#9760,#9761,#9762,#9763,#9764,#9765,#9766,#9767,#9768,#9769,
    #9770,#9771,#9772,#9773,#9774),.UNSPECIFIED.,.F.,.F.,(9,7,7,7,7,7,7,
    7,7,9),(0.,0.11723407398,0.264825302732,0.387294793137,
    0.526705978768,0.605759401607,0.65604499152,0.724721990964,
    0.877335707485,1.),.UNSPECIFIED.);
#9710 = CARTESIAN_POINT('',(6.,-1.50990331349E-14,-23.16783915997));
#9711 = CARTESIAN_POINT('',(6.,0.55229566699,-23.1422012025));
#9712 = CARTESIAN_POINT('',(5.941898914098,1.104857458205,
    -23.11655684099));
#9713 = CARTESIAN_POINT('',(5.825599123342,1.650158043533,-23.0909136999
    ));
#9714 = CARTESIAN_POINT('',(5.652284437903,2.18107508752,-23.06527047723
    ));
#9715 = CARTESIAN_POINT('',(5.424041897983,2.690807997571,
    -23.03962937126));
#9716 = CARTESIAN_POINT('',(5.143888611276,3.172903271707,
    -23.01398319695));
#9717 = CARTESIAN_POINT('',(4.815745189855,3.621266250735,
    -22.98833285922));
#9718 = CARTESIAN_POINT('',(3.977775869092,4.545399925065,
    -22.93042512472));
#9719 = CARTESIAN_POINT('',(3.442006807987,4.999196146557,
    -22.89811478121));
#9720 = CARTESIAN_POINT('',(2.84764246919,5.379989639458,-22.86582637926
    ));
#9721 = CARTESIAN_POINT('',(2.206533609673,5.679490651692,
    -22.83354857189));
#9722 = CARTESIAN_POINT('',(1.531368954209,5.891382334531,
    -22.80126888461));
#9723 = CARTESIAN_POINT('',(0.835773798642,6.011736388262,
    -22.76897621132));
#9724 = CARTESIAN_POINT('',(0.134127338604,6.038653027654,
    -22.73666290748));
#9725 = CARTESIAN_POINT('',(-1.132450055781,5.920333321884,
    -22.67761422952));
#9726 = CARTESIAN_POINT('',(-1.701295397666,5.803528985528,
    -22.65082037081));
#9727 = CARTESIAN_POINT('',(-2.255980752881,5.624242812109,
    -22.62403461968));
#9728 = CARTESIAN_POINT('',(-2.788544115691,5.38465444279,
    -22.59725507731));
#9729 = CARTESIAN_POINT('',(-3.29152203756,5.087963528253,
    -22.57047512596));
#9730 = CARTESIAN_POINT('',(-3.75800308321,4.738425631053,-22.5436885837
    ));
#9731 = CARTESIAN_POINT('',(-4.181622635992,4.341285606442,
    -22.51689406241));
#9732 = CARTESIAN_POINT('',(-4.984020973389,3.404509667057,
    -22.4596335121));
#9733 = CARTESIAN_POINT('',(-5.349262523023,2.851859694616,
    -22.4291172885));
#9734 = CARTESIAN_POINT('',(-5.643869074068,2.25496062579,
    -22.39861713767));
#9735 = CARTESIAN_POINT('',(-5.861974282476,1.624542466707,
    -22.36813013885));
#9736 = CARTESIAN_POINT('',(-5.99944998471,0.971823562423,
    -22.33764727311));
#9737 = CARTESIAN_POINT('',(-6.054111158275,0.308532904838,
    -22.30715680058));
#9738 = CARTESIAN_POINT('',(-6.025485771564,-0.353197204117,
    -22.27665025218));
#9739 = CARTESIAN_POINT('',(-5.853861043849,-1.367834482339,
    -22.228884737));
#9740 = CARTESIAN_POINT('',(-5.765694934696,-1.730704865565,
    -22.2115946162));
#9741 = CARTESIAN_POINT('',(-5.651826448461,-2.086992348206,
    -22.1943049705));
#9742 = CARTESIAN_POINT('',(-5.512864117044,-2.434534370797,
    -22.17701781678));
#9743 = CARTESIAN_POINT('',(-5.349618276055,-2.771289693203,
    -22.15973273989));
#9744 = CARTESIAN_POINT('',(-5.163071727042,-3.095330646847,
    -22.14244818947));
#9745 = CARTESIAN_POINT('',(-4.954368040332,-3.404841236457,
    -22.12516231673));
#9746 = CARTESIAN_POINT('',(-4.578801247721,-3.884675322403,
    -22.09687590396));
#9747 = CARTESIAN_POINT('',(-4.424343090351,-4.064659807868,
    -22.08587719518));
#9748 = CARTESIAN_POINT('',(-4.261820969796,-4.237606388945,
    -22.07487888387));
#9749 = CARTESIAN_POINT('',(-4.09162435961,-4.403082591533,
    -22.06388186434));
#9750 = CARTESIAN_POINT('',(-3.914154263471,-4.560691626204,
    -22.05288626612));
#9751 = CARTESIAN_POINT('',(-3.729823215177,-4.710072388204,
    -22.04189145397));
#9752 = CARTESIAN_POINT('',(-3.539055278652,-4.850899457453,
    -22.03089602781));
#9753 = CARTESIAN_POINT('',(-3.073550603618,-5.163138325965,
    -22.00487714354));
#9754 = CARTESIAN_POINT('',(-2.793696295384,-5.326834612107,
    -21.98985686366));
#9755 = CARTESIAN_POINT('',(-2.503933854214,-5.473162255046,
    -21.97483617184));
#9756 = CARTESIAN_POINT('',(-2.205521918342,-5.601426198982,
    -21.95981471496));
#9757 = CARTESIAN_POINT('',(-1.899767033261,-5.711046034243,
    -21.94479259807));
#9758 = CARTESIAN_POINT('',(-1.588023651721,-5.801555997282,
    -21.92977038439));
#9759 = CARTESIAN_POINT('',(-1.27169413373,-5.872604970682,
    -21.91474909534));
#9760 = CARTESIAN_POINT('',(-0.242314212839,-6.03806958113,
    -21.86635531286));
#9761 = CARTESIAN_POINT('',(0.484318597674,-6.055129265724,
    -21.83293184444));
#9762 = CARTESIAN_POINT('',(1.210542402381,-5.971850713157,
    -21.79952261177));
#9763 = CARTESIAN_POINT('',(1.920310720944,-5.789468242383,
    -21.76613544592));
#9764 = CARTESIAN_POINT('',(2.598348272451,-5.511512157966,
    -21.73275255979));
#9765 = CARTESIAN_POINT('',(3.23032210201,-5.144320491697,
    -21.69935560142));
#9766 = CARTESIAN_POINT('',(3.80271999228,-4.696432103731,
    -21.66592926404));
#9767 = CARTESIAN_POINT('',(4.706525636115,-3.765993977327,
    -21.60571483825));
#9768 = CARTESIAN_POINT('',(5.063895379941,-3.306761580837,
    -21.57886393952));
#9769 = CARTESIAN_POINT('',(5.369699399188,-2.809061923148,
    -21.55201975084));
#9770 = CARTESIAN_POINT('',(5.619266664717,-2.279782601336,
    -21.52518209528));
#9771 = CARTESIAN_POINT('',(5.808988234976,-1.726260574857,
    -21.4983467497));
#9772 = CARTESIAN_POINT('',(5.936374500355,-1.156265082063,
    -21.47150823905));
#9773 = CARTESIAN_POINT('',(6.,-0.577956459281,-21.44466436587));
#9774 = CARTESIAN_POINT('',(6.,-5.329070518201E-15,-21.41783739732));
#9775 = PCURVE('',#6710,#9776);
#9776 = DEFINITIONAL_REPRESENTATION('',(#9777),#9843);
#9777 = B_SPLINE_CURVE_WITH_KNOTS('',8,(#9778,#9779,#9780,#9781,#9782,
    #9783,#9784,#9785,#9786,#9787,#9788,#9789,#9790,#9791,#9792,#9793,
    #9794,#9795,#9796,#9797,#9798,#9799,#9800,#9801,#9802,#9803,#9804,
    #9805,#9806,#9807,#9808,#9809,#9810,#9811,#9812,#9813,#9814,#9815,
    #9816,#9817,#9818,#9819,#9820,#9821,#9822,#9823,#9824,#9825,#9826,
    #9827,#9828,#9829,#9830,#9831,#9832,#9833,#9834,#9835,#9836,#9837,
    #9838,#9839,#9840,#9841,#9842),.UNSPECIFIED.,.F.,.F.,(9,7,7,7,7,7,7,
    7,7,9),(0.,0.11723407398,0.264825302732,0.387294793137,
    0.526705978768,0.605759401607,0.65604499152,0.724721990964,
    0.877335707485,1.),.UNSPECIFIED.);
#9778 = CARTESIAN_POINT('',(0.,-23.16783915997));
#9779 = CARTESIAN_POINT('',(9.20492778316E-02,-23.1422012025));
#9780 = CARTESIAN_POINT('',(0.18414287082,-23.11655684099));
#9781 = CARTESIAN_POINT('',(0.276215021703,-23.0909136999));
#9782 = CARTESIAN_POINT('',(0.368270687983,-23.06527047723));
#9783 = CARTESIAN_POINT('',(0.460327955199,-23.03962937126));
#9784 = CARTESIAN_POINT('',(0.552403309692,-23.01398319695));
#9785 = CARTESIAN_POINT('',(0.644498191998,-22.98833285922));
#9786 = CARTESIAN_POINT('',(0.852412145258,-22.93042512472));
#9787 = CARTESIAN_POINT('',(0.968422223255,-22.89811478121));
#9788 = CARTESIAN_POINT('',(1.084351829431,-22.86582637926));
#9789 = CARTESIAN_POINT('',(1.200235162838,-22.83354857189));
#9790 = CARTESIAN_POINT('',(1.316121009829,-22.80126888461));
#9791 = CARTESIAN_POINT('',(1.432057551874,-22.76897621132));
#9792 = CARTESIAN_POINT('',(1.54807411461,-22.73666290748));
#9793 = CARTESIAN_POINT('',(1.760089434336,-22.67761422952));
#9794 = CARTESIAN_POINT('',(1.856296636619,-22.65082037081));
#9795 = CARTESIAN_POINT('',(1.952477452752,-22.62403461968));
#9796 = CARTESIAN_POINT('',(2.048636422851,-22.59725507731));
#9797 = CARTESIAN_POINT('',(2.14479359522,-22.57047512596));
#9798 = CARTESIAN_POINT('',(2.240969189569,-22.5436885837));
#9799 = CARTESIAN_POINT('',(2.337168739094,-22.51689406241));
#9800 = CARTESIAN_POINT('',(2.54274328981,-22.4596335121));
#9801 = CARTESIAN_POINT('',(2.652297628586,-22.4291172885));
#9802 = CARTESIAN_POINT('',(2.761793107098,-22.39861713767));
#9803 = CARTESIAN_POINT('',(2.871244802315,-22.36813013885));
#9804 = CARTESIAN_POINT('',(2.980690260414,-22.33764727311));
#9805 = CARTESIAN_POINT('',(3.090169807053,-22.30715680058));
#9806 = CARTESIAN_POINT('',(3.199708983955,-22.27665025218));
#9807 = CARTESIAN_POINT('',(3.371217313322,-22.228884737));
#9808 = CARTESIAN_POINT('',(3.433299289514,-22.2115946162));
#9809 = CARTESIAN_POINT('',(3.495378500736,-22.1943049705));
#9810 = CARTESIAN_POINT('',(3.557447189994,-22.17701781678));
#9811 = CARTESIAN_POINT('',(3.619506769677,-22.15973273989));
#9812 = CARTESIAN_POINT('',(3.6815632537,-22.14244818947));
#9813 = CARTESIAN_POINT('',(3.743624074113,-22.12516231673));
#9814 = CARTESIAN_POINT('',(3.845180184185,-22.09687590396));
#9815 = CARTESIAN_POINT('',(3.884668695024,-22.08587719518));
#9816 = CARTESIAN_POINT('',(3.924156108608,-22.07487888387));
#9817 = CARTESIAN_POINT('',(3.963639367305,-22.06388186434));
#9818 = CARTESIAN_POINT('',(4.003118061951,-22.05288626612));
#9819 = CARTESIAN_POINT('',(4.042594431839,-22.04189145397));
#9820 = CARTESIAN_POINT('',(4.08207336473,-22.03089602781));
#9821 = CARTESIAN_POINT('',(4.17549411449,-22.00487714354));
#9822 = CARTESIAN_POINT('',(4.229425204893,-21.98985686366));
#9823 = CARTESIAN_POINT('',(4.283356451384,-21.97483617184));
#9824 = CARTESIAN_POINT('',(4.33728817814,-21.95981471496));
#9825 = CARTESIAN_POINT('',(4.391220250191,-21.94479259807));
#9826 = CARTESIAN_POINT('',(4.445152073415,-21.92977038439));
#9827 = CARTESIAN_POINT('',(4.499082594542,-21.91474909534));
#9828 = CARTESIAN_POINT('',(4.672848206058,-21.86635531286));
#9829 = CARTESIAN_POINT('',(4.792869631897,-21.83293184444));
#9830 = CARTESIAN_POINT('',(4.912795095442,-21.79952261177));
#9831 = CARTESIAN_POINT('',(5.032659794287,-21.76613544592));
#9832 = CARTESIAN_POINT('',(5.152520697198,-21.73275255979));
#9833 = CARTESIAN_POINT('',(5.272434293478,-21.69935560142));
#9834 = CARTESIAN_POINT('',(5.392450039516,-21.66592926404));
#9835 = CARTESIAN_POINT('',(5.608640525797,-21.60571483825));
#9836 = CARTESIAN_POINT('',(5.705042087434,-21.57886393952));
#9837 = CARTESIAN_POINT('',(5.801416958442,-21.55201975084));
#9838 = CARTESIAN_POINT('',(5.897767548531,-21.52518209528));
#9839 = CARTESIAN_POINT('',(5.994112981291,-21.4983467497));
#9840 = CARTESIAN_POINT('',(6.090474514869,-21.47150823905));
#9841 = CARTESIAN_POINT('',(6.186859230633,-21.44466436587));
#9842 = CARTESIAN_POINT('',(6.28318530718,-21.41783739732));
#9843 = ( GEOMETRIC_REPRESENTATION_CONTEXT(2) 
PARAMETRIC_REPRESENTATION_CONTEXT() REPRESENTATION_CONTEXT('2D SPACE',''
  ) );
#9844 = PCURVE('',#6406,#9845);
#9845 = DEFINITIONAL_REPRESENTATION('',(#9846),#9912);
#9846 = B_SPLINE_CURVE_WITH_KNOTS('',8,(#9847,#9848,#9849,#9850,#9851,
    #9852,#9853,#9854,#9855,#9856,#9857,#9858,#9859,#9860,#9861,#9862,
    #9863,#9864,#9865,#9866,#9867,#9868,#9869,#9870,#9871,#9872,#9873,
    #9874,#9875,#9876,#9877,#9878,#9879,#9880,#9881,#9882,#9883,#9884,
    #9885,#9886,#9887,#9888,#9889,#9890,#9891,#9892,#9893,#9894,#9895,
    #9896,#9897,#9898,#9899,#9900,#9901,#9902,#9903,#9904,#9905,#9906,
    #9907,#9908,#9909,#9910,#9911),.UNSPECIFIED.,.F.,.F.,(9,7,7,7,7,7,7,
    7,7,9),(0.,0.11723407398,0.264825302732,0.387294793137,
    0.526705978768,0.605759401607,0.65604499152,0.724721990964,
    0.877335707485,1.),.UNSPECIFIED.);
#9847 = CARTESIAN_POINT('',(0.268780683325,65.218046849769));
#9848 = CARTESIAN_POINT('',(0.268781595615,65.313599589383));
#9849 = CARTESIAN_POINT('',(0.268767871632,65.409196169296));
#9850 = CARTESIAN_POINT('',(0.268769100191,65.504767799013));
#9851 = CARTESIAN_POINT('',(0.2687763919,65.600331459888));
#9852 = CARTESIAN_POINT('',(0.268779842237,65.695892472285));
#9853 = CARTESIAN_POINT('',(0.268780858031,65.791475696038));
#9854 = CARTESIAN_POINT('',(0.268779624171,65.887077506137));
#9855 = CARTESIAN_POINT('',(0.268776112733,66.10290739819));
#9856 = CARTESIAN_POINT('',(0.268773589231,66.223333150757));
#9857 = CARTESIAN_POINT('',(0.268773521489,66.343673775024));
#9858 = CARTESIAN_POINT('',(0.26878022641,66.463965671967));
#9859 = CARTESIAN_POINT('',(0.268789427411,66.584261169926));
#9860 = CARTESIAN_POINT('',(0.268794833215,66.704610246007));
#9861 = CARTESIAN_POINT('',(0.268795264491,66.825043000842));
#9862 = CARTESIAN_POINT('',(0.268788934231,67.045129094335));
#9863 = CARTESIAN_POINT('',(0.268783387147,67.144998750923));
#9864 = CARTESIAN_POINT('',(0.268775829204,67.244840933906));
#9865 = CARTESIAN_POINT('',(0.268768163228,67.344660123861));
#9866 = CARTESIAN_POINT('',(0.268763228188,67.444477111812));
#9867 = CARTESIAN_POINT('',(0.268762338545,67.544313144583));
#9868 = CARTESIAN_POINT('',(0.268764932176,67.64417416277));
#9869 = CARTESIAN_POINT('',(0.268774931751,67.857573530749));
#9870 = CARTESIAN_POINT('',(0.268782965965,67.971298101004));
#9871 = CARTESIAN_POINT('',(0.268791622205,68.084961918444));
#9872 = CARTESIAN_POINT('',(0.268797478843,68.198580537604));
#9873 = CARTESIAN_POINT('',(0.268797012397,68.312192380126));
#9874 = CARTESIAN_POINT('',(0.268792064146,68.425838688984));
#9875 = CARTESIAN_POINT('',(0.268786180299,68.539546190205));
#9876 = CARTESIAN_POINT('',(0.268778888574,68.717580668476));
#9877 = CARTESIAN_POINT('',(0.268776646629,68.782024896034));
#9878 = CARTESIAN_POINT('',(0.26877519046,68.846466280798));
#9879 = CARTESIAN_POINT('',(0.268774810539,68.91089690931));
#9880 = CARTESIAN_POINT('',(0.268775463955,68.975318387439));
#9881 = CARTESIAN_POINT('',(0.268776740293,69.039737053372));
#9882 = CARTESIAN_POINT('',(0.268778028121,69.104160631843));
#9883 = CARTESIAN_POINT('',(0.26877942525,69.209583638664));
#9884 = CARTESIAN_POINT('',(0.268779813379,69.250575861494));
#9885 = CARTESIAN_POINT('',(0.268779886309,69.291567032967));
#9886 = CARTESIAN_POINT('',(0.268779562789,69.33255393074));
#9887 = CARTESIAN_POINT('',(0.268778840456,69.373536075257));
#9888 = CARTESIAN_POINT('',(0.268777795839,69.41451572975));
#9889 = CARTESIAN_POINT('',(0.268776584352,69.45549790024));
#9890 = CARTESIAN_POINT('',(0.268773877822,69.552475309776));
#9891 = CARTESIAN_POINT('',(0.268772298164,69.608458818711));
#9892 = CARTESIAN_POINT('',(0.268771999691,69.664442114769));
#9893 = CARTESIAN_POINT('',(0.268773480164,69.720425835071));
#9894 = CARTESIAN_POINT('',(0.268776436744,69.776410001431));
#9895 = CARTESIAN_POINT('',(0.268779765991,69.832394020358));
#9896 = CARTESIAN_POINT('',(0.268781563861,69.888376683055));
#9897 = CARTESIAN_POINT('',(0.268773707667,70.068753517097));
#9898 = CARTESIAN_POINT('',(0.268763214935,70.193338820237));
#9899 = CARTESIAN_POINT('',(0.268782391541,70.317830583554));
#9900 = CARTESIAN_POINT('',(0.268785003732,70.442262702589));
#9901 = CARTESIAN_POINT('',(0.268780410261,70.566688701792));
#9902 = CARTESIAN_POINT('',(0.26877554278,70.69116752217));
#9903 = CARTESIAN_POINT('',(0.268774333997,70.815750847331));
#9904 = CARTESIAN_POINT('',(0.268777997484,71.040168105589));
#9905 = CARTESIAN_POINT('',(0.268781732374,71.140237687861));
#9906 = CARTESIAN_POINT('',(0.268787403962,71.240279619025));
#9907 = CARTESIAN_POINT('',(0.268793285993,71.340296913964));
#9908 = CARTESIAN_POINT('',(0.26879627927,71.440309541213));
#9909 = CARTESIAN_POINT('',(0.26879538727,71.540339266186));
#9910 = CARTESIAN_POINT('',(0.268791428842,71.640393161619));
#9911 = CARTESIAN_POINT('',(0.26878596057,71.740386112776));
#9912 = ( GEOMETRIC_REPRESENTATION_CONTEXT(2) 
PARAMETRIC_REPRESENTATION_CONTEXT() REPRESENTATION_CONTEXT('2D SPACE',''
  ) );
#9913 = ORIENTED_EDGE('',*,*,#9914,.T.);
#9914 = EDGE_CURVE('',#9706,#9171,#9915,.T.);
#9915 = SURFACE_CURVE('',#9916,(#9920,#9927),.PCURVE_S1.);
#9916 = LINE('',#9917,#9918);
#9917 = CARTESIAN_POINT('',(6.,0.,0.));
#9918 = VECTOR('',#9919,1.);
#9919 = DIRECTION('',(-0.,-0.,-1.));
#9920 = PCURVE('',#6710,#9921);
#9921 = DEFINITIONAL_REPRESENTATION('',(#9922),#9926);
#9922 = LINE('',#9923,#9924);
#9923 = CARTESIAN_POINT('',(0.,0.));
#9924 = VECTOR('',#9925,1.);
#9925 = DIRECTION('',(0.,-1.));
#9926 = ( GEOMETRIC_REPRESENTATION_CONTEXT(2) 
PARAMETRIC_REPRESENTATION_CONTEXT() REPRESENTATION_CONTEXT('2D SPACE',''
  ) );
#9927 = PCURVE('',#9310,#9928);
#9928 = DEFINITIONAL_REPRESENTATION('',(#9929),#9933);
#9929 = LINE('',#9930,#9931);
#9930 = CARTESIAN_POINT('',(6.28318530718,0.));
#9931 = VECTOR('',#9932,1.);
#9932 = DIRECTION('',(0.,-1.));
#9933 = ( GEOMETRIC_REPRESENTATION_CONTEXT(2) 
PARAMETRIC_REPRESENTATION_CONTEXT() REPRESENTATION_CONTEXT('2D SPACE',''
  ) );
#9934 = ORIENTED_EDGE('',*,*,#9384,.T.);
#9935 = ADVANCED_FACE('',(#9936),#6406,.F.);
#9936 = FACE_BOUND('',#9937,.F.);
#9937 = EDGE_LOOP('',(#9938,#9959,#9960,#9961,#10149,#10358,#10567,
    #10776,#10985,#11194,#11403,#11633,#11800,#11880,#12098));
#9938 = ORIENTED_EDGE('',*,*,#9939,.F.);
#9939 = EDGE_CURVE('',#6319,#9940,#9942,.T.);
#9940 = VERTEX_POINT('',#9941);
#9941 = CARTESIAN_POINT('',(-4.216305735414,2.022960154672,
    -20.14567749775));
#9942 = SURFACE_CURVE('',#9943,(#9946,#9953),.PCURVE_S1.);
#9943 = B_SPLINE_CURVE_WITH_KNOTS('',1,(#9944,#9945),.UNSPECIFIED.,.F.,
  .F.,(2,2),(0.,1.691176043067),.PIECEWISE_BEZIER_KNOTS.);
#9944 = CARTESIAN_POINT('',(-5.646459715862,2.67978719219,
    -20.76480126861));
#9945 = CARTESIAN_POINT('',(-4.216305735414,2.022960154672,
    -20.14567749775));
#9946 = PCURVE('',#6406,#9947);
#9947 = DEFINITIONAL_REPRESENTATION('',(#9948),#9952);
#9948 = LINE('',#9949,#9950);
#9949 = CARTESIAN_POINT('',(0.,74.541027282459));
#9950 = VECTOR('',#9951,1.);
#9951 = DIRECTION('',(1.,0.));
#9952 = ( GEOMETRIC_REPRESENTATION_CONTEXT(2) 
PARAMETRIC_REPRESENTATION_CONTEXT() REPRESENTATION_CONTEXT('2D SPACE',''
  ) );
#9953 = PCURVE('',#6338,#9954);
#9954 = DEFINITIONAL_REPRESENTATION('',(#9955),#9958);
#9955 = B_SPLINE_CURVE_WITH_KNOTS('',1,(#9956,#9957),.UNSPECIFIED.,.F.,
  .F.,(2,2),(0.,1.691176043067),.PIECEWISE_BEZIER_KNOTS.);
#9956 = CARTESIAN_POINT('',(0.599397777275,0.765624604764));
#9957 = CARTESIAN_POINT('',(-0.974113006407,0.145834138334));
#9958 = ( GEOMETRIC_REPRESENTATION_CONTEXT(2) 
PARAMETRIC_REPRESENTATION_CONTEXT() REPRESENTATION_CONTEXT('2D SPACE',''
  ) );
#9959 = ORIENTED_EDGE('',*,*,#6350,.F.);
#9960 = ORIENTED_EDGE('',*,*,#9705,.F.);
#9961 = ORIENTED_EDGE('',*,*,#9962,.F.);
#9962 = EDGE_CURVE('',#9963,#9706,#9965,.T.);
#9963 = VERTEX_POINT('',#9964);
#9964 = CARTESIAN_POINT('',(6.,0.,-24.91783729703));
#9965 = SURFACE_CURVE('',#9966,(#10025,#10087),.PCURVE_S1.);
#9966 = B_SPLINE_CURVE_WITH_KNOTS('',8,(#9967,#9968,#9969,#9970,#9971,
    #9972,#9973,#9974,#9975,#9976,#9977,#9978,#9979,#9980,#9981,#9982,
    #9983,#9984,#9985,#9986,#9987,#9988,#9989,#9990,#9991,#9992,#9993,
    #9994,#9995,#9996,#9997,#9998,#9999,#10000,#10001,#10002,#10003,
    #10004,#10005,#10006,#10007,#10008,#10009,#10010,#10011,#10012,
    #10013,#10014,#10015,#10016,#10017,#10018,#10019,#10020,#10021,
    #10022,#10023,#10024),.UNSPECIFIED.,.F.,.F.,(9,7,7,7,7,7,7,7,9),(0.,
    0.151010947743,0.227568887168,0.29710160371,0.40120899178,
    0.553742650354,0.70844514159,0.870398804371,1.),.UNSPECIFIED.);
#9967 = CARTESIAN_POINT('',(6.,5.329070518201E-15,-24.91783729703));
#9968 = CARTESIAN_POINT('',(6.,0.711387198634,-24.88481189028));
#9969 = CARTESIAN_POINT('',(5.903604930985,1.423721372146,-24.8517433679
    ));
#9970 = CARTESIAN_POINT('',(5.710370195795,2.120263273848,
    -24.81870170742));
#9971 = CARTESIAN_POINT('',(5.423851409964,2.785898498916,
    -24.78567733009));
#9972 = CARTESIAN_POINT('',(5.049697213171,3.406526022193,
    -24.75265415876));
#9973 = CARTESIAN_POINT('',(4.596080352705,3.969335941257,
    -24.71961453877));
#9974 = CARTESIAN_POINT('',(4.073205505051,4.462630801585,
    -24.68654755621));
#9975 = CARTESIAN_POINT('',(3.201810293961,5.087089707993,
    -24.63678222011));
#9976 = CARTESIAN_POINT('',(2.89417092392,5.277059646206,-24.62003812337
    ));
#9977 = CARTESIAN_POINT('',(2.57371800714,5.445729401527,-24.6032931859)
  );
#9978 = CARTESIAN_POINT('',(2.242191279641,5.5920886125,-24.58654838163)
  );
#9979 = CARTESIAN_POINT('',(1.901396158905,5.715308367734,
    -24.56980428508));
#9980 = CARTESIAN_POINT('',(1.553203743884,5.814741205901,
    -24.55306107128));
#9981 = CARTESIAN_POINT('',(1.199550814995,5.88992111574,-24.53631851582
    ));
#9982 = CARTESIAN_POINT('',(0.518098599325,5.986558831682,
    -24.50436982586));
#9983 = CARTESIAN_POINT('',(0.190880228583,6.012317253899,-24.4891641804
    ));
#9984 = CARTESIAN_POINT('',(-0.137721767299,6.017628034982,
    -24.4739581071));
#9985 = CARTESIAN_POINT('',(-0.466219580819,6.002411090632,
    -24.45875118637));
#9986 = CARTESIAN_POINT('',(-0.793131107773,5.966717019975,
    -24.44354353039));
#9987 = CARTESIAN_POINT('',(-1.116979947259,5.910727105561,
    -24.42833578315));
#9988 = CARTESIAN_POINT('',(-1.436295401675,5.834753313363,
    -24.41312912038));
#9989 = CARTESIAN_POINT('',(-2.218724341508,5.59622907627,
    -24.37516135728));
#9990 = CARTESIAN_POINT('',(-2.674595988133,5.409361305903,
    -24.35239258321));
#9991 = CARTESIAN_POINT('',(-3.112256063741,5.180110897014,
    -24.32962353141));
#9992 = CARTESIAN_POINT('',(-3.527141681725,4.910606323775,
    -24.30685552445));
#9993 = CARTESIAN_POINT('',(-3.915044539114,4.603499748147,
    -24.28408717685));
#9994 = CARTESIAN_POINT('',(-4.272089538594,4.261926026619,
    -24.26131585739));
#9995 = CARTESIAN_POINT('',(-4.594772451639,3.889546143569,
    -24.23854186284));
#9996 = CARTESIAN_POINT('',(-5.298108112631,2.906257857534,
    -24.18242321191));
#9997 = CARTESIAN_POINT('',(-5.636701142666,2.263858494621,
    -24.1490259233));
#9998 = CARTESIAN_POINT('',(-5.885457038007,1.577248236044,
    -24.11565548919));
#9999 = CARTESIAN_POINT('',(-6.038360094816,0.861219914031,
    -24.08229728208));
#10000 = CARTESIAN_POINT('',(-6.09173981258,0.130979577522,
    -24.04893718464));
#10001 = CARTESIAN_POINT('',(-6.044844116452,-0.597842913761,
    -24.01556232463));
#10002 = CARTESIAN_POINT('',(-5.899315975206,-1.30930798874,
    -23.98216267721));
#10003 = CARTESIAN_POINT('',(-5.420000903436,-2.674806688992,
    -23.91498709047));
#10004 = CARTESIAN_POINT('',(-5.082859173391,-3.329894851435,
    -23.88111366494));
#10005 = CARTESIAN_POINT('',(-4.655430425138,-3.935252976539,
    -23.84727006997));
#10006 = CARTESIAN_POINT('',(-4.146831750093,-4.476873839239,
    -23.8134427154));
#10007 = CARTESIAN_POINT('',(-3.567929219368,-4.942572262333,
    -23.77961284986));
#10008 = CARTESIAN_POINT('',(-2.931708016992,-5.322466225648,
    -23.7457645365));
#10009 = CARTESIAN_POINT('',(-2.252802090607,-5.608557481162,
    -23.71188629648));
#10010 = CARTESIAN_POINT('',(-0.811753507652,-5.993583081905,
    -23.64264006234));
#10011 = CARTESIAN_POINT('',(-4.487085094272E-02,-6.083738622911,
    -23.60716504133));
#10012 = CARTESIAN_POINT('',(0.73182062059,-6.061105079172,
    -23.5717299705));
#10013 = CARTESIAN_POINT('',(1.499184063313,-5.92558579133,
    -23.53631679312));
#10014 = CARTESIAN_POINT('',(2.238684336238,-5.67987579337,
    -23.50090516492));
#10015 = CARTESIAN_POINT('',(2.932730569354,-5.330393284047,
    -23.46547082293));
#10016 = CARTESIAN_POINT('',(3.564476099045,-4.886349183402,
    -23.42999707972));
#10017 = CARTESIAN_POINT('',(4.562986558595,-3.943575601915,
    -23.36624855914));
#10018 = CARTESIAN_POINT('',(4.958415165494,-3.47260285677,
    -23.33789143243));
#10019 = CARTESIAN_POINT('',(5.297830067746,-2.956669749085,
    -23.30954505238));
#10020 = CARTESIAN_POINT('',(5.575495280709,-2.403687374041,
    -23.28120773522));
#10021 = CARTESIAN_POINT('',(5.786932784617,-1.822161334925,
    -23.25287290722));
#10022 = CARTESIAN_POINT('',(5.929040842078,-1.221181728193,
    -23.2245314876));
#10023 = CARTESIAN_POINT('',(6.,-0.610356499463,-23.19617234256));
#10024 = CARTESIAN_POINT('',(6.,-1.50990331349E-14,-23.16783915997));
#10025 = PCURVE('',#6406,#10026);
#10026 = DEFINITIONAL_REPRESENTATION('',(#10027),#10086);
#10027 = B_SPLINE_CURVE_WITH_KNOTS('',8,(#10028,#10029,#10030,#10031,
    #10032,#10033,#10034,#10035,#10036,#10037,#10038,#10039,#10040,
    #10041,#10042,#10043,#10044,#10045,#10046,#10047,#10048,#10049,
    #10050,#10051,#10052,#10053,#10054,#10055,#10056,#10057,#10058,
    #10059,#10060,#10061,#10062,#10063,#10064,#10065,#10066,#10067,
    #10068,#10069,#10070,#10071,#10072,#10073,#10074,#10075,#10076,
    #10077,#10078,#10079,#10080,#10081,#10082,#10083,#10084,#10085),
  .UNSPECIFIED.,.F.,.F.,(9,7,7,7,7,7,7,7,9),(0.,0.151010947743,
    0.227568887168,0.29710160371,0.40120899178,0.553742650354,
    0.70844514159,0.870398804371,1.),.UNSPECIFIED.);
#10028 = CARTESIAN_POINT('',(0.268785344242,58.695707553132));
#10029 = CARTESIAN_POINT('',(0.268792229433,58.818785545613));
#10030 = CARTESIAN_POINT('',(0.268797013917,58.942027098606));
#10031 = CARTESIAN_POINT('',(0.268796746798,59.065175428615));
#10032 = CARTESIAN_POINT('',(0.268789840286,59.188268402745));
#10033 = CARTESIAN_POINT('',(0.268779944884,59.311360960574));
#10034 = CARTESIAN_POINT('',(0.268775146628,59.434507868897));
#10035 = CARTESIAN_POINT('',(0.268774804556,59.557750678761));
#10036 = CARTESIAN_POINT('',(0.268777005412,59.743225640154));
#10037 = CARTESIAN_POINT('',(0.268778438236,59.805629793826));
#10038 = CARTESIAN_POINT('',(0.268779740822,59.868037258574));
#10039 = CARTESIAN_POINT('',(0.268780374793,59.930445138956));
#10040 = CARTESIAN_POINT('',(0.268780086052,59.99285164045));
#10041 = CARTESIAN_POINT('',(0.268778904786,60.055256069459));
#10042 = CARTESIAN_POINT('',(0.268777145461,60.117658833305));
#10043 = CARTESIAN_POINT('',(0.26877382773,60.236737766835));
#10044 = CARTESIAN_POINT('',(0.268772384607,60.29341195647));
#10045 = CARTESIAN_POINT('',(0.268772228654,60.350085984355));
#10046 = CARTESIAN_POINT('',(0.268773765074,60.406760861598));
#10047 = CARTESIAN_POINT('',(0.268776653073,60.463436635193));
#10048 = CARTESIAN_POINT('',(0.268779805859,60.520112388026));
#10049 = CARTESIAN_POINT('',(0.268781390643,60.576786238873));
#10050 = CARTESIAN_POINT('',(0.26877499269,60.718302773156));
#10051 = CARTESIAN_POINT('',(0.268769449344,60.803170728842));
#10052 = CARTESIAN_POINT('',(0.268772233821,60.888028356901));
#10053 = CARTESIAN_POINT('',(0.268777138971,60.972879196936));
#10054 = CARTESIAN_POINT('',(0.268779912035,61.057734215305));
#10055 = CARTESIAN_POINT('',(0.268780552306,61.142603219563));
#10056 = CARTESIAN_POINT('',(0.268779593391,61.227484375703));
#10057 = CARTESIAN_POINT('',(0.268776291109,61.436645976105));
#10058 = CARTESIAN_POINT('',(0.268773487554,61.561123211019));
#10059 = CARTESIAN_POINT('',(0.268773100181,61.685497060782));
#10060 = CARTESIAN_POINT('',(0.268780378938,61.809814880044));
#10061 = CARTESIAN_POINT('',(0.268790241649,61.934136219322));
#10062 = CARTESIAN_POINT('',(0.268795518576,62.058518836748));
#10063 = CARTESIAN_POINT('',(0.26879532643,62.183001300562));
#10064 = CARTESIAN_POINT('',(0.268786927517,62.433379623151));
#10065 = CARTESIAN_POINT('',(0.268778606886,62.559638973401));
#10066 = CARTESIAN_POINT('',(0.268767876757,62.685790431206));
#10067 = CARTESIAN_POINT('',(0.268759371874,62.811878323862));
#10068 = CARTESIAN_POINT('',(0.268759615064,62.937963638573));
#10069 = CARTESIAN_POINT('',(0.268766601836,63.064108507812));
#10070 = CARTESIAN_POINT('',(0.268775597982,63.190362173437));
#10071 = CARTESIAN_POINT('',(0.268791026506,63.448425392824));
#10072 = CARTESIAN_POINT('',(0.268797330113,63.580634017001));
#10073 = CARTESIAN_POINT('',(0.268798117419,63.712701271582));
#10074 = CARTESIAN_POINT('',(0.268790498083,63.84469839876));
#10075 = CARTESIAN_POINT('',(0.268778721837,63.97669542438));
#10076 = CARTESIAN_POINT('',(0.268774212503,64.108767190494));
#10077 = CARTESIAN_POINT('',(0.268774763992,64.24097890175));
#10078 = CARTESIAN_POINT('',(0.268778270211,64.47856812882));
#10079 = CARTESIAN_POINT('',(0.268780719547,64.584253254586));
#10080 = CARTESIAN_POINT('',(0.268782051534,64.689899851128));
#10081 = CARTESIAN_POINT('',(0.268779434283,64.795518057597));
#10082 = CARTESIAN_POINT('',(0.268771212729,64.9011346329));
#10083 = CARTESIAN_POINT('',(0.268763979945,65.006774425786));
#10084 = CARTESIAN_POINT('',(0.268779675129,65.112448998562));
#10085 = CARTESIAN_POINT('',(0.268780683325,65.218046849769));
#10086 = ( GEOMETRIC_REPRESENTATION_CONTEXT(2) 
PARAMETRIC_REPRESENTATION_CONTEXT() REPRESENTATION_CONTEXT('2D SPACE',''
  ) );
#10087 = PCURVE('',#9310,#10088);
#10088 = DEFINITIONAL_REPRESENTATION('',(#10089),#10148);
#10089 = B_SPLINE_CURVE_WITH_KNOTS('',8,(#10090,#10091,#10092,#10093,
    #10094,#10095,#10096,#10097,#10098,#10099,#10100,#10101,#10102,
    #10103,#10104,#10105,#10106,#10107,#10108,#10109,#10110,#10111,
    #10112,#10113,#10114,#10115,#10116,#10117,#10118,#10119,#10120,
    #10121,#10122,#10123,#10124,#10125,#10126,#10127,#10128,#10129,
    #10130,#10131,#10132,#10133,#10134,#10135,#10136,#10137,#10138,
    #10139,#10140,#10141,#10142,#10143,#10144,#10145,#10146,#10147),
  .UNSPECIFIED.,.F.,.F.,(9,7,7,7,7,7,7,7,9),(0.,0.151010947743,
    0.227568887168,0.29710160371,0.40120899178,0.553742650354,
    0.70844514159,0.870398804371,1.),.UNSPECIFIED.);
#10090 = CARTESIAN_POINT('',(0.,-24.91783729703));
#10091 = CARTESIAN_POINT('',(0.118564533106,-24.88481189028));
#10092 = CARTESIAN_POINT('',(0.237286509349,-24.8517433679));
#10093 = CARTESIAN_POINT('',(0.355918896349,-24.81870170742));
#10094 = CARTESIAN_POINT('',(0.474498677281,-24.78567733009));
#10095 = CARTESIAN_POINT('',(0.593079455325,-24.75265415876));
#10096 = CARTESIAN_POINT('',(0.711713000234,-24.71961453877));
#10097 = CARTESIAN_POINT('',(0.830438000889,-24.68654755621));
#10098 = CARTESIAN_POINT('',(1.009112016573,-24.63678222011));
#10099 = CARTESIAN_POINT('',(1.069227614347,-24.62003812337));
#10100 = CARTESIAN_POINT('',(1.129346050756,-24.6032931859));
#10101 = CARTESIAN_POINT('',(1.189464585494,-24.58654838163));
#10102 = CARTESIAN_POINT('',(1.249581601536,-24.56980428508));
#10103 = CARTESIAN_POINT('',(1.309696605144,-24.55306107128));
#10104 = CARTESIAN_POINT('',(1.369810225861,-24.53631851582));
#10105 = CARTESIAN_POINT('',(1.484521938232,-24.50436982586));
#10106 = CARTESIAN_POINT('',(1.539118422055,-24.4891641804));
#10107 = CARTESIAN_POINT('',(1.593715110123,-24.4739581071));
#10108 = CARTESIAN_POINT('',(1.648312666271,-24.45875118637));
#10109 = CARTESIAN_POINT('',(1.702910976032,-24.44354353039));
#10110 = CARTESIAN_POINT('',(1.757509146632,-24.42833578315));
#10111 = CARTESIAN_POINT('',(1.812105506993,-24.41312912038));
#10112 = CARTESIAN_POINT('',(1.948435260162,-24.37516135728));
#10113 = CARTESIAN_POINT('',(2.030193675331,-24.35239258321));
#10114 = CARTESIAN_POINT('',(2.111940608838,-24.32962353141));
#10115 = CARTESIAN_POINT('',(2.193679272245,-24.30685552445));
#10116 = CARTESIAN_POINT('',(2.275421077626,-24.28408717685));
#10117 = CARTESIAN_POINT('',(2.357176347168,-24.26131585739));
#10118 = CARTESIAN_POINT('',(2.438943708778,-24.23854186284));
#10119 = CARTESIAN_POINT('',(2.640433776459,-24.18242321191));
#10120 = CARTESIAN_POINT('',(2.760346690403,-24.1490259233));
#10121 = CARTESIAN_POINT('',(2.880161714167,-24.11565548919));
#10122 = CARTESIAN_POINT('',(2.999923518829,-24.08229728208));
#10123 = CARTESIAN_POINT('',(3.119687578933,-24.04893718464));
#10124 = CARTESIAN_POINT('',(3.239509683695,-24.01556232463));
#10125 = CARTESIAN_POINT('',(3.359427381891,-23.98216267721));
#10126 = CARTESIAN_POINT('',(3.600624030478,-23.91498709047));
#10127 = CARTESIAN_POINT('',(3.722253137503,-23.88111366494));
#10128 = CARTESIAN_POINT('',(3.843778569759,-23.84727006997));
#10129 = CARTESIAN_POINT('',(3.965243471581,-23.8134427154));
#10130 = CARTESIAN_POINT('',(4.086706223092,-23.77961284986));
#10131 = CARTESIAN_POINT('',(4.208225869902,-23.7457645365));
#10132 = CARTESIAN_POINT('',(4.329849856849,-23.71188629648));
#10133 = CARTESIAN_POINT('',(4.578449587097,-23.64264006234));
#10134 = CARTESIAN_POINT('',(4.705809745267,-23.60716504133));
#10135 = CARTESIAN_POINT('',(4.833033858431,-23.5717299705));
#10136 = CARTESIAN_POINT('',(4.960191153146,-23.53631679312));
#10137 = CARTESIAN_POINT('',(5.087350187106,-23.50090516492));
#10138 = CARTESIAN_POINT('',(5.214581644963,-23.46547082293));
#10139 = CARTESIAN_POINT('',(5.341946595759,-23.42999707972));
#10140 = CARTESIAN_POINT('',(5.570823392056,-23.36624855914));
#10141 = CARTESIAN_POINT('',(5.672632094411,-23.33789143243));
#10142 = CARTESIAN_POINT('',(5.774402617604,-23.30954505238));
#10143 = CARTESIAN_POINT('',(5.876145331474,-23.28120773522));
#10144 = CARTESIAN_POINT('',(5.977887214181,-23.25287290722));
#10145 = CARTESIAN_POINT('',(6.079655109709,-23.2245314876));
#10146 = CARTESIAN_POINT('',(6.181459223936,-23.19617234256));
#10147 = CARTESIAN_POINT('',(6.28318530718,-23.16783915997));
#10148 = ( GEOMETRIC_REPRESENTATION_CONTEXT(2) 
PARAMETRIC_REPRESENTATION_CONTEXT() REPRESENTATION_CONTEXT('2D SPACE',''
  ) );
#10149 = ORIENTED_EDGE('',*,*,#10150,.F.);
#10150 = EDGE_CURVE('',#10151,#9963,#10153,.T.);
#10151 = VERTEX_POINT('',#10152);
#10152 = CARTESIAN_POINT('',(6.,0.,-26.66784021679));
#10153 = SURFACE_CURVE('',#10154,(#10220,#10289),.PCURVE_S1.);
#10154 = B_SPLINE_CURVE_WITH_KNOTS('',8,(#10155,#10156,#10157,#10158,
    #10159,#10160,#10161,#10162,#10163,#10164,#10165,#10166,#10167,
    #10168,#10169,#10170,#10171,#10172,#10173,#10174,#10175,#10176,
    #10177,#10178,#10179,#10180,#10181,#10182,#10183,#10184,#10185,
    #10186,#10187,#10188,#10189,#10190,#10191,#10192,#10193,#10194,
    #10195,#10196,#10197,#10198,#10199,#10200,#10201,#10202,#10203,
    #10204,#10205,#10206,#10207,#10208,#10209,#10210,#10211,#10212,
    #10213,#10214,#10215,#10216,#10217,#10218,#10219),.UNSPECIFIED.,.F.,
  .F.,(9,7,7,7,7,7,7,7,7,9),(0.,8.90380063305E-02,0.236326038325,
    0.358612822085,0.483521945177,0.554528028454,0.619477099573,
    0.676500303794,0.827558698539,1.),.UNSPECIFIED.);
#10155 = CARTESIAN_POINT('',(6.,-5.329070518201E-15,-26.66784021679));
#10156 = CARTESIAN_POINT('',(6.,0.419531506784,-26.64836569419));
#10157 = CARTESIAN_POINT('',(5.966474976213,0.839019322207,
    -26.6288930418));
#10158 = CARTESIAN_POINT('',(5.899437064129,1.255337461597,
    -26.60942186497));
#10159 = CARTESIAN_POINT('',(5.799247554564,1.665414499483,
    -26.58995013127));
#10160 = CARTESIAN_POINT('',(5.666584863243,2.066226902633,
    -26.57047552406));
#10161 = CARTESIAN_POINT('',(5.502447563357,2.454806015621,
    -26.55099714075));
#10162 = CARTESIAN_POINT('',(5.308192481107,2.828258698933,
    -26.5315175356));
#10163 = CARTESIAN_POINT('',(4.717404959799,3.771946157359,
    -26.47983351852));
#10164 = CARTESIAN_POINT('',(4.271077678629,4.312046263664,
    -26.44758904711));
#10165 = CARTESIAN_POINT('',(3.75448795494,4.790912674127,
    -26.41536788524));
#10166 = CARTESIAN_POINT('',(3.177732355059,5.198356577946,
    -26.38315998853));
#10167 = CARTESIAN_POINT('',(2.552106476325,5.525946947737,
    -26.35095027425));
#10168 = CARTESIAN_POINT('',(1.890264222658,5.767411355003,
    -26.3187242668));
#10169 = CARTESIAN_POINT('',(1.205970568085,5.918364427226,
    -26.28647514786));
#10170 = CARTESIAN_POINT('',(-5.923823753073E-02,6.027299037479,
    -26.22752374156));
#10171 = CARTESIAN_POINT('',(-0.638925656969,6.013766464374,
    -26.20076531584));
#10172 = CARTESIAN_POINT('',(-1.215815015557,5.936431888096,
    -26.17401417719));
#10173 = CARTESIAN_POINT('',(-1.781720405814,5.795990460386,
    -26.14726949371));
#10174 = CARTESIAN_POINT('',(-2.32879210063,5.594294903449,
    -26.12052610663));
#10175 = CARTESIAN_POINT('',(-2.849498363299,5.33422470499,
    -26.09377825334));
#10176 = CARTESIAN_POINT('',(-3.336681076757,5.019800375681,
    -26.06702365747));
#10177 = CARTESIAN_POINT('',(-4.24040274303,4.285464445042,
    -26.01297258653));
#10178 = CARTESIAN_POINT('',(-4.655748546653,3.862993930749,
    -25.98564421691));
#10179 = CARTESIAN_POINT('',(-5.02257185509,3.394796869183,
    -25.95832478941));
#10180 = CARTESIAN_POINT('',(-5.335176993803,2.887509151522,
    -25.93101117177));
#10181 = CARTESIAN_POINT('',(-5.588921742866,2.348365978931,
    -25.90369580425));
#10182 = CARTESIAN_POINT('',(-5.78028855539,1.78521044125,-25.8763728759
    ));
#10183 = CARTESIAN_POINT('',(-5.906836915793,1.206439137512,
    -25.84904138956));
#10184 = CARTESIAN_POINT('',(-6.002386278959,0.288511473136,
    -25.80620038408));
#10185 = CARTESIAN_POINT('',(-6.015823028945,-4.640517649124E-02,
    -25.79067257823));
#10186 = CARTESIAN_POINT('',(-6.007895840431,-0.381965995375,
    -25.77514440751));
#10187 = CARTESIAN_POINT('',(-5.978580589636,-0.716587082795,
    -25.75961564439));
#10188 = CARTESIAN_POINT('',(-5.927989788963,-1.048686393378,
    -25.74408566596));
#10189 = CARTESIAN_POINT('',(-5.856374072346,-1.376685308474,
    -25.72855415754));
#10190 = CARTESIAN_POINT('',(-5.764134877843,-1.69901147302,
    -25.71302222912));
#10191 = CARTESIAN_POINT('',(-5.549140125456,-2.302316166624,
    -25.68329026565));
#10192 = CARTESIAN_POINT('',(-5.429648712421,-2.584519009485,
    -25.66908863269));
#10193 = CARTESIAN_POINT('',(-5.293775982644,-2.859578574631,
    -25.65488782292));
#10194 = CARTESIAN_POINT('',(-5.142014435948,-3.126402904141,
    -25.64068701694));
#10195 = CARTESIAN_POINT('',(-4.974947177699,-3.383940934008,
    -25.62648579902));
#10196 = CARTESIAN_POINT('',(-4.79324791881,-3.631182494136,
    -25.61228415716));
#10197 = CARTESIAN_POINT('',(-4.597680975736,-3.867158308345,
    -25.59808248304));
#10198 = CARTESIAN_POINT('',(-4.205974969756,-4.287413147299,
    -25.57141362709));
#10199 = CARTESIAN_POINT('',(-4.01278636209,-4.474532971417,
    -25.55894478513));
#10200 = CARTESIAN_POINT('',(-3.81009219471,-4.651691821263,
    -25.54647487596));
#10201 = CARTESIAN_POINT('',(-3.598491623511,-4.818327027696,
    -25.53400400792));
#10202 = CARTESIAN_POINT('',(-3.378626213057,-4.973920897886,
    -25.52153256783));
#10203 = CARTESIAN_POINT('',(-3.151179936581,-5.118000715319,
    -25.5090612211));
#10204 = CARTESIAN_POINT('',(-2.916879175983,-5.250138739794,
    -25.49659091162));
#10205 = CARTESIAN_POINT('',(-2.039692451159,-5.687346333827,
    -25.45109413944));
#10206 = CARTESIAN_POINT('',(-1.359054896967,-5.918846370432,
    -25.4180239085));
#10207 = CARTESIAN_POINT('',(-0.649347795962,-6.056608832922,
    -25.38497889553));
#10208 = CARTESIAN_POINT('',(7.430973224344E-02,-6.097066858103,
    -25.3519464671));
#10209 = CARTESIAN_POINT('',(0.796783825198,-6.038988232931,
    -25.31891084317));
#10210 = CARTESIAN_POINT('',(1.50297449967,-5.883971456099,
    -25.28586015295));
#10211 = CARTESIAN_POINT('',(2.177857945823,-5.635889383766,
    -25.25278313799));
#10212 = CARTESIAN_POINT('',(3.524684805477,-4.92304765786,
    -25.18204742983));
#10213 = CARTESIAN_POINT('',(4.185484928235,-4.431106750955,
    -25.1442565558));
#10214 = CARTESIAN_POINT('',(4.765943144667,-3.838357368639,
    -25.10651947537));
#10215 = CARTESIAN_POINT('',(5.249353057011,-3.160931439236,
    -25.0688068911));
#10216 = CARTESIAN_POINT('',(5.62194027868,-2.416791473638,
    -25.03109044972));
#10217 = CARTESIAN_POINT('',(5.874309993058,-1.626500293909,
    -24.99334649064));
#10218 = CARTESIAN_POINT('',(6.,-0.812319159863,-24.95554836452));
#10219 = CARTESIAN_POINT('',(6.,5.329070518201E-15,-24.91783729703));
#10220 = PCURVE('',#6406,#10221);
#10221 = DEFINITIONAL_REPRESENTATION('',(#10222),#10288);
#10222 = B_SPLINE_CURVE_WITH_KNOTS('',8,(#10223,#10224,#10225,#10226,
    #10227,#10228,#10229,#10230,#10231,#10232,#10233,#10234,#10235,
    #10236,#10237,#10238,#10239,#10240,#10241,#10242,#10243,#10244,
    #10245,#10246,#10247,#10248,#10249,#10250,#10251,#10252,#10253,
    #10254,#10255,#10256,#10257,#10258,#10259,#10260,#10261,#10262,
    #10263,#10264,#10265,#10266,#10267,#10268,#10269,#10270,#10271,
    #10272,#10273,#10274,#10275,#10276,#10277,#10278,#10279,#10280,
    #10281,#10282,#10283,#10284,#10285,#10286,#10287),.UNSPECIFIED.,.F.,
  .F.,(9,7,7,7,7,7,7,7,7,9),(0.,8.90380063305E-02,0.236326038325,
    0.358612822085,0.483521945177,0.554528028454,0.619477099573,
    0.676500303794,0.827558698539,1.),.UNSPECIFIED.);
#10223 = CARTESIAN_POINT('',(0.268775766001,52.173369853771));
#10224 = CARTESIAN_POINT('',(0.268775310012,52.245953021716));
#10225 = CARTESIAN_POINT('',(0.268775696293,52.31852807002));
#10226 = CARTESIAN_POINT('',(0.268777395927,52.391095826815));
#10227 = CARTESIAN_POINT('',(0.268780374785,52.463663913684));
#10228 = CARTESIAN_POINT('',(0.268784123752,52.536241659531));
#10229 = CARTESIAN_POINT('',(0.26878782892,52.608833538985));
#10230 = CARTESIAN_POINT('',(0.268790681741,52.681431135344));
#10231 = CARTESIAN_POINT('',(0.26879505433,52.874054155583));
#10232 = CARTESIAN_POINT('',(0.268794441086,52.994231793654));
#10233 = CARTESIAN_POINT('',(0.268788661573,53.114329605143));
#10234 = CARTESIAN_POINT('',(0.268777867459,53.234384818877));
#10235 = CARTESIAN_POINT('',(0.268767483681,53.354446246836));
#10236 = CARTESIAN_POINT('',(0.268762499248,53.474561032995));
#10237 = CARTESIAN_POINT('',(0.268763091062,53.594754348246));
#10238 = CARTESIAN_POINT('',(0.268771002261,53.814458472882));
#10239 = CARTESIAN_POINT('',(0.268777157896,53.914180100728));
#10240 = CARTESIAN_POINT('',(0.268784844294,54.013872480573));
#10241 = CARTESIAN_POINT('',(0.268791827557,54.113541761059));
#10242 = CARTESIAN_POINT('',(0.268795672601,54.213210491706));
#10243 = CARTESIAN_POINT('',(0.268795476229,54.312901382576));
#10244 = CARTESIAN_POINT('',(0.268792591653,54.412621071434));
#10245 = CARTESIAN_POINT('',(0.268784521529,54.614083200596));
#10246 = CARTESIAN_POINT('',(0.268779286058,54.715944581649));
#10247 = CARTESIAN_POINT('',(0.26877467408,54.817771784422));
#10248 = CARTESIAN_POINT('',(0.26877274302,54.919573675678));
#10249 = CARTESIAN_POINT('',(0.268775137419,55.02137618693));
#10250 = CARTESIAN_POINT('',(0.268778684839,55.123205304363));
#10251 = CARTESIAN_POINT('',(0.268780142883,55.225069168195));
#10252 = CARTESIAN_POINT('',(0.268779079632,55.384741245729));
#10253 = CARTESIAN_POINT('',(0.268777985587,55.442615667873));
#10254 = CARTESIAN_POINT('',(0.268776243746,55.500492333613));
#10255 = CARTESIAN_POINT('',(0.268774000423,55.55837189136));
#10256 = CARTESIAN_POINT('',(0.268772054138,55.616255573146));
#10257 = CARTESIAN_POINT('',(0.268771656969,55.674142843572));
#10258 = CARTESIAN_POINT('',(0.268773550477,55.732028553918));
#10259 = CARTESIAN_POINT('',(0.268778692803,55.842834091051));
#10260 = CARTESIAN_POINT('',(0.268779978748,55.895762551637));
#10261 = CARTESIAN_POINT('',(0.268779920283,55.948689778902));
#10262 = CARTESIAN_POINT('',(0.268778636334,56.001618664575));
#10263 = CARTESIAN_POINT('',(0.268776538486,56.054550196392));
#10264 = CARTESIAN_POINT('',(0.268774330989,56.107483458092));
#10265 = CARTESIAN_POINT('',(0.268773010752,56.160415629414));
#10266 = CARTESIAN_POINT('',(0.268774619414,56.259809632127));
#10267 = CARTESIAN_POINT('',(0.268775958375,56.306279820386));
#10268 = CARTESIAN_POINT('',(0.26877741843,56.352753820837));
#10269 = CARTESIAN_POINT('',(0.268778661308,56.399231691321));
#10270 = CARTESIAN_POINT('',(0.268779476267,56.445712277574));
#10271 = CARTESIAN_POINT('',(0.268779780094,56.492193213219));
#10272 = CARTESIAN_POINT('',(0.268779617108,56.538670919772));
#10273 = CARTESIAN_POINT('',(0.268777946017,56.708242007167));
#10274 = CARTESIAN_POINT('',(0.268774643301,56.83150096262));
#10275 = CARTESIAN_POINT('',(0.268771662673,56.954665489485));
#10276 = CARTESIAN_POINT('',(0.268775710862,57.077773522711));
#10277 = CARTESIAN_POINT('',(0.268785200219,57.20088604181));
#10278 = CARTESIAN_POINT('',(0.268792327405,57.324057937045));
#10279 = CARTESIAN_POINT('',(0.268794873979,57.447334196176));
#10280 = CARTESIAN_POINT('',(0.268790979714,57.710975127737));
#10281 = CARTESIAN_POINT('',(0.268783221808,57.851834241967));
#10282 = CARTESIAN_POINT('',(0.268770379751,57.992499801804));
#10283 = CARTESIAN_POINT('',(0.268757882295,58.133073592856));
#10284 = CARTESIAN_POINT('',(0.268757883229,58.273644705877));
#10285 = CARTESIAN_POINT('',(0.268766866702,58.414306122401));
#10286 = CARTESIAN_POINT('',(0.268777482177,58.555167195306));
#10287 = CARTESIAN_POINT('',(0.268785344242,58.695707553132));
#10288 = ( GEOMETRIC_REPRESENTATION_CONTEXT(2) 
PARAMETRIC_REPRESENTATION_CONTEXT() REPRESENTATION_CONTEXT('2D SPACE',''
  ) );
#10289 = PCURVE('',#9082,#10290);
#10290 = DEFINITIONAL_REPRESENTATION('',(#10291),#10357);
#10291 = B_SPLINE_CURVE_WITH_KNOTS('',8,(#10292,#10293,#10294,#10295,
    #10296,#10297,#10298,#10299,#10300,#10301,#10302,#10303,#10304,
    #10305,#10306,#10307,#10308,#10309,#10310,#10311,#10312,#10313,
    #10314,#10315,#10316,#10317,#10318,#10319,#10320,#10321,#10322,
    #10323,#10324,#10325,#10326,#10327,#10328,#10329,#10330,#10331,
    #10332,#10333,#10334,#10335,#10336,#10337,#10338,#10339,#10340,
    #10341,#10342,#10343,#10344,#10345,#10346,#10347,#10348,#10349,
    #10350,#10351,#10352,#10353,#10354,#10355,#10356),.UNSPECIFIED.,.F.,
  .F.,(9,7,7,7,7,7,7,7,7,9),(0.,8.90380063305E-02,0.236326038325,
    0.358612822085,0.483521945177,0.554528028454,0.619477099573,
    0.676500303794,0.827558698539,1.),.UNSPECIFIED.);
#10292 = CARTESIAN_POINT('',(0.,-26.66784021679));
#10293 = CARTESIAN_POINT('',(6.992191779742E-02,-26.64836569419));
#10294 = CARTESIAN_POINT('',(0.139836397709,-26.6288930418));
#10295 = CARTESIAN_POINT('',(0.209744136651,-26.60942186497));
#10296 = CARTESIAN_POINT('',(0.27965227551,-26.58995013127));
#10297 = CARTESIAN_POINT('',(0.349569611363,-26.57047552406));
#10298 = CARTESIAN_POINT('',(0.419500339859,-26.55099714075));
#10299 = CARTESIAN_POINT('',(0.489436327768,-26.5315175356));
#10300 = CARTESIAN_POINT('',(0.674996733815,-26.47983351852));
#10301 = CARTESIAN_POINT('',(0.790767408137,-26.44758904711));
#10302 = CARTESIAN_POINT('',(0.90646072151,-26.41536788524));
#10303 = CARTESIAN_POINT('',(1.02211309609,-26.38315998853));
#10304 = CARTESIAN_POINT('',(1.137772161487,-26.35095027425));
#10305 = CARTESIAN_POINT('',(1.253482977772,-26.3187242668));
#10306 = CARTESIAN_POINT('',(1.369269415065,-26.28647514786));
#10307 = CARTESIAN_POINT('',(1.580917712898,-26.22752374156));
#10308 = CARTESIAN_POINT('',(1.676982727438,-26.20076531584));
#10309 = CARTESIAN_POINT('',(1.773019321208,-26.17401417719));
#10310 = CARTESIAN_POINT('',(1.86903338255,-26.14726949371));
#10311 = CARTESIAN_POINT('',(1.965046886641,-26.12052610663));
#10312 = CARTESIAN_POINT('',(2.061082072146,-26.09377825334));
#10313 = CARTESIAN_POINT('',(2.157145515128,-26.06702365747));
#10314 = CARTESIAN_POINT('',(2.351221825228,-26.01297258653));
#10315 = CARTESIAN_POINT('',(2.449349292002,-25.98564421691));
#10316 = CARTESIAN_POINT('',(2.547444169287,-25.95832478941));
#10317 = CARTESIAN_POINT('',(2.645514624908,-25.93101117177));
#10318 = CARTESIAN_POINT('',(2.743584952375,-25.90369580425));
#10319 = CARTESIAN_POINT('',(2.841679503928,-25.8763728759));
#10320 = CARTESIAN_POINT('',(2.93980659084,-25.84904138956));
#10321 = CARTESIAN_POINT('',(3.093621132653,-25.80620038408));
#10322 = CARTESIAN_POINT('',(3.149372420012,-25.79067257823));
#10323 = CARTESIAN_POINT('',(3.205125999841,-25.77514440751));
#10324 = CARTESIAN_POINT('',(3.260882702109,-25.75961564439));
#10325 = CARTESIAN_POINT('',(3.316643918467,-25.74408566596));
#10326 = CARTESIAN_POINT('',(3.372409240247,-25.72855415754));
#10327 = CARTESIAN_POINT('',(3.428173573206,-25.71302222912));
#10328 = CARTESIAN_POINT('',(3.534918244798,-25.68329026565));
#10329 = CARTESIAN_POINT('',(3.585906389999,-25.66908863269));
#10330 = CARTESIAN_POINT('',(3.636893291254,-25.65488782292));
#10331 = CARTESIAN_POINT('',(3.687882023311,-25.64068701694));
#10332 = CARTESIAN_POINT('',(3.738873609034,-25.62648579902));
#10333 = CARTESIAN_POINT('',(3.789867019397,-25.61228415716));
#10334 = CARTESIAN_POINT('',(3.840859173488,-25.59808248304));
#10335 = CARTESIAN_POINT('',(3.936608807195,-25.57141362709));
#10336 = CARTESIAN_POINT('',(3.981374778851,-25.55894478513));
#10337 = CARTESIAN_POINT('',(4.026144153831,-25.54647487596));
#10338 = CARTESIAN_POINT('',(4.070917066899,-25.53400400792));
#10339 = CARTESIAN_POINT('',(4.115692487228,-25.52153256783));
#10340 = CARTESIAN_POINT('',(4.160468218398,-25.5090612211));
#10341 = CARTESIAN_POINT('',(4.205240898398,-25.49659091162));
#10342 = CARTESIAN_POINT('',(4.368591835416,-25.45109413944));
#10343 = CARTESIAN_POINT('',(4.48733032917,-25.4180239085));
#10344 = CARTESIAN_POINT('',(4.605979685754,-25.38497889553));
#10345 = CARTESIAN_POINT('',(4.724576051411,-25.3519464671));
#10346 = CARTESIAN_POINT('',(4.843176073334,-25.31891084317));
#10347 = CARTESIAN_POINT('',(4.961832339758,-25.28586015295));
#10348 = CARTESIAN_POINT('',(5.080588394808,-25.25278313799));
#10349 = CARTESIAN_POINT('',(5.334561595279,-25.18204742983));
#10350 = CARTESIAN_POINT('',(5.470254948246,-25.1442565558));
#10351 = CARTESIAN_POINT('',(5.605761941484,-25.10651947537));
#10352 = CARTESIAN_POINT('',(5.741181556655,-25.0688068911));
#10353 = CARTESIAN_POINT('',(5.876599244403,-25.03109044972));
#10354 = CARTESIAN_POINT('',(6.012103142951,-24.99334649064));
#10355 = CARTESIAN_POINT('',(6.147798780536,-24.95554836452));
#10356 = CARTESIAN_POINT('',(6.28318530718,-24.91783729703));
#10357 = ( GEOMETRIC_REPRESENTATION_CONTEXT(2) 
PARAMETRIC_REPRESENTATION_CONTEXT() REPRESENTATION_CONTEXT('2D SPACE',''
  ) );
#10358 = ORIENTED_EDGE('',*,*,#10359,.F.);
#10359 = EDGE_CURVE('',#10360,#10151,#10362,.T.);
#10360 = VERTEX_POINT('',#10361);
#10361 = CARTESIAN_POINT('',(6.,0.,-28.41784169693));
#10362 = SURFACE_CURVE('',#10363,(#10429,#10498),.PCURVE_S1.);
#10363 = B_SPLINE_CURVE_WITH_KNOTS('',8,(#10364,#10365,#10366,#10367,
    #10368,#10369,#10370,#10371,#10372,#10373,#10374,#10375,#10376,
    #10377,#10378,#10379,#10380,#10381,#10382,#10383,#10384,#10385,
    #10386,#10387,#10388,#10389,#10390,#10391,#10392,#10393,#10394,
    #10395,#10396,#10397,#10398,#10399,#10400,#10401,#10402,#10403,
    #10404,#10405,#10406,#10407,#10408,#10409,#10410,#10411,#10412,
    #10413,#10414,#10415,#10416,#10417,#10418,#10419,#10420,#10421,
    #10422,#10423,#10424,#10425,#10426,#10427,#10428),.UNSPECIFIED.,.F.,
  .F.,(9,7,7,7,7,7,7,7,7,9),(0.,0.11959072706,0.189636124525,
    0.250932545131,0.399278566325,0.538558794614,0.640514670439,
    0.777443513911,0.888602444791,1.),.UNSPECIFIED.);
#10364 = CARTESIAN_POINT('',(6.,2.6645352591E-15,-28.41784169693));
#10365 = CARTESIAN_POINT('',(6.,0.563181854125,-28.39169858297));
#10366 = CARTESIAN_POINT('',(5.939585916304,1.126710719134,
    -28.36553859713));
#10367 = CARTESIAN_POINT('',(5.818627766362,1.682532944645,
    -28.33938477967));
#10368 = CARTESIAN_POINT('',(5.638424839852,2.223068210889,
    -28.31323748583));
#10369 = CARTESIAN_POINT('',(5.401249662905,2.741120654635,
    -28.28709240679));
#10370 = CARTESIAN_POINT('',(5.110365163012,3.229901915388,
    -28.26094416086));
#10371 = CARTESIAN_POINT('',(4.769962596503,3.68303659035,
    -28.23478607552));
#10372 = CARTESIAN_POINT('',(4.160373526819,4.335913301959,
    -28.19332131195));
#10373 = CARTESIAN_POINT('',(3.920022753029,4.562938667722,
    -28.17800404704));
#10374 = CARTESIAN_POINT('',(3.665564434507,4.774695529427,
    -28.16268704519));
#10375 = CARTESIAN_POINT('',(3.398145741362,4.970156799473,
    -28.14737127868));
#10376 = CARTESIAN_POINT('',(3.11898009907,5.14841081551,-28.13205689493
    ));
#10377 = CARTESIAN_POINT('',(2.829347188475,5.308661340439,
    -28.11674321649));
#10378 = CARTESIAN_POINT('',(2.530592945787,5.450227562412,
    -28.10142874108));
#10379 = CARTESIAN_POINT('',(1.955944797889,5.67958275675,-28.0727067773
    ));
#10380 = CARTESIAN_POINT('',(1.681834853936,5.771884409589,
    -28.05930052149));
#10381 = CARTESIAN_POINT('',(1.402768576326,5.849058770183,
    -28.04589306106));
#10382 = CARTESIAN_POINT('',(1.119729284709,5.910794890613,
    -28.03248498198));
#10383 = CARTESIAN_POINT('',(0.833714772788,5.956861158204,
    -28.01907676927));
#10384 = CARTESIAN_POINT('',(0.54573730832,5.987105295524,
    -28.00566880699));
#10385 = CARTESIAN_POINT('',(0.256823633118,6.001454360386,
    -27.99226137823));
#10386 = CARTESIAN_POINT('',(-0.730942931519,5.996188660553,
    -27.94640852026));
#10387 = CARTESIAN_POINT('',(-1.430235102474,5.899400636678,
    -27.91392480334));
#10388 = CARTESIAN_POINT('',(-2.114060026328,5.709253081136,
    -27.88146453536));
#10389 = CARTESIAN_POINT('',(-2.768116392679,5.42910666155,
    -27.84901524417));
#10390 = CARTESIAN_POINT('',(-3.379021697358,5.06430071064,
    -27.81656361834));
#10391 = CARTESIAN_POINT('',(-3.934587676781,4.622511284447,
    -27.78409815822));
#10392 = CARTESIAN_POINT('',(-4.423652678429,4.113367656084,
    -27.75161139943));
#10393 = CARTESIAN_POINT('',(-5.225419162188,3.020862296723,
    -27.6887067712));
#10394 = CARTESIAN_POINT('',(-5.547956945186,2.442732308469,
    -27.65821451091));
#10395 = CARTESIAN_POINT('',(-5.796851361461,1.82580072515,
    -27.6277383929));
#10396 = CARTESIAN_POINT('',(-5.967047719957,1.181177643939,
    -27.59727362654));
#10397 = CARTESIAN_POINT('',(-6.055258975316,0.520342145962,
    -27.56680811113));
#10398 = CARTESIAN_POINT('',(-6.060176660201,-0.144847186938,
    -27.53633067836));
#10399 = CARTESIAN_POINT('',(-5.982231613764,-0.802252747314,
    -27.50583538188));
#10400 = CARTESIAN_POINT('',(-5.709545139563,-1.905751447328,
    -27.45306588024));
#10401 = CARTESIAN_POINT('',(-5.551584410328,-2.361729075066,
    -27.43075639155));
#10402 = CARTESIAN_POINT('',(-5.352044029308,-2.802536627566,
    -27.40844900399));
#10403 = CARTESIAN_POINT('',(-5.112683416368,-3.223765247294,
    -27.38614529338));
#10404 = CARTESIAN_POINT('',(-4.83577154106,-3.621306353904,
    -27.3638428307));
#10405 = CARTESIAN_POINT('',(-4.524042848113,-3.991342560001,
    -27.34153894462));
#10406 = CARTESIAN_POINT('',(-4.180725941654,-4.330386072101,
    -27.31923470671));
#10407 = CARTESIAN_POINT('',(-3.311275709975,-5.04495699689,
    -27.26699573206));
#10408 = CARTESIAN_POINT('',(-2.762098384193,-5.393706992797,
    -27.23702434501));
#10409 = CARTESIAN_POINT('',(-2.171460527339,-5.673588889984,
    -27.2070680735));
#10410 = CARTESIAN_POINT('',(-1.549599601639,-5.879210694518,
    -27.17712154673));
#10411 = CARTESIAN_POINT('',(-0.907197511066,-6.006803991229,
    -27.14717351857));
#10412 = CARTESIAN_POINT('',(-0.255399531404,-6.054410294073,
    -27.11721544816));
#10413 = CARTESIAN_POINT('',(0.394283913133,-6.021690104882,
    -27.08724309109));
#10414 = CARTESIAN_POINT('',(1.545810440575,-5.821061926846,
    -27.03298398508));
#10415 = CARTESIAN_POINT('',(2.053023096334,-5.679658035364,
    -27.00866425806));
#10416 = CARTESIAN_POINT('',(2.545167437942,-5.487766544884,
    -26.98433921009));
#10417 = CARTESIAN_POINT('',(3.016406941322,-5.247366995422,
    -26.96004742123));
#10418 = CARTESIAN_POINT('',(3.461282480093,-4.961139479503,
    -26.93570668724));
#10419 = CARTESIAN_POINT('',(3.874749645402,-4.632455796914,
    -26.91140212851));
#10420 = CARTESIAN_POINT('',(4.252174171606,-4.265357448659,
    -26.88708403792));
#10421 = CARTESIAN_POINT('',(4.927555809235,-3.463326704721,
    -26.8384135083));
#10422 = CARTESIAN_POINT('',(5.225650753658,-3.027880971032,
    -26.81403805769));
#10423 = CARTESIAN_POINT('',(5.479532674783,-2.563348626987,
    -26.7896659736));
#10424 = CARTESIAN_POINT('',(5.685971173868,-2.075060053727,
    -26.76530059336));
#10425 = CARTESIAN_POINT('',(5.842538018754,-1.568618432262,
    -26.74093853096));
#10426 = CARTESIAN_POINT('',(5.947524968547,-1.049860718827,
    -26.71657410371));
#10427 = CARTESIAN_POINT('',(6.,-0.524871770654,-26.69220460181));
#10428 = CARTESIAN_POINT('',(6.,-5.329070518201E-15,-26.66784021679));
#10429 = PCURVE('',#6406,#10430);
#10430 = DEFINITIONAL_REPRESENTATION('',(#10431),#10497);
#10431 = B_SPLINE_CURVE_WITH_KNOTS('',8,(#10432,#10433,#10434,#10435,
    #10436,#10437,#10438,#10439,#10440,#10441,#10442,#10443,#10444,
    #10445,#10446,#10447,#10448,#10449,#10450,#10451,#10452,#10453,
    #10454,#10455,#10456,#10457,#10458,#10459,#10460,#10461,#10462,
    #10463,#10464,#10465,#10466,#10467,#10468,#10469,#10470,#10471,
    #10472,#10473,#10474,#10475,#10476,#10477,#10478,#10479,#10480,
    #10481,#10482,#10483,#10484,#10485,#10486,#10487,#10488,#10489,
    #10490,#10491,#10492,#10493,#10494,#10495,#10496),.UNSPECIFIED.,.F.,
  .F.,(9,7,7,7,7,7,7,7,7,9),(0.,0.11959072706,0.189636124525,
    0.250932545131,0.399278566325,0.538558794614,0.640514670439,
    0.777443513911,0.888602444791,1.),.UNSPECIFIED.);
#10432 = CARTESIAN_POINT('',(0.26877580207,45.651024400768));
#10433 = CARTESIAN_POINT('',(0.268776298106,45.748460452867));
#10434 = CARTESIAN_POINT('',(0.268778397459,45.845957199551));
#10435 = CARTESIAN_POINT('',(0.26878114997,45.943430064898));
#10436 = CARTESIAN_POINT('',(0.268782247941,46.040880873496));
#10437 = CARTESIAN_POINT('',(0.268779137811,46.138329168458));
#10438 = CARTESIAN_POINT('',(0.268771684845,46.235795191589));
#10439 = CARTESIAN_POINT('',(0.268771184077,46.333288400422));
#10440 = CARTESIAN_POINT('',(0.26877649963,46.487822448813));
#10441 = CARTESIAN_POINT('',(0.268778941698,46.544907349205));
#10442 = CARTESIAN_POINT('',(0.268780369258,46.601992653801));
#10443 = CARTESIAN_POINT('',(0.268780056451,46.659075729364));
#10444 = CARTESIAN_POINT('',(0.268778044744,46.716155969851));
#10445 = CARTESIAN_POINT('',(0.268775142929,46.773234796416));
#10446 = CARTESIAN_POINT('',(0.268772927126,46.830315657408));
#10447 = CARTESIAN_POINT('',(0.268774452804,46.93736181182));
#10448 = CARTESIAN_POINT('',(0.268775906089,46.987325633712));
#10449 = CARTESIAN_POINT('',(0.268777511955,47.037293737001));
#10450 = CARTESIAN_POINT('',(0.268778849111,47.087264512535));
#10451 = CARTESIAN_POINT('',(0.268779663652,47.137236499063));
#10452 = CARTESIAN_POINT('',(0.26877986906,47.187208383232));
#10453 = CARTESIAN_POINT('',(0.268779546206,47.237178999585));
#10454 = CARTESIAN_POINT('',(0.268777484338,47.408077770115));
#10455 = CARTESIAN_POINT('',(0.268774325658,47.5291505611));
#10456 = CARTESIAN_POINT('',(0.268772048354,47.650134753736));
#10457 = CARTESIAN_POINT('',(0.268776528314,47.771068815408));
#10458 = CARTESIAN_POINT('',(0.268785710045,47.892005163367));
#10459 = CARTESIAN_POINT('',(0.268792524286,48.012996302972));
#10460 = CARTESIAN_POINT('',(0.268794875038,48.134072914248));
#10461 = CARTESIAN_POINT('',(0.268791283618,48.368526595378));
#10462 = CARTESIAN_POINT('',(0.268785847079,48.482180233841));
#10463 = CARTESIAN_POINT('',(0.268777030804,48.595778320716));
#10464 = CARTESIAN_POINT('',(0.268767314144,48.709335327879));
#10465 = CARTESIAN_POINT('',(0.268761602138,48.822889662534));
#10466 = CARTESIAN_POINT('',(0.26876172092,48.936480457848));
#10467 = CARTESIAN_POINT('',(0.268766138761,49.050131966191));
#10468 = CARTESIAN_POINT('',(0.268777041845,49.246791732223));
#10469 = CARTESIAN_POINT('',(0.268782644407,49.329932697883));
#10470 = CARTESIAN_POINT('',(0.268788357155,49.413065682169));
#10471 = CARTESIAN_POINT('',(0.268792821618,49.496186665455));
#10472 = CARTESIAN_POINT('',(0.268795041107,49.579306060846));
#10473 = CARTESIAN_POINT('',(0.26879479937,49.662434119579));
#10474 = CARTESIAN_POINT('',(0.268792661969,49.745566076278));
#10475 = CARTESIAN_POINT('',(0.26878539482,49.940273333799));
#10476 = CARTESIAN_POINT('',(0.268779458354,50.051986333055));
#10477 = CARTESIAN_POINT('',(0.268774026912,50.163642307033));
#10478 = CARTESIAN_POINT('',(0.268771850957,50.275257520088));
#10479 = CARTESIAN_POINT('',(0.268775796978,50.386869975753));
#10480 = CARTESIAN_POINT('',(0.268780095019,50.498519378761));
#10481 = CARTESIAN_POINT('',(0.268780653157,50.610227131091));
#10482 = CARTESIAN_POINT('',(0.268777381725,50.812458067927));
#10483 = CARTESIAN_POINT('',(0.268770174173,50.903108772899));
#10484 = CARTESIAN_POINT('',(0.268788798163,50.993744061996));
#10485 = CARTESIAN_POINT('',(0.268731013035,51.084359652083));
#10486 = CARTESIAN_POINT('',(0.268814198906,51.17496530928));
#10487 = CARTESIAN_POINT('',(0.268777057314,51.265600328383));
#10488 = CARTESIAN_POINT('',(0.268775525145,51.356237192677));
#10489 = CARTESIAN_POINT('',(0.268772147699,51.537639367932));
#10490 = CARTESIAN_POINT('',(0.268774087519,51.628485279342));
#10491 = CARTESIAN_POINT('',(0.268779503047,51.719313900819));
#10492 = CARTESIAN_POINT('',(0.268781915404,51.81012163384));
#10493 = CARTESIAN_POINT('',(0.268780531627,51.900922180223));
#10494 = CARTESIAN_POINT('',(0.268778274366,51.99173273203));
#10495 = CARTESIAN_POINT('',(0.268776336485,52.082561761261));
#10496 = CARTESIAN_POINT('',(0.268775766001,52.173369853771));
#10497 = ( GEOMETRIC_REPRESENTATION_CONTEXT(2) 
PARAMETRIC_REPRESENTATION_CONTEXT() REPRESENTATION_CONTEXT('2D SPACE',''
  ) );
#10498 = PCURVE('',#8847,#10499);
#10499 = DEFINITIONAL_REPRESENTATION('',(#10500),#10566);
#10500 = B_SPLINE_CURVE_WITH_KNOTS('',8,(#10501,#10502,#10503,#10504,
    #10505,#10506,#10507,#10508,#10509,#10510,#10511,#10512,#10513,
    #10514,#10515,#10516,#10517,#10518,#10519,#10520,#10521,#10522,
    #10523,#10524,#10525,#10526,#10527,#10528,#10529,#10530,#10531,
    #10532,#10533,#10534,#10535,#10536,#10537,#10538,#10539,#10540,
    #10541,#10542,#10543,#10544,#10545,#10546,#10547,#10548,#10549,
    #10550,#10551,#10552,#10553,#10554,#10555,#10556,#10557,#10558,
    #10559,#10560,#10561,#10562,#10563,#10564,#10565),.UNSPECIFIED.,.F.,
  .F.,(9,7,7,7,7,7,7,7,7,9),(0.,0.11959072706,0.189636124525,
    0.250932545131,0.399278566325,0.538558794614,0.640514670439,
    0.777443513911,0.888602444791,1.),.UNSPECIFIED.);
#10501 = CARTESIAN_POINT('',(0.,-28.41784169693));
#10502 = CARTESIAN_POINT('',(9.386364235418E-02,-28.39169858297));
#10503 = CARTESIAN_POINT('',(0.187785075004,-28.36553859713));
#10504 = CARTESIAN_POINT('',(0.281682542677,-28.33938477967));
#10505 = CARTESIAN_POINT('',(0.375557848774,-28.31323748583));
#10506 = CARTESIAN_POINT('',(0.469430359108,-28.28709240679));
#10507 = CARTESIAN_POINT('',(0.563321296997,-28.26094416086));
#10508 = CARTESIAN_POINT('',(0.657240855522,-28.23478607552));
#10509 = CARTESIAN_POINT('',(0.806111309501,-28.19332131195));
#10510 = CARTESIAN_POINT('',(0.861103642826,-28.17800404704));
#10511 = CARTESIAN_POINT('',(0.916096342803,-28.16268704519));
#10512 = CARTESIAN_POINT('',(0.971087099303,-28.14737127868));
#10513 = CARTESIAN_POINT('',(1.026075369981,-28.13205689493));
#10514 = CARTESIAN_POINT('',(1.081062380279,-28.11674321649));
#10515 = CARTESIAN_POINT('',(1.136051123423,-28.10142874108));
#10516 = CARTESIAN_POINT('',(1.239172451513,-28.0727067773));
#10517 = CARTESIAN_POINT('',(1.287303950409,-28.05930052149));
#10518 = CARTESIAN_POINT('',(1.335439260732,-28.04589306106));
#10519 = CARTESIAN_POINT('',(1.383576930117,-28.03248498198));
#10520 = CARTESIAN_POINT('',(1.431715650215,-28.01907676927));
#10521 = CARTESIAN_POINT('',(1.479854256692,-28.00566880699));
#10522 = CARTESIAN_POINT('',(1.527991729233,-27.99226137823));
#10523 = CARTESIAN_POINT('',(1.692621829239,-27.94640852026));
#10524 = CARTESIAN_POINT('',(1.809254548576,-27.91392480334));
#10525 = CARTESIAN_POINT('',(1.925803642743,-27.88146453536));
#10526 = CARTESIAN_POINT('',(2.042305662268,-27.84901524417));
#10527 = CARTESIAN_POINT('',(2.15880921701,-27.81656361834));
#10528 = CARTESIAN_POINT('',(2.27536463618,-27.78409815822));
#10529 = CARTESIAN_POINT('',(2.392001682402,-27.75161139943));
#10530 = CARTESIAN_POINT('',(2.617857920768,-27.6887067712));
#10531 = CARTESIAN_POINT('',(2.727343577705,-27.65821451091));
#10532 = CARTESIAN_POINT('',(2.836775731644,-27.6277383929));
#10533 = CARTESIAN_POINT('',(2.946168736445,-27.59727362654));
#10534 = CARTESIAN_POINT('',(3.055559670402,-27.56680811113));
#10535 = CARTESIAN_POINT('',(3.164985759574,-27.53633067836));
#10536 = CARTESIAN_POINT('',(3.274470108835,-27.50583538188));
#10537 = CARTESIAN_POINT('',(3.463918672225,-27.45306588024));
#10538 = CARTESIAN_POINT('',(3.54401085274,-27.43075639155));
#10539 = CARTESIAN_POINT('',(3.6240951829,-27.40844900399));
#10540 = CARTESIAN_POINT('',(3.704167863951,-27.38614529338));
#10541 = CARTESIAN_POINT('',(3.784239073472,-27.3638428307));
#10542 = CARTESIAN_POINT('',(3.864318855096,-27.34153894462));
#10543 = CARTESIAN_POINT('',(3.944402731663,-27.31923470671));
#10544 = CARTESIAN_POINT('',(4.131971630998,-27.26699573206));
#10545 = CARTESIAN_POINT('',(4.239589546602,-27.23702434501));
#10546 = CARTESIAN_POINT('',(4.347152990831,-27.2070680735));
#10547 = CARTESIAN_POINT('',(4.454677171959,-27.17712154673));
#10548 = CARTESIAN_POINT('',(4.562197727837,-27.14717351857));
#10549 = CARTESIAN_POINT('',(4.669751920053,-27.11721544816));
#10550 = CARTESIAN_POINT('',(4.777361404787,-27.08724309109));
#10551 = CARTESIAN_POINT('',(4.97217363698,-27.03298398508));
#10552 = CARTESIAN_POINT('',(5.059499643916,-27.00866425806));
#10553 = CARTESIAN_POINT('',(5.14680943761,-26.98433921009));
#10554 = CARTESIAN_POINT('',(5.234104430941,-26.96004742123));
#10555 = CARTESIAN_POINT('',(5.321396735623,-26.93570668724));
#10556 = CARTESIAN_POINT('',(5.408700448836,-26.91140212851));
#10557 = CARTESIAN_POINT('',(5.496018721586,-26.88708403792));
#10558 = CARTESIAN_POINT('',(5.670772013612,-26.8384135083));
#10559 = CARTESIAN_POINT('',(5.758287251648,-26.81403805769));
#10560 = CARTESIAN_POINT('',(5.845783973272,-26.7896659736));
#10561 = CARTESIAN_POINT('',(5.933259743784,-26.76530059336));
#10562 = CARTESIAN_POINT('',(6.020728886941,-26.74093853096));
#10563 = CARTESIAN_POINT('',(6.108208486067,-26.71657410371));
#10564 = CARTESIAN_POINT('',(6.195706678737,-26.69220460181));
#10565 = CARTESIAN_POINT('',(6.28318530718,-26.66784021679));
#10566 = ( GEOMETRIC_REPRESENTATION_CONTEXT(2) 
PARAMETRIC_REPRESENTATION_CONTEXT() REPRESENTATION_CONTEXT('2D SPACE',''
  ) );
#10567 = ORIENTED_EDGE('',*,*,#10568,.F.);
#10568 = EDGE_CURVE('',#10569,#10360,#10571,.T.);
#10569 = VERTEX_POINT('',#10570);
#10570 = CARTESIAN_POINT('',(6.,0.,-30.16783739736));
#10571 = SURFACE_CURVE('',#10572,(#10638,#10707),.PCURVE_S1.);
#10572 = B_SPLINE_CURVE_WITH_KNOTS('',8,(#10573,#10574,#10575,#10576,
    #10577,#10578,#10579,#10580,#10581,#10582,#10583,#10584,#10585,
    #10586,#10587,#10588,#10589,#10590,#10591,#10592,#10593,#10594,
    #10595,#10596,#10597,#10598,#10599,#10600,#10601,#10602,#10603,
    #10604,#10605,#10606,#10607,#10608,#10609,#10610,#10611,#10612,
    #10613,#10614,#10615,#10616,#10617,#10618,#10619,#10620,#10621,
    #10622,#10623,#10624,#10625,#10626,#10627,#10628,#10629,#10630,
    #10631,#10632,#10633,#10634,#10635,#10636,#10637),.UNSPECIFIED.,.F.,
  .F.,(9,7,7,7,7,7,7,7,7,9),(0.,0.139902680294,0.287446307384,
    0.369288639062,0.474707441952,0.541799521373,0.689202022969,
    0.778563805708,0.90434344591,1.),.UNSPECIFIED.);
#10573 = CARTESIAN_POINT('',(6.,7.105427357601E-15,-30.16783739736));
#10574 = CARTESIAN_POINT('',(6.,0.658951333536,-30.13725089482));
#10575 = CARTESIAN_POINT('',(5.917291883924,1.318582385772,
    -30.10663364329));
#10576 = CARTESIAN_POINT('',(5.751578626427,1.965745423037,
    -30.07603254027));
#10577 = CARTESIAN_POINT('',(5.505408781639,2.588364216171,
    -30.04544155732));
#10578 = CARTESIAN_POINT('',(5.182985116396,3.175118399976,
    -30.01484854868));
#10579 = CARTESIAN_POINT('',(4.790360496739,3.715560717788,
    -29.98424354899));
#10580 = CARTESIAN_POINT('',(4.335175456338,4.200064285369,
    -29.95362098574));
#10581 = CARTESIAN_POINT('',(3.292488145205,5.063846520809,
    -29.89076276719));
#10582 = CARTESIAN_POINT('',(2.697969553008,5.436883488052,
    -29.85846132472));
#10583 = CARTESIAN_POINT('',(2.055842541865,5.729405371523,
    -29.82618388752));
#10584 = CARTESIAN_POINT('',(1.379006427523,5.934884303524,
    -29.79392226574));
#10585 = CARTESIAN_POINT('',(0.680910185123,6.048881565363,
    -29.7616622274));
#10586 = CARTESIAN_POINT('',(-2.44219054329E-02,6.06944696597,
    -29.72938729114));
#10587 = CARTESIAN_POINT('',(-0.722518755789,5.996745627354,
    -29.69708835062));
#10588 = CARTESIAN_POINT('',(-1.77324350895,5.744929911132,
    -29.64693198618));
#10589 = CARTESIAN_POINT('',(-2.141622316805,5.627535864598,
    -29.62903218073));
#10590 = CARTESIAN_POINT('',(-2.501047573858,5.483155030387,
    -29.6111316423));
#10591 = CARTESIAN_POINT('',(-2.849203801665,5.312608737821,
    -29.59323150281));
#10592 = CARTESIAN_POINT('',(-3.183892775889,5.116940199077,
    -29.57533139657));
#10593 = CARTESIAN_POINT('',(-3.503031082774,4.897399901385,
    -29.55743071443));
#10594 = CARTESIAN_POINT('',(-3.804658076922,4.655453596059,
    -29.53952989622));
#10595 = CARTESIAN_POINT('',(-4.450571979545,4.054512779152,
    -29.49857767804));
#10596 = CARTESIAN_POINT('',(-4.782315961262,3.681693460808,
    -29.47551367863));
#10597 = CARTESIAN_POINT('',(-5.078153671171,3.278027388023,
    -29.45246378755));
#10598 = CARTESIAN_POINT('',(-5.334804370708,2.847614975948,
    -29.42939242949));
#10599 = CARTESIAN_POINT('',(-5.549558495882,2.394870279429,
    -29.40634367441));
#10600 = CARTESIAN_POINT('',(-5.720286336914,1.924480579725,
    -29.38329426991));
#10601 = CARTESIAN_POINT('',(-5.845421014056,1.4414333792,
    -29.36023318764));
#10602 = CARTESIAN_POINT('',(-5.974249897878,0.638947694755,
    -29.32250409776));
#10603 = CARTESIAN_POINT('',(-6.005568945045,0.323791502813,
    -29.30782833668));
#10604 = CARTESIAN_POINT('',(-6.017879633785,6.917210954095E-03,
    -29.29315138566));
#10605 = CARTESIAN_POINT('',(-6.011078760422,-0.310331518658,
    -29.27847382095));
#10606 = CARTESIAN_POINT('',(-5.985175818719,-0.626607540779,
    -29.2637959194));
#10607 = CARTESIAN_POINT('',(-5.940293083997,-0.940561573059,
    -29.2491181178));
#10608 = CARTESIAN_POINT('',(-5.876673793292,-1.250844036155,
    -29.23444164714));
#10609 = CARTESIAN_POINT('',(-5.614597059916,-2.226776446049,
    -29.18753402325));
#10610 = CARTESIAN_POINT('',(-5.345561990745,-2.8744512259,
    -29.15525967218));
#10611 = CARTESIAN_POINT('',(-4.991234198972,-3.484053527126,
    -29.12300653099));
#10612 = CARTESIAN_POINT('',(-4.558356793198,-4.042801694834,
    -29.09076468418));
#10613 = CARTESIAN_POINT('',(-4.055314866571,-4.539323087098,
    -29.05852110422));
#10614 = CARTESIAN_POINT('',(-3.49240383079,-4.963940016862,
    -29.02626502064));
#10615 = CARTESIAN_POINT('',(-2.88146821091,-5.30843168213,
    -28.99398742341));
#10616 = CARTESIAN_POINT('',(-1.846394906723,-5.724341729038,
    -28.94220670482));
#10617 = CARTESIAN_POINT('',(-1.44304858214,-5.850010780606,
    -28.92266176453));
#10618 = CARTESIAN_POINT('',(-1.030069365585,-5.943162268482,
    -28.90311613444));
#10619 = CARTESIAN_POINT('',(-0.610536602464,-6.002942547151,
    -28.88357033105));
#10620 = CARTESIAN_POINT('',(-0.187562563902,-6.028854294836,
    -28.86402469826));
#10621 = CARTESIAN_POINT('',(0.235707553259,-6.020756513498,
    -28.84447940735));
#10622 = CARTESIAN_POINT('',(0.65609562646,-5.97886452883,-28.824934457)
  );
#10623 = CARTESIAN_POINT('',(1.653524381693,-5.798023813532,
    -28.77787974912));
#10624 = CARTESIAN_POINT('',(2.2250797574,-5.626406461706,
    -28.75035185764));
#10625 = CARTESIAN_POINT('',(2.775803527615,-5.390431253629,
    -28.72283198223));
#10626 = CARTESIAN_POINT('',(3.297339759933,-5.093242127663,
    -28.69531766138));
#10627 = CARTESIAN_POINT('',(3.781974403579,-4.739044139237,
    -28.6678030908));
#10628 = CARTESIAN_POINT('',(4.22271047569,-4.333148375662,
    -28.64028242423));
#10629 = CARTESIAN_POINT('',(4.613244142377,-3.881903718133,
    -28.61275397265));
#10630 = CARTESIAN_POINT('',(5.203263607041,-3.021451907122,
    -28.56432392631));
#10631 = CARTESIAN_POINT('',(5.426310545541,-2.627757459731,
    -28.54339732268));
#10632 = CARTESIAN_POINT('',(5.615215128885,-2.215368655053,
    -28.52247168946));
#10633 = CARTESIAN_POINT('',(5.768185237825,-1.787771191673,
    -28.50154759552));
#10634 = CARTESIAN_POINT('',(5.883863244839,-1.348599899123,
    -28.48062265615));
#10635 = CARTESIAN_POINT('',(5.961301797158,-0.90162144012,
    -28.45969470904));
#10636 = CARTESIAN_POINT('',(6.,-0.450736290948,-28.43876504546));
#10637 = CARTESIAN_POINT('',(6.,2.6645352591E-15,-28.41784169693));
#10638 = PCURVE('',#6406,#10639);
#10639 = DEFINITIONAL_REPRESENTATION('',(#10640),#10706);
#10640 = B_SPLINE_CURVE_WITH_KNOTS('',8,(#10641,#10642,#10643,#10644,
    #10645,#10646,#10647,#10648,#10649,#10650,#10651,#10652,#10653,
    #10654,#10655,#10656,#10657,#10658,#10659,#10660,#10661,#10662,
    #10663,#10664,#10665,#10666,#10667,#10668,#10669,#10670,#10671,
    #10672,#10673,#10674,#10675,#10676,#10677,#10678,#10679,#10680,
    #10681,#10682,#10683,#10684,#10685,#10686,#10687,#10688,#10689,
    #10690,#10691,#10692,#10693,#10694,#10695,#10696,#10697,#10698,
    #10699,#10700,#10701,#10702,#10703,#10704,#10705),.UNSPECIFIED.,.F.,
  .F.,(9,7,7,7,7,7,7,7,7,9),(0.,0.139902680294,0.287446307384,
    0.369288639062,0.474707441952,0.541799521373,0.689202022969,
    0.778563805708,0.90434344591,1.),.UNSPECIFIED.);
#10641 = CARTESIAN_POINT('',(0.268785960462,39.128686676691));
#10642 = CARTESIAN_POINT('',(0.268779725898,39.242692649721));
#10643 = CARTESIAN_POINT('',(0.268771517534,39.356815918963));
#10644 = CARTESIAN_POINT('',(0.268763641157,39.470878548829));
#10645 = CARTESIAN_POINT('',(0.268759637185,39.584898176872));
#10646 = CARTESIAN_POINT('',(0.268762345414,39.698916196163));
#10647 = CARTESIAN_POINT('',(0.268769490641,39.812972852532));
#10648 = CARTESIAN_POINT('',(0.268777617328,39.927093629984));
#10649 = CARTESIAN_POINT('',(0.268791225955,40.161350870363));
#10650 = CARTESIAN_POINT('',(0.268796550819,40.281732739782));
#10651 = CARTESIAN_POINT('',(0.26879731634,40.402031361387));
#10652 = CARTESIAN_POINT('',(0.268791716806,40.522279723041));
#10653 = CARTESIAN_POINT('',(0.268782328342,40.642527353261));
#10654 = CARTESIAN_POINT('',(0.268776571342,40.762825554111));
#10655 = CARTESIAN_POINT('',(0.268775061951,40.883207424535));
#10656 = CARTESIAN_POINT('',(0.268776315786,41.070141060931));
#10657 = CARTESIAN_POINT('',(0.268777456675,41.136852998732));
#10658 = CARTESIAN_POINT('',(0.268779033486,41.203567073496));
#10659 = CARTESIAN_POINT('',(0.268780308876,41.270280072504));
#10660 = CARTESIAN_POINT('',(0.268780572728,41.336994327559));
#10661 = CARTESIAN_POINT('',(0.268779519574,41.403712525731));
#10662 = CARTESIAN_POINT('',(0.26877749647,41.470432554222));
#10663 = CARTESIAN_POINT('',(0.268773206028,41.623069426608));
#10664 = CARTESIAN_POINT('',(0.268776653374,41.709025431416));
#10665 = CARTESIAN_POINT('',(0.2687494684,41.794970651739));
#10666 = CARTESIAN_POINT('',(0.268809268003,41.880877189705));
#10667 = CARTESIAN_POINT('',(0.268779591153,41.966821579187));
#10668 = CARTESIAN_POINT('',(0.268771579014,42.052738826785));
#10669 = CARTESIAN_POINT('',(0.268772545583,42.138687347721));
#10670 = CARTESIAN_POINT('',(0.268774411916,42.279303059521));
#10671 = CARTESIAN_POINT('',(0.268776006281,42.333998200374));
#10672 = CARTESIAN_POINT('',(0.268777860505,42.388697421452));
#10673 = CARTESIAN_POINT('',(0.268779314425,42.443399475845));
#10674 = CARTESIAN_POINT('',(0.268779986209,42.4981038527));
#10675 = CARTESIAN_POINT('',(0.268779884001,42.552808912911));
#10676 = CARTESIAN_POINT('',(0.26877929939,42.607509670755));
#10677 = CARTESIAN_POINT('',(0.268776688403,42.782340357066));
#10678 = CARTESIAN_POINT('',(0.268773821113,42.902632433104));
#10679 = CARTESIAN_POINT('',(0.26877275421,43.022843002041));
#10680 = CARTESIAN_POINT('',(0.268778463301,43.143002230807));
#10681 = CARTESIAN_POINT('',(0.268787671264,43.2631631454));
#10682 = CARTESIAN_POINT('',(0.268793783755,43.383374885421));
#10683 = CARTESIAN_POINT('',(0.26879516865,43.503673258716));
#10684 = CARTESIAN_POINT('',(0.268790888675,43.69666849673));
#10685 = CARTESIAN_POINT('',(0.268787564017,43.769518029603));
#10686 = CARTESIAN_POINT('',(0.268783131605,43.842371644874));
#10687 = CARTESIAN_POINT('',(0.268778190224,43.915226600486));
#10688 = CARTESIAN_POINT('',(0.268773335924,43.988080801436));
#10689 = CARTESIAN_POINT('',(0.268769162026,44.060932799772));
#10690 = CARTESIAN_POINT('',(0.268766259118,44.133781794596));
#10691 = CARTESIAN_POINT('',(0.268763745504,44.309160537578));
#10692 = CARTESIAN_POINT('',(0.268765520833,44.411755980679));
#10693 = CARTESIAN_POINT('',(0.268771000071,44.514316493556));
#10694 = CARTESIAN_POINT('',(0.2687792526,44.61685252023));
#10695 = CARTESIAN_POINT('',(0.268787402351,44.719389617839));
#10696 = CARTESIAN_POINT('',(0.268792622801,44.821953432432));
#10697 = CARTESIAN_POINT('',(0.268794308118,44.924551085704));
#10698 = CARTESIAN_POINT('',(0.268792341319,45.105055039398));
#10699 = CARTESIAN_POINT('',(0.268789887317,45.18305291437));
#10700 = CARTESIAN_POINT('',(0.268786076355,45.261049024166));
#10701 = CARTESIAN_POINT('',(0.268781833049,45.339039987013));
#10702 = CARTESIAN_POINT('',(0.268778219785,45.417033241209));
#10703 = CARTESIAN_POINT('',(0.268776014418,45.495035784511));
#10704 = CARTESIAN_POINT('',(0.268775405073,45.573042547472));
#10705 = CARTESIAN_POINT('',(0.26877580207,45.651024400768));
#10706 = ( GEOMETRIC_REPRESENTATION_CONTEXT(2) 
PARAMETRIC_REPRESENTATION_CONTEXT() REPRESENTATION_CONTEXT('2D SPACE',''
  ) );
#10707 = PCURVE('',#8647,#10708);
#10708 = DEFINITIONAL_REPRESENTATION('',(#10709),#10775);
#10709 = B_SPLINE_CURVE_WITH_KNOTS('',8,(#10710,#10711,#10712,#10713,
    #10714,#10715,#10716,#10717,#10718,#10719,#10720,#10721,#10722,
    #10723,#10724,#10725,#10726,#10727,#10728,#10729,#10730,#10731,
    #10732,#10733,#10734,#10735,#10736,#10737,#10738,#10739,#10740,
    #10741,#10742,#10743,#10744,#10745,#10746,#10747,#10748,#10749,
    #10750,#10751,#10752,#10753,#10754,#10755,#10756,#10757,#10758,
    #10759,#10760,#10761,#10762,#10763,#10764,#10765,#10766,#10767,
    #10768,#10769,#10770,#10771,#10772,#10773,#10774),.UNSPECIFIED.,.F.,
  .F.,(9,7,7,7,7,7,7,7,7,9),(0.,0.139902680294,0.287446307384,
    0.369288639062,0.474707441952,0.541799521373,0.689202022969,
    0.778563805708,0.90434344591,1.),.UNSPECIFIED.);
#10710 = CARTESIAN_POINT('',(0.,-30.16783739736));
#10711 = CARTESIAN_POINT('',(0.109825222256,-30.13725089482));
#10712 = CARTESIAN_POINT('',(0.219763530786,-30.10663364329));
#10713 = CARTESIAN_POINT('',(0.329643761642,-30.07603254027));
#10714 = CARTESIAN_POINT('',(0.439482999373,-30.04544155732));
#10715 = CARTESIAN_POINT('',(0.549320717243,-30.01484854868));
#10716 = CARTESIAN_POINT('',(0.659195247932,-29.98424354899));
#10717 = CARTESIAN_POINT('',(0.769131190022,-29.95362098574));
#10718 = CARTESIAN_POINT('',(0.994797892327,-29.89076276719));
#10719 = CARTESIAN_POINT('',(1.110765043773,-29.85846132472));
#10720 = CARTESIAN_POINT('',(1.226652137447,-29.82618388752));
#10721 = CARTESIAN_POINT('',(1.342491423438,-29.79392226574));
#10722 = CARTESIAN_POINT('',(1.458331279838,-29.7616622274));
#10723 = CARTESIAN_POINT('',(1.574220453085,-29.72938729114));
#10724 = CARTESIAN_POINT('',(1.690189606703,-29.69708835062));
#10725 = CARTESIAN_POINT('',(1.870269346899,-29.64693198618));
#10726 = CARTESIAN_POINT('',(1.934534969448,-29.62903218073));
#10727 = CARTESIAN_POINT('',(1.998802249261,-29.6111316423));
#10728 = CARTESIAN_POINT('',(2.063068058996,-29.59323150281));
#10729 = CARTESIAN_POINT('',(2.127334758087,-29.57533139657));
#10730 = CARTESIAN_POINT('',(2.191605204789,-29.55743071443));
#10731 = CARTESIAN_POINT('',(2.25587770431,-29.53952989622));
#10732 = CARTESIAN_POINT('',(2.402916496907,-29.49857767804));
#10733 = CARTESIAN_POINT('',(2.485721615727,-29.47551367863));
#10734 = CARTESIAN_POINT('',(2.568511617612,-29.45246378755));
#10735 = CARTESIAN_POINT('',(2.651287102826,-29.42939242949));
#10736 = CARTESIAN_POINT('',(2.734058201802,-29.40634367441));
#10737 = CARTESIAN_POINT('',(2.816840049445,-29.38329426991));
#10738 = CARTESIAN_POINT('',(2.899635898083,-29.36023318764));
#10739 = CARTESIAN_POINT('',(3.035096035213,-29.32250409776));
#10740 = CARTESIAN_POINT('',(3.087785371329,-29.30782833668));
#10741 = CARTESIAN_POINT('',(3.140478203981,-29.29315138566));
#10742 = CARTESIAN_POINT('',(3.193173487485,-29.27847382095));
#10743 = CARTESIAN_POINT('',(3.24587092107,-29.2637959194));
#10744 = CARTESIAN_POINT('',(3.298569085238,-29.2491181178));
#10745 = CARTESIAN_POINT('',(3.35126327669,-29.23444164714));
#10746 = CARTESIAN_POINT('',(3.519681430474,-29.18753402325));
#10747 = CARTESIAN_POINT('',(3.635562444221,-29.15525967218));
#10748 = CARTESIAN_POINT('',(3.7513665599,-29.12300653099));
#10749 = CARTESIAN_POINT('',(3.867122123846,-29.09076468418));
#10750 = CARTESIAN_POINT('',(3.982878491509,-29.05852110422));
#10751 = CARTESIAN_POINT('',(4.098682902178,-29.02626502064));
#10752 = CARTESIAN_POINT('',(4.214570121391,-28.99398742341));
#10753 = CARTESIAN_POINT('',(4.400488107503,-28.94220670482));
#10754 = CARTESIAN_POINT('',(4.470666097021,-28.92266176453));
#10755 = CARTESIAN_POINT('',(4.540848025157,-28.90311613444));
#10756 = CARTESIAN_POINT('',(4.611031326951,-28.88357033105));
#10757 = CARTESIAN_POINT('',(4.68121402439,-28.86402469826));
#10758 = CARTESIAN_POINT('',(4.751394726404,-28.84447940735));
#10759 = CARTESIAN_POINT('',(4.821572628868,-28.824934457));
#10760 = CARTESIAN_POINT('',(4.990520967954,-28.77787974912));
#10761 = CARTESIAN_POINT('',(5.089354719963,-28.75035185764));
#10762 = CARTESIAN_POINT('',(5.188154717642,-28.72283198223));
#10763 = CARTESIAN_POINT('',(5.286930826038,-28.69531766138));
#10764 = CARTESIAN_POINT('',(5.385707585152,-28.6678030908));
#10765 = CARTESIAN_POINT('',(5.484510007582,-28.64028242423));
#10766 = CARTESIAN_POINT('',(5.583345282209,-28.61275397265));
#10767 = CARTESIAN_POINT('',(5.757230644169,-28.56432392631));
#10768 = CARTESIAN_POINT('',(5.8323687797,-28.54339732268));
#10769 = CARTESIAN_POINT('',(5.90750551003,-28.52247168946));
#10770 = CARTESIAN_POINT('',(5.982637586947,-28.50154759552));
#10771 = CARTESIAN_POINT('',(6.057772061883,-28.48062265615));
#10772 = CARTESIAN_POINT('',(6.132915445553,-28.45969470904));
#10773 = CARTESIAN_POINT('',(6.208062592022,-28.43876504546));
#10774 = CARTESIAN_POINT('',(6.28318530718,-28.41784169693));
#10775 = ( GEOMETRIC_REPRESENTATION_CONTEXT(2) 
PARAMETRIC_REPRESENTATION_CONTEXT() REPRESENTATION_CONTEXT('2D SPACE',''
  ) );
#10776 = ORIENTED_EDGE('',*,*,#10777,.F.);
#10777 = EDGE_CURVE('',#10778,#10569,#10780,.T.);
#10778 = VERTEX_POINT('',#10779);
#10779 = CARTESIAN_POINT('',(6.,0.,-31.91783915994));
#10780 = SURFACE_CURVE('',#10781,(#10847,#10916),.PCURVE_S1.);
#10781 = B_SPLINE_CURVE_WITH_KNOTS('',8,(#10782,#10783,#10784,#10785,
    #10786,#10787,#10788,#10789,#10790,#10791,#10792,#10793,#10794,
    #10795,#10796,#10797,#10798,#10799,#10800,#10801,#10802,#10803,
    #10804,#10805,#10806,#10807,#10808,#10809,#10810,#10811,#10812,
    #10813,#10814,#10815,#10816,#10817,#10818,#10819,#10820,#10821,
    #10822,#10823,#10824,#10825,#10826,#10827,#10828,#10829,#10830,
    #10831,#10832,#10833,#10834,#10835,#10836,#10837,#10838,#10839,
    #10840,#10841,#10842,#10843,#10844,#10845,#10846),.UNSPECIFIED.,.F.,
  .F.,(9,7,7,7,7,7,7,7,7,9),(0.,0.106854811793,0.248684465389,
    0.381865766308,0.523782520654,0.638713067158,0.694795559788,
    0.761185839441,0.841291053128,1.),.UNSPECIFIED.);
#10782 = CARTESIAN_POINT('',(6.,1.7763568394E-15,-31.91783915994));
#10783 = CARTESIAN_POINT('',(6.,0.503348982578,-31.89447334234));
#10784 = CARTESIAN_POINT('',(5.951740404197,1.006878152811,
    -31.87110414663));
#10785 = CARTESIAN_POINT('',(5.855164063732,1.504939003319,
    -31.84773474764));
#10786 = CARTESIAN_POINT('',(5.711060018189,1.992131338859,
    -31.82436489931));
#10787 = CARTESIAN_POINT('',(5.520884600254,2.463270971641,
    -31.80099403265));
#10788 = CARTESIAN_POINT('',(5.286712036525,2.913377177568,
    -31.77762059795));
#10789 = CARTESIAN_POINT('',(5.011296014987,3.337705142203,
    -31.75424440583));
#10790 = CARTESIAN_POINT('',(4.282679095051,4.254999924947,
    -31.69986517406));
#10791 = CARTESIAN_POINT('',(3.800128406962,4.72581198804,
    -31.66882038208));
#10792 = CARTESIAN_POINT('',(3.258848796118,5.133370776279,
    -31.63779299455));
#10793 = CARTESIAN_POINT('',(2.668767654481,5.46950954855,
    -31.60677539721));
#10794 = CARTESIAN_POINT('',(2.040675651106,5.727761066683,
    -31.57575551072));
#10795 = CARTESIAN_POINT('',(1.38631119616,5.903606046089,
    -31.54472397142));
#10796 = CARTESIAN_POINT('',(0.718181168503,5.994219237849,
    -31.51367406684));
#10797 = CARTESIAN_POINT('',(-0.577366851051,6.005023709625,
    -31.45353248408));
#10798 = CARTESIAN_POINT('',(-1.205894944872,5.935279389386,
    -31.42438531981));
#10799 = CARTESIAN_POINT('',(-1.824316514063,5.790257341457,
    -31.39525218359));
#10800 = CARTESIAN_POINT('',(-2.422201655159,5.571923894164,
    -31.36612851913));
#10801 = CARTESIAN_POINT('',(-2.989690135133,5.283653898044,
    -31.33700410582));
#10802 = CARTESIAN_POINT('',(-3.517582278981,4.93035096722,
    -31.30786906425));
#10803 = CARTESIAN_POINT('',(-3.997314550827,4.518310189479,
    -31.27871990263));
#10804 = CARTESIAN_POINT('',(-4.873391883282,3.563289955248,
    -31.2185567985));
#10805 = CARTESIAN_POINT('',(-5.263080866276,3.012538327928,
    -31.18748579679));
#10806 = CARTESIAN_POINT('',(-5.580975219309,2.413637468504,
    -31.15643242801));
#10807 = CARTESIAN_POINT('',(-5.820564390184,1.777704795886,
    -31.12539206099));
#10808 = CARTESIAN_POINT('',(-5.977152949783,1.116443797947,
    -31.09435496198));
#10809 = CARTESIAN_POINT('',(-6.048119651694,0.442177677836,
    -31.06330894025));
#10810 = CARTESIAN_POINT('',(-6.032666166622,-0.232272335806,
    -31.0322455137));
#10811 = CARTESIAN_POINT('',(-5.852489169105,-1.428825534255,
    -30.97607893224));
#10812 = CARTESIAN_POINT('',(-5.716611883901,-1.956155952273,
    -30.95093539052));
#10813 = CARTESIAN_POINT('',(-5.526452590816,-2.468387960274,
    -30.92579698914));
#10814 = CARTESIAN_POINT('',(-5.2840888951,-2.959056129814,
    -30.90066179467));
#10815 = CARTESIAN_POINT('',(-4.992382287239,-3.422102055376,
    -30.87552517742));
#10816 = CARTESIAN_POINT('',(-4.654999153308,-3.851905676869,
    -30.85038410734));
#10817 = CARTESIAN_POINT('',(-4.27639550359,-4.243290061439,
    -30.82523931323));
#10818 = CARTESIAN_POINT('',(-3.659933901155,-4.761792465072,
    -30.78784711485));
#10819 = CARTESIAN_POINT('',(-3.449192488772,-4.921678014878,
    -30.7755837573));
#10820 = CARTESIAN_POINT('',(-3.230477657744,-5.070895031945,
    -30.76331953681));
#10821 = CARTESIAN_POINT('',(-3.004424750412,-5.208977017202,
    -30.75105459877));
#10822 = CARTESIAN_POINT('',(-2.77170059357,-5.335505931856,
    -30.73878924118));
#10823 = CARTESIAN_POINT('',(-2.533003498462,-5.450112197387,
    -30.72652391458));
#10824 = CARTESIAN_POINT('',(-2.289063260784,-5.552474695552,
    -30.71425922207));
#10825 = CARTESIAN_POINT('',(-1.746559854297,-5.74868026885,
    -30.68747865983));
#10826 = CARTESIAN_POINT('',(-1.446104872755,-5.837532177939,
    -30.67296013052));
#10827 = CARTESIAN_POINT('',(-1.14052946155,-5.90842490802,
    -30.65844141931));
#10828 = CARTESIAN_POINT('',(-0.83109822423,-5.961015757616,
    -30.6439231937));
#10829 = CARTESIAN_POINT('',(-0.519087122401,-5.995070911401,
    -30.62940570081));
#10830 = CARTESIAN_POINT('',(-0.205783475727,-6.010465440201,
    -30.61488876736));
#10831 = CARTESIAN_POINT('',(0.10751403807,-6.007183300992,
    -30.60037179967));
#10832 = CARTESIAN_POINT('',(0.795925975906,-5.958934292057,
    -30.56833662934));
#10833 = CARTESIAN_POINT('',(1.170593215231,-5.905485083129,
    -30.55081269736));
#10834 = CARTESIAN_POINT('',(1.541105576753,-5.825104584378,
    -30.53328787857));
#10835 = CARTESIAN_POINT('',(1.905168068799,-5.718196074809,
    -30.51576455413));
#10836 = CARTESIAN_POINT('',(2.260574413138,-5.585387747498,
    -30.49824285237));
#10837 = CARTESIAN_POINT('',(2.60520455829,-5.427510773283,
    -30.48072193234));
#10838 = CARTESIAN_POINT('',(2.937027525472,-5.24559891881,
    -30.4632012942));
#10839 = CARTESIAN_POINT('',(3.88233037046,-4.635367983885,
    -30.41097213727));
#10840 = CARTESIAN_POINT('',(4.453775163232,-4.139713294762,
    -30.37620798976));
#10841 = CARTESIAN_POINT('',(4.95165458981,-3.564099481695,
    -30.34147605124));
#10842 = CARTESIAN_POINT('',(5.363691778037,-2.921717512928,
    -30.30675827298));
#10843 = CARTESIAN_POINT('',(5.679934673433,-2.227140643978,
    -30.27204046656));
#10844 = CARTESIAN_POINT('',(5.893516052586,-1.496619834299,
    -30.23730670974));
#10845 = CARTESIAN_POINT('',(6.,-0.747688053404,-30.20254278664));
#10846 = CARTESIAN_POINT('',(6.,7.105427357601E-15,-30.16783739736));
#10847 = PCURVE('',#6406,#10848);
#10848 = DEFINITIONAL_REPRESENTATION('',(#10849),#10915);
#10849 = B_SPLINE_CURVE_WITH_KNOTS('',8,(#10850,#10851,#10852,#10853,
    #10854,#10855,#10856,#10857,#10858,#10859,#10860,#10861,#10862,
    #10863,#10864,#10865,#10866,#10867,#10868,#10869,#10870,#10871,
    #10872,#10873,#10874,#10875,#10876,#10877,#10878,#10879,#10880,
    #10881,#10882,#10883,#10884,#10885,#10886,#10887,#10888,#10889,
    #10890,#10891,#10892,#10893,#10894,#10895,#10896,#10897,#10898,
    #10899,#10900,#10901,#10902,#10903,#10904,#10905,#10906,#10907,
    #10908,#10909,#10910,#10911,#10912,#10913,#10914),.UNSPECIFIED.,.F.,
  .F.,(9,7,7,7,7,7,7,7,7,9),(0.,0.106854811793,0.248684465389,
    0.381865766308,0.523782520654,0.638713067158,0.694795559788,
    0.761185839441,0.841291053128,1.),.UNSPECIFIED.);
#10850 = CARTESIAN_POINT('',(0.268780683404,32.6063474137));
#10851 = CARTESIAN_POINT('',(0.268781514879,32.693431881575));
#10852 = CARTESIAN_POINT('',(0.268770165305,32.780545561648));
#10853 = CARTESIAN_POINT('',(0.268769193524,32.867645839804));
#10854 = CARTESIAN_POINT('',(0.268773992253,32.954739919055));
#10855 = CARTESIAN_POINT('',(0.268778158213,33.041838656652));
#10856 = CARTESIAN_POINT('',(0.26878000397,33.128950130809));
#10857 = CARTESIAN_POINT('',(0.268780011988,33.216074389136));
#10858 = CARTESIAN_POINT('',(0.268777729768,33.418751693542));
#10859 = CARTESIAN_POINT('',(0.268774754716,33.534461286865));
#10860 = CARTESIAN_POINT('',(0.268772307499,33.650105292335));
#10861 = CARTESIAN_POINT('',(0.268775405434,33.765705243227));
#10862 = CARTESIAN_POINT('',(0.268783316512,33.881307158816));
#10863 = CARTESIAN_POINT('',(0.268790253629,33.99695383417));
#10864 = CARTESIAN_POINT('',(0.26879378248,34.112673608465));
#10865 = CARTESIAN_POINT('',(0.268793185673,34.336825191137));
#10866 = CARTESIAN_POINT('',(0.268789521795,34.4454631689));
#10867 = CARTESIAN_POINT('',(0.26878221,34.554053840848));
#10868 = CARTESIAN_POINT('',(0.268772779837,34.662612101459));
#10869 = CARTESIAN_POINT('',(0.268765245949,34.771170565617));
#10870 = CARTESIAN_POINT('',(0.268762297735,34.879762384827));
#10871 = CARTESIAN_POINT('',(0.26876374959,34.988400826393));
#10872 = CARTESIAN_POINT('',(0.268772682482,35.212619617005));
#10873 = CARTESIAN_POINT('',(0.268780563547,35.32841208275));
#10874 = CARTESIAN_POINT('',(0.268789831783,35.444136936869));
#10875 = CARTESIAN_POINT('',(0.268796924647,35.559816300937));
#10876 = CARTESIAN_POINT('',(0.268797558925,35.675492297455));
#10877 = CARTESIAN_POINT('',(0.268793093931,35.791208507255));
#10878 = CARTESIAN_POINT('',(0.268787208929,35.906991523508));
#10879 = CARTESIAN_POINT('',(0.268778343593,36.116339354467));
#10880 = CARTESIAN_POINT('',(0.268775018133,36.210055163742));
#10881 = CARTESIAN_POINT('',(0.268773655032,36.303749137235));
#10882 = CARTESIAN_POINT('',(0.268774969591,36.397427504867));
#10883 = CARTESIAN_POINT('',(0.268778485555,36.491108171419));
#10884 = CARTESIAN_POINT('',(0.26878071105,36.584807194347));
#10885 = CARTESIAN_POINT('',(0.268780267146,36.678523738656));
#10886 = CARTESIAN_POINT('',(0.268777424171,36.817890260213));
#10887 = CARTESIAN_POINT('',(0.268775963995,36.863598415416));
#10888 = CARTESIAN_POINT('',(0.268774422154,36.909309898206));
#10889 = CARTESIAN_POINT('',(0.268773164622,36.955023667272));
#10890 = CARTESIAN_POINT('',(0.268772477165,37.000738222149));
#10891 = CARTESIAN_POINT('',(0.26877256534,37.046451603217));
#10892 = CARTESIAN_POINT('',(0.2687735545,37.0921613917));
#10893 = CARTESIAN_POINT('',(0.268777780777,37.191968154764));
#10894 = CARTESIAN_POINT('',(0.268779611781,37.246076960474));
#10895 = CARTESIAN_POINT('',(0.268780225032,37.300188106124));
#10896 = CARTESIAN_POINT('',(0.268779366355,37.354299450694));
#10897 = CARTESIAN_POINT('',(0.268777285166,37.408409732808));
#10898 = CARTESIAN_POINT('',(0.268774734473,37.462518570739));
#10899 = CARTESIAN_POINT('',(0.268772970875,37.516626462409));
#10900 = CARTESIAN_POINT('',(0.268774700142,37.636020830231));
#10901 = CARTESIAN_POINT('',(0.26877684427,37.701330500309));
#10902 = CARTESIAN_POINT('',(0.268779074528,37.766643357865));
#10903 = CARTESIAN_POINT('',(0.268780358718,37.831951936521));
#10904 = CARTESIAN_POINT('',(0.268780308835,37.897256287429));
#10905 = CARTESIAN_POINT('',(0.268779289222,37.96255904769));
#10906 = CARTESIAN_POINT('',(0.268778068913,38.027861031031));
#10907 = CARTESIAN_POINT('',(0.268774936311,38.222526055598));
#10908 = CARTESIAN_POINT('',(0.26877364371,38.352095582062));
#10909 = CARTESIAN_POINT('',(0.268776780359,38.481539020358));
#10910 = CARTESIAN_POINT('',(0.268787520357,38.610919308617));
#10911 = CARTESIAN_POINT('',(0.268796294629,38.740302384293));
#10912 = CARTESIAN_POINT('',(0.268797574878,38.869755133351));
#10913 = CARTESIAN_POINT('',(0.268793034594,38.999328255647));
#10914 = CARTESIAN_POINT('',(0.268785960462,39.128686676691));
#10915 = ( GEOMETRIC_REPRESENTATION_CONTEXT(2) 
PARAMETRIC_REPRESENTATION_CONTEXT() REPRESENTATION_CONTEXT('2D SPACE',''
  ) );
#10916 = PCURVE('',#8433,#10917);
#10917 = DEFINITIONAL_REPRESENTATION('',(#10918),#10984);
#10918 = B_SPLINE_CURVE_WITH_KNOTS('',8,(#10919,#10920,#10921,#10922,
    #10923,#10924,#10925,#10926,#10927,#10928,#10929,#10930,#10931,
    #10932,#10933,#10934,#10935,#10936,#10937,#10938,#10939,#10940,
    #10941,#10942,#10943,#10944,#10945,#10946,#10947,#10948,#10949,
    #10950,#10951,#10952,#10953,#10954,#10955,#10956,#10957,#10958,
    #10959,#10960,#10961,#10962,#10963,#10964,#10965,#10966,#10967,
    #10968,#10969,#10970,#10971,#10972,#10973,#10974,#10975,#10976,
    #10977,#10978,#10979,#10980,#10981,#10982,#10983),.UNSPECIFIED.,.F.,
  .F.,(9,7,7,7,7,7,7,7,7,9),(0.,0.106854811793,0.248684465389,
    0.381865766308,0.523782520654,0.638713067158,0.694795559788,
    0.761185839441,0.841291053128,1.),.UNSPECIFIED.);
#10919 = CARTESIAN_POINT('',(0.,-31.91783915994));
#10920 = CARTESIAN_POINT('',(8.389149709637E-02,-31.89447334234));
#10921 = CARTESIAN_POINT('',(0.167813035107,-31.87110414663));
#10922 = CARTESIAN_POINT('',(0.251722833575,-31.84773474764));
#10923 = CARTESIAN_POINT('',(0.335623187169,-31.82436489931));
#10924 = CARTESIAN_POINT('',(0.419526147708,-31.80099403265));
#10925 = CARTESIAN_POINT('',(0.503442340234,-31.77762059795));
#10926 = CARTESIAN_POINT('',(0.587370100614,-31.75424440583));
#10927 = CARTESIAN_POINT('',(0.782612993106,-31.69986517406));
#10928 = CARTESIAN_POINT('',(0.894079076032,-31.66882038208));
#10929 = CARTESIAN_POINT('',(1.005483526008,-31.63779299455));
#10930 = CARTESIAN_POINT('',(1.116846751434,-31.60677539721));
#10931 = CARTESIAN_POINT('',(1.228211520319,-31.57575551072));
#10932 = CARTESIAN_POINT('',(1.339618645348,-31.54472397142));
#10933 = CARTESIAN_POINT('',(1.451095496299,-31.51367406684));
#10934 = CARTESIAN_POINT('',(1.667027674925,-31.45353248408));
#10935 = CARTESIAN_POINT('',(1.771681658648,-31.42438531981));
#10936 = CARTESIAN_POINT('',(1.876289951109,-31.39525218359));
#10937 = CARTESIAN_POINT('',(1.980867288518,-31.36612851913));
#10938 = CARTESIAN_POINT('',(2.085445307931,-31.33700410582));
#10939 = CARTESIAN_POINT('',(2.190055656579,-31.30786906425));
#10940 = CARTESIAN_POINT('',(2.294710849774,-31.27871990263));
#10941 = CARTESIAN_POINT('',(2.510708222458,-31.2185567985));
#10942 = CARTESIAN_POINT('',(2.622254714739,-31.18748579679));
#10943 = CARTESIAN_POINT('',(2.733735713988,-31.15643242801));
#10944 = CARTESIAN_POINT('',(2.845172561739,-31.12539206099));
#10945 = CARTESIAN_POINT('',(2.956606349745,-31.09435496198));
#10946 = CARTESIAN_POINT('',(3.06807976121,-31.06330894025));
#10947 = CARTESIAN_POINT('',(3.179618270823,-31.0322455137));
#10948 = CARTESIAN_POINT('',(3.381292052182,-30.97607893224));
#10949 = CARTESIAN_POINT('',(3.471572695043,-30.95093539052));
#10950 = CARTESIAN_POINT('',(3.561832208233,-30.92579698914));
#10951 = CARTESIAN_POINT('',(3.652076176652,-30.90066179467));
#10952 = CARTESIAN_POINT('',(3.742321366624,-30.87552517742));
#10953 = CARTESIAN_POINT('',(3.832583136307,-30.85038410734));
#10954 = CARTESIAN_POINT('',(3.922861428241,-30.82523931323));
#10955 = CARTESIAN_POINT('',(4.057115504307,-30.78784711485));
#10956 = CARTESIAN_POINT('',(4.101146985867,-30.7755837573));
#10957 = CARTESIAN_POINT('',(4.145181893004,-30.76331953681));
#10958 = CARTESIAN_POINT('',(4.189219320484,-30.75105459877));
#10959 = CARTESIAN_POINT('',(4.233257857982,-30.73878924118));
#10960 = CARTESIAN_POINT('',(4.277295590084,-30.72652391458));
#10961 = CARTESIAN_POINT('',(4.321330096282,-30.71425922207));
#10962 = CARTESIAN_POINT('',(4.417479079787,-30.68747865983));
#10963 = CARTESIAN_POINT('',(4.469604361592,-30.67296013052));
#10964 = CARTESIAN_POINT('',(4.52173184697,-30.65844141931));
#10965 = CARTESIAN_POINT('',(4.573859734588,-30.6439231937));
#10966 = CARTESIAN_POINT('',(4.62598687121,-30.62940570081));
#10967 = CARTESIAN_POINT('',(4.67811275169,-30.61488876736));
#10968 = CARTESIAN_POINT('',(4.730237518977,-30.60037179967));
#10969 = CARTESIAN_POINT('',(4.845254300726,-30.56833662934));
#10970 = CARTESIAN_POINT('',(4.908168760931,-30.55081269736));
#10971 = CARTESIAN_POINT('',(4.971085693348,-30.53328787857));
#10972 = CARTESIAN_POINT('',(5.033998218033,-30.51576455413));
#10973 = CARTESIAN_POINT('',(5.096906723287,-30.49824285237));
#10974 = CARTESIAN_POINT('',(5.159813974001,-30.48072193234));
#10975 = CARTESIAN_POINT('',(5.22272083156,-30.4632012942));
#10976 = CARTESIAN_POINT('',(5.410247071404,-30.41097213727));
#10977 = CARTESIAN_POINT('',(5.535066415515,-30.37620798976));
#10978 = CARTESIAN_POINT('',(5.65976573537,-30.34147605124));
#10979 = CARTESIAN_POINT('',(5.784404131622,-30.30675827298));
#10980 = CARTESIAN_POINT('',(5.909043550134,-30.27204046656));
#10981 = CARTESIAN_POINT('',(6.033749248546,-30.23730670974));
#10982 = CARTESIAN_POINT('',(6.158570631612,-30.20254278664));
#10983 = CARTESIAN_POINT('',(6.28318530718,-30.16783739736));
#10984 = ( GEOMETRIC_REPRESENTATION_CONTEXT(2) 
PARAMETRIC_REPRESENTATION_CONTEXT() REPRESENTATION_CONTEXT('2D SPACE',''
  ) );
#10985 = ORIENTED_EDGE('',*,*,#10986,.F.);
#10986 = EDGE_CURVE('',#10987,#10778,#10989,.T.);
#10987 = VERTEX_POINT('',#10988);
#10988 = CARTESIAN_POINT('',(6.,0.,-33.66783729703));
#10989 = SURFACE_CURVE('',#10990,(#11056,#11125),.PCURVE_S1.);
#10990 = B_SPLINE_CURVE_WITH_KNOTS('',8,(#10991,#10992,#10993,#10994,
    #10995,#10996,#10997,#10998,#10999,#11000,#11001,#11002,#11003,
    #11004,#11005,#11006,#11007,#11008,#11009,#11010,#11011,#11012,
    #11013,#11014,#11015,#11016,#11017,#11018,#11019,#11020,#11021,
    #11022,#11023,#11024,#11025,#11026,#11027,#11028,#11029,#11030,
    #11031,#11032,#11033,#11034,#11035,#11036,#11037,#11038,#11039,
    #11040,#11041,#11042,#11043,#11044,#11045,#11046,#11047,#11048,
    #11049,#11050,#11051,#11052,#11053,#11054,#11055),.UNSPECIFIED.,.F.,
  .F.,(9,7,7,7,7,7,7,7,7,9),(0.,0.121536853781,0.243116596085,
    0.270418006614,0.379383698326,0.484092074566,0.62676599842,
    0.70807371084,0.867841352748,1.),.UNSPECIFIED.);
#10991 = CARTESIAN_POINT('',(6.,-3.552713678801E-15,-33.66783729703));
#10992 = CARTESIAN_POINT('',(6.,0.572799350032,-33.64124568622));
#10993 = CARTESIAN_POINT('',(5.937504881132,1.145840771496,
    -33.61464333148));
#10994 = CARTESIAN_POINT('',(5.81242273711,1.710728470133,
    -33.58805119033));
#10995 = CARTESIAN_POINT('',(5.626142703648,2.259550124181,
    -33.56146686526));
#10996 = CARTESIAN_POINT('',(5.381073322024,2.784770935466,
    -33.53488341014));
#10997 = CARTESIAN_POINT('',(5.080681148596,3.279276721148,
    -33.50829321303));
#10998 = CARTESIAN_POINT('',(4.729438171963,3.736374730366,
    -33.48169316624));
#10999 = CARTESIAN_POINT('',(3.936938544185,4.563861088855,
    -33.42850820148));
#11000 = CARTESIAN_POINT('',(3.495298745327,4.93458574748,
    -33.40189974032));
#11001 = CARTESIAN_POINT('',(3.014061918384,5.256119304576,
    -33.37529823268));
#11002 = CARTESIAN_POINT('',(2.499690944273,5.523698376562,
    -33.34870087973));
#11003 = CARTESIAN_POINT('',(1.959144174713,5.73352524349,
    -33.32210226663));
#11004 = CARTESIAN_POINT('',(1.39987554328,5.882839320031,-33.2954986843
    ));
#11005 = CARTESIAN_POINT('',(0.829792717338,5.96989951712,-33.2688876364
    ));
#11006 = CARTESIAN_POINT('',(0.128845985997,5.999995925025,
    -33.23632022632));
#11007 = CARTESIAN_POINT('',(2.155801019326E-04,6.002364410921,
    -33.23035004795));
#11008 = CARTESIAN_POINT('',(-0.128437898284,6.001580609497,
    -33.22438083489));
#11009 = CARTESIAN_POINT('',(-0.257039330851,5.997645183353,
    -33.21841187813));
#11010 = CARTESIAN_POINT('',(-0.385508157964,5.990561235576,
    -33.21244273674));
#11011 = CARTESIAN_POINT('',(-0.513758378659,5.980334309736,
    -33.20647323793));
#11012 = CARTESIAN_POINT('',(-0.641698550644,5.966972389885,
    -33.20050347701));
#11013 = CARTESIAN_POINT('',(-1.278243867196,5.884684842004,
    -33.17070764591));
#11014 = CARTESIAN_POINT('',(-1.781081285582,5.769087986931,
    -33.14686659151));
#11015 = CARTESIAN_POINT('',(-2.271715267247,5.60438903524,
    -33.12304396639));
#11016 = CARTESIAN_POINT('',(-2.744539439442,5.392191538159,
    -33.09921616996));
#11017 = CARTESIAN_POINT('',(-3.194314573439,5.134788142763,
    -33.07538374339));
#11018 = CARTESIAN_POINT('',(-3.616142198581,4.835079979963,
    -33.05155517395));
#11019 = CARTESIAN_POINT('',(-4.005491758718,4.496616044026,
    -33.02771890383));
#11020 = CARTESIAN_POINT('',(-4.697335661703,3.765417431421,
    -32.98099013296));
#11021 = CARTESIAN_POINT('',(-5.002835294008,3.375102171593,
    -32.95808256139));
#11022 = CARTESIAN_POINT('',(-5.271078742815,2.956633034809,
    -32.93517904478));
#11023 = CARTESIAN_POINT('',(-5.499090083581,2.514231179583,
    -32.91227965116));
#11024 = CARTESIAN_POINT('',(-5.684500249614,2.052382777566,
    -32.88938086172));
#11025 = CARTESIAN_POINT('',(-5.825493785461,1.575807035706,
    -32.86647902362));
#11026 = CARTESIAN_POINT('',(-5.920847868426,1.089467730739,
    -32.84357303667));
#11027 = CARTESIAN_POINT('',(-6.037129263446,-7.026252278174E-02,
    -32.78946543836));
#11028 = CARTESIAN_POINT('',(-6.018615138589,-0.748334646701,
    -32.75823022898));
#11029 = CARTESIAN_POINT('',(-5.912856435845,-1.421810132484,
    -32.72701475241));
#11030 = CARTESIAN_POINT('',(-5.721328627829,-2.077715525175,
    -32.69581305323));
#11031 = CARTESIAN_POINT('',(-5.447343388986,-2.7036839753,
    -32.66461319408));
#11032 = CARTESIAN_POINT('',(-5.096291976521,-3.28810180175,
    -32.63340148523));
#11033 = CARTESIAN_POINT('',(-4.675362257233,-3.820056810091,
    -32.60216953505));
#11034 = CARTESIAN_POINT('',(-3.920844196323,-4.557820350737,
    -32.55318574971));
#11035 = CARTESIAN_POINT('',(-3.627453121626,-4.80560355851,
    -32.53540686136));
#11036 = CARTESIAN_POINT('',(-3.316276538364,-5.031708495875,
    -32.51763009834));
#11037 = CARTESIAN_POINT('',(-2.989162268019,-5.234687396898,
    -32.49985368214));
#11038 = CARTESIAN_POINT('',(-2.648086445805,-5.413273329609,
    -32.48207555398));
#11039 = CARTESIAN_POINT('',(-2.295151119948,-5.566382495569,
    -32.46429443734));
#11040 = CARTESIAN_POINT('',(-1.932591460189,-5.693135707757,
    -32.44651108554));
#11041 = CARTESIAN_POINT('',(-0.836146922451,-5.988931537994,
    -32.39378976018));
#11042 = CARTESIAN_POINT('',(-8.024525110241E-02,-6.081104398558,
    -32.35879501711));
#11043 = CARTESIAN_POINT('',(0.685733183523,-6.063633274817,
    -32.3238374743));
#11044 = CARTESIAN_POINT('',(1.443425706034,-5.936286661029,
    -32.28890063375));
#11045 = CARTESIAN_POINT('',(2.175014789966,-5.701520814193,
    -32.25396538505));
#11046 = CARTESIAN_POINT('',(2.863542784876,-5.365306612364,
    -32.2190086124));
#11047 = CARTESIAN_POINT('',(3.492738201793,-4.93630737702,
    -32.18401523163));
#11048 = CARTESIAN_POINT('',(4.507672031503,-4.008543021026,
    -32.12018258453));
#11049 = CARTESIAN_POINT('',(4.917683773235,-3.533739014541,
    -32.09126264223));
#11050 = CARTESIAN_POINT('',(5.270032251464,-3.011380993783,
    -32.06235475444));
#11051 = CARTESIAN_POINT('',(5.558543803723,-2.449792909778,
    -32.0334565339));
#11052 = CARTESIAN_POINT('',(5.778383244084,-1.857940459448,
    -32.00456073778));
#11053 = CARTESIAN_POINT('',(5.926197799308,-1.2454365747,
    -31.97565757763));
#11054 = CARTESIAN_POINT('',(6.,-0.622463558753,-31.94673436084));
#11055 = CARTESIAN_POINT('',(6.,1.7763568394E-15,-31.91783915994));
#11056 = PCURVE('',#6406,#11057);
#11057 = DEFINITIONAL_REPRESENTATION('',(#11058),#11124);
#11058 = B_SPLINE_CURVE_WITH_KNOTS('',8,(#11059,#11060,#11061,#11062,
    #11063,#11064,#11065,#11066,#11067,#11068,#11069,#11070,#11071,
    #11072,#11073,#11074,#11075,#11076,#11077,#11078,#11079,#11080,
    #11081,#11082,#11083,#11084,#11085,#11086,#11087,#11088,#11089,
    #11090,#11091,#11092,#11093,#11094,#11095,#11096,#11097,#11098,
    #11099,#11100,#11101,#11102,#11103,#11104,#11105,#11106,#11107,
    #11108,#11109,#11110,#11111,#11112,#11113,#11114,#11115,#11116,
    #11117,#11118,#11119,#11120,#11121,#11122,#11123),.UNSPECIFIED.,.F.,
  .F.,(9,7,7,7,7,7,7,7,7,9),(0.,0.121536853781,0.243116596085,
    0.270418006614,0.379383698326,0.484092074566,0.62676599842,
    0.70807371084,0.867841352748,1.),.UNSPECIFIED.);
#11059 = CARTESIAN_POINT('',(0.268785344242,26.084008117057));
#11060 = CARTESIAN_POINT('',(0.268790888105,26.183108851834));
#11061 = CARTESIAN_POINT('',(0.2687950705,26.282251487463));
#11062 = CARTESIAN_POINT('',(0.268796333106,26.38136004047));
#11063 = CARTESIAN_POINT('',(0.268793780035,26.4804446689));
#11064 = CARTESIAN_POINT('',(0.268788222077,26.579530155193));
#11065 = CARTESIAN_POINT('',(0.268782571485,26.678640895788));
#11066 = CARTESIAN_POINT('',(0.268778633087,26.777786010611));
#11067 = CARTESIAN_POINT('',(0.268774824322,26.97601430376));
#11068 = CARTESIAN_POINT('',(0.268774949097,27.075185235388));
#11069 = CARTESIAN_POINT('',(0.268777459312,27.174326996046));
#11070 = CARTESIAN_POINT('',(0.268781040019,27.273451811042));
#11071 = CARTESIAN_POINT('',(0.268782860094,27.372583724485));
#11072 = CARTESIAN_POINT('',(0.268778640532,27.471742398591));
#11073 = CARTESIAN_POINT('',(0.268774325066,27.57092902754));
#11074 = CARTESIAN_POINT('',(0.268772949232,27.692311312768));
#11075 = CARTESIAN_POINT('',(0.268772844973,27.71456261606));
#11076 = CARTESIAN_POINT('',(0.268772949536,27.736810036652));
#11077 = CARTESIAN_POINT('',(0.268773295517,27.759056172636));
#11078 = CARTESIAN_POINT('',(0.268773887329,27.781302661302));
#11079 = CARTESIAN_POINT('',(0.2687747012,27.803550179134));
#11080 = CARTESIAN_POINT('',(0.268775685173,27.825798441816));
#11081 = CARTESIAN_POINT('',(0.268781045389,27.936841719652));
#11082 = CARTESIAN_POINT('',(0.268790820783,28.025685215527));
#11083 = CARTESIAN_POINT('',(0.268764308122,28.114509540497));
#11084 = CARTESIAN_POINT('',(0.268765102747,28.203315879383));
#11085 = CARTESIAN_POINT('',(0.268780133784,28.292120049557));
#11086 = CARTESIAN_POINT('',(0.268775565971,28.380936586021));
#11087 = CARTESIAN_POINT('',(0.268779396443,28.469770363398));
#11088 = CARTESIAN_POINT('',(0.268779601316,28.643930614091));
#11089 = CARTESIAN_POINT('',(0.26877829377,28.729310094157));
#11090 = CARTESIAN_POINT('',(0.268775832627,28.814676034949));
#11091 = CARTESIAN_POINT('',(0.26877402425,28.900025718253));
#11092 = CARTESIAN_POINT('',(0.268774275647,28.985370339254));
#11093 = CARTESIAN_POINT('',(0.268776711946,29.070723341589));
#11094 = CARTESIAN_POINT('',(0.268780323858,29.156090202951));
#11095 = CARTESIAN_POINT('',(0.268789260103,29.357739807505));
#11096 = CARTESIAN_POINT('',(0.268794716722,29.474147591823));
#11097 = CARTESIAN_POINT('',(0.268797843973,29.590485009496));
#11098 = CARTESIAN_POINT('',(0.268795246611,29.706778889241));
#11099 = CARTESIAN_POINT('',(0.26878669448,29.823074036137));
#11100 = CARTESIAN_POINT('',(0.268777113981,29.939414750591));
#11101 = CARTESIAN_POINT('',(0.268769905448,30.055827669005));
#11102 = CARTESIAN_POINT('',(0.268764544565,30.238400067768));
#11103 = CARTESIAN_POINT('',(0.268763826143,30.304663878113));
#11104 = CARTESIAN_POINT('',(0.268764599366,30.370917731964));
#11105 = CARTESIAN_POINT('',(0.268766881982,30.437168233619));
#11106 = CARTESIAN_POINT('',(0.268770403319,30.503423425652));
#11107 = CARTESIAN_POINT('',(0.268774651549,30.56968876408));
#11108 = CARTESIAN_POINT('',(0.268779010393,30.63596228207));
#11109 = CARTESIAN_POINT('',(0.268790795721,30.832441288757));
#11110 = CARTESIAN_POINT('',(0.26879711816,30.962859866657));
#11111 = CARTESIAN_POINT('',(0.268798151121,31.093147014598));
#11112 = CARTESIAN_POINT('',(0.268791095273,31.223368041122));
#11113 = CARTESIAN_POINT('',(0.268779665711,31.353589102781));
#11114 = CARTESIAN_POINT('',(0.268774674853,31.483881600404));
#11115 = CARTESIAN_POINT('',(0.268774724222,31.614303661275));
#11116 = CARTESIAN_POINT('',(0.268777923222,31.852206851479));
#11117 = CARTESIAN_POINT('',(0.268780533312,31.959989400607));
#11118 = CARTESIAN_POINT('',(0.268782297258,32.067728175989));
#11119 = CARTESIAN_POINT('',(0.268780078119,32.175436355007));
#11120 = CARTESIAN_POINT('',(0.268771677324,32.283143931875));
#11121 = CARTESIAN_POINT('',(0.268763349554,32.390878854548));
#11122 = CARTESIAN_POINT('',(0.268779655166,32.498654918708));
#11123 = CARTESIAN_POINT('',(0.268780683404,32.6063474137));
#11124 = ( GEOMETRIC_REPRESENTATION_CONTEXT(2) 
PARAMETRIC_REPRESENTATION_CONTEXT() REPRESENTATION_CONTEXT('2D SPACE',''
  ) );
#11125 = PCURVE('',#8219,#11126);
#11126 = DEFINITIONAL_REPRESENTATION('',(#11127),#11193);
#11127 = B_SPLINE_CURVE_WITH_KNOTS('',8,(#11128,#11129,#11130,#11131,
    #11132,#11133,#11134,#11135,#11136,#11137,#11138,#11139,#11140,
    #11141,#11142,#11143,#11144,#11145,#11146,#11147,#11148,#11149,
    #11150,#11151,#11152,#11153,#11154,#11155,#11156,#11157,#11158,
    #11159,#11160,#11161,#11162,#11163,#11164,#11165,#11166,#11167,
    #11168,#11169,#11170,#11171,#11172,#11173,#11174,#11175,#11176,
    #11177,#11178,#11179,#11180,#11181,#11182,#11183,#11184,#11185,
    #11186,#11187,#11188,#11189,#11190,#11191,#11192),.UNSPECIFIED.,.F.,
  .F.,(9,7,7,7,7,7,7,7,7,9),(0.,0.121536853781,0.243116596085,
    0.270418006614,0.379383698326,0.484092074566,0.62676599842,
    0.70807371084,0.867841352748,1.),.UNSPECIFIED.);
#11128 = CARTESIAN_POINT('',(0.,-33.66783729703));
#11129 = CARTESIAN_POINT('',(9.546655833867E-02,-33.64124568622));
#11130 = CARTESIAN_POINT('',(0.190973404731,-33.61464333148));
#11131 = CARTESIAN_POINT('',(0.286447510007,-33.58805119033));
#11132 = CARTESIAN_POINT('',(0.38189892291,-33.56146686526));
#11133 = CARTESIAN_POINT('',(0.477351808273,-33.53488341014));
#11134 = CARTESIAN_POINT('',(0.572829585275,-33.50829321303));
#11135 = CARTESIAN_POINT('',(0.668340580632,-33.48169316624));
#11136 = CARTESIAN_POINT('',(0.859302279345,-33.42850820148));
#11137 = CARTESIAN_POINT('',(0.954837519768,-33.40189974032));
#11138 = CARTESIAN_POINT('',(1.050343916114,-33.37529823268));
#11139 = CARTESIAN_POINT('',(1.145832881077,-33.34870087973));
#11140 = CARTESIAN_POINT('',(1.24132748477,-33.32210226663));
#11141 = CARTESIAN_POINT('',(1.336847744695,-33.2954986843));
#11142 = CARTESIAN_POINT('',(1.43239647412,-33.2688876364));
#11143 = CARTESIAN_POINT('',(1.549328566705,-33.23632022632));
#11144 = CARTESIAN_POINT('',(1.570764151132,-33.23035004795));
#11145 = CARTESIAN_POINT('',(1.592196069238,-33.22438083489));
#11146 = CARTESIAN_POINT('',(1.613626818901,-33.21841187813));
#11147 = CARTESIAN_POINT('',(1.635057965649,-33.21244273674));
#11148 = CARTESIAN_POINT('',(1.656490142659,-33.20647323793));
#11149 = CARTESIAN_POINT('',(1.67792305076,-33.20050347701));
#11150 = CARTESIAN_POINT('',(1.78489672101,-33.17070764591));
#11151 = CARTESIAN_POINT('',(1.870481391011,-33.14686659151));
#11152 = CARTESIAN_POINT('',(1.956051911858,-33.12304396639));
#11153 = CARTESIAN_POINT('',(2.041605097734,-33.09921616996));
#11154 = CARTESIAN_POINT('',(2.127152955567,-33.07538374339));
#11155 = CARTESIAN_POINT('',(2.212710657689,-33.05155517395));
#11156 = CARTESIAN_POINT('',(2.298285761501,-33.02771890383));
#11157 = CARTESIAN_POINT('',(2.466057050693,-32.98099013296));
#11158 = CARTESIAN_POINT('',(2.548304608931,-32.95808256139));
#11159 = CARTESIAN_POINT('',(2.630539764248,-32.93517904478));
#11160 = CARTESIAN_POINT('',(2.712760101166,-32.91227965116));
#11161 = CARTESIAN_POINT('',(2.794976180026,-32.88938086172));
#11162 = CARTESIAN_POINT('',(2.877200556708,-32.86647902362));
#11163 = CARTESIAN_POINT('',(2.959438243754,-32.84357303667));
#11164 = CARTESIAN_POINT('',(3.153695777839,-32.78946543836));
#11165 = CARTESIAN_POINT('',(3.265835909056,-32.75823022898));
#11166 = CARTESIAN_POINT('',(3.377907485007,-32.72701475241));
#11167 = CARTESIAN_POINT('',(3.489936366386,-32.69581305323));
#11168 = CARTESIAN_POINT('',(3.601966492561,-32.66461319408));
#11169 = CARTESIAN_POINT('',(3.714040934061,-32.63340148523));
#11170 = CARTESIAN_POINT('',(3.826185278727,-32.60216953505));
#11171 = CARTESIAN_POINT('',(4.002063436216,-32.55318574971));
#11172 = CARTESIAN_POINT('',(4.06589765098,-32.53540686136));
#11173 = CARTESIAN_POINT('',(4.129722288159,-32.51763009834));
#11174 = CARTESIAN_POINT('',(4.193543654566,-32.49985368214));
#11175 = CARTESIAN_POINT('',(4.257369450805,-32.48207555398));
#11176 = CARTESIAN_POINT('',(4.321204912086,-32.46429443734));
#11177 = CARTESIAN_POINT('',(4.385048156398,-32.44651108554));
#11178 = CARTESIAN_POINT('',(4.574322046533,-32.39378976018));
#11179 = CARTESIAN_POINT('',(4.699957806777,-32.35879501711));
#11180 = CARTESIAN_POINT('',(4.82546707763,-32.3238374743));
#11181 = CARTESIAN_POINT('',(4.950913348872,-32.28890063375));
#11182 = CARTESIAN_POINT('',(5.076361388479,-32.25396538505));
#11183 = CARTESIAN_POINT('',(5.201878760521,-32.2190086124));
#11184 = CARTESIAN_POINT('',(5.327519786474,-32.18401523163));
#11185 = CARTESIAN_POINT('',(5.55669932423,-32.12018258453));
#11186 = CARTESIAN_POINT('',(5.660528647237,-32.09126264223));
#11187 = CARTESIAN_POINT('',(5.764314648409,-32.06235475444));
#11188 = CARTESIAN_POINT('',(5.868070583926,-32.0334565339));
#11189 = CARTESIAN_POINT('',(5.971826542223,-32.00456073778));
#11190 = CARTESIAN_POINT('',(6.075612660736,-31.97565757763));
#11191 = CARTESIAN_POINT('',(6.179441380721,-31.94673436084));
#11192 = CARTESIAN_POINT('',(6.28318530718,-31.91783915994));
#11193 = ( GEOMETRIC_REPRESENTATION_CONTEXT(2) 
PARAMETRIC_REPRESENTATION_CONTEXT() REPRESENTATION_CONTEXT('2D SPACE',''
  ) );
#11194 = ORIENTED_EDGE('',*,*,#11195,.F.);
#11195 = EDGE_CURVE('',#11196,#10987,#11198,.T.);
#11196 = VERTEX_POINT('',#11197);
#11197 = CARTESIAN_POINT('',(6.,0.,-35.41784021679));
#11198 = SURFACE_CURVE('',#11199,(#11265,#11334),.PCURVE_S1.);
#11199 = B_SPLINE_CURVE_WITH_KNOTS('',8,(#11200,#11201,#11202,#11203,
    #11204,#11205,#11206,#11207,#11208,#11209,#11210,#11211,#11212,
    #11213,#11214,#11215,#11216,#11217,#11218,#11219,#11220,#11221,
    #11222,#11223,#11224,#11225,#11226,#11227,#11228,#11229,#11230,
    #11231,#11232,#11233,#11234,#11235,#11236,#11237,#11238,#11239,
    #11240,#11241,#11242,#11243,#11244,#11245,#11246,#11247,#11248,
    #11249,#11250,#11251,#11252,#11253,#11254,#11255,#11256,#11257,
    #11258,#11259,#11260,#11261,#11262,#11263,#11264),.UNSPECIFIED.,.F.,
  .F.,(9,7,7,7,7,7,7,7,7,9),(0.,0.173236389393,0.305789168106,
    0.430499457661,0.511087249029,0.585678649807,0.669310150055,
    0.797920549569,0.898582628927,1.),.UNSPECIFIED.);
#11200 = CARTESIAN_POINT('',(6.,-3.552713678801E-15,-35.41784021679));
#11201 = CARTESIAN_POINT('',(6.,0.81630009248,-35.37994781934));
#11202 = CARTESIAN_POINT('',(5.873075647468,1.63417704101,
    -35.34198166726));
#11203 = CARTESIAN_POINT('',(5.618383415302,2.427831764092,
    -35.30406723203));
#11204 = CARTESIAN_POINT('',(5.24240909093,3.174748116427,
    -35.26617265234));
#11205 = CARTESIAN_POINT('',(4.754698119636,3.854101230675,
    -35.22827870955));
#11206 = CARTESIAN_POINT('',(4.169212693408,4.447723822727,
    -35.19035912287));
#11207 = CARTESIAN_POINT('',(3.5029137462,4.939186534384,-35.15238370316
    ));
#11208 = CARTESIAN_POINT('',(2.226338913291,5.606542146185,
    -35.08552117869));
#11209 = CARTESIAN_POINT('',(1.638165640227,5.830219072213,
    -35.05651643431));
#11210 = CARTESIAN_POINT('',(1.024880009007,5.983010763253,
    -35.02752323565));
#11211 = CARTESIAN_POINT('',(0.396501107771,6.061945573106,
    -34.9985367623));
#11212 = CARTESIAN_POINT('',(-0.236814410075,6.065539169497,
    -34.96954822315));
#11213 = CARTESIAN_POINT('',(-0.864799107769,5.993932209156,
    -34.9405502084));
#11214 = CARTESIAN_POINT('',(-1.477115567029,5.848761357604,
    -34.91154003969));
#11215 = CARTESIAN_POINT('',(-2.615061281262,5.43199453094,
    -34.85528234021));
#11216 = CARTESIAN_POINT('',(-3.144405251058,5.168119625917,
    -34.82799606732));
#11217 = CARTESIAN_POINT('',(-3.642853166802,4.845412453607,
    -34.80072020249));
#11218 = CARTESIAN_POINT('',(-4.102901461097,4.468265882962,
    -34.77345212556));
#11219 = CARTESIAN_POINT('',(-4.517835765042,4.041979268226,
    -34.74618417162));
#11220 = CARTESIAN_POINT('',(-4.881798952273,3.572788621107,
    -34.71890833489));
#11221 = CARTESIAN_POINT('',(-5.189764184083,3.06780678613,
    -34.69162239685));
#11222 = CARTESIAN_POINT('',(-5.598405461853,2.191336892185,
    -34.64673138332));
#11223 = CARTESIAN_POINT('',(-5.733987389126,1.835579764371,
    -34.62910396951));
#11224 = CARTESIAN_POINT('',(-5.84369071131,1.470302357827,
    -34.61147579564));
#11225 = CARTESIAN_POINT('',(-5.926745868276,1.09774034618,
    -34.59384872797));
#11226 = CARTESIAN_POINT('',(-5.982625064061,0.720163985409,
    -34.57622274269));
#11227 = CARTESIAN_POINT('',(-6.011023351838,0.339869911228,
    -34.55859717048));
#11228 = CARTESIAN_POINT('',(-6.011861800175,-4.082117874882E-02,
    -34.54097182498));
#11229 = CARTESIAN_POINT('',(-5.960739148075,-0.770119401177,
    -34.50703556065));
#11230 = CARTESIAN_POINT('',(-5.912691619128,-1.119061491071,
    -34.49072279433));
#11231 = CARTESIAN_POINT('',(-5.841312610987,-1.464505346334,
    -34.47440973555));
#11232 = CARTESIAN_POINT('',(-5.746906126219,-1.804625258176,
    -34.45809645983));
#11233 = CARTESIAN_POINT('',(-5.629937712701,-2.137651690475,
    -34.44178309877));
#11234 = CARTESIAN_POINT('',(-5.491034463627,-2.461871279777,
    -34.42546984003));
#11235 = CARTESIAN_POINT('',(-5.330985017498,-2.775626835293,
    -34.40915692734));
#11236 = CARTESIAN_POINT('',(-4.948649263235,-3.41557120147,
    -34.37455542959));
#11237 = CARTESIAN_POINT('',(-4.72115194792,-3.738679052259,
    -34.35626591003));
#11238 = CARTESIAN_POINT('',(-4.46962113783,-4.044368202719,
    -34.33797582314));
#11239 = CARTESIAN_POINT('',(-4.195619470576,-4.330559608539,
    -34.31968507035));
#11240 = CARTESIAN_POINT('',(-3.900898695744,-4.595367869641,
    -34.3013937332));
#11241 = CARTESIAN_POINT('',(-3.587399674884,-4.837101230184,
    -34.28310207329));
#11242 = CARTESIAN_POINT('',(-3.25725238152,-5.054261578562,
    -34.26481053234));
#11243 = CARTESIAN_POINT('',(-2.383032232391,-5.539703539488,
    -34.21839172873));
#11244 = CARTESIAN_POINT('',(-1.818989349629,-5.772914959092,
    -34.19024608818));
#11245 = CARTESIAN_POINT('',(-1.229375123824,-5.940149212218,
    -34.16211288137));
#11246 = CARTESIAN_POINT('',(-0.623267658121,-6.038400091055,
    -34.13398814745));
#11247 = CARTESIAN_POINT('',(-9.899043014364E-03,-6.066009057226,
    -34.1058630604));
#11248 = CARTESIAN_POINT('',(0.601371860396,-6.022745214431,
    -34.07772995572));
#11249 = CARTESIAN_POINT('',(1.201106072844,-5.909700454927,
    -34.04958491875));
#11250 = CARTESIAN_POINT('',(2.232763128606,-5.589250955538,
    -33.99943626867));
#11251 = CARTESIAN_POINT('',(2.673090174468,-5.407591352946,
    -33.97741417916));
#11252 = CARTESIAN_POINT('',(3.096344638371,-5.186373368196,
    -33.95539547277));
#11253 = CARTESIAN_POINT('',(3.498377286374,-4.927487594709,
    -33.93338047396));
#11254 = CARTESIAN_POINT('',(3.875354263422,-4.633300985159,
    -33.91136582462));
#11255 = CARTESIAN_POINT('',(4.223771097478,-4.306650488509,
    -33.88934818549));
#11256 = CARTESIAN_POINT('',(4.540466703646,-3.950836687045,
    -33.8673279375));
#11257 = CARTESIAN_POINT('',(5.106925267259,-3.185537800326,
    -33.82313264453));
#11258 = CARTESIAN_POINT('',(5.356327867126,-2.775483310647,
    -33.80094635616));
#11259 = CARTESIAN_POINT('',(5.567954374236,-2.343298706862,
    -33.77876195811));
#11260 = CARTESIAN_POINT('',(5.739570974736,-1.893074985061,
    -33.75657985182));
#11261 = CARTESIAN_POINT('',(5.869484577659,-1.429096308716,
    -33.73439687275));
#11262 = CARTESIAN_POINT('',(5.956507055174,-0.955813533628,
    -33.71221013114));
#11263 = CARTESIAN_POINT('',(6.,-0.477844344054,-33.69002072098));
#11264 = CARTESIAN_POINT('',(6.,-3.552713678801E-15,-33.66783729703));
#11265 = PCURVE('',#6406,#11266);
#11266 = DEFINITIONAL_REPRESENTATION('',(#11267),#11333);
#11267 = B_SPLINE_CURVE_WITH_KNOTS('',8,(#11268,#11269,#11270,#11271,
    #11272,#11273,#11274,#11275,#11276,#11277,#11278,#11279,#11280,
    #11281,#11282,#11283,#11284,#11285,#11286,#11287,#11288,#11289,
    #11290,#11291,#11292,#11293,#11294,#11295,#11296,#11297,#11298,
    #11299,#11300,#11301,#11302,#11303,#11304,#11305,#11306,#11307,
    #11308,#11309,#11310,#11311,#11312,#11313,#11314,#11315,#11316,
    #11317,#11318,#11319,#11320,#11321,#11322,#11323,#11324,#11325,
    #11326,#11327,#11328,#11329,#11330,#11331,#11332),.UNSPECIFIED.,.F.,
  .F.,(9,7,7,7,7,7,7,7,7,9),(0.,0.173236389393,0.305789168106,
    0.430499457661,0.511087249029,0.585678649807,0.669310150055,
    0.797920549569,0.898582628927,1.),.UNSPECIFIED.);
#11268 = CARTESIAN_POINT('',(0.268775766001,19.561670417696));
#11269 = CARTESIAN_POINT('',(0.268774878764,19.702898539417));
#11270 = CARTESIAN_POINT('',(0.268777223107,19.844397138876));
#11271 = CARTESIAN_POINT('',(0.268785856769,19.985694405651));
#11272 = CARTESIAN_POINT('',(0.2687990771,20.126911412071));
#11273 = CARTESIAN_POINT('',(0.268800585824,20.268142024864));
#11274 = CARTESIAN_POINT('',(0.268792716823,20.409481009369));
#11275 = CARTESIAN_POINT('',(0.268782197639,20.551031702469));
#11276 = CARTESIAN_POINT('',(0.268767624608,20.800251650143));
#11277 = CARTESIAN_POINT('',(0.268762618128,20.908360653458));
#11278 = CARTESIAN_POINT('',(0.268761119802,21.016421838492));
#11279 = CARTESIAN_POINT('',(0.268764764942,21.124450939843));
#11280 = CARTESIAN_POINT('',(0.268772734137,21.232481840489));
#11281 = CARTESIAN_POINT('',(0.268781294301,21.340547250726));
#11282 = CARTESIAN_POINT('',(0.268787813052,21.448660744829));
#11283 = CARTESIAN_POINT('',(0.268794570703,21.65832685948));
#11284 = CARTESIAN_POINT('',(0.268795162563,21.760023392366));
#11285 = CARTESIAN_POINT('',(0.268792253985,21.861685910117));
#11286 = CARTESIAN_POINT('',(0.268786306237,21.963323548932));
#11287 = CARTESIAN_POINT('',(0.268779866657,22.064961400661));
#11288 = CARTESIAN_POINT('',(0.268776103661,22.166624980016));
#11289 = CARTESIAN_POINT('',(0.268775173813,22.268322341856));
#11290 = CARTESIAN_POINT('',(0.268776337171,22.43563186831));
#11291 = CARTESIAN_POINT('',(0.268777460709,22.501328612124));
#11292 = CARTESIAN_POINT('',(0.268778997316,22.567027625068));
#11293 = CARTESIAN_POINT('',(0.26878025126,22.632722900628));
#11294 = CARTESIAN_POINT('',(0.268780547498,22.698415448597));
#11295 = CARTESIAN_POINT('',(0.26877958132,22.764108179278));
#11296 = CARTESIAN_POINT('',(0.268777655007,22.829801374815));
#11297 = CARTESIAN_POINT('',(0.268774085975,22.956288442942));
#11298 = CARTESIAN_POINT('',(0.268772698734,23.017088852534));
#11299 = CARTESIAN_POINT('',(0.268772611375,23.077888578476));
#11300 = CARTESIAN_POINT('',(0.268774113593,23.138686944173));
#11301 = CARTESIAN_POINT('',(0.268776813208,23.199483994432));
#11302 = CARTESIAN_POINT('',(0.268779636172,23.260280495454));
#11303 = CARTESIAN_POINT('',(0.268780826563,23.321077934837));
#11304 = CARTESIAN_POINT('',(0.268774717577,23.450047831072));
#11305 = CARTESIAN_POINT('',(0.268773099069,23.518216019466));
#11306 = CARTESIAN_POINT('',(0.268773005811,23.586384241349));
#11307 = CARTESIAN_POINT('',(0.268774167348,23.654553232881));
#11308 = CARTESIAN_POINT('',(0.268776128027,23.722723311786));
#11309 = CARTESIAN_POINT('',(0.268778246992,23.790894377359));
#11310 = CARTESIAN_POINT('',(0.268779698189,23.859065910461));
#11311 = CARTESIAN_POINT('',(0.268779120007,24.032071965471));
#11312 = CARTESIAN_POINT('',(0.268776799513,24.136975379631));
#11313 = CARTESIAN_POINT('',(0.268773486877,24.241833805953));
#11314 = CARTESIAN_POINT('',(0.268772956501,24.346656856986));
#11315 = CARTESIAN_POINT('',(0.268777123059,24.451474815501));
#11316 = CARTESIAN_POINT('',(0.268783057775,24.556320243692));
#11317 = CARTESIAN_POINT('',(0.268788338954,24.661211036067));
#11318 = CARTESIAN_POINT('',(0.268793820921,24.848110150857));
#11319 = CARTESIAN_POINT('',(0.268794965269,24.930186048272));
#11320 = CARTESIAN_POINT('',(0.268793847836,25.012252422773));
#11321 = CARTESIAN_POINT('',(0.26879041506,25.094308138179));
#11322 = CARTESIAN_POINT('',(0.268785282643,25.176364870158));
#11323 = CARTESIAN_POINT('',(0.268779459109,25.258433688224));
#11324 = CARTESIAN_POINT('',(0.268774069359,25.340511637753));
#11325 = CARTESIAN_POINT('',(0.268766057148,25.505240697192));
#11326 = CARTESIAN_POINT('',(0.268763389235,25.587933773838));
#11327 = CARTESIAN_POINT('',(0.268762928722,25.670616793218));
#11328 = CARTESIAN_POINT('',(0.268765080366,25.753287706857));
#11329 = CARTESIAN_POINT('',(0.268769501258,25.835958777071));
#11330 = CARTESIAN_POINT('',(0.268775155165,25.918642187999));
#11331 = CARTESIAN_POINT('',(0.268780719405,26.001335667093));
#11332 = CARTESIAN_POINT('',(0.268785344242,26.084008117057));
#11333 = ( GEOMETRIC_REPRESENTATION_CONTEXT(2) 
PARAMETRIC_REPRESENTATION_CONTEXT() REPRESENTATION_CONTEXT('2D SPACE',''
  ) );
#11334 = PCURVE('',#7998,#11335);
#11335 = DEFINITIONAL_REPRESENTATION('',(#11336),#11402);
#11336 = B_SPLINE_CURVE_WITH_KNOTS('',8,(#11337,#11338,#11339,#11340,
    #11341,#11342,#11343,#11344,#11345,#11346,#11347,#11348,#11349,
    #11350,#11351,#11352,#11353,#11354,#11355,#11356,#11357,#11358,
    #11359,#11360,#11361,#11362,#11363,#11364,#11365,#11366,#11367,
    #11368,#11369,#11370,#11371,#11372,#11373,#11374,#11375,#11376,
    #11377,#11378,#11379,#11380,#11381,#11382,#11383,#11384,#11385,
    #11386,#11387,#11388,#11389,#11390,#11391,#11392,#11393,#11394,
    #11395,#11396,#11397,#11398,#11399,#11400,#11401),.UNSPECIFIED.,.F.,
  .F.,(9,7,7,7,7,7,7,7,7,9),(0.,0.173236389393,0.305789168106,
    0.430499457661,0.511087249029,0.585678649807,0.669310150055,
    0.797920549569,0.898582628927,1.),.UNSPECIFIED.);
#11337 = CARTESIAN_POINT('',(0.,-35.41784021679));
#11338 = CARTESIAN_POINT('',(0.136050015413,-35.37994781934));
#11339 = CARTESIAN_POINT('',(0.272362042652,-35.34198166726));
#11340 = CARTESIAN_POINT('',(0.408480860729,-35.30406723203));
#11341 = CARTESIAN_POINT('',(0.544520817263,-35.26617265234));
#11342 = CARTESIAN_POINT('',(0.680571922517,-35.22827870955));
#11343 = CARTESIAN_POINT('',(0.816727438264,-35.19035912287));
#11344 = CARTESIAN_POINT('',(0.953087259645,-35.15238370316));
#11345 = CARTESIAN_POINT('',(1.19316865884,-35.08552117869));
#11346 = CARTESIAN_POINT('',(1.297313688098,-35.05651643431));
#11347 = CARTESIAN_POINT('',(1.401412875993,-35.02752323565));
#11348 = CARTESIAN_POINT('',(1.505481181553,-34.9985367623));
#11349 = CARTESIAN_POINT('',(1.609550850973,-34.96954822315));
#11350 = CARTESIAN_POINT('',(1.713653349889,-34.9405502084));
#11351 = CARTESIAN_POINT('',(1.817802035686,-34.91154003969));
#11352 = CARTESIAN_POINT('',(2.019779415906,-34.85528234021));
#11353 = CARTESIAN_POINT('',(2.117746728667,-34.82799606732));
#11354 = CARTESIAN_POINT('',(2.215681636705,-34.80072020249));
#11355 = CARTESIAN_POINT('',(2.313593170956,-34.77345212556));
#11356 = CARTESIAN_POINT('',(2.411505583328,-34.74618417162));
#11357 = CARTESIAN_POINT('',(2.509442932244,-34.71890833489));
#11358 = CARTESIAN_POINT('',(2.60741233024,-34.69162239685));
#11359 = CARTESIAN_POINT('',(2.768587456603,-34.64673138332));
#11360 = CARTESIAN_POINT('',(2.831875108214,-34.62910396951));
#11361 = CARTESIAN_POINT('',(2.895164556692,-34.61147579564));
#11362 = CARTESIAN_POINT('',(2.958449986546,-34.59384872797));
#11363 = CARTESIAN_POINT('',(3.021732476843,-34.57622274269));
#11364 = CARTESIAN_POINT('',(3.085015083491,-34.55859717048));
#11365 = CARTESIAN_POINT('',(3.148298399513,-34.54097182498));
#11366 = CARTESIAN_POINT('',(3.270146372048,-34.50703556065));
#11367 = CARTESIAN_POINT('',(3.328717755736,-34.49072279433));
#11368 = CARTESIAN_POINT('',(3.38728888109,-34.47440973555));
#11369 = CARTESIAN_POINT('',(3.445858752979,-34.45809645983));
#11370 = CARTESIAN_POINT('',(3.504427244392,-34.44178309877));
#11371 = CARTESIAN_POINT('',(3.562995096439,-34.42546984003));
#11372 = CARTESIAN_POINT('',(3.62156391835,-34.40915692734));
#11373 = CARTESIAN_POINT('',(3.745807118565,-34.37455542959));
#11374 = CARTESIAN_POINT('',(3.811477062742,-34.35626591003));
#11375 = CARTESIAN_POINT('',(3.877146601428,-34.33797582314));
#11376 = CARTESIAN_POINT('',(3.942816146558,-34.31968507035));
#11377 = CARTESIAN_POINT('',(4.008485940582,-34.3013937332));
#11378 = CARTESIAN_POINT('',(4.074156056463,-34.28310207329));
#11379 = CARTESIAN_POINT('',(4.139826397678,-34.26481053234));
#11380 = CARTESIAN_POINT('',(4.306485961408,-34.21839172873));
#11381 = CARTESIAN_POINT('',(4.407541556401,-34.19024608818));
#11382 = CARTESIAN_POINT('',(4.508554992283,-34.16211288137));
#11383 = CARTESIAN_POINT('',(4.609535672281,-34.13398814745));
#11384 = CARTESIAN_POINT('',(4.710511812238,-34.1058630604));
#11385 = CARTESIAN_POINT('',(4.811514145432,-34.07772995572));
#11386 = CARTESIAN_POINT('',(4.912559671603,-34.04958491875));
#11387 = CARTESIAN_POINT('',(5.092606283034,-33.99943626867));
#11388 = CARTESIAN_POINT('',(5.171672640567,-33.97741417916));
#11389 = CARTESIAN_POINT('',(5.250729565686,-33.95539547277));
#11390 = CARTESIAN_POINT('',(5.329776081037,-33.93338047396));
#11391 = CARTESIAN_POINT('',(5.40882358134,-33.91136582462));
#11392 = CARTESIAN_POINT('',(5.487882855664,-33.88934818549));
#11393 = CARTESIAN_POINT('',(5.566951109706,-33.8673279375));
#11394 = CARTESIAN_POINT('',(5.725639981604,-33.82313264453));
#11395 = CARTESIAN_POINT('',(5.805301037565,-33.80094635616));
#11396 = CARTESIAN_POINT('',(5.884952497584,-33.77876195811));
#11397 = CARTESIAN_POINT('',(5.964592272044,-33.75657985182));
#11398 = CARTESIAN_POINT('',(6.044232060973,-33.73439687275));
#11399 = CARTESIAN_POINT('',(6.123883550259,-33.71221013114));
#11400 = CARTESIAN_POINT('',(6.203544583171,-33.69002072098));
#11401 = CARTESIAN_POINT('',(6.28318530718,-33.66783729703));
#11402 = ( GEOMETRIC_REPRESENTATION_CONTEXT(2) 
PARAMETRIC_REPRESENTATION_CONTEXT() REPRESENTATION_CONTEXT('2D SPACE',''
  ) );
#11403 = ORIENTED_EDGE('',*,*,#11404,.F.);
#11404 = EDGE_CURVE('',#11405,#11196,#11407,.T.);
#11405 = VERTEX_POINT('',#11406);
#11406 = CARTESIAN_POINT('',(6.,0.,-37.16784169693));
#11407 = SURFACE_CURVE('',#11408,(#11481,#11557),.PCURVE_S1.);
#11408 = B_SPLINE_CURVE_WITH_KNOTS('',8,(#11409,#11410,#11411,#11412,
    #11413,#11414,#11415,#11416,#11417,#11418,#11419,#11420,#11421,
    #11422,#11423,#11424,#11425,#11426,#11427,#11428,#11429,#11430,
    #11431,#11432,#11433,#11434,#11435,#11436,#11437,#11438,#11439,
    #11440,#11441,#11442,#11443,#11444,#11445,#11446,#11447,#11448,
    #11449,#11450,#11451,#11452,#11453,#11454,#11455,#11456,#11457,
    #11458,#11459,#11460,#11461,#11462,#11463,#11464,#11465,#11466,
    #11467,#11468,#11469,#11470,#11471,#11472,#11473,#11474,#11475,
    #11476,#11477,#11478,#11479,#11480),.UNSPECIFIED.,.F.,.F.,(9,7,7,7,7
    ,7,7,7,7,7,9),(0.,0.115581760446,0.174067458525,0.24724839992,
    0.393360793815,0.542698894689,0.662196519734,0.769778975871,
    0.826907229259,0.902530723073,1.),.UNSPECIFIED.);
#11409 = CARTESIAN_POINT('',(6.,8.881784197001E-16,-37.16784169693));
#11410 = CARTESIAN_POINT('',(6.,0.544305754057,-37.14257481865));
#11411 = CARTESIAN_POINT('',(5.9435678416,1.088930815758,-37.1172924025)
  );
#11412 = CARTESIAN_POINT('',(5.830587843777,1.626624192089,
    -37.09201434986));
#11413 = CARTESIAN_POINT('',(5.662180441602,2.150532766861,
    -37.06674143366));
#11414 = CARTESIAN_POINT('',(5.440329604828,2.654131007759,
    -37.04147021944));
#11415 = CARTESIAN_POINT('',(5.167891773354,3.131237611275,
    -37.01619644129));
#11416 = CARTESIAN_POINT('',(4.848551246676,3.576022394112,
    -36.9909152821));
#11417 = CARTESIAN_POINT('',(4.304257068996,4.189183673362,
    -36.95285508235));
#11418 = CARTESIAN_POINT('',(4.11052562459,4.385644400433,
    -36.94006396779));
#11419 = CARTESIAN_POINT('',(3.906560025298,4.571854383013,
    -36.92727208971));
#11420 = CARTESIAN_POINT('',(3.693010525537,4.747179536967,
    -36.91448094081));
#11421 = CARTESIAN_POINT('',(3.470560161518,4.911044385541,
    -36.90169117094));
#11422 = CARTESIAN_POINT('',(3.239924751242,5.062932059355,
    -36.88890258705));
#11423 = CARTESIAN_POINT('',(3.001852894502,5.202384296408,
    -36.87611415323));
#11424 = CARTESIAN_POINT('',(2.450908434282,5.487432686317,
    -36.8473201442));
#11425 = CARTESIAN_POINT('',(2.134278305646,5.625760464992,
    -36.8313158631));
#11426 = CARTESIAN_POINT('',(1.808795525093,5.743175506596,
    -36.81531079467));
#11427 = CARTESIAN_POINT('',(1.476068024766,5.839023092591,
    -36.79930493514));
#11428 = CARTESIAN_POINT('',(1.137751730831,5.912803057396,
    -36.78329862961));
#11429 = CARTESIAN_POINT('',(0.795550563479,5.964169788398,
    -36.7672925721));
#11430 = CARTESIAN_POINT('',(0.451216436924,5.992932225944,
    -36.75128780555));
#11431 = CARTESIAN_POINT('',(-0.58161005427,6.011276268227,
    -36.7033361087));
#11432 = CARTESIAN_POINT('',(-1.272202506773,5.933296454003,
    -36.6713489632));
#11433 = CARTESIAN_POINT('',(-1.950160827899,5.764467979597,
    -36.63938234855));
#11434 = CARTESIAN_POINT('',(-2.60169689551,5.50761965606,
    -36.60742697242));
#11435 = CARTESIAN_POINT('',(-3.213894488173,5.167500283111,
    -36.57546945468));
#11436 = CARTESIAN_POINT('',(-3.774891234898,4.751080421943,
    -36.54349942859));
#11437 = CARTESIAN_POINT('',(-4.273766220764,4.267168631523,
    -36.51150868046));
#11438 = CARTESIAN_POINT('',(-5.138535394958,3.17654074099,
    -36.44689826716));
#11439 = CARTESIAN_POINT('',(-5.5023404525,2.565975060381,-36.4141990618
    ));
#11440 = CARTESIAN_POINT('',(-5.782463137006,1.908515335936,
    -36.38152438426));
#11441 = CARTESIAN_POINT('',(-5.972445362687,1.217751252672,
    -36.34886521903));
#11442 = CARTESIAN_POINT('',(-6.068052401666,0.507778214822,
    -36.31620573842));
#11443 = CARTESIAN_POINT('',(-6.067701214762,-0.206790628197,
    -36.28353105147));
#11444 = CARTESIAN_POINT('',(-5.972025040612,-0.910980541406,
    -36.25083178955));
#11445 = CARTESIAN_POINT('',(-5.636531791941,-2.132236677262,
    -36.19203580986));
#11446 = CARTESIAN_POINT('',(-5.429110115139,-2.659398069578,
    -36.16588589507));
#11447 = CARTESIAN_POINT('',(-5.165413018601,-3.163107879225,
    -36.13974331843));
#11448 = CARTESIAN_POINT('',(-4.848672871092,-3.636406843132,
    -36.11360796318));
#11449 = CARTESIAN_POINT('',(-4.483010322076,-4.072992149134,
    -36.08747484075));
#11450 = CARTESIAN_POINT('',(-4.073327905923,-4.467161785217,
    -36.06133797428));
#11451 = CARTESIAN_POINT('',(-3.625382717432,-4.813890862397,
    -36.03519446609));
#11452 = CARTESIAN_POINT('',(-2.714414619978,-5.374834320242,
    -35.98553655066));
#11453 = CARTESIAN_POINT('',(-2.257020350222,-5.599017443428,
    -35.96200198329));
#11454 = CARTESIAN_POINT('',(-1.778713034893,-5.778545628278,
    -35.93847133508));
#11455 = CARTESIAN_POINT('',(-1.284627856265,-5.911224207197,
    -35.91494396372));
#11456 = CARTESIAN_POINT('',(-0.780053453697,-5.99556994833,
    -35.89141622784));
#11457 = CARTESIAN_POINT('',(-0.270411045932,-6.030749889641,
    -35.86788481904));
#11458 = CARTESIAN_POINT('',(0.238741058901,-6.016636317315,
    -35.84434940441));
#11459 = CARTESIAN_POINT('',(1.00880497087,-5.920705708625,
    -35.80832627563));
#11460 = CARTESIAN_POINT('',(1.274190830415,-5.873739891783,
    -35.79583205278));
#11461 = CARTESIAN_POINT('',(1.537060945983,-5.81318146362,
    -35.7833375745));
#11462 = CARTESIAN_POINT('',(1.796611042787,-5.73918810682,
    -35.7708424924));
#11463 = CARTESIAN_POINT('',(2.05204540206,-5.651973511786,
    -35.75834649844));
#11464 = CARTESIAN_POINT('',(2.302577828288,-5.551809324504,
    -35.74584954483));
#11465 = CARTESIAN_POINT('',(2.547433431738,-5.439030078726,
    -35.73335218757));
#11466 = CARTESIAN_POINT('',(3.101456649829,-5.148587037579,
    -35.70431430348));
#11467 = CARTESIAN_POINT('',(3.405906169965,-4.96167214839,
    -35.68776902288));
#11468 = CARTESIAN_POINT('',(3.69742350862,-4.75420539848,
    -35.67121888327));
#11469 = CARTESIAN_POINT('',(3.974380253219,-4.527257039236,
    -35.65467497235));
#11470 = CARTESIAN_POINT('',(4.235278986085,-4.282030964309,
    -35.63813460887));
#11471 = CARTESIAN_POINT('',(4.47874533534,-4.019853448081,
    -35.62159048164));
#11472 = CARTESIAN_POINT('',(4.703529855639,-3.742173343153,
    -35.60504481532));
#11473 = CARTESIAN_POINT('',(5.172728279159,-3.074726820075,
    -35.56717182188));
#11474 = CARTESIAN_POINT('',(5.40413842918,-2.675633929082,
    -35.54583707399));
#11475 = CARTESIAN_POINT('',(5.60024857357,-2.256767778845,
    -35.52450270067));
#11476 = CARTESIAN_POINT('',(5.759125791103,-1.821811558733,
    -35.50317075425));
#11477 = CARTESIAN_POINT('',(5.879309771059,-1.374606955595,
    -35.48183931805));
#11478 = CARTESIAN_POINT('',(5.959781838969,-0.919131779743,
    -35.46050570093));
#11479 = CARTESIAN_POINT('',(6.,-0.459502258886,-35.43917016932));
#11480 = CARTESIAN_POINT('',(6.,-3.552713678801E-15,-35.41784021679));
#11481 = PCURVE('',#6406,#11482);
#11482 = DEFINITIONAL_REPRESENTATION('',(#11483),#11556);
#11483 = B_SPLINE_CURVE_WITH_KNOTS('',8,(#11484,#11485,#11486,#11487,
    #11488,#11489,#11490,#11491,#11492,#11493,#11494,#11495,#11496,
    #11497,#11498,#11499,#11500,#11501,#11502,#11503,#11504,#11505,
    #11506,#11507,#11508,#11509,#11510,#11511,#11512,#11513,#11514,
    #11515,#11516,#11517,#11518,#11519,#11520,#11521,#11522,#11523,
    #11524,#11525,#11526,#11527,#11528,#11529,#11530,#11531,#11532,
    #11533,#11534,#11535,#11536,#11537,#11538,#11539,#11540,#11541,
    #11542,#11543,#11544,#11545,#11546,#11547,#11548,#11549,#11550,
    #11551,#11552,#11553,#11554,#11555),.UNSPECIFIED.,.F.,.F.,(9,7,7,7,7
    ,7,7,7,7,7,9),(0.,0.115581760446,0.174067458525,0.24724839992,
    0.393360793815,0.542698894689,0.662196519734,0.769778975871,
    0.826907229259,0.902530723073,1.),.UNSPECIFIED.);
#11484 = CARTESIAN_POINT('',(0.26877580207,13.039324964693));
#11485 = CARTESIAN_POINT('',(0.268776281481,13.133495264075));
#11486 = CARTESIAN_POINT('',(0.268778258579,13.227721430246));
#11487 = CARTESIAN_POINT('',(0.268780875169,13.321930460596));
#11488 = CARTESIAN_POINT('',(0.268782090615,13.416122258597));
#11489 = CARTESIAN_POINT('',(0.268779612816,13.510312751847));
#11490 = CARTESIAN_POINT('',(0.268773108447,13.604518294473));
#11491 = CARTESIAN_POINT('',(0.268771451166,13.698744732656));
#11492 = CARTESIAN_POINT('',(0.268774934998,13.840592296147));
#11493 = CARTESIAN_POINT('',(0.268778146445,13.888261054518));
#11494 = CARTESIAN_POINT('',(0.268780996387,13.935933152074));
#11495 = CARTESIAN_POINT('',(0.268782055819,13.983604975344));
#11496 = CARTESIAN_POINT('',(0.268780869127,14.031274724053));
#11497 = CARTESIAN_POINT('',(0.268777954097,14.078942411118));
#11498 = CARTESIAN_POINT('',(0.268774801908,14.126609862655));
#11499 = CARTESIAN_POINT('',(0.268772720006,14.233929455759));
#11500 = CARTESIAN_POINT('',(0.268773526639,14.293577133977));
#11501 = CARTESIAN_POINT('',(0.26877528883,14.353226442702));
#11502 = CARTESIAN_POINT('',(0.268777227725,14.412878458697));
#11503 = CARTESIAN_POINT('',(0.268778793827,14.472532645418));
#11504 = CARTESIAN_POINT('',(0.268779666992,14.532186853005));
#11505 = CARTESIAN_POINT('',(0.268779756432,14.591837318289));
#11506 = CARTESIAN_POINT('',(0.268778091167,14.770558028157));
#11507 = CARTESIAN_POINT('',(0.268774958821,14.889780036092));
#11508 = CARTESIAN_POINT('',(0.268771947095,15.008925359531));
#11509 = CARTESIAN_POINT('',(0.268774979898,15.128020548967));
#11510 = CARTESIAN_POINT('',(0.268783447737,15.247116304701));
#11511 = CARTESIAN_POINT('',(0.268790657253,15.366260396867));
#11512 = CARTESIAN_POINT('',(0.26879408992,15.485486874642));
#11513 = CARTESIAN_POINT('',(0.268792749754,15.726295032579));
#11514 = CARTESIAN_POINT('',(0.268787802993,15.848173400398));
#11515 = CARTESIAN_POINT('',(0.268778397222,15.969966435941));
#11516 = CARTESIAN_POINT('',(0.2687671205,16.091704209086));
#11517 = CARTESIAN_POINT('',(0.268760691579,16.213436542933));
#11518 = CARTESIAN_POINT('',(0.268761380202,16.335215839922));
#11519 = CARTESIAN_POINT('',(0.268766846782,16.457080209642));
#11520 = CARTESIAN_POINT('',(0.268779657818,16.676198365542));
#11521 = CARTESIAN_POINT('',(0.268786405203,16.773651234462));
#11522 = CARTESIAN_POINT('',(0.26879264594,16.871077444944));
#11523 = CARTESIAN_POINT('',(0.268796223703,16.968480374458));
#11524 = CARTESIAN_POINT('',(0.268795948789,17.065880239005));
#11525 = CARTESIAN_POINT('',(0.268792454478,17.163298450584));
#11526 = CARTESIAN_POINT('',(0.268787837396,17.260742948344));
#11527 = CARTESIAN_POINT('',(0.268779733761,17.445831607289));
#11528 = CARTESIAN_POINT('',(0.26877619711,17.533550974589));
#11529 = CARTESIAN_POINT('',(0.268774021962,17.621253877383));
#11530 = CARTESIAN_POINT('',(0.268774262825,17.708941270698));
#11531 = CARTESIAN_POINT('',(0.268776555793,17.796627222544));
#11532 = CARTESIAN_POINT('',(0.268779140194,17.88432646566));
#11533 = CARTESIAN_POINT('',(0.268780079043,17.972042883594));
#11534 = CARTESIAN_POINT('',(0.268779102875,18.106304265811));
#11535 = CARTESIAN_POINT('',(0.268778312244,18.152871954474));
#11536 = CARTESIAN_POINT('',(0.268777082126,18.199441194658));
#11537 = CARTESIAN_POINT('',(0.268775509407,18.246013152651));
#11538 = CARTESIAN_POINT('',(0.26877390904,18.292588546801));
#11539 = CARTESIAN_POINT('',(0.268772776026,18.339166879892));
#11540 = CARTESIAN_POINT('',(0.268772575617,18.385745444896));
#11541 = CARTESIAN_POINT('',(0.268774402414,18.493968635936));
#11542 = CARTESIAN_POINT('',(0.26877485257,18.555633131498));
#11543 = CARTESIAN_POINT('',(0.268788484769,18.617297750323));
#11544 = CARTESIAN_POINT('',(0.268784319662,18.678963439609));
#11545 = CARTESIAN_POINT('',(0.268772843591,18.740625883619));
#11546 = CARTESIAN_POINT('',(0.268773837113,18.802285340778));
#11547 = CARTESIAN_POINT('',(0.268772883194,18.863953191752));
#11548 = CARTESIAN_POINT('',(0.268774578402,19.005105473054));
#11549 = CARTESIAN_POINT('',(0.268777519008,19.084617163256));
#11550 = CARTESIAN_POINT('',(0.268780287343,19.164127692169));
#11551 = CARTESIAN_POINT('',(0.2687811629,19.243631758101));
#11552 = CARTESIAN_POINT('',(0.268779890351,19.323136853051));
#11553 = CARTESIAN_POINT('',(0.268777692017,19.402651339344));
#11554 = CARTESIAN_POINT('',(0.268776265434,19.482171907838));
#11555 = CARTESIAN_POINT('',(0.268775766001,19.561670417696));
#11556 = ( GEOMETRIC_REPRESENTATION_CONTEXT(2) 
PARAMETRIC_REPRESENTATION_CONTEXT() REPRESENTATION_CONTEXT('2D SPACE',''
  ) );
#11557 = PCURVE('',#7770,#11558);
#11558 = DEFINITIONAL_REPRESENTATION('',(#11559),#11632);
#11559 = B_SPLINE_CURVE_WITH_KNOTS('',8,(#11560,#11561,#11562,#11563,
    #11564,#11565,#11566,#11567,#11568,#11569,#11570,#11571,#11572,
    #11573,#11574,#11575,#11576,#11577,#11578,#11579,#11580,#11581,
    #11582,#11583,#11584,#11585,#11586,#11587,#11588,#11589,#11590,
    #11591,#11592,#11593,#11594,#11595,#11596,#11597,#11598,#11599,
    #11600,#11601,#11602,#11603,#11604,#11605,#11606,#11607,#11608,
    #11609,#11610,#11611,#11612,#11613,#11614,#11615,#11616,#11617,
    #11618,#11619,#11620,#11621,#11622,#11623,#11624,#11625,#11626,
    #11627,#11628,#11629,#11630,#11631),.UNSPECIFIED.,.F.,.F.,(9,7,7,7,7
    ,7,7,7,7,7,9),(0.,0.115581760446,0.174067458525,0.24724839992,
    0.393360793815,0.542698894689,0.662196519734,0.769778975871,
    0.826907229259,0.902530723073,1.),.UNSPECIFIED.);
#11560 = CARTESIAN_POINT('',(0.,-37.16784169693));
#11561 = CARTESIAN_POINT('',(9.07176256761E-02,-37.14257481865));
#11562 = CARTESIAN_POINT('',(0.18148843533,-37.1172924025));
#11563 = CARTESIAN_POINT('',(0.272241851846,-37.09201434986));
#11564 = CARTESIAN_POINT('',(0.362977807745,-37.06674143366));
#11565 = CARTESIAN_POINT('',(0.453712113788,-37.04147021944));
#11566 = CARTESIAN_POINT('',(0.544461964036,-37.01619644129));
#11567 = CARTESIAN_POINT('',(0.635234043789,-36.9909152821));
#11568 = CARTESIAN_POINT('',(0.771882711936,-36.95285508235));
#11569 = CARTESIAN_POINT('',(0.817804253608,-36.94006396779));
#11570 = CARTESIAN_POINT('',(0.863728984577,-36.92727208971));
#11571 = CARTESIAN_POINT('',(0.909653468423,-36.91448094081));
#11572 = CARTESIAN_POINT('',(0.955575992084,-36.90169117094));
#11573 = CARTESIAN_POINT('',(1.001496565856,-36.88890258705));
#11574 = CARTESIAN_POINT('',(1.047416923392,-36.87611415323));
#11575 = CARTESIAN_POINT('',(1.150802982902,-36.8473201442));
#11576 = CARTESIAN_POINT('',(1.208263908117,-36.8313158631));
#11577 = CARTESIAN_POINT('',(1.265725884452,-36.81531079467));
#11578 = CARTESIAN_POINT('',(1.323190000467,-36.79930493514));
#11579 = CARTESIAN_POINT('',(1.380655846176,-36.78329862961));
#11580 = CARTESIAN_POINT('',(1.438121513045,-36.7672925721));
#11581 = CARTESIAN_POINT('',(1.495583593997,-36.75128780555));
#11582 = CARTESIAN_POINT('',(1.667748491116,-36.7033361087));
#11583 = CARTESIAN_POINT('',(1.782598013525,-36.6713489632));
#11584 = CARTESIAN_POINT('',(1.897375345971,-36.63938234855));
#11585 = CARTESIAN_POINT('',(2.012105785798,-36.60742697242));
#11586 = CARTESIAN_POINT('',(2.126836359376,-36.57546945468));
#11587 = CARTESIAN_POINT('',(2.241612662525,-36.54349942859));
#11588 = CARTESIAN_POINT('',(2.356467595889,-36.51150868046));
#11589 = CARTESIAN_POINT('',(2.588445499545,-36.44689826716));
#11590 = CARTESIAN_POINT('',(2.705854259937,-36.4141990618));
#11591 = CARTESIAN_POINT('',(2.823180734399,-36.38152438426));
#11592 = CARTESIAN_POINT('',(2.940454467694,-36.34886521903));
#11593 = CARTESIAN_POINT('',(3.057723625425,-36.31620573842));
#11594 = CARTESIAN_POINT('',(3.175038017525,-36.28353105147));
#11595 = CARTESIAN_POINT('',(3.292434059358,-36.25083178955));
#11596 = CARTESIAN_POINT('',(3.503517393959,-36.19203580986));
#11597 = CARTESIAN_POINT('',(3.597396578578,-36.16588589507));
#11598 = CARTESIAN_POINT('',(3.691249894943,-36.13974331843));
#11599 = CARTESIAN_POINT('',(3.785080720675,-36.11360796318));
#11600 = CARTESIAN_POINT('',(3.878908862526,-36.08747484075));
#11601 = CARTESIAN_POINT('',(3.972755222432,-36.06133797428));
#11602 = CARTESIAN_POINT('',(4.066627405237,-36.03519446609));
#11603 = CARTESIAN_POINT('',(4.244931175176,-35.98553655066));
#11604 = CARTESIAN_POINT('',(4.329435167195,-35.96200198329));
#11605 = CARTESIAN_POINT('',(4.413923302598,-35.93847133508));
#11606 = CARTESIAN_POINT('',(4.498396199341,-35.91494396372));
#11607 = CARTESIAN_POINT('',(4.582866977149,-35.89141622784));
#11608 = CARTESIAN_POINT('',(4.667349632988,-35.86788481904));
#11609 = CARTESIAN_POINT('',(4.75184823123,-35.84434940441));
#11610 = CARTESIAN_POINT('',(4.881184261077,-35.80832627563));
#11611 = CARTESIAN_POINT('',(4.926043611804,-35.79583205278));
#11612 = CARTESIAN_POINT('',(4.970904528632,-35.7833375745));
#11613 = CARTESIAN_POINT('',(5.015768236187,-35.7708424924));
#11614 = CARTESIAN_POINT('',(5.060635531065,-35.75834649844));
#11615 = CARTESIAN_POINT('',(5.10550601314,-35.74584954483));
#11616 = CARTESIAN_POINT('',(5.150377083998,-35.73335218757));
#11617 = CARTESIAN_POINT('',(5.254633563458,-35.70431430348));
#11618 = CARTESIAN_POINT('',(5.314038405463,-35.68776902288));
#11619 = CARTESIAN_POINT('',(5.37344392527,-35.67121888327));
#11620 = CARTESIAN_POINT('',(5.43284675112,-35.65467497235));
#11621 = CARTESIAN_POINT('',(5.492248133576,-35.63813460887));
#11622 = CARTESIAN_POINT('',(5.551650983334,-35.62159048164));
#11623 = CARTESIAN_POINT('',(5.611057457187,-35.60504481532));
#11624 = CARTESIAN_POINT('',(5.747034581672,-35.56717182188));
#11625 = CARTESIAN_POINT('',(5.823630135387,-35.54583707399));
#11626 = CARTESIAN_POINT('',(5.900223652047,-35.52450270067));
#11627 = CARTESIAN_POINT('',(5.976810674324,-35.50317075425));
#11628 = CARTESIAN_POINT('',(6.053399046829,-35.48183931805));
#11629 = CARTESIAN_POINT('',(6.129997106619,-35.46050570093));
#11630 = CARTESIAN_POINT('',(6.206601597365,-35.43917016932));
#11631 = CARTESIAN_POINT('',(6.28318530718,-35.41784021679));
#11632 = ( GEOMETRIC_REPRESENTATION_CONTEXT(2) 
PARAMETRIC_REPRESENTATION_CONTEXT() REPRESENTATION_CONTEXT('2D SPACE',''
  ) );
#11633 = ORIENTED_EDGE('',*,*,#11634,.F.);
#11634 = EDGE_CURVE('',#11635,#11405,#11637,.T.);
#11635 = VERTEX_POINT('',#11636);
#11636 = CARTESIAN_POINT('',(0.423199940622,5.985056541943,-38.5));
#11637 = SURFACE_CURVE('',#11638,(#11690,#11745),.PCURVE_S1.);
#11638 = B_SPLINE_CURVE_WITH_KNOTS('',8,(#11639,#11640,#11641,#11642,
    #11643,#11644,#11645,#11646,#11647,#11648,#11649,#11650,#11651,
    #11652,#11653,#11654,#11655,#11656,#11657,#11658,#11659,#11660,
    #11661,#11662,#11663,#11664,#11665,#11666,#11667,#11668,#11669,
    #11670,#11671,#11672,#11673,#11674,#11675,#11676,#11677,#11678,
    #11679,#11680,#11681,#11682,#11683,#11684,#11685,#11686,#11687,
    #11688,#11689),.UNSPECIFIED.,.F.,.F.,(9,7,7,7,7,7,7,9),(0.,
    0.189459079858,0.286447105503,0.388599003896,0.587941811131,
    0.784406784304,0.886109830769,1.),.UNSPECIFIED.);
#11639 = CARTESIAN_POINT('',(0.423212834715,5.985055630195,-38.5000006)
  );
#11640 = CARTESIAN_POINT('',(-0.25453416631,6.032980202204,
    -38.4684630386));
#11641 = CARTESIAN_POINT('',(-0.939245777605,5.99324646434,
    -38.43688975557));
#11642 = CARTESIAN_POINT('',(-1.616521189588,5.864491481913,
    -38.40533401988));
#11643 = CARTESIAN_POINT('',(-2.272970421182,5.648679611745,
    -38.37378911418));
#11644 = CARTESIAN_POINT('',(-2.895922367636,5.349664983811,
    -38.34224302144));
#11645 = CARTESIAN_POINT('',(-3.473585769544,4.973461900485,
    -38.31068897269));
#11646 = CARTESIAN_POINT('',(-3.994980543471,4.527892570596,
    -38.2791163263));
#11647 = CARTESIAN_POINT('',(-4.683939323917,3.765860027068,
    -38.23142974224));
#11648 = CARTESIAN_POINT('',(-4.900135084435,3.492365095966,
    -38.21528205564));
#11649 = CARTESIAN_POINT('',(-5.098032639492,3.204747391684,
    -38.19913395263));
#11650 = CARTESIAN_POINT('',(-5.27655793457,2.904442634093,
    -38.18298620263));
#11651 = CARTESIAN_POINT('',(-5.434782513199,2.592966438411,
    -38.16683925812));
#11652 = CARTESIAN_POINT('',(-5.571923516956,2.271914315205,
    -38.1506932547));
#11653 = CARTESIAN_POINT('',(-5.687343685463,1.942961670385,
    -38.13454801109));
#11654 = CARTESIAN_POINT('',(-5.87872162501,1.254924534127,
    -38.10139844987));
#11655 = CARTESIAN_POINT('',(-5.952267441315,0.895117333681,
    -38.08439319275));
#11656 = CARTESIAN_POINT('',(-6.00062476159,0.530486471521,
    -38.06738721193));
#11657 = CARTESIAN_POINT('',(-6.023432929486,0.163086633793,
    -38.05038061699));
#11658 = CARTESIAN_POINT('',(-6.020534676027,-0.205017074867,
    -38.0333736728));
#11659 = CARTESIAN_POINT('',(-5.99197611961,-0.571749131328,
    -38.01636679961));
#11660 = CARTESIAN_POINT('',(-5.938006766001,-0.935023593965,
    -37.99936057296));
#11661 = CARTESIAN_POINT('',(-5.705058081844,-1.990812484458,
    -37.94917186285));
#11662 = CARTESIAN_POINT('',(-5.455781905451,-2.668828484993,
    -37.91594537884));
#11663 = CARTESIAN_POINT('',(-5.114474325663,-3.310119658477,
    -37.88274492613));
#11664 = CARTESIAN_POINT('',(-4.687980963267,-3.900497348886,
    -37.8495573107));
#11665 = CARTESIAN_POINT('',(-4.18500316748,-4.427246136817,
    -37.81636718598));
#11666 = CARTESIAN_POINT('',(-3.616464323038,-4.879496129725,
    -37.78316255451));
#11667 = CARTESIAN_POINT('',(-2.995049645669,-5.247925105678,
    -37.74993260283));
#11668 = CARTESIAN_POINT('',(-1.687686546297,-5.800698712032,
    -37.68404414685));
#11669 = CARTESIAN_POINT('',(-1.001049026088,-5.988364419748,
    -37.65129629824));
#11670 = CARTESIAN_POINT('',(-0.291513794958,-6.082569196116,
    -37.6185725257));
#11671 = CARTESIAN_POINT('',(0.426013392096,-6.080712564981,
    -37.58586401666));
#11672 = CARTESIAN_POINT('',(1.136751776249,-5.982488631378,
    -37.55315476289));
#11673 = CARTESIAN_POINT('',(1.826136995059,-5.790304493013,
    -37.52043032519));
#11674 = CARTESIAN_POINT('',(2.479857656482,-5.508790908673,
    -37.48768082763));
#11675 = CARTESIAN_POINT('',(3.397115950426,-4.95909731134,
    -37.43803670695));
#11676 = CARTESIAN_POINT('',(3.696964298964,-4.749856374233,
    -37.42110293232));
#11677 = CARTESIAN_POINT('',(3.982018368702,-4.519945112423,
    -37.40416985593));
#11678 = CARTESIAN_POINT('',(4.250623974504,-4.270583770729,
    -37.38723722751));
#11679 = CARTESIAN_POINT('',(4.501253098464,-4.00314241796,
    -37.37030435271));
#11680 = CARTESIAN_POINT('',(4.732512066315,-3.719144459474,
    -37.35337110641));
#11681 = CARTESIAN_POINT('',(4.943149723829,-3.420270149734,
    -37.33643894603));
#11682 = CARTESIAN_POINT('',(5.343619380412,-2.759073736078,
    -37.30055653089));
#11683 = CARTESIAN_POINT('',(5.528049511531,-2.393243839874,
    -37.28159698331));
#11684 = CARTESIAN_POINT('',(5.683810062975,-2.013417904771,
    -37.26263774874));
#11685 = CARTESIAN_POINT('',(5.809661984802,-1.622240695362,
    -37.24367944373));
#11686 = CARTESIAN_POINT('',(5.904674126891,-1.22244855465,
    -37.22472077401));
#11687 = CARTESIAN_POINT('',(5.968224245091,-0.816863706388,
    -37.20576047379));
#11688 = CARTESIAN_POINT('',(6.000000007378,-0.408388557417,
    -37.18679924507));
#11689 = CARTESIAN_POINT('',(6.,0.,-37.16784169693));
#11690 = PCURVE('',#6406,#11691);
#11691 = DEFINITIONAL_REPRESENTATION('',(#11692),#11744);
#11692 = B_SPLINE_CURVE_WITH_KNOTS('',8,(#11693,#11694,#11695,#11696,
    #11697,#11698,#11699,#11700,#11701,#11702,#11703,#11704,#11705,
    #11706,#11707,#11708,#11709,#11710,#11711,#11712,#11713,#11714,
    #11715,#11716,#11717,#11718,#11719,#11720,#11721,#11722,#11723,
    #11724,#11725,#11726,#11727,#11728,#11729,#11730,#11731,#11732,
    #11733,#11734,#11735,#11736,#11737,#11738,#11739,#11740,#11741,
    #11742,#11743),.UNSPECIFIED.,.F.,.F.,(9,7,7,7,7,7,7,9),(0.,
    0.189459079858,0.286447105503,0.388599003896,0.587941811131,
    0.784406784304,0.886109830769,1.),.UNSPECIFIED.);
#11693 = CARTESIAN_POINT('',(0.268782120062,8.074291686039));
#11694 = CARTESIAN_POINT('',(0.268777177605,8.191840541329));
#11695 = CARTESIAN_POINT('',(0.268773298702,8.309521082012));
#11696 = CARTESIAN_POINT('',(0.26877319254,8.427131075242));
#11697 = CARTESIAN_POINT('',(0.268777464977,8.544694730058));
#11698 = CARTESIAN_POINT('',(0.268784634437,8.662258855751));
#11699 = CARTESIAN_POINT('',(0.268781142165,8.7798671804));
#11700 = CARTESIAN_POINT('',(0.268775414897,8.89754786789));
#11701 = CARTESIAN_POINT('',(0.268772484888,9.07528221079));
#11702 = CARTESIAN_POINT('',(0.268775031824,9.13546199167));
#11703 = CARTESIAN_POINT('',(0.268778291735,9.195642351874));
#11704 = CARTESIAN_POINT('',(0.268780409125,9.2558229558));
#11705 = CARTESIAN_POINT('',(0.268780499033,9.316003324565));
#11706 = CARTESIAN_POINT('',(0.268778647035,9.376182836008));
#11707 = CARTESIAN_POINT('',(0.268775909242,9.436360724687));
#11708 = CARTESIAN_POINT('',(0.268772630339,9.559915317956));
#11709 = CARTESIAN_POINT('',(0.268773256755,9.623293931177));
#11710 = CARTESIAN_POINT('',(0.268775041711,9.686673660842));
#11711 = CARTESIAN_POINT('',(0.268777092386,9.750055316688));
#11712 = CARTESIAN_POINT('',(0.268778772983,9.813438778884));
#11713 = CARTESIAN_POINT('',(0.268779704726,9.876822998039));
#11714 = CARTESIAN_POINT('',(0.268779765859,9.940205995193));
#11715 = CARTESIAN_POINT('',(0.268777775973,10.127264611222));
#11716 = CARTESIAN_POINT('',(0.268774460821,10.251105946839));
#11717 = CARTESIAN_POINT('',(0.268771688379,10.374849521525));
#11718 = CARTESIAN_POINT('',(0.268776186286,10.498535331034));
#11719 = CARTESIAN_POINT('',(0.268785866488,10.622223422158));
#11720 = CARTESIAN_POINT('',(0.268792847081,10.745969264402));
#11721 = CARTESIAN_POINT('',(0.268795047761,10.869815998505));
#11722 = CARTESIAN_POINT('',(0.26879073253,11.115391546552));
#11723 = CARTESIAN_POINT('',(0.268784350452,11.237453168734));
#11724 = CARTESIAN_POINT('',(0.268774270428,11.35943010383));
#11725 = CARTESIAN_POINT('',(0.2687638461,11.481350620779));
#11726 = CARTESIAN_POINT('',(0.268759629518,11.603265443075));
#11727 = CARTESIAN_POINT('',(0.268762521958,11.72522715661));
#11728 = CARTESIAN_POINT('',(0.268769394147,11.847276839223));
#11729 = CARTESIAN_POINT('',(0.26878083814,12.032287411833));
#11730 = CARTESIAN_POINT('',(0.268784938781,12.095394864387));
#11731 = CARTESIAN_POINT('',(0.268788726018,12.158500142198));
#11732 = CARTESIAN_POINT('',(0.268791743649,12.221604800502));
#11733 = CARTESIAN_POINT('',(0.268793648267,12.284711895735));
#11734 = CARTESIAN_POINT('',(0.268794267683,12.347822129178));
#11735 = CARTESIAN_POINT('',(0.26879365934,12.410929990602));
#11736 = CARTESIAN_POINT('',(0.268790499506,12.544669906286));
#11737 = CARTESIAN_POINT('',(0.268787734633,12.615336968863));
#11738 = CARTESIAN_POINT('',(0.268784179969,12.686003827826));
#11739 = CARTESIAN_POINT('',(0.268780527125,12.756667272633));
#11740 = CARTESIAN_POINT('',(0.268777561066,12.827331188809));
#11741 = CARTESIAN_POINT('',(0.268775867723,12.897999602738));
#11742 = CARTESIAN_POINT('',(0.268775541597,12.968669726446));
#11743 = CARTESIAN_POINT('',(0.268775893367,13.039325002392));
#11744 = ( GEOMETRIC_REPRESENTATION_CONTEXT(2) 
PARAMETRIC_REPRESENTATION_CONTEXT() REPRESENTATION_CONTEXT('2D SPACE',''
  ) );
#11745 = PCURVE('',#7584,#11746);
#11746 = DEFINITIONAL_REPRESENTATION('',(#11747),#11799);
#11747 = B_SPLINE_CURVE_WITH_KNOTS('',8,(#11748,#11749,#11750,#11751,
    #11752,#11753,#11754,#11755,#11756,#11757,#11758,#11759,#11760,
    #11761,#11762,#11763,#11764,#11765,#11766,#11767,#11768,#11769,
    #11770,#11771,#11772,#11773,#11774,#11775,#11776,#11777,#11778,
    #11779,#11780,#11781,#11782,#11783,#11784,#11785,#11786,#11787,
    #11788,#11789,#11790,#11791,#11792,#11793,#11794,#11795,#11796,
    #11797,#11798),.UNSPECIFIED.,.F.,.F.,(9,7,7,7,7,7,7,9),(0.,
    0.189459079858,0.286447105503,0.388599003896,0.587941811131,
    0.784406784304,0.886109830769,1.),.UNSPECIFIED.);
#11748 = CARTESIAN_POINT('',(1.50020223437,-38.5000006));
#11749 = CARTESIAN_POINT('',(1.613442117656,-38.4684630386));
#11750 = CARTESIAN_POINT('',(1.726809111524,-38.43688975557));
#11751 = CARTESIAN_POINT('',(1.840107846795,-38.40533401988));
#11752 = CARTESIAN_POINT('',(1.953360815924,-38.37378911418));
#11753 = CARTESIAN_POINT('',(2.066611956574,-38.34224302144));
#11754 = CARTESIAN_POINT('',(2.179904236969,-38.31068897269));
#11755 = CARTESIAN_POINT('',(2.293268100317,-38.2791163263));
#11756 = CARTESIAN_POINT('',(2.464485781659,-38.23142974224));
#11757 = CARTESIAN_POINT('',(2.522459774071,-38.21528205564));
#11758 = CARTESIAN_POINT('',(2.580434588526,-38.19913395263));
#11759 = CARTESIAN_POINT('',(2.638409603559,-38.18298620263));
#11760 = CARTESIAN_POINT('',(2.696384211541,-38.16683925812));
#11761 = CARTESIAN_POINT('',(2.754357818681,-38.1506932547));
#11762 = CARTESIAN_POINT('',(2.812329845026,-38.13454801109));
#11763 = CARTESIAN_POINT('',(2.931356057897,-38.10139844987));
#11764 = CARTESIAN_POINT('',(2.99241126125,-38.08439319275));
#11765 = CARTESIAN_POINT('',(3.053466964104,-38.06738721193));
#11766 = CARTESIAN_POINT('',(3.11452397895,-38.05038061699));
#11767 = CARTESIAN_POINT('',(3.175582301184,-38.0333736728));
#11768 = CARTESIAN_POINT('',(3.236641109106,-38.01636679961));
#11769 = CARTESIAN_POINT('',(3.297698763918,-37.99936057296));
#11770 = CARTESIAN_POINT('',(3.477895822003,-37.94917186285));
#11771 = CARTESIAN_POINT('',(3.59719542076,-37.91594537884));
#11772 = CARTESIAN_POINT('',(3.716402687662,-37.88274492613));
#11773 = CARTESIAN_POINT('',(3.835555682194,-37.8495573107));
#11774 = CARTESIAN_POINT('',(3.954710130256,-37.81636718598));
#11775 = CARTESIAN_POINT('',(4.073919235425,-37.78316255451));
#11776 = CARTESIAN_POINT('',(4.193224795611,-37.74993260283));
#11777 = CARTESIAN_POINT('',(4.429795018535,-37.68404414685));
#11778 = CARTESIAN_POINT('',(4.547380293837,-37.65129629824));
#11779 = CARTESIAN_POINT('',(4.664884049431,-37.6185725257));
#11780 = CARTESIAN_POINT('',(4.782334036664,-37.58586401666));
#11781 = CARTESIAN_POINT('',(4.899779095507,-37.55315476289));
#11782 = CARTESIAN_POINT('',(5.017269166733,-37.52043032519));
#11783 = CARTESIAN_POINT('',(5.134843606975,-37.48768082763));
#11784 = CARTESIAN_POINT('',(5.313069885493,-37.43803670695));
#11785 = CARTESIAN_POINT('',(5.373863126778,-37.42110293232));
#11786 = CARTESIAN_POINT('',(5.4346542038,-37.40416985593));
#11787 = CARTESIAN_POINT('',(5.495444657678,-37.38723722751));
#11788 = CARTESIAN_POINT('',(5.556237495104,-37.37030435271));
#11789 = CARTESIAN_POINT('',(5.617033456505,-37.35337110641));
#11790 = CARTESIAN_POINT('',(5.677827284203,-37.33643894603));
#11791 = CARTESIAN_POINT('',(5.806663597587,-37.30055653089));
#11792 = CARTESIAN_POINT('',(5.874739822697,-37.28159698331));
#11793 = CARTESIAN_POINT('',(5.942816134967,-37.26263774874));
#11794 = CARTESIAN_POINT('',(6.010889383842,-37.24367944373));
#11795 = CARTESIAN_POINT('',(6.078963160931,-37.22472077401));
#11796 = CARTESIAN_POINT('',(6.14704116177,-37.20576047379));
#11797 = CARTESIAN_POINT('',(6.21512054761,-37.18679924507));
#11798 = CARTESIAN_POINT('',(6.28318530718,-37.16784169693));
#11799 = ( GEOMETRIC_REPRESENTATION_CONTEXT(2) 
PARAMETRIC_REPRESENTATION_CONTEXT() REPRESENTATION_CONTEXT('2D SPACE',''
  ) );
#11800 = ORIENTED_EDGE('',*,*,#11801,.F.);
#11801 = EDGE_CURVE('',#11802,#11635,#11804,.T.);
#11802 = VERTEX_POINT('',#11803);
#11803 = CARTESIAN_POINT('',(5.700276666159,0.,-38.79972333384));
#11804 = SURFACE_CURVE('',#11805,(#11828,#11854),.PCURVE_S1.);
#11805 = B_SPLINE_CURVE_WITH_KNOTS('',6,(#11806,#11807,#11808,#11809,
    #11810,#11811,#11812,#11813,#11814,#11815,#11816,#11817,#11818,
    #11819,#11820,#11821,#11822,#11823,#11824,#11825,#11826,#11827),
  .UNSPECIFIED.,.F.,.F.,(7,5,5,5,7),(0.,0.239150588205,0.484354723011,
    0.737813222179,1.),.UNSPECIFIED.);
#11806 = CARTESIAN_POINT('',(5.700276666159,-6.461844948014E-16,
    -38.79972333384));
#11807 = CARTESIAN_POINT('',(5.712515777023,0.349232258774,
    -38.78748422294));
#11808 = CARTESIAN_POINT('',(5.699050523791,0.699436870251,
    -38.77527424638));
#11809 = CARTESIAN_POINT('',(5.659860375945,1.048214843064,
    -38.76309409216));
#11810 = CARTESIAN_POINT('',(5.595231232933,1.393233292793,
    -38.75094271906));
#11811 = CARTESIAN_POINT('',(5.505703506758,1.732223122807,
    -38.73881921975));
#11812 = CARTESIAN_POINT('',(5.275629948738,2.402126073309,
    -38.71432336883));
#11813 = CARTESIAN_POINT('',(5.133840177684,2.732646285069,
    -38.7019514435));
#11814 = CARTESIAN_POINT('',(4.967618542335,3.052180706411,
    -38.68960938613));
#11815 = CARTESIAN_POINT('',(4.778128618332,3.358544445594,
    -38.67729627998));
#11816 = CARTESIAN_POINT('',(4.566762377294,3.649713195657,
    -38.66501142982));
#11817 = CARTESIAN_POINT('',(4.095781539697,4.207206247755,
    -38.64008778029));
#11818 = CARTESIAN_POINT('',(3.834760382397,4.472390111142,
    -38.62744984028));
#11819 = CARTESIAN_POINT('',(3.553921190625,4.717358400987,
    -38.61484319544));
#11820 = CARTESIAN_POINT('',(3.255293124871,4.940373970577,
    -38.60226702161));
#11821 = CARTESIAN_POINT('',(2.941074404014,5.139955420849,
    -38.58972054624));
#11822 = CARTESIAN_POINT('',(2.274960729546,5.495897305904,
    -38.5642580755));
#11823 = CARTESIAN_POINT('',(1.922107180137,5.650550679672,
    -38.55134295467));
#11824 = CARTESIAN_POINT('',(1.557733952029,5.777549058507,
    -38.53846057106));
#11825 = CARTESIAN_POINT('',(1.184576731265,5.87596651009,
    -38.52560970585));
#11826 = CARTESIAN_POINT('',(0.805438808535,5.945207537951,
    -38.51278917926));
#11827 = CARTESIAN_POINT('',(0.423199940622,5.985056541943,-38.5));
#11828 = PCURVE('',#6406,#11829);
#11829 = DEFINITIONAL_REPRESENTATION('',(#11830),#11853);
#11830 = B_SPLINE_CURVE_WITH_KNOTS('',6,(#11831,#11832,#11833,#11834,
    #11835,#11836,#11837,#11838,#11839,#11840,#11841,#11842,#11843,
    #11844,#11845,#11846,#11847,#11848,#11849,#11850,#11851,#11852),
  .UNSPECIFIED.,.F.,.F.,(7,5,5,5,7),(0.,0.239150588205,0.484354723011,
    0.737813222179,1.),.UNSPECIFIED.);
#11831 = CARTESIAN_POINT('',(0.590897395776,6.517702692142));
#11832 = CARTESIAN_POINT('',(0.577740694844,6.581270009957));
#11833 = CARTESIAN_POINT('',(0.56461470018,6.644686854918));
#11834 = CARTESIAN_POINT('',(0.551520580693,6.707949052389));
#11835 = CARTESIAN_POINT('',(0.538457867225,6.771061144667));
#11836 = CARTESIAN_POINT('',(0.52542606285,6.834027171483));
#11837 = CARTESIAN_POINT('',(0.499097305542,6.961248492655));
#11838 = CARTESIAN_POINT('',(0.485800869264,7.025501491939));
#11839 = CARTESIAN_POINT('',(0.472537984134,7.089597391585));
#11840 = CARTESIAN_POINT('',(0.459307582288,7.153541064197));
#11841 = CARTESIAN_POINT('',(0.446108446358,7.217336761739));
#11842 = CARTESIAN_POINT('',(0.419330651358,7.346765175013));
#11843 = CARTESIAN_POINT('',(0.405752940314,7.412393394162));
#11844 = CARTESIAN_POINT('',(0.392208673883,7.477859339192));
#11845 = CARTESIAN_POINT('',(0.37869627693,7.543168232207));
#11846 = CARTESIAN_POINT('',(0.365214542302,7.608324601158));
#11847 = CARTESIAN_POINT('',(0.337851467257,7.740559799521));
#11848 = CARTESIAN_POINT('',(0.323970978911,7.807634206996));
#11849 = CARTESIAN_POINT('',(0.310124322703,7.874540441473));
#11850 = CARTESIAN_POINT('',(0.296310611263,7.941284256534));
#11851 = CARTESIAN_POINT('',(0.28252933959,8.007870737111));
#11852 = CARTESIAN_POINT('',(0.268782120116,8.074293922196));
#11853 = ( GEOMETRIC_REPRESENTATION_CONTEXT(2) 
PARAMETRIC_REPRESENTATION_CONTEXT() REPRESENTATION_CONTEXT('2D SPACE',''
  ) );
#11854 = PCURVE('',#7447,#11855);
#11855 = DEFINITIONAL_REPRESENTATION('',(#11856),#11879);
#11856 = B_SPLINE_CURVE_WITH_KNOTS('',6,(#11857,#11858,#11859,#11860,
    #11861,#11862,#11863,#11864,#11865,#11866,#11867,#11868,#11869,
    #11870,#11871,#11872,#11873,#11874,#11875,#11876,#11877,#11878),
  .UNSPECIFIED.,.F.,.F.,(7,5,5,5,7),(0.,0.239150588205,0.484354723011,
    0.737813222179,1.),.UNSPECIFIED.);
#11857 = CARTESIAN_POINT('',(0.,-0.299723333841));
#11858 = CARTESIAN_POINT('',(6.126584361203E-02,-0.287484222959));
#11859 = CARTESIAN_POINT('',(0.122386540342,-0.275274246343));
#11860 = CARTESIAN_POINT('',(0.183358117585,-0.2630940922));
#11861 = CARTESIAN_POINT('',(0.244184984902,-0.250942719052));
#11862 = CARTESIAN_POINT('',(0.30487100692,-0.238819219753));
#11863 = CARTESIAN_POINT('',(0.427485424024,-0.214323368835));
#11864 = CARTESIAN_POINT('',(0.489411601319,-0.2019514435));
#11865 = CARTESIAN_POINT('',(0.551186218801,-0.189609386139));
#11866 = CARTESIAN_POINT('',(0.612813914835,-0.177296279988));
#11867 = CARTESIAN_POINT('',(0.674298758212,-0.165011429829));
#11868 = CARTESIAN_POINT('',(0.799038459174,-0.140087780298));
#11869 = CARTESIAN_POINT('',(0.862288967473,-0.127449840287));
#11870 = CARTESIAN_POINT('',(0.925382846997,-0.11484319544));
#11871 = CARTESIAN_POINT('',(0.988325185536,-0.102267021619));
#11872 = CARTESIAN_POINT('',(1.051120439561,-8.972054624684E-02));
#11873 = CARTESIAN_POINT('',(1.178563698346,-6.42580755091E-02));
#11874 = CARTESIAN_POINT('',(1.243207439829,-5.134295466268E-02));
#11875 = CARTESIAN_POINT('',(1.307689153571,-3.846057109938E-02));
#11876 = CARTESIAN_POINT('',(1.372014431484,-2.560970581749E-02));
#11877 = CARTESIAN_POINT('',(1.436188129498,-1.27891792861E-02));
#11878 = CARTESIAN_POINT('',(1.500204388751,0.));
#11879 = ( GEOMETRIC_REPRESENTATION_CONTEXT(2) 
PARAMETRIC_REPRESENTATION_CONTEXT() REPRESENTATION_CONTEXT('2D SPACE',''
  ) );
#11880 = ORIENTED_EDGE('',*,*,#11881,.F.);
#11881 = EDGE_CURVE('',#11882,#11802,#11884,.T.);
#11882 = VERTEX_POINT('',#11883);
#11883 = CARTESIAN_POINT('',(1.87536300656,4.283995016909,
    -39.82350561731));
#11884 = SURFACE_CURVE('',#11885,(#11954,#12026),.PCURVE_S1.);
#11885 = B_SPLINE_CURVE_WITH_KNOTS('',7,(#11886,#11887,#11888,#11889,
    #11890,#11891,#11892,#11893,#11894,#11895,#11896,#11897,#11898,
    #11899,#11900,#11901,#11902,#11903,#11904,#11905,#11906,#11907,
    #11908,#11909,#11910,#11911,#11912,#11913,#11914,#11915,#11916,
    #11917,#11918,#11919,#11920,#11921,#11922,#11923,#11924,#11925,
    #11926,#11927,#11928,#11929,#11930,#11931,#11932,#11933,#11934,
    #11935,#11936,#11937,#11938,#11939,#11940,#11941,#11942,#11943,
    #11944,#11945,#11946,#11947,#11948,#11949,#11950,#11951,#11952,
    #11953),.UNSPECIFIED.,.F.,.F.,(8,6,6,6,6,6,6,6,6,6,6,8),(0.,
    0.101741288471,0.208595979896,0.320802447721,0.44003750902,
    0.566641199429,0.634199237688,0.70254581646,0.773309752534,
    0.846543611358,0.922318891974,1.),.UNSPECIFIED.);
#11886 = CARTESIAN_POINT('',(1.87536300656,4.283995016909,
    -39.82350561731));
#11887 = CARTESIAN_POINT('',(1.530975249739,4.45261642686,-39.8071426722
    ));
#11888 = CARTESIAN_POINT('',(1.170253093534,4.588355731507,
    -39.79083716265));
#11889 = CARTESIAN_POINT('',(0.797148707296,4.689400074166,
    -39.7745935185));
#11890 = CARTESIAN_POINT('',(0.415704825028,4.754635022424,
    -39.75841015561));
#11891 = CARTESIAN_POINT('',(3.000951157525E-02,4.78349878078,
    -39.74228374527));
#11892 = CARTESIAN_POINT('',(-0.355824070066,4.775965148458,
    -39.72621311736));
#11893 = CARTESIAN_POINT('',(-1.138671998521,4.687168588092,
    -39.69338781698));
#11894 = CARTESIAN_POINT('',(-1.535437915837,4.602200161392,
    -39.67663260539));
#11895 = CARTESIAN_POINT('',(-1.923155848379,4.478413870963,
    -39.65994204424));
#11896 = CARTESIAN_POINT('',(-2.297379295251,4.317205054296,
    -39.6433136921));
#11897 = CARTESIAN_POINT('',(-2.653959658104,4.12052415298,
    -39.62674324188));
#11898 = CARTESIAN_POINT('',(-2.989055383792,3.890847342631,
    -39.61022926582));
#11899 = CARTESIAN_POINT('',(-3.6248794032,3.358741227189,
    -39.57650123837));
#11900 = CARTESIAN_POINT('',(-3.923194755364,3.053119110185,
    -39.55928580049));
#11901 = CARTESIAN_POINT('',(-4.190101302108,2.717980918698,
    -39.54213681393));
#11902 = CARTESIAN_POINT('',(-4.422352683923,2.357356026208,
    -39.52505228895));
#11903 = CARTESIAN_POINT('',(-4.617333737577,1.975609150219,
    -39.50802813109));
#11904 = CARTESIAN_POINT('',(-4.773051040773,1.577406393303,
    -39.49106323264));
#11905 = CARTESIAN_POINT('',(-5.010730676756,0.73251155859,
    -39.4562059788));
#11906 = CARTESIAN_POINT('',(-5.087525846745,0.284115604743,
    -39.43831286221));
#11907 = CARTESIAN_POINT('',(-5.117123003463,-0.171384627674,
    -39.42049179097));
#11908 = CARTESIAN_POINT('',(-5.099099526301,-0.628052911898,
    -39.40273974256));
#11909 = CARTESIAN_POINT('',(-5.033874673854,-1.080055416562,
    -39.38505086834));
#11910 = CARTESIAN_POINT('',(-4.922676272585,-1.521688856355,
    -39.3674231799));
#11911 = CARTESIAN_POINT('',(-4.603257536308,-2.399447006003,
    -39.33122065914));
#11912 = CARTESIAN_POINT('',(-4.389364341889,-2.833821841754,
    -39.31264345962));
#11913 = CARTESIAN_POINT('',(-4.1286620598,-3.243883218837,
    -39.29414154717));
#11914 = CARTESIAN_POINT('',(-3.824771545444,-3.623848682628,
    -39.27571249318));
#11915 = CARTESIAN_POINT('',(-3.482043187119,-3.968621059793,
    -39.25735058104));
#11916 = CARTESIAN_POINT('',(-3.105504465209,-4.273793547883,
    -39.23905397017));
#11917 = CARTESIAN_POINT('',(-2.485239049528,-4.67568299492,
    -39.21110721867));
#11918 = CARTESIAN_POINT('',(-2.261427276422,-4.803270822017,
    -39.20140226912));
#11919 = CARTESIAN_POINT('',(-2.03048553579,-4.918085250624,
    -39.19171637743));
#11920 = CARTESIAN_POINT('',(-1.793307176935,-5.019686606005,
    -39.18204964711));
#11921 = CARTESIAN_POINT('',(-1.550808763959,-5.107714851986,
    -39.17240096077));
#11922 = CARTESIAN_POINT('',(-1.303934084648,-5.181884909629,
    -39.16277115077));
#11923 = CARTESIAN_POINT('',(-0.80044264333,-5.302806287526,
    -39.14343898721));
#11924 = CARTESIAN_POINT('',(-0.543733377932,-5.349230719568,
    -39.13373634577));
#11925 = CARTESIAN_POINT('',(-0.284521751864,-5.381057982074,
    -39.12405253448));
#11926 = CARTESIAN_POINT('',(-2.380767553286E-02,-5.398169364899,
    -39.11438716194));
#11927 = CARTESIAN_POINT('',(0.237410988475,-5.400529261978,
    -39.10473998837));
#11928 = CARTESIAN_POINT('',(0.498139409107,-5.388183705188,
    -39.09511097815));
#11929 = CARTESIAN_POINT('',(1.025802543322,-5.333395685596,
    -39.07555022209));
#11930 = CARTESIAN_POINT('',(1.292644758793,-5.289902689037,
    -39.06561929197));
#11931 = CARTESIAN_POINT('',(1.556812581855,-5.230931498993,
    -39.05570823599));
#11932 = CARTESIAN_POINT('',(1.817240400917,-5.156723486333,
    -39.0458169386));
#11933 = CARTESIAN_POINT('',(2.072895637344,-5.067606406994,
    -39.03594504399));
#11934 = CARTESIAN_POINT('',(2.322779209356,-4.963992210364,
    -39.02609232528));
#11935 = CARTESIAN_POINT('',(2.81756396947,-4.724668551509,
    -39.00608261247));
#11936 = CARTESIAN_POINT('',(3.062001483586,-4.587957973023,
    -38.99592641201));
#11937 = CARTESIAN_POINT('',(3.298172338994,-4.43680429628,
    -38.98579078628));
#11938 = CARTESIAN_POINT('',(3.525081168325,-4.271848259087,
    -38.97567540833));
#11939 = CARTESIAN_POINT('',(3.741799672674,-4.09380775667,
    -38.96557979509));
#11940 = CARTESIAN_POINT('',(3.947466277046,-3.903475338173,
    -38.95550372715));
#11941 = CARTESIAN_POINT('',(4.34184280109,-3.492970566045,
    -38.93504251188));
#11942 = CARTESIAN_POINT('',(4.529729361685,-3.271978584881,
    -38.92465811547));
#11943 = CARTESIAN_POINT('',(4.704073906259,-3.039711277473,
    -38.91429485054));
#11944 = CARTESIAN_POINT('',(4.864109128455,-2.797194897175,
    -38.90395250452));
#11945 = CARTESIAN_POINT('',(5.009166994231,-2.54550959224,
    -38.89363068841));
#11946 = CARTESIAN_POINT('',(5.138677436739,-2.28578693668,
    -38.88332926483));
#11947 = CARTESIAN_POINT('',(5.368529863965,-1.745935987043,
    -38.86250963981));
#11948 = CARTESIAN_POINT('',(5.46806421205,-1.465440152317,
    -38.85199179107));
#11949 = CARTESIAN_POINT('',(5.550275698693,-1.179002372566,
    -38.84149570431));
#11950 = CARTESIAN_POINT('',(5.614794123888,-0.887919518955,
    -38.83102114206));
#11951 = CARTESIAN_POINT('',(5.66136856525,-0.593504448464,
    -38.82056761665));
#11952 = CARTESIAN_POINT('',(5.689865129564,-0.297084035153,
    -38.81013487046));
#11953 = CARTESIAN_POINT('',(5.700276666159,-8.881784197001E-16,
    -38.79972333384));
#11954 = PCURVE('',#6406,#11955);
#11955 = DEFINITIONAL_REPRESENTATION('',(#11956),#12025);
#11956 = B_SPLINE_CURVE_WITH_KNOTS('',7,(#11957,#11958,#11959,#11960,
    #11961,#11962,#11963,#11964,#11965,#11966,#11967,#11968,#11969,
    #11970,#11971,#11972,#11973,#11974,#11975,#11976,#11977,#11978,
    #11979,#11980,#11981,#11982,#11983,#11984,#11985,#11986,#11987,
    #11988,#11989,#11990,#11991,#11992,#11993,#11994,#11995,#11996,
    #11997,#11998,#11999,#12000,#12001,#12002,#12003,#12004,#12005,
    #12006,#12007,#12008,#12009,#12010,#12011,#12012,#12013,#12014,
    #12015,#12016,#12017,#12018,#12019,#12020,#12021,#12022,#12023,
    #12024),.UNSPECIFIED.,.F.,.F.,(8,6,6,6,6,6,6,6,6,6,6,8),(0.,
    0.101741288471,0.208595979896,0.320802447721,0.44003750902,
    0.566641199429,0.634199237688,0.70254581646,0.773309752534,
    0.846543611358,0.922318891974,1.),.UNSPECIFIED.);
#11957 = CARTESIAN_POINT('',(1.691176043067,1.200749756316));
#11958 = CARTESIAN_POINT('',(1.67359252187,1.285726985917));
#11959 = CARTESIAN_POINT('',(1.65607146463,1.370404868838));
#11960 = CARTESIAN_POINT('',(1.638616971847,1.454761302249));
#11961 = CARTESIAN_POINT('',(1.621226106236,1.538806222142));
#11962 = CARTESIAN_POINT('',(1.603894533094,1.622557975804));
#11963 = CARTESIAN_POINT('',(1.586621076163,1.706022547386));
#11964 = CARTESIAN_POINT('',(1.551336352214,1.87650790663));
#11965 = CARTESIAN_POINT('',(1.53332438158,1.963531666214));
#11966 = CARTESIAN_POINT('',(1.515381138454,2.050220734255));
#11967 = CARTESIAN_POINT('',(1.49750536276,2.136585925835));
#11968 = CARTESIAN_POINT('',(1.479693582804,2.222648016826));
#11969 = CARTESIAN_POINT('',(1.461944707655,2.308413798896));
#11970 = CARTESIAN_POINT('',(1.425698380131,2.483575951948));
#11971 = CARTESIAN_POINT('',(1.407199626479,2.572979264924));
#11972 = CARTESIAN_POINT('',(1.388774093113,2.662034979617));
#11973 = CARTESIAN_POINT('',(1.370418343438,2.750755190286));
#11974 = CARTESIAN_POINT('',(1.352126503014,2.839163174654));
#11975 = CARTESIAN_POINT('',(1.333896416554,2.927266016096));
#11976 = CARTESIAN_POINT('',(1.296435772278,3.108293449422));
#11977 = CARTESIAN_POINT('',(1.277204159102,3.201222317914));
#11978 = CARTESIAN_POINT('',(1.258047747212,3.293780076663));
#11979 = CARTESIAN_POINT('',(1.238964546411,3.385980731675));
#11980 = CARTESIAN_POINT('',(1.219950006463,3.477852302569));
#11981 = CARTESIAN_POINT('',(1.20100318401,3.56940347879));
#11982 = CARTESIAN_POINT('',(1.162094531808,3.757420837529));
#11983 = CARTESIAN_POINT('',(1.142130278515,3.853899151806));
#11984 = CARTESIAN_POINT('',(1.122248730356,3.949984004183));
#11985 = CARTESIAN_POINT('',(1.102444298346,4.045692018246));
#11986 = CARTESIAN_POINT('',(1.082708902218,4.141055457516));
#11987 = CARTESIAN_POINT('',(1.0630416379,4.236082399704));
#11988 = CARTESIAN_POINT('',(1.033003972239,4.381225569501));
#11989 = CARTESIAN_POINT('',(1.022573179263,4.431628530181));
#11990 = CARTESIAN_POINT('',(1.01216486454,4.481929474648));
#11991 = CARTESIAN_POINT('',(1.001775841922,4.53213360829));
#11992 = CARTESIAN_POINT('',(0.991411373694,4.582235831482));
#11993 = CARTESIAN_POINT('',(0.981063962395,4.632245862099));
#11994 = CARTESIAN_POINT('',(0.960285335337,4.732649768742));
#11995 = CARTESIAN_POINT('',(0.949854514249,4.78304433739));
#11996 = CARTESIAN_POINT('',(0.939444962747,4.833339561574));
#11997 = CARTESIAN_POINT('',(0.929056764836,4.883536864482));
#11998 = CARTESIAN_POINT('',(0.918689207661,4.933638156274));
#11999 = CARTESIAN_POINT('',(0.908341769104,4.98364430646));
#12000 = CARTESIAN_POINT('',(0.887321918225,5.085228353927));
#12001 = CARTESIAN_POINT('',(0.876650399991,5.136801992238));
#12002 = CARTESIAN_POINT('',(0.865999949703,5.188272842951));
#12003 = CARTESIAN_POINT('',(0.855370140504,5.23964191833));
#12004 = CARTESIAN_POINT('',(0.844760576329,5.290911078972));
#12005 = CARTESIAN_POINT('',(0.834171229556,5.342081201918));
#12006 = CARTESIAN_POINT('',(0.812665150177,5.446002218998));
#12007 = CARTESIAN_POINT('',(0.801749260732,5.498749005562));
#12008 = CARTESIAN_POINT('',(0.790855548897,5.551388854265));
#12009 = CARTESIAN_POINT('',(0.779983967825,5.603923041544));
#12010 = CARTESIAN_POINT('',(0.769134194654,5.656353804507));
#12011 = CARTESIAN_POINT('',(0.758306025976,5.708682236582));
#12012 = CARTESIAN_POINT('',(0.736318592185,5.81494280322));
#12013 = CARTESIAN_POINT('',(0.725160169834,5.868870988644));
#12014 = CARTESIAN_POINT('',(0.714024921572,5.92268878815));
#12015 = CARTESIAN_POINT('',(0.702912382114,5.976397629921));
#12016 = CARTESIAN_POINT('',(0.69182182991,6.02999995007));
#12017 = CARTESIAN_POINT('',(0.680752829211,6.083496857288));
#12018 = CARTESIAN_POINT('',(0.65838078216,6.191617951935));
#12019 = CARTESIAN_POINT('',(0.647078087062,6.246240346478));
#12020 = CARTESIAN_POINT('',(0.635797983483,6.300750805313));
#12021 = CARTESIAN_POINT('',(0.624540109996,6.355150714998));
#12022 = CARTESIAN_POINT('',(0.613303983498,6.409442551921));
#12023 = CARTESIAN_POINT('',(0.602089505623,6.463627403259));
#12024 = CARTESIAN_POINT('',(0.590897395776,6.517702692142));
#12025 = ( GEOMETRIC_REPRESENTATION_CONTEXT(2) 
PARAMETRIC_REPRESENTATION_CONTEXT() REPRESENTATION_CONTEXT('2D SPACE',''
  ) );
#12026 = PCURVE('',#7447,#12027);
#12027 = DEFINITIONAL_REPRESENTATION('',(#12028),#12097);
#12028 = B_SPLINE_CURVE_WITH_KNOTS('',7,(#12029,#12030,#12031,#12032,
    #12033,#12034,#12035,#12036,#12037,#12038,#12039,#12040,#12041,
    #12042,#12043,#12044,#12045,#12046,#12047,#12048,#12049,#12050,
    #12051,#12052,#12053,#12054,#12055,#12056,#12057,#12058,#12059,
    #12060,#12061,#12062,#12063,#12064,#12065,#12066,#12067,#12068,
    #12069,#12070,#12071,#12072,#12073,#12074,#12075,#12076,#12077,
    #12078,#12079,#12080,#12081,#12082,#12083,#12084,#12085,#12086,
    #12087,#12088,#12089,#12090,#12091,#12092,#12093,#12094,#12095,
    #12096),.UNSPECIFIED.,.F.,.F.,(8,6,6,6,6,6,6,6,6,6,6,8),(0.,
    0.101741288471,0.208595979896,0.320802447721,0.44003750902,
    0.566641199429,0.634199237688,0.70254581646,0.773309752534,
    0.846543611358,0.922318891974,1.),.UNSPECIFIED.);
#12029 = CARTESIAN_POINT('',(1.158167412477,-1.323505617316));
#12030 = CARTESIAN_POINT('',(1.240088518126,-1.3071426722));
#12031 = CARTESIAN_POINT('',(1.321720507896,-1.290837162651));
#12032 = CARTESIAN_POINT('',(1.403041835081,-1.2745935185));
#12033 = CARTESIAN_POINT('',(1.484061988929,-1.258410155619));
#12034 = CARTESIAN_POINT('',(1.56479875147,-1.242283745276));
#12035 = CARTESIAN_POINT('',(1.6452580955,-1.226213117369));
#12036 = CARTESIAN_POINT('',(1.809604034584,-1.19338781698));
#12037 = CARTESIAN_POINT('',(1.893493449505,-1.176632605395));
#12038 = CARTESIAN_POINT('',(1.977059896639,-1.15994204424));
#12039 = CARTESIAN_POINT('',(2.060313908462,-1.143313692109));
#12040 = CARTESIAN_POINT('',(2.143275476936,-1.126743241884));
#12041 = CARTESIAN_POINT('',(2.225951011738,-1.110229265825));
#12042 = CARTESIAN_POINT('',(2.394800880196,-1.076501238379));
#12043 = CARTESIAN_POINT('',(2.48098185546,-1.059285800497));
#12044 = CARTESIAN_POINT('',(2.566827133392,-1.042136813933));
#12045 = CARTESIAN_POINT('',(2.652348318179,-1.025052288955));
#12046 = CARTESIAN_POINT('',(2.737567958802,-1.008028131098));
#12047 = CARTESIAN_POINT('',(2.822493115799,-0.991063232647));
#12048 = CARTESIAN_POINT('',(2.996990861509,-0.956205978802));
#12049 = CARTESIAN_POINT('',(3.086567548964,-0.938312859997));
#12050 = CARTESIAN_POINT('',(3.175786468092,-0.92049179452));
#12051 = CARTESIAN_POINT('',(3.2646612466,-0.902739744225));
#12052 = CARTESIAN_POINT('',(3.353218685828,-0.885050863134));
#12053 = CARTESIAN_POINT('',(3.441466695337,-0.86742318043));
#12054 = CARTESIAN_POINT('',(3.622698561316,-0.831220659669));
#12055 = CARTESIAN_POINT('',(3.715693986402,-0.812643459333));
#12056 = CARTESIAN_POINT('',(3.808308847055,-0.794141547459));
#12057 = CARTESIAN_POINT('',(3.900558846826,-0.775712492587));
#12058 = CARTESIAN_POINT('',(3.992475816742,-0.757350579268));
#12059 = CARTESIAN_POINT('',(4.084068982004,-0.739053970619));
#12060 = CARTESIAN_POINT('',(4.223968821862,-0.711107219127));
#12061 = CARTESIAN_POINT('',(4.272551016718,-0.701402269711));
#12062 = CARTESIAN_POINT('',(4.321036316458,-0.691716382283));
#12063 = CARTESIAN_POINT('',(4.369425720131,-0.682049642634));
#12064 = CARTESIAN_POINT('',(4.417721141981,-0.672400966143));
#12065 = CARTESIAN_POINT('',(4.465923174585,-0.66277114743));
#12066 = CARTESIAN_POINT('',(4.562699508985,-0.643438983871));
#12067 = CARTESIAN_POINT('',(4.611273978742,-0.633736352218));
#12068 = CARTESIAN_POINT('',(4.659752601086,-0.624052535561));
#12069 = CARTESIAN_POINT('',(4.708136388541,-0.61438715936));
#12070 = CARTESIAN_POINT('',(4.756427078642,-0.604739989679));
#12071 = CARTESIAN_POINT('',(4.80462555139,-0.595110978158));
#12072 = CARTESIAN_POINT('',(4.902536563484,-0.575550222093));
#12073 = CARTESIAN_POINT('',(4.952244967649,-0.565619291976));
#12074 = CARTESIAN_POINT('',(5.001853950278,-0.555708235998));
#12075 = CARTESIAN_POINT('',(5.051364654979,-0.545816938603));
#12076 = CARTESIAN_POINT('',(5.100779020518,-0.535945043997));
#12077 = CARTESIAN_POINT('',(5.150097979632,-0.526092325287));
#12078 = CARTESIAN_POINT('',(5.250259670174,-0.506082612477));
#12079 = CARTESIAN_POINT('',(5.301098448777,-0.495926412019));
#12080 = CARTESIAN_POINT('',(5.351834305623,-0.485790786281));
#12081 = CARTESIAN_POINT('',(5.402468461537,-0.475675408335));
#12082 = CARTESIAN_POINT('',(5.453003022033,-0.46557979509));
#12083 = CARTESIAN_POINT('',(5.503438970793,-0.455503727157));
#12084 = CARTESIAN_POINT('',(5.605856480452,-0.435042511884));
#12085 = CARTESIAN_POINT('',(5.657834231672,-0.424658115475));
#12086 = CARTESIAN_POINT('',(5.709705469257,-0.414294850549));
#12087 = CARTESIAN_POINT('',(5.761471502576,-0.403952504524));
#12088 = CARTESIAN_POINT('',(5.813134637926,-0.393630688419));
#12089 = CARTESIAN_POINT('',(5.864695932867,-0.383329264836));
#12090 = CARTESIAN_POINT('',(5.968904544859,-0.362509639813));
#12091 = CARTESIAN_POINT('',(6.021550122413,-0.351991791084));
#12092 = CARTESIAN_POINT('',(6.074087578354,-0.341495704304));
#12093 = CARTESIAN_POINT('',(6.126518284767,-0.331021142061));
#12094 = CARTESIAN_POINT('',(6.178844672686,-0.320567616677));
#12095 = CARTESIAN_POINT('',(6.231067830686,-0.310134870452));
#12096 = CARTESIAN_POINT('',(6.28318530718,-0.299723333841));
#12097 = ( GEOMETRIC_REPRESENTATION_CONTEXT(2) 
PARAMETRIC_REPRESENTATION_CONTEXT() REPRESENTATION_CONTEXT('2D SPACE',''
  ) );
#12098 = ORIENTED_EDGE('',*,*,#12099,.T.);
#12099 = EDGE_CURVE('',#11882,#9940,#12100,.T.);
#12100 = SURFACE_CURVE('',#12101,(#12232,#12239),.PCURVE_S1.);
#12101 = B_SPLINE_CURVE_WITH_KNOTS('',9,(#12102,#12103,#12104,#12105,
    #12106,#12107,#12108,#12109,#12110,#12111,#12112,#12113,#12114,
    #12115,#12116,#12117,#12118,#12119,#12120,#12121,#12122,#12123,
    #12124,#12125,#12126,#12127,#12128,#12129,#12130,#12131,#12132,
    #12133,#12134,#12135,#12136,#12137,#12138,#12139,#12140,#12141,
    #12142,#12143,#12144,#12145,#12146,#12147,#12148,#12149,#12150,
    #12151,#12152,#12153,#12154,#12155,#12156,#12157,#12158,#12159,
    #12160,#12161,#12162,#12163,#12164,#12165,#12166,#12167,#12168,
    #12169,#12170,#12171,#12172,#12173,#12174,#12175,#12176,#12177,
    #12178,#12179,#12180,#12181,#12182,#12183,#12184,#12185,#12186,
    #12187,#12188,#12189,#12190,#12191,#12192,#12193,#12194,#12195,
    #12196,#12197,#12198,#12199,#12200,#12201,#12202,#12203,#12204,
    #12205,#12206,#12207,#12208,#12209,#12210,#12211,#12212,#12213,
    #12214,#12215,#12216,#12217,#12218,#12219,#12220,#12221,#12222,
    #12223,#12224,#12225,#12226,#12227,#12228,#12229,#12230,#12231),
  .UNSPECIFIED.,.F.,.F.,(10,8,8,8,8,8,8,8,8,8,8,8,8,8,8,8,10),(0.,
    4.658814205154,9.317628410307,13.976442615461,18.635256820615,
    23.294071025768,27.952885230922,32.611699436076,37.270513641229,
    41.929327846383,46.588142051537,51.24695625669,55.905770461844,
    60.564584666998,65.223398872151,69.882213077305,74.541027282459),
  .UNSPECIFIED.);
#12102 = CARTESIAN_POINT('',(4.676489625,6.762336909766E-03,
    -40.14567662599));
#12103 = CARTESIAN_POINT('',(4.67311793804,2.338769502946,
    -40.00679170518));
#12104 = CARTESIAN_POINT('',(3.361208175239,4.669354646335,
    -39.86788664849));
#12105 = CARTESIAN_POINT('',(0.74427726254,6.155570382974,
    -39.72903770769));
#12106 = CARTESIAN_POINT('',(-2.557806673531,5.977722600702,
    -39.59008217102));
#12107 = CARTESIAN_POINT('',(-5.269717771382,3.808616622073,
    -39.45127162787));
#12108 = CARTESIAN_POINT('',(-6.168691999768,0.626293132418,
    -39.31231723381));
#12109 = CARTESIAN_POINT('',(-5.293729383766,-2.253228063021,
    -39.17346652324));
#12110 = CARTESIAN_POINT('',(-3.308313161385,-4.045111977247,
    -39.03456318053));
#12111 = CARTESIAN_POINT('',(1.240265083761,-5.076378188506,
    -38.75679092528));
#12112 = CARTESIAN_POINT('',(3.804345018104,-4.315964968573,
    -38.61788776033));
#12113 = CARTESIAN_POINT('',(5.835620083037,-2.095359785841,
    -38.47903644455));
#12114 = CARTESIAN_POINT('',(6.397014169248,1.163508556266,
    -38.34008331923));
#12115 = CARTESIAN_POINT('',(4.885749154099,4.290098122991,
    -38.20127080239));
#12116 = CARTESIAN_POINT('',(1.983253770814,5.874666621184,
    -38.06231768696));
#12117 = CARTESIAN_POINT('',(-1.018769328285,5.662394971061,
    -37.92346634995));
#12118 = CARTESIAN_POINT('',(-3.207523639339,4.125488934279,
    -37.78456321263));
#12119 = CARTESIAN_POINT('',(-5.225087733887,-7.956863106879E-02,
    -37.50679090996));
#12120 = CARTESIAN_POINT('',(-5.054301121913,-2.748569592806,
    -37.36788778216));
#12121 = CARTESIAN_POINT('',(-3.341372372905,-5.223047484115,
    -37.22903641975));
#12122 = CARTESIAN_POINT('',(-0.289132599418,-6.495532681753,
    -37.09008334177));
#12123 = CARTESIAN_POINT('',(3.095354940901,-5.717889861232,
    -36.95127078619));
#12124 = CARTESIAN_POINT('',(5.286060982599,-3.240765762495,
    -36.81231769585));
#12125 = CARTESIAN_POINT('',(5.747124409425,-0.266774762725,
    -36.67346634655));
#12126 = CARTESIAN_POINT('',(4.735795469352,2.20909667421,
    -36.53456321326));
#12127 = CARTESIAN_POINT('',(1.085117723178,5.111789561504,
    -36.25679090966));
#12128 = CARTESIAN_POINT('',(-1.554969408446,5.539193513103,
    -36.11788778259));
#12129 = CARTESIAN_POINT('',(-4.348569477811,4.419834595668,
    -35.97903641927));
#12130 = CARTESIAN_POINT('',(-6.268338059859,1.727275440322,
    -35.8400833422));
#12131 = CARTESIAN_POINT('',(-6.263311696882,-1.745397737771,
    -35.70127078589));
#12132 = CARTESIAN_POINT('',(-4.335772225492,-4.43239017325,
    -35.56231769601));
#12133 = CARTESIAN_POINT('',(-1.538941653597,-5.543669032163,
    -35.42346634649));
#12134 = CARTESIAN_POINT('',(1.099896377529,-5.108629444603,
    -35.28456321327));
#12135 = CARTESIAN_POINT('',(4.742164915495,-2.195391743742,
    -35.00679090965));
#12136 = CARTESIAN_POINT('',(5.74632761194,0.283396564978,-34.8678877826
    ));
#12137 = CARTESIAN_POINT('',(5.276667856122,3.256036039831,
    -34.72903641925));
#12138 = CARTESIAN_POINT('',(3.078805478228,5.726822793351,
    -34.59008334223));
#12139 = CARTESIAN_POINT('',(-0.307919003962,6.494664930736,
    -34.45127078587));
#12140 = CARTESIAN_POINT('',(-3.356460812544,5.213364964493,
    -34.31231769603));
#12141 = CARTESIAN_POINT('',(-5.062230941292,2.733939583898,
    -34.17346634648));
#12142 = CARTESIAN_POINT('',(-5.22529540772,6.445731628772E-02,
    -34.03456321327));
#12143 = CARTESIAN_POINT('',(-3.195579655119,-4.134748319067,
    -33.75679090965));
#12144 = CARTESIAN_POINT('',(-1.002386965611,-5.665316849744,
    -33.6178877826));
#12145 = CARTESIAN_POINT('',(2.00023135877,-5.868906956818,
    -33.47903641926));
#12146 = CARTESIAN_POINT('',(4.898140718887,-4.275951353489,
    -33.34008334221));
#12147 = CARTESIAN_POINT('',(6.400348545572,-1.145000074461,
    -33.20127078589));
#12148 = CARTESIAN_POINT('',(5.829537815081,2.112224491335,
    -33.06231769601));
#12149 = CARTESIAN_POINT('',(3.791846367515,4.326951452988,
    -32.92346634649));
#12150 = CARTESIAN_POINT('',(1.225578851118,5.07994324016,
    -32.78456321327));
#12151 = CARTESIAN_POINT('',(-3.319998176717,4.03552785901,
    -32.50679090966));
#12152 = CARTESIAN_POINT('',(-5.300223444395,2.237906628144,
    -32.36788778259));
#12153 = CARTESIAN_POINT('',(-6.166854556284,-0.644126725151,
    -32.22903641928));
#12154 = CARTESIAN_POINT('',(-5.258683173064,-3.823845415909,
    -32.09008334219));
#12155 = CARTESIAN_POINT('',(-2.540504068049,-5.98509195882,
    -31.9512707859));
#12156 = CARTESIAN_POINT('',(0.762072414251,-6.153393297581,
    -31.812317696));
#12157 = CARTESIAN_POINT('',(3.374700551056,-4.659614140897,
    -31.6734663465));
#12158 = CARTESIAN_POINT('',(4.679861506544,-2.32524474478,
    -31.53456321327));
#12159 = CARTESIAN_POINT('',(4.673117845152,2.338769462681,
    -31.25679090966));
#12160 = CARTESIAN_POINT('',(3.361208307658,4.669354703739,
    -31.11788778259));
#12161 = CARTESIAN_POINT('',(0.744277112104,6.155570317754,
    -30.97903641928));
#12162 = CARTESIAN_POINT('',(-2.557806536786,5.977722659992,
    -30.84008334219));
#12163 = CARTESIAN_POINT('',(-5.269717869688,3.808616579444,
    -30.7012707859));
#12164 = CARTESIAN_POINT('',(-6.168691945804,0.626293155821,
    -30.56231769601));
#12165 = CARTESIAN_POINT('',(-5.293729404402,-2.253228071971,
    -30.42346634649));
#12166 = CARTESIAN_POINT('',(-3.308313157563,-4.045111975589,
    -30.28456321327));
#12167 = CARTESIAN_POINT('',(1.240265081936,-5.076378189298,
    -30.00679090966));
#12168 = CARTESIAN_POINT('',(3.804345020707,-4.315964967444,
    -29.86788778259));
#12169 = CARTESIAN_POINT('',(5.835620080077,-2.095359787126,
    -29.72903641926));
#12170 = CARTESIAN_POINT('',(6.397014171941,1.163508557435,
    -29.59008334222));
#12171 = CARTESIAN_POINT('',(4.88574915216,4.290098122149,
    -29.45127078588));
#12172 = CARTESIAN_POINT('',(1.983253771879,5.874666621646,
    -29.31231769602));
#12173 = CARTESIAN_POINT('',(-1.018769328693,5.662394970884,
    -29.17346634649));
#12174 = CARTESIAN_POINT('',(-3.207523639263,4.125488934312,
    -29.03456321327));
#12175 = CARTESIAN_POINT('',(-5.225087733923,-7.956863108477E-02,
    -28.75679090965));
#12176 = CARTESIAN_POINT('',(-5.054301121862,-2.748569592782,
    -28.6178877826));
#12177 = CARTESIAN_POINT('',(-3.341372372962,-5.223047484143,
    -28.47903641925));
#12178 = CARTESIAN_POINT('',(-0.289132599369,-6.495532681725,
    -28.34008334223));
#12179 = CARTESIAN_POINT('',(3.095354940868,-5.717889861254,
    -28.20127078586));
#12180 = CARTESIAN_POINT('',(5.286060982617,-3.240765762482,
    -28.06231769603));
#12181 = CARTESIAN_POINT('',(5.747124409418,-0.266774762731,
    -27.92346634648));
#12182 = CARTESIAN_POINT('',(4.735795469354,2.209096674211,
    -27.78456321327));
#12183 = CARTESIAN_POINT('',(1.085117723177,5.111789561503,
    -27.50679090965));
#12184 = CARTESIAN_POINT('',(-1.554969408442,5.539193513105,
    -27.36788778261));
#12185 = CARTESIAN_POINT('',(-4.34856947782,4.419834595664,
    -27.22903641922));
#12186 = CARTESIAN_POINT('',(-6.268338059845,1.727275440327,
    -27.09008334227));
#12187 = CARTESIAN_POINT('',(-6.263311696897,-1.745397737776,
    -26.95127078582));
#12188 = CARTESIAN_POINT('',(-4.335772225481,-4.432390173248,
    -26.81231769606));
#12189 = CARTESIAN_POINT('',(-1.538941653602,-5.543669032164,
    -26.67346634647));
#12190 = CARTESIAN_POINT('',(1.09989637753,-5.108629444603,
    -26.53456321328));
#12191 = CARTESIAN_POINT('',(4.742164915495,-2.195391743742,
    -26.25679090965));
#12192 = CARTESIAN_POINT('',(5.746327611941,0.283396564976,
    -26.1178877826));
#12193 = CARTESIAN_POINT('',(5.276667856121,3.256036039835,
    -25.97903641924));
#12194 = CARTESIAN_POINT('',(3.07880547823,5.726822793346,
    -25.84008334224));
#12195 = CARTESIAN_POINT('',(-0.307919003963,6.494664930742,
    -25.70127078585));
#12196 = CARTESIAN_POINT('',(-3.356460812543,5.213364964489,
    -25.56231769605));
#12197 = CARTESIAN_POINT('',(-5.062230941291,2.7339395839,
    -25.42346634647));
#12198 = CARTESIAN_POINT('',(-5.22529540772,6.445731628738E-02,
    -25.28456321328));
#12199 = CARTESIAN_POINT('',(-3.195579655118,-4.134748319067,
    -25.00679090964));
#12200 = CARTESIAN_POINT('',(-1.002386965619,-5.665316849743,
    -24.86788778263));
#12201 = CARTESIAN_POINT('',(2.000231358789,-5.868906956822,
    -24.72903641919));
#12202 = CARTESIAN_POINT('',(4.898140718859,-4.275951353482,
    -24.59008334232));
#12203 = CARTESIAN_POINT('',(6.4003485456,-1.14500007447,-24.45127078578
    ));
#12204 = CARTESIAN_POINT('',(5.829537815063,2.112224491343,
    -24.31231769609));
#12205 = CARTESIAN_POINT('',(3.791846367522,4.326951452984,
    -24.17346634646));
#12206 = CARTESIAN_POINT('',(1.225578851117,5.079943240162,
    -24.03456321328));
#12207 = CARTESIAN_POINT('',(-3.319998176718,4.035527859009,
    -23.75679090966));
#12208 = CARTESIAN_POINT('',(-5.300223444386,2.237906628148,
    -23.61788778254));
#12209 = CARTESIAN_POINT('',(-6.166854556308,-0.64412672516,
    -23.47903641942));
#12210 = CARTESIAN_POINT('',(-5.25868317302,-3.823845415897,
    -23.34008334192));
#12211 = CARTESIAN_POINT('',(-2.540504068107,-5.98509195883,
    -23.2012707863));
#12212 = CARTESIAN_POINT('',(0.762072414312,-6.153393297575,
    -23.06231769554));
#12213 = CARTESIAN_POINT('',(3.374700551004,-4.659614140898,
    -22.92346634691));
#12214 = CARTESIAN_POINT('',(4.679861506579,-2.325244744782,
    -22.78456321297));
#12215 = CARTESIAN_POINT('',(4.673117845079,2.338769462686,
    -22.50679091029));
#12216 = CARTESIAN_POINT('',(3.361208308053,4.669354703713,
    -22.36788777915));
#12217 = CARTESIAN_POINT('',(0.744277111073,6.155570317823,
    -22.22903642829));
#12218 = CARTESIAN_POINT('',(-2.557806534913,5.977722659866,
    -22.09008332573));
#12219 = CARTESIAN_POINT('',(-5.269717872285,3.808616579619,
    -21.95127080884));
#12220 = CARTESIAN_POINT('',(-6.168691942955,0.626293155631,
    -21.81231767073));
#12221 = CARTESIAN_POINT('',(-5.293729406904,-2.253228071808,
    -21.67346636878));
#12222 = CARTESIAN_POINT('',(-3.30831315581,-4.045111975701,
    -21.53456319762));
#12223 = CARTESIAN_POINT('',(1.240265078265,-5.076378189066,
    -21.25679094244));
#12224 = CARTESIAN_POINT('',(3.80434504052,-4.31596496869,
    -21.11788760553));
#12225 = CARTESIAN_POINT('',(5.835620028267,-2.095359783869,
    -20.97903688229));
#12226 = CARTESIAN_POINT('',(6.397014266323,1.163508551506,
    -20.84008249871));
#12227 = CARTESIAN_POINT('',(4.885749020872,4.29009813039,
    -20.70127195921));
#12228 = CARTESIAN_POINT('',(1.983253916312,5.874666612587,
    -20.56231640522));
#12229 = CARTESIAN_POINT('',(-1.01876945583,5.662394978853,
    -20.42346748269));
#12230 = CARTESIAN_POINT('',(-3.207523550079,4.125488928723,
    -20.28456241627));
#12231 = CARTESIAN_POINT('',(-4.216305735414,2.022960154672,
    -20.14567749775));
#12232 = PCURVE('',#6406,#12233);
#12233 = DEFINITIONAL_REPRESENTATION('',(#12234),#12238);
#12234 = LINE('',#12235,#12236);
#12235 = CARTESIAN_POINT('',(1.691176043067,0.));
#12236 = VECTOR('',#12237,1.);
#12237 = DIRECTION('',(0.,1.));
#12238 = ( GEOMETRIC_REPRESENTATION_CONTEXT(2) 
PARAMETRIC_REPRESENTATION_CONTEXT() REPRESENTATION_CONTEXT('2D SPACE',''
  ) );
#12239 = PCURVE('',#7081,#12240);
#12240 = DEFINITIONAL_REPRESENTATION('',(#12241),#12244);
#12241 = B_SPLINE_CURVE_WITH_KNOTS('',1,(#12242,#12243),.UNSPECIFIED.,
  .F.,.F.,(2,2),(0.,74.541027282459),.PIECEWISE_BEZIER_KNOTS.);
#12242 = CARTESIAN_POINT('',(0.,0.));
#12243 = CARTESIAN_POINT('',(0.,74.541027282459));
#12244 = ( GEOMETRIC_REPRESENTATION_CONTEXT(2) 
PARAMETRIC_REPRESENTATION_CONTEXT() REPRESENTATION_CONTEXT('2D SPACE',''
  ) );
#12245 = ADVANCED_FACE('',(#12246),#6338,.F.);
#12246 = FACE_BOUND('',#12247,.F.);
#12247 = EDGE_LOOP('',(#12248,#12269,#12270,#12271));
#12248 = ORIENTED_EDGE('',*,*,#12249,.T.);
#12249 = EDGE_CURVE('',#12250,#6290,#12252,.T.);
#12250 = VERTEX_POINT('',#12251);
#12251 = CARTESIAN_POINT('',(-4.213371563193,2.029052804439,-20.));
#12252 = SURFACE_CURVE('',#12253,(#12257,#12263),.PCURVE_S1.);
#12253 = LINE('',#12254,#12255);
#12254 = CARTESIAN_POINT('',(-2.545508571212,1.225852319853,-20.));
#12255 = VECTOR('',#12256,1.);
#12256 = DIRECTION('',(-0.900968867902,0.433883739118,0.));
#12257 = PCURVE('',#6338,#12258);
#12258 = DEFINITIONAL_REPRESENTATION('',(#12259),#12262);
#12259 = B_SPLINE_CURVE_WITH_KNOTS('',1,(#12260,#12261),.UNSPECIFIED.,
  .F.,.F.,(2,2),(1.851188165055,3.42469914106),
  .PIECEWISE_BEZIER_KNOTS.);
#12260 = CARTESIAN_POINT('',(-0.974113198729,-2.303883990037E-07));
#12261 = CARTESIAN_POINT('',(0.599397777275,-2.303883989928E-07));
#12262 = ( GEOMETRIC_REPRESENTATION_CONTEXT(2) 
PARAMETRIC_REPRESENTATION_CONTEXT() REPRESENTATION_CONTEXT('2D SPACE',''
  ) );
#12263 = PCURVE('',#6306,#12264);
#12264 = DEFINITIONAL_REPRESENTATION('',(#12265),#12268);
#12265 = B_SPLINE_CURVE_WITH_KNOTS('',1,(#12266,#12267),.UNSPECIFIED.,
  .F.,.F.,(2,2),(1.851188165055,3.42469914106),
  .PIECEWISE_BEZIER_KNOTS.);
#12266 = CARTESIAN_POINT('',(-4.213371476556,2.029052762717));
#12267 = CARTESIAN_POINT('',(-5.631055879239,2.711773588528));
#12268 = ( GEOMETRIC_REPRESENTATION_CONTEXT(2) 
PARAMETRIC_REPRESENTATION_CONTEXT() REPRESENTATION_CONTEXT('2D SPACE',''
  ) );
#12269 = ORIENTED_EDGE('',*,*,#6318,.T.);
#12270 = ORIENTED_EDGE('',*,*,#9939,.T.);
#12271 = ORIENTED_EDGE('',*,*,#12272,.T.);
#12272 = EDGE_CURVE('',#9940,#12250,#12273,.T.);
#12273 = SURFACE_CURVE('',#12274,(#12277,#12283),.PCURVE_S1.);
#12274 = B_SPLINE_CURVE_WITH_KNOTS('',1,(#12275,#12276),.UNSPECIFIED.,
  .F.,.F.,(2,2),(0.,0.291666992032),.PIECEWISE_BEZIER_KNOTS.);
#12275 = CARTESIAN_POINT('',(-4.216305735414,2.022960154672,
    -20.14567749775));
#12276 = CARTESIAN_POINT('',(-4.210437426091,2.035145381287,
    -19.85432424577));
#12277 = PCURVE('',#6338,#12278);
#12278 = DEFINITIONAL_REPRESENTATION('',(#12279),#12282);
#12279 = B_SPLINE_CURVE_WITH_KNOTS('',1,(#12280,#12281),.UNSPECIFIED.,
  .F.,.F.,(2,2),(0.,0.291666992032),.PIECEWISE_BEZIER_KNOTS.);
#12280 = CARTESIAN_POINT('',(-0.974113006407,0.145834138334));
#12281 = CARTESIAN_POINT('',(-0.974113198729,-0.145832853697));
#12282 = ( GEOMETRIC_REPRESENTATION_CONTEXT(2) 
PARAMETRIC_REPRESENTATION_CONTEXT() REPRESENTATION_CONTEXT('2D SPACE',''
  ) );
#12283 = PCURVE('',#7081,#12284);
#12284 = DEFINITIONAL_REPRESENTATION('',(#12285),#12289);
#12285 = LINE('',#12286,#12287);
#12286 = CARTESIAN_POINT('',(0.,74.541027282459));
#12287 = VECTOR('',#12288,1.);
#12288 = DIRECTION('',(1.,0.));
#12289 = ( GEOMETRIC_REPRESENTATION_CONTEXT(2) 
PARAMETRIC_REPRESENTATION_CONTEXT() REPRESENTATION_CONTEXT('2D SPACE',''
  ) );
#12290 = ADVANCED_FACE('',(#12291),#6306,.F.);
#12291 = FACE_BOUND('',#12292,.F.);
#12292 = EDGE_LOOP('',(#12293,#12335,#12336,#12337));
#12293 = ORIENTED_EDGE('',*,*,#12294,.F.);
#12294 = EDGE_CURVE('',#6940,#12250,#12295,.T.);
#12295 = SURFACE_CURVE('',#12296,(#12307,#12321),.PCURVE_S1.);
#12296 = B_SPLINE_CURVE_WITH_KNOTS('',5,(#12297,#12298,#12299,#12300,
    #12301,#12302,#12303,#12304,#12305,#12306),.UNSPECIFIED.,.F.,.F.,(6,
    4,6),(0.,0.499994694515,1.),.UNSPECIFIED.);
#12297 = CARTESIAN_POINT('',(-2.630950426052,3.866224120237,-20.));
#12298 = CARTESIAN_POINT('',(-2.833722781683,3.728236579768,-20.));
#12299 = CARTESIAN_POINT('',(-3.027451228177,3.576953133101,-20.));
#12300 = CARTESIAN_POINT('',(-3.21096608628,3.41317038811,-20.));
#12301 = CARTESIAN_POINT('',(-3.383219474598,3.237824427678,-20.));
#12302 = CARTESIAN_POINT('',(-3.70335981958,2.866146411111,-20.));
#12303 = CARTESIAN_POINT('',(-3.85125045592,2.66980907175,-20.));
#12304 = CARTESIAN_POINT('',(-3.986037298928,2.464047696622,-20.));
#12305 = CARTESIAN_POINT('',(-4.106950710478,2.250037959435,-20.));
#12306 = CARTESIAN_POINT('',(-4.213371563193,2.029052804439,-20.));
#12307 = PCURVE('',#6306,#12308);
#12308 = DEFINITIONAL_REPRESENTATION('',(#12309),#12320);
#12309 = B_SPLINE_CURVE_WITH_KNOTS('',5,(#12310,#12311,#12312,#12313,
    #12314,#12315,#12316,#12317,#12318,#12319),.UNSPECIFIED.,.F.,.F.,(6,
    4,6),(0.,0.499994694515,1.),.UNSPECIFIED.);
#12310 = CARTESIAN_POINT('',(-2.630950426052,3.866224120237));
#12311 = CARTESIAN_POINT('',(-2.833722781683,3.728236579768));
#12312 = CARTESIAN_POINT('',(-3.027451228177,3.576953133101));
#12313 = CARTESIAN_POINT('',(-3.21096608628,3.41317038811));
#12314 = CARTESIAN_POINT('',(-3.383219474598,3.237824427678));
#12315 = CARTESIAN_POINT('',(-3.70335981958,2.866146411111));
#12316 = CARTESIAN_POINT('',(-3.85125045592,2.66980907175));
#12317 = CARTESIAN_POINT('',(-3.986037298928,2.464047696622));
#12318 = CARTESIAN_POINT('',(-4.106950710478,2.250037959435));
#12319 = CARTESIAN_POINT('',(-4.213371563193,2.029052804439));
#12320 = ( GEOMETRIC_REPRESENTATION_CONTEXT(2) 
PARAMETRIC_REPRESENTATION_CONTEXT() REPRESENTATION_CONTEXT('2D SPACE',''
  ) );
#12321 = PCURVE('',#7081,#12322);
#12322 = DEFINITIONAL_REPRESENTATION('',(#12323),#12334);
#12323 = B_SPLINE_CURVE_WITH_KNOTS('',5,(#12324,#12325,#12326,#12327,
    #12328,#12329,#12330,#12331,#12332,#12333),.UNSPECIFIED.,.F.,.F.,(6,
    4,6),(0.,0.499994694515,1.),.UNSPECIFIED.);
#12324 = CARTESIAN_POINT('',(0.291666992032,73.99808489283));
#12325 = CARTESIAN_POINT('',(0.277083590512,74.052379414609));
#12326 = CARTESIAN_POINT('',(0.262499983163,74.106674646229));
#12327 = CARTESIAN_POINT('',(0.247916790846,74.16096828043));
#12328 = CARTESIAN_POINT('',(0.233333342349,74.215262842322));
#12329 = CARTESIAN_POINT('',(0.204166836026,74.323850706877));
#12330 = CARTESIAN_POINT('',(0.189583396966,74.378145428769));
#12331 = CARTESIAN_POINT('',(0.175000486257,74.432438408599));
#12332 = CARTESIAN_POINT('',(0.160417371558,74.48673259507));
#12333 = CARTESIAN_POINT('',(0.145834368723,74.541027282459));
#12334 = ( GEOMETRIC_REPRESENTATION_CONTEXT(2) 
PARAMETRIC_REPRESENTATION_CONTEXT() REPRESENTATION_CONTEXT('2D SPACE',''
  ) );
#12335 = ORIENTED_EDGE('',*,*,#9593,.F.);
#12336 = ORIENTED_EDGE('',*,*,#6289,.T.);
#12337 = ORIENTED_EDGE('',*,*,#12249,.F.);
#12338 = ADVANCED_FACE('',(#12339),#7081,.F.);
#12339 = FACE_BOUND('',#12340,.F.);
#12340 = EDGE_LOOP('',(#12341,#12342,#12420,#12421,#12422));
#12341 = ORIENTED_EDGE('',*,*,#12099,.F.);
#12342 = ORIENTED_EDGE('',*,*,#12343,.F.);
#12343 = EDGE_CURVE('',#6938,#11882,#12344,.T.);
#12344 = SURFACE_CURVE('',#12345,(#12368,#12394),.PCURVE_S1.);
#12345 = B_SPLINE_CURVE_WITH_KNOTS('',5,(#12346,#12347,#12348,#12349,
    #12350,#12351,#12352,#12353,#12354,#12355,#12356,#12357,#12358,
    #12359,#12360,#12361,#12362,#12363,#12364,#12365,#12366,#12367),
  .UNSPECIFIED.,.F.,.F.,(6,4,4,4,4,6),(0.,0.205984527416,0.2229847402,
    0.463985367051,0.703975905755,1.),.UNSPECIFIED.);
#12346 = CARTESIAN_POINT('',(4.648639170545,0.50963295215,
    -39.82350859256));
#12347 = CARTESIAN_POINT('',(4.626613468012,0.710520348112,
    -39.82351088207));
#12348 = CARTESIAN_POINT('',(4.593736524909,0.91021935898,
    -39.82351267465));
#12349 = CARTESIAN_POINT('',(4.550095064907,1.10794461289,
    -39.82351354866));
#12350 = CARTESIAN_POINT('',(4.49585832866,1.302929016328,
    -39.82351357437));
#12351 = CARTESIAN_POINT('',(4.425948168258,1.51022810279,
    -39.82351329252));
#12352 = CARTESIAN_POINT('',(4.420547806469,1.526008690223,
    -39.82351326865));
#12353 = CARTESIAN_POINT('',(4.415077129504,1.541765097563,
    -39.8235132426));
#12354 = CARTESIAN_POINT('',(4.409536282163,1.557496907229,
    -39.82351321455));
#12355 = CARTESIAN_POINT('',(4.32438387957,1.795868422421,
    -39.82351276108));
#12356 = CARTESIAN_POINT('',(4.230769121617,2.013508591297,
    -39.82351196483));
#12357 = CARTESIAN_POINT('',(4.123507187433,2.224931097492,
    -39.82351135112));
#12358 = CARTESIAN_POINT('',(4.0031676343,2.42901277788,-39.823511165));
#12359 = CARTESIAN_POINT('',(3.738311271082,2.819576809023,
    -39.82351137794));
#12360 = CARTESIAN_POINT('',(3.593894966769,3.006133671019,
    -39.82351177992));
#12361 = CARTESIAN_POINT('',(3.437914958287,3.18334037395,
    -39.82351237108));
#12362 = CARTESIAN_POINT('',(3.271193128404,3.350263700541,
    -39.8235127979));
#12363 = CARTESIAN_POINT('',(2.876925551263,3.698267105744,
    -39.82351293529));
#12364 = CARTESIAN_POINT('',(2.644258583465,3.87356004164,
    -39.82351245923));
#12365 = CARTESIAN_POINT('',(2.398432526293,4.030397743676,
    -39.82351100866));
#12366 = CARTESIAN_POINT('',(2.141415274468,4.167524637506,
    -39.82350859902));
#12367 = CARTESIAN_POINT('',(1.87536300656,4.283995016909,
    -39.82350561731));
#12368 = PCURVE('',#7081,#12369);
#12369 = DEFINITIONAL_REPRESENTATION('',(#12370),#12393);
#12370 = B_SPLINE_CURVE_WITH_KNOTS('',5,(#12371,#12372,#12373,#12374,
    #12375,#12376,#12377,#12378,#12379,#12380,#12381,#12382,#12383,
    #12384,#12385,#12386,#12387,#12388,#12389,#12390,#12391,#12392),
  .UNSPECIFIED.,.F.,.F.,(6,4,4,4,4,6),(0.,0.205984527416,0.2229847402,
    0.463985367051,0.703975905755,1.),.UNSPECIFIED.);
#12371 = CARTESIAN_POINT('',(0.291666992032,0.114850232593));
#12372 = CARTESIAN_POINT('',(0.279649199955,0.159584804811));
#12373 = CARTESIAN_POINT('',(0.26763179188,0.204319501566));
#12374 = CARTESIAN_POINT('',(0.255615170471,0.249054546073));
#12375 = CARTESIAN_POINT('',(0.24359928253,0.293789967871));
#12376 = CARTESIAN_POINT('',(0.230591948219,0.342217702053));
#12377 = CARTESIAN_POINT('',(0.229600279224,0.345909803372));
#12378 = CARTESIAN_POINT('',(0.228608611846,0.34960190675));
#12379 = CARTESIAN_POINT('',(0.227616945918,0.353294012145));
#12380 = CARTESIAN_POINT('',(0.212567116073,0.409326651995));
#12381 = CARTESIAN_POINT('',(0.198509055862,0.461668175826));
#12382 = CARTESIAN_POINT('',(0.184451059471,0.514008836229));
#12383 = CARTESIAN_POINT('',(0.170392342626,0.566350642172));
#12384 = CARTESIAN_POINT('',(0.142333643992,0.670813499084));
#12385 = CARTESIAN_POINT('',(0.12833334531,0.722935718497));
#12386 = CARTESIAN_POINT('',(0.11433322181,0.775056620837));
#12387 = CARTESIAN_POINT('',(0.100333045833,0.827178351367));
#12388 = CARTESIAN_POINT('',(6.9065204786E-02,0.943589513961));
#12389 = CARTESIAN_POINT('',(5.1797172543E-02,1.0078810121));
#12390 = CARTESIAN_POINT('',(3.453100711849E-02,1.072169174492));
#12391 = CARTESIAN_POINT('',(1.726500526412E-02,1.136460270386));
#12392 = CARTESIAN_POINT('',(0.,1.200749756316));
#12393 = ( GEOMETRIC_REPRESENTATION_CONTEXT(2) 
PARAMETRIC_REPRESENTATION_CONTEXT() REPRESENTATION_CONTEXT('2D SPACE',''
  ) );
#12394 = PCURVE('',#7447,#12395);
#12395 = DEFINITIONAL_REPRESENTATION('',(#12396),#12419);
#12396 = B_SPLINE_CURVE_WITH_KNOTS('',5,(#12397,#12398,#12399,#12400,
    #12401,#12402,#12403,#12404,#12405,#12406,#12407,#12408,#12409,
    #12410,#12411,#12412,#12413,#12414,#12415,#12416,#12417,#12418),
  .UNSPECIFIED.,.F.,.F.,(6,4,4,4,4,6),(0.,0.205984527416,0.2229847402,
    0.463985367051,0.703975905755,1.),.UNSPECIFIED.);
#12397 = CARTESIAN_POINT('',(0.109194496703,-1.323508592562));
#12398 = CARTESIAN_POINT('',(0.152408787617,-1.323510882077));
#12399 = CARTESIAN_POINT('',(0.195623204924,-1.323512674655));
#12400 = CARTESIAN_POINT('',(0.238837655413,-1.32351354866));
#12401 = CARTESIAN_POINT('',(0.282052065773,-1.323513574376));
#12402 = CARTESIAN_POINT('',(0.328832925141,-1.323513292521));
#12403 = CARTESIAN_POINT('',(0.332399467596,-1.323513268659));
#12404 = CARTESIAN_POINT('',(0.335966009956,-1.323513242609));
#12405 = CARTESIAN_POINT('',(0.339532552217,-1.323513214553));
#12406 = CARTESIAN_POINT('',(0.393659573065,-1.323512761089));
#12407 = CARTESIAN_POINT('',(0.44422060518,-1.323511964837));
#12408 = CARTESIAN_POINT('',(0.494780526247,-1.323511351129));
#12409 = CARTESIAN_POINT('',(0.545341521539,-1.323511165004));
#12410 = CARTESIAN_POINT('',(0.646250461112,-1.323511377942));
#12411 = CARTESIAN_POINT('',(0.696599533858,-1.323511779925));
#12412 = CARTESIAN_POINT('',(0.746947570427,-1.323512371081));
#12413 = CARTESIAN_POINT('',(0.797296682836,-1.3235127979));
#12414 = CARTESIAN_POINT('',(0.909749327111,-1.323512935299));
#12415 = CARTESIAN_POINT('',(0.971854980087,-1.323512459234));
#12416 = CARTESIAN_POINT('',(1.03395770767,-1.323511008663));
#12417 = CARTESIAN_POINT('',(1.096063357132,-1.323508599022));
#12418 = CARTESIAN_POINT('',(1.158167412477,-1.323505617316));
#12419 = ( GEOMETRIC_REPRESENTATION_CONTEXT(2) 
PARAMETRIC_REPRESENTATION_CONTEXT() REPRESENTATION_CONTEXT('2D SPACE',''
  ) );
#12420 = ORIENTED_EDGE('',*,*,#6937,.T.);
#12421 = ORIENTED_EDGE('',*,*,#12294,.T.);
#12422 = ORIENTED_EDGE('',*,*,#12272,.F.);
#12423 = ADVANCED_FACE('',(#12424),#9310,.T.);
#12424 = FACE_BOUND('',#12425,.T.);
#12425 = EDGE_LOOP('',(#12426,#12427,#12428,#12449));
#12426 = ORIENTED_EDGE('',*,*,#9914,.F.);
#12427 = ORIENTED_EDGE('',*,*,#9962,.F.);
#12428 = ORIENTED_EDGE('',*,*,#12429,.T.);
#12429 = EDGE_CURVE('',#9963,#8915,#12430,.T.);
#12430 = SURFACE_CURVE('',#12431,(#12435,#12442),.PCURVE_S1.);
#12431 = LINE('',#12432,#12433);
#12432 = CARTESIAN_POINT('',(6.,0.,0.));
#12433 = VECTOR('',#12434,1.);
#12434 = DIRECTION('',(-0.,-0.,-1.));
#12435 = PCURVE('',#9310,#12436);
#12436 = DEFINITIONAL_REPRESENTATION('',(#12437),#12441);
#12437 = LINE('',#12438,#12439);
#12438 = CARTESIAN_POINT('',(0.,0.));
#12439 = VECTOR('',#12440,1.);
#12440 = DIRECTION('',(0.,-1.));
#12441 = ( GEOMETRIC_REPRESENTATION_CONTEXT(2) 
PARAMETRIC_REPRESENTATION_CONTEXT() REPRESENTATION_CONTEXT('2D SPACE',''
  ) );
#12442 = PCURVE('',#9082,#12443);
#12443 = DEFINITIONAL_REPRESENTATION('',(#12444),#12448);
#12444 = LINE('',#12445,#12446);
#12445 = CARTESIAN_POINT('',(6.28318530718,0.));
#12446 = VECTOR('',#12447,1.);
#12447 = DIRECTION('',(0.,-1.));
#12448 = ( GEOMETRIC_REPRESENTATION_CONTEXT(2) 
PARAMETRIC_REPRESENTATION_CONTEXT() REPRESENTATION_CONTEXT('2D SPACE',''
  ) );
#12449 = ORIENTED_EDGE('',*,*,#9170,.T.);
#12450 = ADVANCED_FACE('',(#12451),#9082,.T.);
#12451 = FACE_BOUND('',#12452,.T.);
#12452 = EDGE_LOOP('',(#12453,#12454,#12455,#12476));
#12453 = ORIENTED_EDGE('',*,*,#12429,.F.);
#12454 = ORIENTED_EDGE('',*,*,#10150,.F.);
#12455 = ORIENTED_EDGE('',*,*,#12456,.T.);
#12456 = EDGE_CURVE('',#10151,#8722,#12457,.T.);
#12457 = SURFACE_CURVE('',#12458,(#12462,#12469),.PCURVE_S1.);
#12458 = LINE('',#12459,#12460);
#12459 = CARTESIAN_POINT('',(6.,0.,0.));
#12460 = VECTOR('',#12461,1.);
#12461 = DIRECTION('',(-0.,-0.,-1.));
#12462 = PCURVE('',#9082,#12463);
#12463 = DEFINITIONAL_REPRESENTATION('',(#12464),#12468);
#12464 = LINE('',#12465,#12466);
#12465 = CARTESIAN_POINT('',(0.,0.));
#12466 = VECTOR('',#12467,1.);
#12467 = DIRECTION('',(0.,-1.));
#12468 = ( GEOMETRIC_REPRESENTATION_CONTEXT(2) 
PARAMETRIC_REPRESENTATION_CONTEXT() REPRESENTATION_CONTEXT('2D SPACE',''
  ) );
#12469 = PCURVE('',#8847,#12470);
#12470 = DEFINITIONAL_REPRESENTATION('',(#12471),#12475);
#12471 = LINE('',#12472,#12473);
#12472 = CARTESIAN_POINT('',(6.28318530718,0.));
#12473 = VECTOR('',#12474,1.);
#12474 = DIRECTION('',(0.,-1.));
#12475 = ( GEOMETRIC_REPRESENTATION_CONTEXT(2) 
PARAMETRIC_REPRESENTATION_CONTEXT() REPRESENTATION_CONTEXT('2D SPACE',''
  ) );
#12476 = ORIENTED_EDGE('',*,*,#8914,.T.);
#12477 = ADVANCED_FACE('',(#12478),#8847,.T.);
#12478 = FACE_BOUND('',#12479,.T.);
#12479 = EDGE_LOOP('',(#12480,#12481,#12482,#12503));
#12480 = ORIENTED_EDGE('',*,*,#12456,.F.);
#12481 = ORIENTED_EDGE('',*,*,#10359,.F.);
#12482 = ORIENTED_EDGE('',*,*,#12483,.T.);
#12483 = EDGE_CURVE('',#10360,#8508,#12484,.T.);
#12484 = SURFACE_CURVE('',#12485,(#12489,#12496),.PCURVE_S1.);
#12485 = LINE('',#12486,#12487);
#12486 = CARTESIAN_POINT('',(6.,0.,0.));
#12487 = VECTOR('',#12488,1.);
#12488 = DIRECTION('',(-0.,-0.,-1.));
#12489 = PCURVE('',#8847,#12490);
#12490 = DEFINITIONAL_REPRESENTATION('',(#12491),#12495);
#12491 = LINE('',#12492,#12493);
#12492 = CARTESIAN_POINT('',(0.,0.));
#12493 = VECTOR('',#12494,1.);
#12494 = DIRECTION('',(0.,-1.));
#12495 = ( GEOMETRIC_REPRESENTATION_CONTEXT(2) 
PARAMETRIC_REPRESENTATION_CONTEXT() REPRESENTATION_CONTEXT('2D SPACE',''
  ) );
#12496 = PCURVE('',#8647,#12497);
#12497 = DEFINITIONAL_REPRESENTATION('',(#12498),#12502);
#12498 = LINE('',#12499,#12500);
#12499 = CARTESIAN_POINT('',(6.28318530718,0.));
#12500 = VECTOR('',#12501,1.);
#12501 = DIRECTION('',(0.,-1.));
#12502 = ( GEOMETRIC_REPRESENTATION_CONTEXT(2) 
PARAMETRIC_REPRESENTATION_CONTEXT() REPRESENTATION_CONTEXT('2D SPACE',''
  ) );
#12503 = ORIENTED_EDGE('',*,*,#8721,.T.);
#12504 = ADVANCED_FACE('',(#12505),#8647,.T.);
#12505 = FACE_BOUND('',#12506,.T.);
#12506 = EDGE_LOOP('',(#12507,#12508,#12509,#12530));
#12507 = ORIENTED_EDGE('',*,*,#12483,.F.);
#12508 = ORIENTED_EDGE('',*,*,#10568,.F.);
#12509 = ORIENTED_EDGE('',*,*,#12510,.T.);
#12510 = EDGE_CURVE('',#10569,#8294,#12511,.T.);
#12511 = SURFACE_CURVE('',#12512,(#12516,#12523),.PCURVE_S1.);
#12512 = LINE('',#12513,#12514);
#12513 = CARTESIAN_POINT('',(6.,0.,0.));
#12514 = VECTOR('',#12515,1.);
#12515 = DIRECTION('',(-0.,-0.,-1.));
#12516 = PCURVE('',#8647,#12517);
#12517 = DEFINITIONAL_REPRESENTATION('',(#12518),#12522);
#12518 = LINE('',#12519,#12520);
#12519 = CARTESIAN_POINT('',(0.,0.));
#12520 = VECTOR('',#12521,1.);
#12521 = DIRECTION('',(0.,-1.));
#12522 = ( GEOMETRIC_REPRESENTATION_CONTEXT(2) 
PARAMETRIC_REPRESENTATION_CONTEXT() REPRESENTATION_CONTEXT('2D SPACE',''
  ) );
#12523 = PCURVE('',#8433,#12524);
#12524 = DEFINITIONAL_REPRESENTATION('',(#12525),#12529);
#12525 = LINE('',#12526,#12527);
#12526 = CARTESIAN_POINT('',(6.28318530718,0.));
#12527 = VECTOR('',#12528,1.);
#12528 = DIRECTION('',(0.,-1.));
#12529 = ( GEOMETRIC_REPRESENTATION_CONTEXT(2) 
PARAMETRIC_REPRESENTATION_CONTEXT() REPRESENTATION_CONTEXT('2D SPACE',''
  ) );
#12530 = ORIENTED_EDGE('',*,*,#8507,.T.);
#12531 = ADVANCED_FACE('',(#12532),#8433,.T.);
#12532 = FACE_BOUND('',#12533,.T.);
#12533 = EDGE_LOOP('',(#12534,#12535,#12536,#12557));
#12534 = ORIENTED_EDGE('',*,*,#12510,.F.);
#12535 = ORIENTED_EDGE('',*,*,#10777,.F.);
#12536 = ORIENTED_EDGE('',*,*,#12537,.T.);
#12537 = EDGE_CURVE('',#10778,#8080,#12538,.T.);
#12538 = SURFACE_CURVE('',#12539,(#12543,#12550),.PCURVE_S1.);
#12539 = LINE('',#12540,#12541);
#12540 = CARTESIAN_POINT('',(6.,0.,0.));
#12541 = VECTOR('',#12542,1.);
#12542 = DIRECTION('',(-0.,-0.,-1.));
#12543 = PCURVE('',#8433,#12544);
#12544 = DEFINITIONAL_REPRESENTATION('',(#12545),#12549);
#12545 = LINE('',#12546,#12547);
#12546 = CARTESIAN_POINT('',(0.,0.));
#12547 = VECTOR('',#12548,1.);
#12548 = DIRECTION('',(0.,-1.));
#12549 = ( GEOMETRIC_REPRESENTATION_CONTEXT(2) 
PARAMETRIC_REPRESENTATION_CONTEXT() REPRESENTATION_CONTEXT('2D SPACE',''
  ) );
#12550 = PCURVE('',#8219,#12551);
#12551 = DEFINITIONAL_REPRESENTATION('',(#12552),#12556);
#12552 = LINE('',#12553,#12554);
#12553 = CARTESIAN_POINT('',(6.28318530718,0.));
#12554 = VECTOR('',#12555,1.);
#12555 = DIRECTION('',(0.,-1.));
#12556 = ( GEOMETRIC_REPRESENTATION_CONTEXT(2) 
PARAMETRIC_REPRESENTATION_CONTEXT() REPRESENTATION_CONTEXT('2D SPACE',''
  ) );
#12557 = ORIENTED_EDGE('',*,*,#8293,.T.);
#12558 = ADVANCED_FACE('',(#12559),#8219,.T.);
#12559 = FACE_BOUND('',#12560,.T.);
#12560 = EDGE_LOOP('',(#12561,#12562,#12563,#12584));
#12561 = ORIENTED_EDGE('',*,*,#12537,.F.);
#12562 = ORIENTED_EDGE('',*,*,#10986,.F.);
#12563 = ORIENTED_EDGE('',*,*,#12564,.T.);
#12564 = EDGE_CURVE('',#10987,#7845,#12565,.T.);
#12565 = SURFACE_CURVE('',#12566,(#12570,#12577),.PCURVE_S1.);
#12566 = LINE('',#12567,#12568);
#12567 = CARTESIAN_POINT('',(6.,0.,0.));
#12568 = VECTOR('',#12569,1.);
#12569 = DIRECTION('',(-0.,-0.,-1.));
#12570 = PCURVE('',#8219,#12571);
#12571 = DEFINITIONAL_REPRESENTATION('',(#12572),#12576);
#12572 = LINE('',#12573,#12574);
#12573 = CARTESIAN_POINT('',(0.,0.));
#12574 = VECTOR('',#12575,1.);
#12575 = DIRECTION('',(0.,-1.));
#12576 = ( GEOMETRIC_REPRESENTATION_CONTEXT(2) 
PARAMETRIC_REPRESENTATION_CONTEXT() REPRESENTATION_CONTEXT('2D SPACE',''
  ) );
#12577 = PCURVE('',#7998,#12578);
#12578 = DEFINITIONAL_REPRESENTATION('',(#12579),#12583);
#12579 = LINE('',#12580,#12581);
#12580 = CARTESIAN_POINT('',(6.28318530718,0.));
#12581 = VECTOR('',#12582,1.);
#12582 = DIRECTION('',(0.,-1.));
#12583 = ( GEOMETRIC_REPRESENTATION_CONTEXT(2) 
PARAMETRIC_REPRESENTATION_CONTEXT() REPRESENTATION_CONTEXT('2D SPACE',''
  ) );
#12584 = ORIENTED_EDGE('',*,*,#8079,.T.);
#12585 = ADVANCED_FACE('',(#12586),#7998,.T.);
#12586 = FACE_BOUND('',#12587,.T.);
#12587 = EDGE_LOOP('',(#12588,#12589,#12590,#12611));
#12588 = ORIENTED_EDGE('',*,*,#12564,.F.);
#12589 = ORIENTED_EDGE('',*,*,#11195,.F.);
#12590 = ORIENTED_EDGE('',*,*,#12591,.T.);
#12591 = EDGE_CURVE('',#11196,#7631,#12592,.T.);
#12592 = SURFACE_CURVE('',#12593,(#12597,#12604),.PCURVE_S1.);
#12593 = LINE('',#12594,#12595);
#12594 = CARTESIAN_POINT('',(6.,0.,0.));
#12595 = VECTOR('',#12596,1.);
#12596 = DIRECTION('',(-0.,-0.,-1.));
#12597 = PCURVE('',#7998,#12598);
#12598 = DEFINITIONAL_REPRESENTATION('',(#12599),#12603);
#12599 = LINE('',#12600,#12601);
#12600 = CARTESIAN_POINT('',(0.,0.));
#12601 = VECTOR('',#12602,1.);
#12602 = DIRECTION('',(0.,-1.));
#12603 = ( GEOMETRIC_REPRESENTATION_CONTEXT(2) 
PARAMETRIC_REPRESENTATION_CONTEXT() REPRESENTATION_CONTEXT('2D SPACE',''
  ) );
#12604 = PCURVE('',#7770,#12605);
#12605 = DEFINITIONAL_REPRESENTATION('',(#12606),#12610);
#12606 = LINE('',#12607,#12608);
#12607 = CARTESIAN_POINT('',(6.28318530718,0.));
#12608 = VECTOR('',#12609,1.);
#12609 = DIRECTION('',(0.,-1.));
#12610 = ( GEOMETRIC_REPRESENTATION_CONTEXT(2) 
PARAMETRIC_REPRESENTATION_CONTEXT() REPRESENTATION_CONTEXT('2D SPACE',''
  ) );
#12611 = ORIENTED_EDGE('',*,*,#7844,.T.);
#12612 = ADVANCED_FACE('',(#12613),#7770,.T.);
#12613 = FACE_BOUND('',#12614,.T.);
#12614 = EDGE_LOOP('',(#12615,#12616,#12617,#12638));
#12615 = ORIENTED_EDGE('',*,*,#12591,.F.);
#12616 = ORIENTED_EDGE('',*,*,#11404,.F.);
#12617 = ORIENTED_EDGE('',*,*,#12618,.T.);
#12618 = EDGE_CURVE('',#11405,#7501,#12619,.T.);
#12619 = SURFACE_CURVE('',#12620,(#12624,#12631),.PCURVE_S1.);
#12620 = LINE('',#12621,#12622);
#12621 = CARTESIAN_POINT('',(6.,0.,0.));
#12622 = VECTOR('',#12623,1.);
#12623 = DIRECTION('',(-0.,-0.,-1.));
#12624 = PCURVE('',#7770,#12625);
#12625 = DEFINITIONAL_REPRESENTATION('',(#12626),#12630);
#12626 = LINE('',#12627,#12628);
#12627 = CARTESIAN_POINT('',(0.,0.));
#12628 = VECTOR('',#12629,1.);
#12629 = DIRECTION('',(0.,-1.));
#12630 = ( GEOMETRIC_REPRESENTATION_CONTEXT(2) 
PARAMETRIC_REPRESENTATION_CONTEXT() REPRESENTATION_CONTEXT('2D SPACE',''
  ) );
#12631 = PCURVE('',#7584,#12632);
#12632 = DEFINITIONAL_REPRESENTATION('',(#12633),#12637);
#12633 = LINE('',#12634,#12635);
#12634 = CARTESIAN_POINT('',(6.28318530718,0.));
#12635 = VECTOR('',#12636,1.);
#12636 = DIRECTION('',(0.,-1.));
#12637 = ( GEOMETRIC_REPRESENTATION_CONTEXT(2) 
PARAMETRIC_REPRESENTATION_CONTEXT() REPRESENTATION_CONTEXT('2D SPACE',''
  ) );
#12638 = ORIENTED_EDGE('',*,*,#7630,.T.);
#12639 = ADVANCED_FACE('',(#12640),#7584,.T.);
#12640 = FACE_BOUND('',#12641,.T.);
#12641 = EDGE_LOOP('',(#12642,#12643,#12644,#12666));
#12642 = ORIENTED_EDGE('',*,*,#12618,.F.);
#12643 = ORIENTED_EDGE('',*,*,#11634,.F.);
#12644 = ORIENTED_EDGE('',*,*,#12645,.T.);
#12645 = EDGE_CURVE('',#11635,#7350,#12646,.T.);
#12646 = SURFACE_CURVE('',#12647,(#12652,#12659),.PCURVE_S1.);
#12647 = CIRCLE('',#12648,6.);
#12648 = AXIS2_PLACEMENT_3D('',#12649,#12650,#12651);
#12649 = CARTESIAN_POINT('',(0.,0.,-38.5));
#12650 = DIRECTION('',(0.,0.,1.));
#12651 = DIRECTION('',(1.,0.,-0.));
#12652 = PCURVE('',#7584,#12653);
#12653 = DEFINITIONAL_REPRESENTATION('',(#12654),#12658);
#12654 = LINE('',#12655,#12656);
#12655 = CARTESIAN_POINT('',(0.,-38.5));
#12656 = VECTOR('',#12657,1.);
#12657 = DIRECTION('',(1.,0.));
#12658 = ( GEOMETRIC_REPRESENTATION_CONTEXT(2) 
PARAMETRIC_REPRESENTATION_CONTEXT() REPRESENTATION_CONTEXT('2D SPACE',''
  ) );
#12659 = PCURVE('',#7447,#12660);
#12660 = DEFINITIONAL_REPRESENTATION('',(#12661),#12665);
#12661 = LINE('',#12662,#12663);
#12662 = CARTESIAN_POINT('',(0.,-0.));
#12663 = VECTOR('',#12664,1.);
#12664 = DIRECTION('',(1.,-0.));
#12665 = ( GEOMETRIC_REPRESENTATION_CONTEXT(2) 
PARAMETRIC_REPRESENTATION_CONTEXT() REPRESENTATION_CONTEXT('2D SPACE',''
  ) );
#12666 = ORIENTED_EDGE('',*,*,#7500,.T.);
#12667 = ADVANCED_FACE('',(#12668),#7447,.T.);
#12668 = FACE_BOUND('',#12669,.F.);
#12669 = EDGE_LOOP('',(#12670,#12671,#12692,#12719,#12720,#12721,#12722,
    #12723));
#12670 = ORIENTED_EDGE('',*,*,#11881,.T.);
#12671 = ORIENTED_EDGE('',*,*,#12672,.T.);
#12672 = EDGE_CURVE('',#11802,#12673,#12675,.T.);
#12673 = VERTEX_POINT('',#12674);
#12674 = CARTESIAN_POINT('',(4.5,0.,-40.));
#12675 = SEAM_CURVE('',#12676,(#12680,#12686),.PCURVE_S1.);
#12676 = LINE('',#12677,#12678);
#12677 = CARTESIAN_POINT('',(6.,0.,-38.5));
#12678 = VECTOR('',#12679,1.);
#12679 = DIRECTION('',(-0.707106781187,-0.,-0.707106781187));
#12680 = PCURVE('',#7447,#12681);
#12681 = DEFINITIONAL_REPRESENTATION('',(#12682),#12685);
#12682 = B_SPLINE_CURVE_WITH_KNOTS('',1,(#12683,#12684),.UNSPECIFIED.,
  .F.,.F.,(2,2),(0.,2.12132034356),.PIECEWISE_BEZIER_KNOTS.);
#12683 = CARTESIAN_POINT('',(0.,0.));
#12684 = CARTESIAN_POINT('',(0.,-1.5));
#12685 = ( GEOMETRIC_REPRESENTATION_CONTEXT(2) 
PARAMETRIC_REPRESENTATION_CONTEXT() REPRESENTATION_CONTEXT('2D SPACE',''
  ) );
#12686 = PCURVE('',#7447,#12687);
#12687 = DEFINITIONAL_REPRESENTATION('',(#12688),#12691);
#12688 = B_SPLINE_CURVE_WITH_KNOTS('',1,(#12689,#12690),.UNSPECIFIED.,
  .F.,.F.,(2,2),(0.,2.12132034356),.PIECEWISE_BEZIER_KNOTS.);
#12689 = CARTESIAN_POINT('',(6.28318530718,0.));
#12690 = CARTESIAN_POINT('',(6.28318530718,-1.5));
#12691 = ( GEOMETRIC_REPRESENTATION_CONTEXT(2) 
PARAMETRIC_REPRESENTATION_CONTEXT() REPRESENTATION_CONTEXT('2D SPACE',''
  ) );
#12692 = ORIENTED_EDGE('',*,*,#12693,.F.);
#12693 = EDGE_CURVE('',#12673,#12673,#12694,.T.);
#12694 = SURFACE_CURVE('',#12695,(#12700,#12707),.PCURVE_S1.);
#12695 = CIRCLE('',#12696,4.5);
#12696 = AXIS2_PLACEMENT_3D('',#12697,#12698,#12699);
#12697 = CARTESIAN_POINT('',(0.,0.,-40.));
#12698 = DIRECTION('',(0.,0.,1.));
#12699 = DIRECTION('',(1.,0.,-0.));
#12700 = PCURVE('',#7447,#12701);
#12701 = DEFINITIONAL_REPRESENTATION('',(#12702),#12706);
#12702 = LINE('',#12703,#12704);
#12703 = CARTESIAN_POINT('',(0.,-1.5));
#12704 = VECTOR('',#12705,1.);
#12705 = DIRECTION('',(1.,-0.));
#12706 = ( GEOMETRIC_REPRESENTATION_CONTEXT(2) 
PARAMETRIC_REPRESENTATION_CONTEXT() REPRESENTATION_CONTEXT('2D SPACE',''
  ) );
#12707 = PCURVE('',#12708,#12713);
#12708 = PLANE('',#12709);
#12709 = AXIS2_PLACEMENT_3D('',#12710,#12711,#12712);
#12710 = CARTESIAN_POINT('',(-3.418600331349E-16,-1.70226710729E-17,-40.
    ));
#12711 = DIRECTION('',(0.,0.,1.));
#12712 = DIRECTION('',(1.,0.,-0.));
#12713 = DEFINITIONAL_REPRESENTATION('',(#12714),#12718);
#12714 = CIRCLE('',#12715,4.5);
#12715 = AXIS2_PLACEMENT_2D('',#12716,#12717);
#12716 = CARTESIAN_POINT('',(3.418600331349E-16,1.70226710729E-17));
#12717 = DIRECTION('',(1.,0.));
#12718 = ( GEOMETRIC_REPRESENTATION_CONTEXT(2) 
PARAMETRIC_REPRESENTATION_CONTEXT() REPRESENTATION_CONTEXT('2D SPACE',''
  ) );
#12719 = ORIENTED_EDGE('',*,*,#12672,.F.);
#12720 = ORIENTED_EDGE('',*,*,#11801,.T.);
#12721 = ORIENTED_EDGE('',*,*,#12645,.T.);
#12722 = ORIENTED_EDGE('',*,*,#7349,.T.);
#12723 = ORIENTED_EDGE('',*,*,#12343,.T.);
#12724 = ADVANCED_FACE('',(#12725),#12708,.F.);
#12725 = FACE_BOUND('',#12726,.F.);
#12726 = EDGE_LOOP('',(#12727));
#12727 = ORIENTED_EDGE('',*,*,#12693,.T.);
#12728 = ( GEOMETRIC_REPRESENTATION_CONTEXT(3) 
GLOBAL_UNCERTAINTY_ASSIGNED_CONTEXT((#12732)) 
GLOBAL_UNIT_ASSIGNED_CONTEXT((#12729,#12730,#12731)) 
REPRESENTATION_CONTEXT('Context #1',
  '3D Context with UNIT and UNCERTAINTY') );
#12729 = ( LENGTH_UNIT() NAMED_UNIT(*) SI_UNIT(.MILLI.,.METRE.) );
#12730 = ( NAMED_UNIT(*) PLANE_ANGLE_UNIT() SI_UNIT($,.RADIAN.) );
#12731 = ( NAMED_UNIT(*) SI_UNIT($,.STERADIAN.) SOLID_ANGLE_UNIT() );
#12732 = UNCERTAINTY_MEASURE_WITH_UNIT(LENGTH_MEASURE(1.E-05),#12729,
  'distance_accuracy_value','confusion accuracy');
#12733 = PRODUCT_RELATED_PRODUCT_CATEGORY('part',$,(#7));
ENDSEC;
END-ISO-10303-21;
