ISO-10303-21;
HEADER;
FILE_DESCRIPTION(('Open CASCADE Model'),'2;1');
FILE_NAME('Open CASCADE Shape Model','2026-08-07T02:34:17',('Author'),(
    'Open CASCADE'),'Open CASCADE STEP processor 7.7','Open CASCADE 7.7'
  ,'Unknown');
FILE_SCHEMA(('AUTOMOTIVE_DESIGN { 1 0 10303 214 1 1 1 1 }'));
ENDSEC;
DATA;
#1 = APPLICATION_PROTOCOL_DEFINITION('international standard',
  'automotive_design',2000,#2);
#2 = APPLICATION_CONTEXT(
  'core data for automotive mechanical design processes');
#3 = SHAPE_DEFINITION_REPRESENTATION(#4,#10);
#4 = PRODUCT_DEFINITION_SHAPE('','',#5);
#5 = PRODUCT_DEFINITION('design','',#6,#9);
#6 = PRODUCT_DEFINITION_FORMATION('','',#7);
#7 = PRODUCT('Open CASCADE STEP translator 7.7 28',
  'Open CASCADE STEP translator 7.7 28','',(#8));
#8 = PRODUCT_CONTEXT('',#2,'mechanical');
#9 = PRODUCT_DEFINITION_CONTEXT('part definition',#2,'design');
#10 = ADVANCED_BREP_SHAPE_REPRESENTATION('',(#11,#15),#1989);
#11 = AXIS2_PLACEMENT_3D('',#12,#13,#14);
#12 = CARTESIAN_POINT('',(0.,0.,0.));
#13 = DIRECTION('',(0.,0.,1.));
#14 = DIRECTION('',(1.,0.,-0.));
#15 = MANIFOLD_SOLID_BREP('',#16);
#16 = CLOSED_SHELL('',(#17,#135,#801,#849,#1414,#1441,#1468,#1493,#1518,
    #1543,#1568,#1595,#1622,#1647,#1672,#1697,#1722,#1749,#1776,#1801,
    #1826,#1851,#1876,#1903,#1930,#1955,#1962));
#17 = ADVANCED_FACE('',(#18),#33,.T.);
#18 = FACE_BOUND('',#19,.F.);
#19 = EDGE_LOOP('',(#20,#56,#82,#111));
#20 = ORIENTED_EDGE('',*,*,#21,.F.);
#21 = EDGE_CURVE('',#22,#24,#26,.T.);
#22 = VERTEX_POINT('',#23);
#23 = CARTESIAN_POINT('',(39.799497484265,4.,0.));
#24 = VERTEX_POINT('',#25);
#25 = CARTESIAN_POINT('',(38.441801279158,11.0556734039,0.));
#26 = SURFACE_CURVE('',#27,(#32,#44),.PCURVE_S1.);
#27 = CIRCLE('',#28,40.);
#28 = AXIS2_PLACEMENT_3D('',#29,#30,#31);
#29 = CARTESIAN_POINT('',(0.,0.,0.));
#30 = DIRECTION('',(0.,0.,1.));
#31 = DIRECTION('',(1.,0.,0.));
#32 = PCURVE('',#33,#38);
#33 = CYLINDRICAL_SURFACE('',#34,40.);
#34 = AXIS2_PLACEMENT_3D('',#35,#36,#37);
#35 = CARTESIAN_POINT('',(0.,0.,0.));
#36 = DIRECTION('',(-0.,-0.,-1.));
#37 = DIRECTION('',(1.,0.,0.));
#38 = DEFINITIONAL_REPRESENTATION('',(#39),#43);
#39 = LINE('',#40,#41);
#40 = CARTESIAN_POINT('',(-0.,0.));
#41 = VECTOR('',#42,1.);
#42 = DIRECTION('',(-1.,0.));
#43 = ( GEOMETRIC_REPRESENTATION_CONTEXT(2) 
PARAMETRIC_REPRESENTATION_CONTEXT() REPRESENTATION_CONTEXT('2D SPACE',''
  ) );
#44 = PCURVE('',#45,#50);
#45 = PLANE('',#46);
#46 = AXIS2_PLACEMENT_3D('',#47,#48,#49);
#47 = CARTESIAN_POINT('',(-2.187904212063E-15,2.742946025263E-15,0.));
#48 = DIRECTION('',(0.,0.,1.));
#49 = DIRECTION('',(1.,0.,-0.));
#50 = DEFINITIONAL_REPRESENTATION('',(#51),#55);
#51 = CIRCLE('',#52,40.);
#52 = AXIS2_PLACEMENT_2D('',#53,#54);
#53 = CARTESIAN_POINT('',(2.187904212063E-15,-2.742946025263E-15));
#54 = DIRECTION('',(1.,0.));
#55 = ( GEOMETRIC_REPRESENTATION_CONTEXT(2) 
PARAMETRIC_REPRESENTATION_CONTEXT() REPRESENTATION_CONTEXT('2D SPACE',''
  ) );
#56 = ORIENTED_EDGE('',*,*,#57,.F.);
#57 = EDGE_CURVE('',#58,#22,#60,.T.);
#58 = VERTEX_POINT('',#59);
#59 = CARTESIAN_POINT('',(39.799497484265,4.,10.));
#60 = SURFACE_CURVE('',#61,(#65,#71),.PCURVE_S1.);
#61 = LINE('',#62,#63);
#62 = CARTESIAN_POINT('',(39.799497484265,4.,0.));
#63 = VECTOR('',#64,1.);
#64 = DIRECTION('',(-0.,-0.,-1.));
#65 = PCURVE('',#33,#66);
#66 = DEFINITIONAL_REPRESENTATION('',(#67),#70);
#67 = B_SPLINE_CURVE_WITH_KNOTS('',1,(#68,#69),.UNSPECIFIED.,.F.,.F.,(2,
    2),(-10.0000006,6.E-07),.PIECEWISE_BEZIER_KNOTS.);
#68 = CARTESIAN_POINT('',(-0.100167421162,-10.0000006));
#69 = CARTESIAN_POINT('',(-0.100167421162,6.E-07));
#70 = ( GEOMETRIC_REPRESENTATION_CONTEXT(2) 
PARAMETRIC_REPRESENTATION_CONTEXT() REPRESENTATION_CONTEXT('2D SPACE',''
  ) );
#71 = PCURVE('',#72,#77);
#72 = PLANE('',#73);
#73 = AXIS2_PLACEMENT_3D('',#74,#75,#76);
#74 = CARTESIAN_POINT('',(45.,4.,-70.0000002));
#75 = DIRECTION('',(0.,-1.,0.));
#76 = DIRECTION('',(-1.,0.,0.));
#77 = DEFINITIONAL_REPRESENTATION('',(#78),#81);
#78 = B_SPLINE_CURVE_WITH_KNOTS('',1,(#79,#80),.UNSPECIFIED.,.F.,.F.,(2,
    2),(-10.0000006,6.E-07),.PIECEWISE_BEZIER_KNOTS.);
#79 = CARTESIAN_POINT('',(5.200502515735,-80.0000008));
#80 = CARTESIAN_POINT('',(5.200502515735,-69.9999996));
#81 = ( GEOMETRIC_REPRESENTATION_CONTEXT(2) 
PARAMETRIC_REPRESENTATION_CONTEXT() REPRESENTATION_CONTEXT('2D SPACE',''
  ) );
#82 = ORIENTED_EDGE('',*,*,#83,.T.);
#83 = EDGE_CURVE('',#58,#84,#86,.T.);
#84 = VERTEX_POINT('',#85);
#85 = CARTESIAN_POINT('',(38.441801279158,11.0556734039,10.));
#86 = SURFACE_CURVE('',#87,(#92,#99),.PCURVE_S1.);
#87 = CIRCLE('',#88,40.);
#88 = AXIS2_PLACEMENT_3D('',#89,#90,#91);
#89 = CARTESIAN_POINT('',(0.,0.,10.));
#90 = DIRECTION('',(0.,0.,1.));
#91 = DIRECTION('',(1.,0.,0.));
#92 = PCURVE('',#33,#93);
#93 = DEFINITIONAL_REPRESENTATION('',(#94),#98);
#94 = LINE('',#95,#96);
#95 = CARTESIAN_POINT('',(-0.,-10.));
#96 = VECTOR('',#97,1.);
#97 = DIRECTION('',(-1.,0.));
#98 = ( GEOMETRIC_REPRESENTATION_CONTEXT(2) 
PARAMETRIC_REPRESENTATION_CONTEXT() REPRESENTATION_CONTEXT('2D SPACE',''
  ) );
#99 = PCURVE('',#100,#105);
#100 = PLANE('',#101);
#101 = AXIS2_PLACEMENT_3D('',#102,#103,#104);
#102 = CARTESIAN_POINT('',(-2.187904212063E-15,2.742946025263E-15,10.));
#103 = DIRECTION('',(0.,0.,1.));
#104 = DIRECTION('',(1.,0.,-0.));
#105 = DEFINITIONAL_REPRESENTATION('',(#106),#110);
#106 = CIRCLE('',#107,40.);
#107 = AXIS2_PLACEMENT_2D('',#108,#109);
#108 = CARTESIAN_POINT('',(2.187904212063E-15,-2.742946025263E-15));
#109 = DIRECTION('',(1.,0.));
#110 = ( GEOMETRIC_REPRESENTATION_CONTEXT(2) 
PARAMETRIC_REPRESENTATION_CONTEXT() REPRESENTATION_CONTEXT('2D SPACE',''
  ) );
#111 = ORIENTED_EDGE('',*,*,#112,.T.);
#112 = EDGE_CURVE('',#84,#24,#113,.T.);
#113 = SURFACE_CURVE('',#114,(#118,#124),.PCURVE_S1.);
#114 = LINE('',#115,#116);
#115 = CARTESIAN_POINT('',(38.441801279158,11.0556734039,0.));
#116 = VECTOR('',#117,1.);
#117 = DIRECTION('',(-0.,-0.,-1.));
#118 = PCURVE('',#33,#119);
#119 = DEFINITIONAL_REPRESENTATION('',(#120),#123);
#120 = B_SPLINE_CURVE_WITH_KNOTS('',1,(#121,#122),.UNSPECIFIED.,.F.,.F.,
  (2,2),(-10.0000006,6.E-07),.PIECEWISE_BEZIER_KNOTS.);
#121 = CARTESIAN_POINT('',(-0.280037653113,-10.0000006));
#122 = CARTESIAN_POINT('',(-0.280037653113,6.E-07));
#123 = ( GEOMETRIC_REPRESENTATION_CONTEXT(2) 
PARAMETRIC_REPRESENTATION_CONTEXT() REPRESENTATION_CONTEXT('2D SPACE',''
  ) );
#124 = PCURVE('',#125,#130);
#125 = CYLINDRICAL_SURFACE('',#126,20.);
#126 = AXIS2_PLACEMENT_3D('',#127,#128,#129);
#127 = CARTESIAN_POINT('',(28.284271247462,28.284271247462,
    -69.59899526853));
#128 = DIRECTION('',(0.,0.,-1.));
#129 = DIRECTION('',(0.707106781187,0.707106781187,0.));
#130 = DEFINITIONAL_REPRESENTATION('',(#131),#134);
#131 = B_SPLINE_CURVE_WITH_KNOTS('',1,(#132,#133),.UNSPECIFIED.,.F.,.F.,
  (2,2),(-10.0000006,6.E-07),.PIECEWISE_BEZIER_KNOTS.);
#132 = CARTESIAN_POINT('',(-4.459708725243,-79.59899586853));
#133 = CARTESIAN_POINT('',(-4.459708725243,-69.59899466853));
#134 = ( GEOMETRIC_REPRESENTATION_CONTEXT(2) 
PARAMETRIC_REPRESENTATION_CONTEXT() REPRESENTATION_CONTEXT('2D SPACE',''
  ) );
#135 = ADVANCED_FACE('',(#136,#770),#45,.F.);
#136 = FACE_BOUND('',#137,.F.);
#137 = EDGE_LOOP('',(#138,#169,#188,#189,#213,#242,#268,#297,#323,#352,
    #381,#410,#436,#465,#491,#520,#549,#578,#604,#633,#659,#688,#717,
    #746));
#138 = ORIENTED_EDGE('',*,*,#139,.F.);
#139 = EDGE_CURVE('',#140,#142,#144,.T.);
#140 = VERTEX_POINT('',#141);
#141 = CARTESIAN_POINT('',(19.,4.,0.));
#142 = VERTEX_POINT('',#143);
#143 = CARTESIAN_POINT('',(19.,-4.,0.));
#144 = SURFACE_CURVE('',#145,(#150,#157),.PCURVE_S1.);
#145 = CIRCLE('',#146,4.);
#146 = AXIS2_PLACEMENT_3D('',#147,#148,#149);
#147 = CARTESIAN_POINT('',(19.,-7.771561172376E-16,0.));
#148 = DIRECTION('',(0.,0.,1.));
#149 = DIRECTION('',(1.,4.392183891389E-16,-0.));
#150 = PCURVE('',#45,#151);
#151 = DEFINITIONAL_REPRESENTATION('',(#152),#156);
#152 = CIRCLE('',#153,4.);
#153 = AXIS2_PLACEMENT_2D('',#154,#155);
#154 = CARTESIAN_POINT('',(19.,-3.520102142501E-15));
#155 = DIRECTION('',(1.,4.392183891389E-16));
#156 = ( GEOMETRIC_REPRESENTATION_CONTEXT(2) 
PARAMETRIC_REPRESENTATION_CONTEXT() REPRESENTATION_CONTEXT('2D SPACE',''
  ) );
#157 = PCURVE('',#158,#163);
#158 = CYLINDRICAL_SURFACE('',#159,4.);
#159 = AXIS2_PLACEMENT_3D('',#160,#161,#162);
#160 = CARTESIAN_POINT('',(19.,0.,-70.0000002));
#161 = DIRECTION('',(-0.,-0.,-1.));
#162 = DIRECTION('',(1.,0.,0.));
#163 = DEFINITIONAL_REPRESENTATION('',(#164),#168);
#164 = LINE('',#165,#166);
#165 = CARTESIAN_POINT('',(-0.,-70.0000002));
#166 = VECTOR('',#167,1.);
#167 = DIRECTION('',(-1.,-0.));
#168 = ( GEOMETRIC_REPRESENTATION_CONTEXT(2) 
PARAMETRIC_REPRESENTATION_CONTEXT() REPRESENTATION_CONTEXT('2D SPACE',''
  ) );
#169 = ORIENTED_EDGE('',*,*,#170,.T.);
#170 = EDGE_CURVE('',#140,#22,#171,.T.);
#171 = SURFACE_CURVE('',#172,(#176,#182),.PCURVE_S1.);
#172 = LINE('',#173,#174);
#173 = CARTESIAN_POINT('',(22.5,4.,0.));
#174 = VECTOR('',#175,1.);
#175 = DIRECTION('',(1.,0.,-0.));
#176 = PCURVE('',#45,#177);
#177 = DEFINITIONAL_REPRESENTATION('',(#178),#181);
#178 = B_SPLINE_CURVE_WITH_KNOTS('',1,(#179,#180),.UNSPECIFIED.,.F.,.F.,
  (2,2),(-3.5,17.5),.PIECEWISE_BEZIER_KNOTS.);
#179 = CARTESIAN_POINT('',(19.,4.));
#180 = CARTESIAN_POINT('',(40.,4.));
#181 = ( GEOMETRIC_REPRESENTATION_CONTEXT(2) 
PARAMETRIC_REPRESENTATION_CONTEXT() REPRESENTATION_CONTEXT('2D SPACE',''
  ) );
#182 = PCURVE('',#72,#183);
#183 = DEFINITIONAL_REPRESENTATION('',(#184),#187);
#184 = B_SPLINE_CURVE_WITH_KNOTS('',1,(#185,#186),.UNSPECIFIED.,.F.,.F.,
  (2,2),(-3.5,17.5),.PIECEWISE_BEZIER_KNOTS.);
#185 = CARTESIAN_POINT('',(26.,-70.0000002));
#186 = CARTESIAN_POINT('',(5.,-70.0000002));
#187 = ( GEOMETRIC_REPRESENTATION_CONTEXT(2) 
PARAMETRIC_REPRESENTATION_CONTEXT() REPRESENTATION_CONTEXT('2D SPACE',''
  ) );
#188 = ORIENTED_EDGE('',*,*,#21,.T.);
#189 = ORIENTED_EDGE('',*,*,#190,.F.);
#190 = EDGE_CURVE('',#191,#24,#193,.T.);
#191 = VERTEX_POINT('',#192);
#192 = CARTESIAN_POINT('',(11.0556734039,38.441801279158,0.));
#193 = SURFACE_CURVE('',#194,(#199,#206),.PCURVE_S1.);
#194 = CIRCLE('',#195,20.);
#195 = AXIS2_PLACEMENT_3D('',#196,#197,#198);
#196 = CARTESIAN_POINT('',(28.284271247462,28.284271247462,0.));
#197 = DIRECTION('',(0.,0.,1.));
#198 = DIRECTION('',(-0.861429892178,0.507876501585,0.));
#199 = PCURVE('',#45,#200);
#200 = DEFINITIONAL_REPRESENTATION('',(#201),#205);
#201 = CIRCLE('',#202,20.);
#202 = AXIS2_PLACEMENT_2D('',#203,#204);
#203 = CARTESIAN_POINT('',(28.284271247462,28.284271247462));
#204 = DIRECTION('',(-0.861429892178,0.507876501585));
#205 = ( GEOMETRIC_REPRESENTATION_CONTEXT(2) 
PARAMETRIC_REPRESENTATION_CONTEXT() REPRESENTATION_CONTEXT('2D SPACE',''
  ) );
#206 = PCURVE('',#125,#207);
#207 = DEFINITIONAL_REPRESENTATION('',(#208),#212);
#208 = LINE('',#209,#210);
#209 = CARTESIAN_POINT('',(-1.823476581937,-69.59899526853));
#210 = VECTOR('',#211,1.);
#211 = DIRECTION('',(-1.,-0.));
#212 = ( GEOMETRIC_REPRESENTATION_CONTEXT(2) 
PARAMETRIC_REPRESENTATION_CONTEXT() REPRESENTATION_CONTEXT('2D SPACE',''
  ) );
#213 = ORIENTED_EDGE('',*,*,#214,.T.);
#214 = EDGE_CURVE('',#191,#215,#217,.T.);
#215 = VERTEX_POINT('',#216);
#216 = CARTESIAN_POINT('',(4.,39.799497484265,0.));
#217 = SURFACE_CURVE('',#218,(#223,#230),.PCURVE_S1.);
#218 = CIRCLE('',#219,40.);
#219 = AXIS2_PLACEMENT_3D('',#220,#221,#222);
#220 = CARTESIAN_POINT('',(0.,0.,0.));
#221 = DIRECTION('',(0.,0.,1.));
#222 = DIRECTION('',(1.,0.,0.));
#223 = PCURVE('',#45,#224);
#224 = DEFINITIONAL_REPRESENTATION('',(#225),#229);
#225 = CIRCLE('',#226,40.);
#226 = AXIS2_PLACEMENT_2D('',#227,#228);
#227 = CARTESIAN_POINT('',(2.187904212063E-15,-2.742946025263E-15));
#228 = DIRECTION('',(1.,0.));
#229 = ( GEOMETRIC_REPRESENTATION_CONTEXT(2) 
PARAMETRIC_REPRESENTATION_CONTEXT() REPRESENTATION_CONTEXT('2D SPACE',''
  ) );
#230 = PCURVE('',#231,#236);
#231 = CYLINDRICAL_SURFACE('',#232,40.);
#232 = AXIS2_PLACEMENT_3D('',#233,#234,#235);
#233 = CARTESIAN_POINT('',(0.,0.,0.));
#234 = DIRECTION('',(-0.,-0.,-1.));
#235 = DIRECTION('',(1.,0.,0.));
#236 = DEFINITIONAL_REPRESENTATION('',(#237),#241);
#237 = LINE('',#238,#239);
#238 = CARTESIAN_POINT('',(-0.,0.));
#239 = VECTOR('',#240,1.);
#240 = DIRECTION('',(-1.,0.));
#241 = ( GEOMETRIC_REPRESENTATION_CONTEXT(2) 
PARAMETRIC_REPRESENTATION_CONTEXT() REPRESENTATION_CONTEXT('2D SPACE',''
  ) );
#242 = ORIENTED_EDGE('',*,*,#243,.T.);
#243 = EDGE_CURVE('',#215,#244,#246,.T.);
#244 = VERTEX_POINT('',#245);
#245 = CARTESIAN_POINT('',(4.,19.,0.));
#246 = SURFACE_CURVE('',#247,(#251,#257),.PCURVE_S1.);
#247 = LINE('',#248,#249);
#248 = CARTESIAN_POINT('',(4.,9.5,0.));
#249 = VECTOR('',#250,1.);
#250 = DIRECTION('',(-1.110223024625E-16,-1.,0.));
#251 = PCURVE('',#45,#252);
#252 = DEFINITIONAL_REPRESENTATION('',(#253),#256);
#253 = B_SPLINE_CURVE_WITH_KNOTS('',1,(#254,#255),.UNSPECIFIED.,.F.,.F.,
  (2,2),(-30.5,-9.5),.PIECEWISE_BEZIER_KNOTS.);
#254 = CARTESIAN_POINT('',(4.,40.));
#255 = CARTESIAN_POINT('',(4.,19.));
#256 = ( GEOMETRIC_REPRESENTATION_CONTEXT(2) 
PARAMETRIC_REPRESENTATION_CONTEXT() REPRESENTATION_CONTEXT('2D SPACE',''
  ) );
#257 = PCURVE('',#258,#263);
#258 = PLANE('',#259);
#259 = AXIS2_PLACEMENT_3D('',#260,#261,#262);
#260 = CARTESIAN_POINT('',(4.,19.,-70.0000003));
#261 = DIRECTION('',(-1.,1.110223024625E-16,0.));
#262 = DIRECTION('',(1.110223024625E-16,1.,0.));
#263 = DEFINITIONAL_REPRESENTATION('',(#264),#267);
#264 = B_SPLINE_CURVE_WITH_KNOTS('',1,(#265,#266),.UNSPECIFIED.,.F.,.F.,
  (2,2),(-30.5,-9.5),.PIECEWISE_BEZIER_KNOTS.);
#265 = CARTESIAN_POINT('',(21.,-70.0000003));
#266 = CARTESIAN_POINT('',(0.,-70.0000003));
#267 = ( GEOMETRIC_REPRESENTATION_CONTEXT(2) 
PARAMETRIC_REPRESENTATION_CONTEXT() REPRESENTATION_CONTEXT('2D SPACE',''
  ) );
#268 = ORIENTED_EDGE('',*,*,#269,.F.);
#269 = EDGE_CURVE('',#270,#244,#272,.T.);
#270 = VERTEX_POINT('',#271);
#271 = CARTESIAN_POINT('',(-4.,19.,0.));
#272 = SURFACE_CURVE('',#273,(#278,#285),.PCURVE_S1.);
#273 = CIRCLE('',#274,4.);
#274 = AXIS2_PLACEMENT_3D('',#275,#276,#277);
#275 = CARTESIAN_POINT('',(7.771561172376E-16,19.,0.));
#276 = DIRECTION('',(0.,0.,1.));
#277 = DIRECTION('',(-3.281960866764E-16,1.,0.));
#278 = PCURVE('',#45,#279);
#279 = DEFINITIONAL_REPRESENTATION('',(#280),#284);
#280 = CIRCLE('',#281,4.);
#281 = AXIS2_PLACEMENT_2D('',#282,#283);
#282 = CARTESIAN_POINT('',(2.965060329301E-15,19.));
#283 = DIRECTION('',(-3.281960866764E-16,1.));
#284 = ( GEOMETRIC_REPRESENTATION_CONTEXT(2) 
PARAMETRIC_REPRESENTATION_CONTEXT() REPRESENTATION_CONTEXT('2D SPACE',''
  ) );
#285 = PCURVE('',#286,#291);
#286 = CYLINDRICAL_SURFACE('',#287,4.);
#287 = AXIS2_PLACEMENT_3D('',#288,#289,#290);
#288 = CARTESIAN_POINT('',(0.,19.,-70.0000002));
#289 = DIRECTION('',(0.,0.,-1.));
#290 = DIRECTION('',(1.110223024625E-16,1.,0.));
#291 = DEFINITIONAL_REPRESENTATION('',(#292),#296);
#292 = LINE('',#293,#294);
#293 = CARTESIAN_POINT('',(-0.,-70.0000002));
#294 = VECTOR('',#295,1.);
#295 = DIRECTION('',(-1.,-0.));
#296 = ( GEOMETRIC_REPRESENTATION_CONTEXT(2) 
PARAMETRIC_REPRESENTATION_CONTEXT() REPRESENTATION_CONTEXT('2D SPACE',''
  ) );
#297 = ORIENTED_EDGE('',*,*,#298,.T.);
#298 = EDGE_CURVE('',#270,#299,#301,.T.);
#299 = VERTEX_POINT('',#300);
#300 = CARTESIAN_POINT('',(-4.,39.799497484265,0.));
#301 = SURFACE_CURVE('',#302,(#306,#312),.PCURVE_S1.);
#302 = LINE('',#303,#304);
#303 = CARTESIAN_POINT('',(-4.,22.5,0.));
#304 = VECTOR('',#305,1.);
#305 = DIRECTION('',(1.110223024625E-16,1.,-0.));
#306 = PCURVE('',#45,#307);
#307 = DEFINITIONAL_REPRESENTATION('',(#308),#311);
#308 = B_SPLINE_CURVE_WITH_KNOTS('',1,(#309,#310),.UNSPECIFIED.,.F.,.F.,
  (2,2),(-3.5,17.5),.PIECEWISE_BEZIER_KNOTS.);
#309 = CARTESIAN_POINT('',(-4.,19.));
#310 = CARTESIAN_POINT('',(-4.,40.));
#311 = ( GEOMETRIC_REPRESENTATION_CONTEXT(2) 
PARAMETRIC_REPRESENTATION_CONTEXT() REPRESENTATION_CONTEXT('2D SPACE',''
  ) );
#312 = PCURVE('',#313,#318);
#313 = PLANE('',#314);
#314 = AXIS2_PLACEMENT_3D('',#315,#316,#317);
#315 = CARTESIAN_POINT('',(-4.,45.,-70.0000003));
#316 = DIRECTION('',(1.,-1.110223024625E-16,0.));
#317 = DIRECTION('',(-1.110223024625E-16,-1.,0.));
#318 = DEFINITIONAL_REPRESENTATION('',(#319),#322);
#319 = B_SPLINE_CURVE_WITH_KNOTS('',1,(#320,#321),.UNSPECIFIED.,.F.,.F.,
  (2,2),(-3.5,17.5),.PIECEWISE_BEZIER_KNOTS.);
#320 = CARTESIAN_POINT('',(26.,-70.0000003));
#321 = CARTESIAN_POINT('',(5.,-70.0000003));
#322 = ( GEOMETRIC_REPRESENTATION_CONTEXT(2) 
PARAMETRIC_REPRESENTATION_CONTEXT() REPRESENTATION_CONTEXT('2D SPACE',''
  ) );
#323 = ORIENTED_EDGE('',*,*,#324,.T.);
#324 = EDGE_CURVE('',#299,#325,#327,.T.);
#325 = VERTEX_POINT('',#326);
#326 = CARTESIAN_POINT('',(-11.0556734039,38.441801279158,0.));
#327 = SURFACE_CURVE('',#328,(#333,#340),.PCURVE_S1.);
#328 = CIRCLE('',#329,40.);
#329 = AXIS2_PLACEMENT_3D('',#330,#331,#332);
#330 = CARTESIAN_POINT('',(0.,0.,0.));
#331 = DIRECTION('',(0.,0.,1.));
#332 = DIRECTION('',(1.,0.,0.));
#333 = PCURVE('',#45,#334);
#334 = DEFINITIONAL_REPRESENTATION('',(#335),#339);
#335 = CIRCLE('',#336,40.);
#336 = AXIS2_PLACEMENT_2D('',#337,#338);
#337 = CARTESIAN_POINT('',(2.187904212063E-15,-2.742946025263E-15));
#338 = DIRECTION('',(1.,0.));
#339 = ( GEOMETRIC_REPRESENTATION_CONTEXT(2) 
PARAMETRIC_REPRESENTATION_CONTEXT() REPRESENTATION_CONTEXT('2D SPACE',''
  ) );
#340 = PCURVE('',#341,#346);
#341 = CYLINDRICAL_SURFACE('',#342,40.);
#342 = AXIS2_PLACEMENT_3D('',#343,#344,#345);
#343 = CARTESIAN_POINT('',(0.,0.,0.));
#344 = DIRECTION('',(-0.,-0.,-1.));
#345 = DIRECTION('',(1.,0.,0.));
#346 = DEFINITIONAL_REPRESENTATION('',(#347),#351);
#347 = LINE('',#348,#349);
#348 = CARTESIAN_POINT('',(-0.,0.));
#349 = VECTOR('',#350,1.);
#350 = DIRECTION('',(-1.,0.));
#351 = ( GEOMETRIC_REPRESENTATION_CONTEXT(2) 
PARAMETRIC_REPRESENTATION_CONTEXT() REPRESENTATION_CONTEXT('2D SPACE',''
  ) );
#352 = ORIENTED_EDGE('',*,*,#353,.F.);
#353 = EDGE_CURVE('',#354,#325,#356,.T.);
#354 = VERTEX_POINT('',#355);
#355 = CARTESIAN_POINT('',(-38.44180127915,11.0556734039,0.));
#356 = SURFACE_CURVE('',#357,(#362,#369),.PCURVE_S1.);
#357 = CIRCLE('',#358,20.);
#358 = AXIS2_PLACEMENT_3D('',#359,#360,#361);
#359 = CARTESIAN_POINT('',(-28.28427124746,28.284271247462,0.));
#360 = DIRECTION('',(0.,0.,1.));
#361 = DIRECTION('',(-0.507876501585,-0.861429892178,0.));
#362 = PCURVE('',#45,#363);
#363 = DEFINITIONAL_REPRESENTATION('',(#364),#368);
#364 = CIRCLE('',#365,20.);
#365 = AXIS2_PLACEMENT_2D('',#366,#367);
#366 = CARTESIAN_POINT('',(-28.28427124746,28.284271247462));
#367 = DIRECTION('',(-0.507876501585,-0.861429892178));
#368 = ( GEOMETRIC_REPRESENTATION_CONTEXT(2) 
PARAMETRIC_REPRESENTATION_CONTEXT() REPRESENTATION_CONTEXT('2D SPACE',''
  ) );
#369 = PCURVE('',#370,#375);
#370 = CYLINDRICAL_SURFACE('',#371,20.);
#371 = AXIS2_PLACEMENT_3D('',#372,#373,#374);
#372 = CARTESIAN_POINT('',(-28.28427124746,28.284271247462,
    -69.59899526853));
#373 = DIRECTION('',(-0.,-0.,-1.));
#374 = DIRECTION('',(-0.707106781187,0.707106781187,0.));
#375 = DEFINITIONAL_REPRESENTATION('',(#376),#380);
#376 = LINE('',#377,#378);
#377 = CARTESIAN_POINT('',(-1.823476581937,-69.59899526853));
#378 = VECTOR('',#379,1.);
#379 = DIRECTION('',(-1.,-0.));
#380 = ( GEOMETRIC_REPRESENTATION_CONTEXT(2) 
PARAMETRIC_REPRESENTATION_CONTEXT() REPRESENTATION_CONTEXT('2D SPACE',''
  ) );
#381 = ORIENTED_EDGE('',*,*,#382,.T.);
#382 = EDGE_CURVE('',#354,#383,#385,.T.);
#383 = VERTEX_POINT('',#384);
#384 = CARTESIAN_POINT('',(-39.79949748426,4.,0.));
#385 = SURFACE_CURVE('',#386,(#391,#398),.PCURVE_S1.);
#386 = CIRCLE('',#387,40.);
#387 = AXIS2_PLACEMENT_3D('',#388,#389,#390);
#388 = CARTESIAN_POINT('',(0.,0.,0.));
#389 = DIRECTION('',(0.,0.,1.));
#390 = DIRECTION('',(1.,0.,0.));
#391 = PCURVE('',#45,#392);
#392 = DEFINITIONAL_REPRESENTATION('',(#393),#397);
#393 = CIRCLE('',#394,40.);
#394 = AXIS2_PLACEMENT_2D('',#395,#396);
#395 = CARTESIAN_POINT('',(2.187904212063E-15,-2.742946025263E-15));
#396 = DIRECTION('',(1.,0.));
#397 = ( GEOMETRIC_REPRESENTATION_CONTEXT(2) 
PARAMETRIC_REPRESENTATION_CONTEXT() REPRESENTATION_CONTEXT('2D SPACE',''
  ) );
#398 = PCURVE('',#399,#404);
#399 = CYLINDRICAL_SURFACE('',#400,40.);
#400 = AXIS2_PLACEMENT_3D('',#401,#402,#403);
#401 = CARTESIAN_POINT('',(0.,0.,0.));
#402 = DIRECTION('',(-0.,-0.,-1.));
#403 = DIRECTION('',(1.,0.,0.));
#404 = DEFINITIONAL_REPRESENTATION('',(#405),#409);
#405 = LINE('',#406,#407);
#406 = CARTESIAN_POINT('',(-0.,0.));
#407 = VECTOR('',#408,1.);
#408 = DIRECTION('',(-1.,0.));
#409 = ( GEOMETRIC_REPRESENTATION_CONTEXT(2) 
PARAMETRIC_REPRESENTATION_CONTEXT() REPRESENTATION_CONTEXT('2D SPACE',''
  ) );
#410 = ORIENTED_EDGE('',*,*,#411,.T.);
#411 = EDGE_CURVE('',#383,#412,#414,.T.);
#412 = VERTEX_POINT('',#413);
#413 = CARTESIAN_POINT('',(-19.,4.,0.));
#414 = SURFACE_CURVE('',#415,(#419,#425),.PCURVE_S1.);
#415 = LINE('',#416,#417);
#416 = CARTESIAN_POINT('',(-9.5,4.,0.));
#417 = VECTOR('',#418,1.);
#418 = DIRECTION('',(1.,-1.224646799147E-16,0.));
#419 = PCURVE('',#45,#420);
#420 = DEFINITIONAL_REPRESENTATION('',(#421),#424);
#421 = B_SPLINE_CURVE_WITH_KNOTS('',1,(#422,#423),.UNSPECIFIED.,.F.,.F.,
  (2,2),(-30.5,-9.5),.PIECEWISE_BEZIER_KNOTS.);
#422 = CARTESIAN_POINT('',(-40.,4.));
#423 = CARTESIAN_POINT('',(-19.,4.));
#424 = ( GEOMETRIC_REPRESENTATION_CONTEXT(2) 
PARAMETRIC_REPRESENTATION_CONTEXT() REPRESENTATION_CONTEXT('2D SPACE',''
  ) );
#425 = PCURVE('',#426,#431);
#426 = PLANE('',#427);
#427 = AXIS2_PLACEMENT_3D('',#428,#429,#430);
#428 = CARTESIAN_POINT('',(-19.,4.,-69.79949778426));
#429 = DIRECTION('',(-1.224646799147E-16,-1.,0.));
#430 = DIRECTION('',(-1.,1.224646799147E-16,0.));
#431 = DEFINITIONAL_REPRESENTATION('',(#432),#435);
#432 = B_SPLINE_CURVE_WITH_KNOTS('',1,(#433,#434),.UNSPECIFIED.,.F.,.F.,
  (2,2),(-30.5,-9.5),.PIECEWISE_BEZIER_KNOTS.);
#433 = CARTESIAN_POINT('',(21.,-69.79949778426));
#434 = CARTESIAN_POINT('',(0.,-69.79949778426));
#435 = ( GEOMETRIC_REPRESENTATION_CONTEXT(2) 
PARAMETRIC_REPRESENTATION_CONTEXT() REPRESENTATION_CONTEXT('2D SPACE',''
  ) );
#436 = ORIENTED_EDGE('',*,*,#437,.F.);
#437 = EDGE_CURVE('',#438,#412,#440,.T.);
#438 = VERTEX_POINT('',#439);
#439 = CARTESIAN_POINT('',(-19.,-4.,0.));
#440 = SURFACE_CURVE('',#441,(#446,#453),.PCURVE_S1.);
#441 = CIRCLE('',#442,4.);
#442 = AXIS2_PLACEMENT_3D('',#443,#444,#445);
#443 = CARTESIAN_POINT('',(-19.,3.885780586188E-15,0.));
#444 = DIRECTION('',(0.,0.,1.));
#445 = DIRECTION('',(-1.,-5.122025968668E-16,0.));
#446 = PCURVE('',#45,#447);
#447 = DEFINITIONAL_REPRESENTATION('',(#448),#452);
#448 = CIRCLE('',#449,4.);
#449 = AXIS2_PLACEMENT_2D('',#450,#451);
#450 = CARTESIAN_POINT('',(-19.,1.142834560925E-15));
#451 = DIRECTION('',(-1.,-5.122025968668E-16));
#452 = ( GEOMETRIC_REPRESENTATION_CONTEXT(2) 
PARAMETRIC_REPRESENTATION_CONTEXT() REPRESENTATION_CONTEXT('2D SPACE',''
  ) );
#453 = PCURVE('',#454,#459);
#454 = CYLINDRICAL_SURFACE('',#455,4.);
#455 = AXIS2_PLACEMENT_3D('',#456,#457,#458);
#456 = CARTESIAN_POINT('',(-19.,2.32682891838E-15,-70.0000002));
#457 = DIRECTION('',(-0.,-0.,-1.));
#458 = DIRECTION('',(-1.,1.224646799147E-16,0.));
#459 = DEFINITIONAL_REPRESENTATION('',(#460),#464);
#460 = LINE('',#461,#462);
#461 = CARTESIAN_POINT('',(-0.,-70.0000002));
#462 = VECTOR('',#463,1.);
#463 = DIRECTION('',(-1.,-0.));
#464 = ( GEOMETRIC_REPRESENTATION_CONTEXT(2) 
PARAMETRIC_REPRESENTATION_CONTEXT() REPRESENTATION_CONTEXT('2D SPACE',''
  ) );
#465 = ORIENTED_EDGE('',*,*,#466,.T.);
#466 = EDGE_CURVE('',#438,#467,#469,.T.);
#467 = VERTEX_POINT('',#468);
#468 = CARTESIAN_POINT('',(-39.79949748426,-4.,0.));
#469 = SURFACE_CURVE('',#470,(#474,#480),.PCURVE_S1.);
#470 = LINE('',#471,#472);
#471 = CARTESIAN_POINT('',(-22.5,-4.,0.));
#472 = VECTOR('',#473,1.);
#473 = DIRECTION('',(-1.,1.224646799147E-16,0.));
#474 = PCURVE('',#45,#475);
#475 = DEFINITIONAL_REPRESENTATION('',(#476),#479);
#476 = B_SPLINE_CURVE_WITH_KNOTS('',1,(#477,#478),.UNSPECIFIED.,.F.,.F.,
  (2,2),(-3.5,17.5),.PIECEWISE_BEZIER_KNOTS.);
#477 = CARTESIAN_POINT('',(-19.,-4.));
#478 = CARTESIAN_POINT('',(-40.,-4.));
#479 = ( GEOMETRIC_REPRESENTATION_CONTEXT(2) 
PARAMETRIC_REPRESENTATION_CONTEXT() REPRESENTATION_CONTEXT('2D SPACE',''
  ) );
#480 = PCURVE('',#481,#486);
#481 = PLANE('',#482);
#482 = AXIS2_PLACEMENT_3D('',#483,#484,#485);
#483 = CARTESIAN_POINT('',(-45.,-4.,-69.79949778426));
#484 = DIRECTION('',(1.224646799147E-16,1.,0.));
#485 = DIRECTION('',(1.,-1.224646799147E-16,0.));
#486 = DEFINITIONAL_REPRESENTATION('',(#487),#490);
#487 = B_SPLINE_CURVE_WITH_KNOTS('',1,(#488,#489),.UNSPECIFIED.,.F.,.F.,
  (2,2),(-3.5,17.5),.PIECEWISE_BEZIER_KNOTS.);
#488 = CARTESIAN_POINT('',(26.,-69.79949778426));
#489 = CARTESIAN_POINT('',(5.,-69.79949778426));
#490 = ( GEOMETRIC_REPRESENTATION_CONTEXT(2) 
PARAMETRIC_REPRESENTATION_CONTEXT() REPRESENTATION_CONTEXT('2D SPACE',''
  ) );
#491 = ORIENTED_EDGE('',*,*,#492,.T.);
#492 = EDGE_CURVE('',#467,#493,#495,.T.);
#493 = VERTEX_POINT('',#494);
#494 = CARTESIAN_POINT('',(-38.44180127915,-11.0556734039,0.));
#495 = SURFACE_CURVE('',#496,(#501,#508),.PCURVE_S1.);
#496 = CIRCLE('',#497,40.);
#497 = AXIS2_PLACEMENT_3D('',#498,#499,#500);
#498 = CARTESIAN_POINT('',(0.,0.,0.));
#499 = DIRECTION('',(0.,0.,1.));
#500 = DIRECTION('',(1.,0.,0.));
#501 = PCURVE('',#45,#502);
#502 = DEFINITIONAL_REPRESENTATION('',(#503),#507);
#503 = CIRCLE('',#504,40.);
#504 = AXIS2_PLACEMENT_2D('',#505,#506);
#505 = CARTESIAN_POINT('',(2.187904212063E-15,-2.742946025263E-15));
#506 = DIRECTION('',(1.,0.));
#507 = ( GEOMETRIC_REPRESENTATION_CONTEXT(2) 
PARAMETRIC_REPRESENTATION_CONTEXT() REPRESENTATION_CONTEXT('2D SPACE',''
  ) );
#508 = PCURVE('',#509,#514);
#509 = CYLINDRICAL_SURFACE('',#510,40.);
#510 = AXIS2_PLACEMENT_3D('',#511,#512,#513);
#511 = CARTESIAN_POINT('',(0.,0.,0.));
#512 = DIRECTION('',(-0.,-0.,-1.));
#513 = DIRECTION('',(1.,0.,0.));
#514 = DEFINITIONAL_REPRESENTATION('',(#515),#519);
#515 = LINE('',#516,#517);
#516 = CARTESIAN_POINT('',(-0.,0.));
#517 = VECTOR('',#518,1.);
#518 = DIRECTION('',(-1.,0.));
#519 = ( GEOMETRIC_REPRESENTATION_CONTEXT(2) 
PARAMETRIC_REPRESENTATION_CONTEXT() REPRESENTATION_CONTEXT('2D SPACE',''
  ) );
#520 = ORIENTED_EDGE('',*,*,#521,.F.);
#521 = EDGE_CURVE('',#522,#493,#524,.T.);
#522 = VERTEX_POINT('',#523);
#523 = CARTESIAN_POINT('',(-11.0556734039,-38.44180127915,0.));
#524 = SURFACE_CURVE('',#525,(#530,#537),.PCURVE_S1.);
#525 = CIRCLE('',#526,20.);
#526 = AXIS2_PLACEMENT_3D('',#527,#528,#529);
#527 = CARTESIAN_POINT('',(-28.28427124746,-28.28427124746,0.));
#528 = DIRECTION('',(0.,0.,1.));
#529 = DIRECTION('',(0.861429892178,-0.507876501585,0.));
#530 = PCURVE('',#45,#531);
#531 = DEFINITIONAL_REPRESENTATION('',(#532),#536);
#532 = CIRCLE('',#533,20.);
#533 = AXIS2_PLACEMENT_2D('',#534,#535);
#534 = CARTESIAN_POINT('',(-28.28427124746,-28.28427124746));
#535 = DIRECTION('',(0.861429892178,-0.507876501585));
#536 = ( GEOMETRIC_REPRESENTATION_CONTEXT(2) 
PARAMETRIC_REPRESENTATION_CONTEXT() REPRESENTATION_CONTEXT('2D SPACE',''
  ) );
#537 = PCURVE('',#538,#543);
#538 = CYLINDRICAL_SURFACE('',#539,20.);
#539 = AXIS2_PLACEMENT_3D('',#540,#541,#542);
#540 = CARTESIAN_POINT('',(-28.28427124746,-28.28427124746,
    -69.59899526853));
#541 = DIRECTION('',(-0.,-0.,-1.));
#542 = DIRECTION('',(-0.707106781187,-0.707106781187,0.));
#543 = DEFINITIONAL_REPRESENTATION('',(#544),#548);
#544 = LINE('',#545,#546);
#545 = CARTESIAN_POINT('',(-1.823476581937,-69.59899526853));
#546 = VECTOR('',#547,1.);
#547 = DIRECTION('',(-1.,-0.));
#548 = ( GEOMETRIC_REPRESENTATION_CONTEXT(2) 
PARAMETRIC_REPRESENTATION_CONTEXT() REPRESENTATION_CONTEXT('2D SPACE',''
  ) );
#549 = ORIENTED_EDGE('',*,*,#550,.T.);
#550 = EDGE_CURVE('',#522,#551,#553,.T.);
#551 = VERTEX_POINT('',#552);
#552 = CARTESIAN_POINT('',(-4.,-39.79949748426,0.));
#553 = SURFACE_CURVE('',#554,(#559,#566),.PCURVE_S1.);
#554 = CIRCLE('',#555,40.);
#555 = AXIS2_PLACEMENT_3D('',#556,#557,#558);
#556 = CARTESIAN_POINT('',(0.,0.,0.));
#557 = DIRECTION('',(0.,0.,1.));
#558 = DIRECTION('',(1.,0.,0.));
#559 = PCURVE('',#45,#560);
#560 = DEFINITIONAL_REPRESENTATION('',(#561),#565);
#561 = CIRCLE('',#562,40.);
#562 = AXIS2_PLACEMENT_2D('',#563,#564);
#563 = CARTESIAN_POINT('',(2.187904212063E-15,-2.742946025263E-15));
#564 = DIRECTION('',(1.,0.));
#565 = ( GEOMETRIC_REPRESENTATION_CONTEXT(2) 
PARAMETRIC_REPRESENTATION_CONTEXT() REPRESENTATION_CONTEXT('2D SPACE',''
  ) );
#566 = PCURVE('',#567,#572);
#567 = CYLINDRICAL_SURFACE('',#568,40.);
#568 = AXIS2_PLACEMENT_3D('',#569,#570,#571);
#569 = CARTESIAN_POINT('',(0.,0.,0.));
#570 = DIRECTION('',(-0.,-0.,-1.));
#571 = DIRECTION('',(1.,0.,0.));
#572 = DEFINITIONAL_REPRESENTATION('',(#573),#577);
#573 = LINE('',#574,#575);
#574 = CARTESIAN_POINT('',(-0.,0.));
#575 = VECTOR('',#576,1.);
#576 = DIRECTION('',(-1.,0.));
#577 = ( GEOMETRIC_REPRESENTATION_CONTEXT(2) 
PARAMETRIC_REPRESENTATION_CONTEXT() REPRESENTATION_CONTEXT('2D SPACE',''
  ) );
#578 = ORIENTED_EDGE('',*,*,#579,.T.);
#579 = EDGE_CURVE('',#551,#580,#582,.T.);
#580 = VERTEX_POINT('',#581);
#581 = CARTESIAN_POINT('',(-4.,-19.,0.));
#582 = SURFACE_CURVE('',#583,(#587,#593),.PCURVE_S1.);
#583 = LINE('',#584,#585);
#584 = CARTESIAN_POINT('',(-4.,-9.5,0.));
#585 = VECTOR('',#586,1.);
#586 = DIRECTION('',(2.22044604925E-16,1.,-0.));
#587 = PCURVE('',#45,#588);
#588 = DEFINITIONAL_REPRESENTATION('',(#589),#592);
#589 = B_SPLINE_CURVE_WITH_KNOTS('',1,(#590,#591),.UNSPECIFIED.,.F.,.F.,
  (2,2),(-30.5,-9.5),.PIECEWISE_BEZIER_KNOTS.);
#590 = CARTESIAN_POINT('',(-4.,-40.));
#591 = CARTESIAN_POINT('',(-4.,-19.));
#592 = ( GEOMETRIC_REPRESENTATION_CONTEXT(2) 
PARAMETRIC_REPRESENTATION_CONTEXT() REPRESENTATION_CONTEXT('2D SPACE',''
  ) );
#593 = PCURVE('',#594,#599);
#594 = PLANE('',#595);
#595 = AXIS2_PLACEMENT_3D('',#596,#597,#598);
#596 = CARTESIAN_POINT('',(-4.,-19.,-69.79949778426));
#597 = DIRECTION('',(1.,-2.22044604925E-16,0.));
#598 = DIRECTION('',(-2.22044604925E-16,-1.,0.));
#599 = DEFINITIONAL_REPRESENTATION('',(#600),#603);
#600 = B_SPLINE_CURVE_WITH_KNOTS('',1,(#601,#602),.UNSPECIFIED.,.F.,.F.,
  (2,2),(-30.5,-9.5),.PIECEWISE_BEZIER_KNOTS.);
#601 = CARTESIAN_POINT('',(21.,-69.79949778426));
#602 = CARTESIAN_POINT('',(0.,-69.79949778426));
#603 = ( GEOMETRIC_REPRESENTATION_CONTEXT(2) 
PARAMETRIC_REPRESENTATION_CONTEXT() REPRESENTATION_CONTEXT('2D SPACE',''
  ) );
#604 = ORIENTED_EDGE('',*,*,#605,.F.);
#605 = EDGE_CURVE('',#606,#580,#608,.T.);
#606 = VERTEX_POINT('',#607);
#607 = CARTESIAN_POINT('',(4.,-19.,0.));
#608 = SURFACE_CURVE('',#609,(#614,#621),.PCURVE_S1.);
#609 = CIRCLE('',#610,4.);
#610 = AXIS2_PLACEMENT_3D('',#611,#612,#613);
#611 = CARTESIAN_POINT('',(-4.884981308351E-15,-19.,0.));
#612 = DIRECTION('',(0.,-0.,1.));
#613 = DIRECTION('',(3.55951662292E-16,-1.,-0.));
#614 = PCURVE('',#45,#615);
#615 = DEFINITIONAL_REPRESENTATION('',(#616),#620);
#616 = CIRCLE('',#617,4.);
#617 = AXIS2_PLACEMENT_2D('',#618,#619);
#618 = CARTESIAN_POINT('',(-2.697077096288E-15,-19.));
#619 = DIRECTION('',(3.55951662292E-16,-1.));
#620 = ( GEOMETRIC_REPRESENTATION_CONTEXT(2) 
PARAMETRIC_REPRESENTATION_CONTEXT() REPRESENTATION_CONTEXT('2D SPACE',''
  ) );
#621 = PCURVE('',#622,#627);
#622 = CYLINDRICAL_SURFACE('',#623,4.);
#623 = AXIS2_PLACEMENT_3D('',#624,#625,#626);
#624 = CARTESIAN_POINT('',(-3.552713678801E-15,-19.,-70.0000002));
#625 = DIRECTION('',(-0.,-0.,-1.));
#626 = DIRECTION('',(-2.22044604925E-16,-1.,0.));
#627 = DEFINITIONAL_REPRESENTATION('',(#628),#632);
#628 = LINE('',#629,#630);
#629 = CARTESIAN_POINT('',(-0.,-70.0000002));
#630 = VECTOR('',#631,1.);
#631 = DIRECTION('',(-1.,-0.));
#632 = ( GEOMETRIC_REPRESENTATION_CONTEXT(2) 
PARAMETRIC_REPRESENTATION_CONTEXT() REPRESENTATION_CONTEXT('2D SPACE',''
  ) );
#633 = ORIENTED_EDGE('',*,*,#634,.T.);
#634 = EDGE_CURVE('',#606,#635,#637,.T.);
#635 = VERTEX_POINT('',#636);
#636 = CARTESIAN_POINT('',(4.,-39.79949748426,0.));
#637 = SURFACE_CURVE('',#638,(#642,#648),.PCURVE_S1.);
#638 = LINE('',#639,#640);
#639 = CARTESIAN_POINT('',(4.,-22.5,0.));
#640 = VECTOR('',#641,1.);
#641 = DIRECTION('',(-2.22044604925E-16,-1.,0.));
#642 = PCURVE('',#45,#643);
#643 = DEFINITIONAL_REPRESENTATION('',(#644),#647);
#644 = B_SPLINE_CURVE_WITH_KNOTS('',1,(#645,#646),.UNSPECIFIED.,.F.,.F.,
  (2,2),(-3.5,17.5),.PIECEWISE_BEZIER_KNOTS.);
#645 = CARTESIAN_POINT('',(4.,-19.));
#646 = CARTESIAN_POINT('',(4.,-40.));
#647 = ( GEOMETRIC_REPRESENTATION_CONTEXT(2) 
PARAMETRIC_REPRESENTATION_CONTEXT() REPRESENTATION_CONTEXT('2D SPACE',''
  ) );
#648 = PCURVE('',#649,#654);
#649 = PLANE('',#650);
#650 = AXIS2_PLACEMENT_3D('',#651,#652,#653);
#651 = CARTESIAN_POINT('',(4.,-45.,-69.79949778426));
#652 = DIRECTION('',(-1.,2.22044604925E-16,0.));
#653 = DIRECTION('',(2.22044604925E-16,1.,0.));
#654 = DEFINITIONAL_REPRESENTATION('',(#655),#658);
#655 = B_SPLINE_CURVE_WITH_KNOTS('',1,(#656,#657),.UNSPECIFIED.,.F.,.F.,
  (2,2),(-3.5,17.5),.PIECEWISE_BEZIER_KNOTS.);
#656 = CARTESIAN_POINT('',(26.,-69.79949778426));
#657 = CARTESIAN_POINT('',(5.,-69.79949778426));
#658 = ( GEOMETRIC_REPRESENTATION_CONTEXT(2) 
PARAMETRIC_REPRESENTATION_CONTEXT() REPRESENTATION_CONTEXT('2D SPACE',''
  ) );
#659 = ORIENTED_EDGE('',*,*,#660,.T.);
#660 = EDGE_CURVE('',#635,#661,#663,.T.);
#661 = VERTEX_POINT('',#662);
#662 = CARTESIAN_POINT('',(11.0556734039,-38.44180127915,0.));
#663 = SURFACE_CURVE('',#664,(#669,#676),.PCURVE_S1.);
#664 = CIRCLE('',#665,40.);
#665 = AXIS2_PLACEMENT_3D('',#666,#667,#668);
#666 = CARTESIAN_POINT('',(0.,0.,0.));
#667 = DIRECTION('',(0.,0.,1.));
#668 = DIRECTION('',(1.,0.,0.));
#669 = PCURVE('',#45,#670);
#670 = DEFINITIONAL_REPRESENTATION('',(#671),#675);
#671 = CIRCLE('',#672,40.);
#672 = AXIS2_PLACEMENT_2D('',#673,#674);
#673 = CARTESIAN_POINT('',(2.187904212063E-15,-2.742946025263E-15));
#674 = DIRECTION('',(1.,0.));
#675 = ( GEOMETRIC_REPRESENTATION_CONTEXT(2) 
PARAMETRIC_REPRESENTATION_CONTEXT() REPRESENTATION_CONTEXT('2D SPACE',''
  ) );
#676 = PCURVE('',#677,#682);
#677 = CYLINDRICAL_SURFACE('',#678,40.);
#678 = AXIS2_PLACEMENT_3D('',#679,#680,#681);
#679 = CARTESIAN_POINT('',(0.,0.,0.));
#680 = DIRECTION('',(-0.,-0.,-1.));
#681 = DIRECTION('',(1.,0.,0.));
#682 = DEFINITIONAL_REPRESENTATION('',(#683),#687);
#683 = LINE('',#684,#685);
#684 = CARTESIAN_POINT('',(-0.,0.));
#685 = VECTOR('',#686,1.);
#686 = DIRECTION('',(-1.,0.));
#687 = ( GEOMETRIC_REPRESENTATION_CONTEXT(2) 
PARAMETRIC_REPRESENTATION_CONTEXT() REPRESENTATION_CONTEXT('2D SPACE',''
  ) );
#688 = ORIENTED_EDGE('',*,*,#689,.F.);
#689 = EDGE_CURVE('',#690,#661,#692,.T.);
#690 = VERTEX_POINT('',#691);
#691 = CARTESIAN_POINT('',(38.441801279158,-11.0556734039,0.));
#692 = SURFACE_CURVE('',#693,(#698,#705),.PCURVE_S1.);
#693 = CIRCLE('',#694,20.);
#694 = AXIS2_PLACEMENT_3D('',#695,#696,#697);
#695 = CARTESIAN_POINT('',(28.284271247462,-28.28427124746,0.));
#696 = DIRECTION('',(0.,0.,1.));
#697 = DIRECTION('',(0.507876501585,0.861429892178,-0.));
#698 = PCURVE('',#45,#699);
#699 = DEFINITIONAL_REPRESENTATION('',(#700),#704);
#700 = CIRCLE('',#701,20.);
#701 = AXIS2_PLACEMENT_2D('',#702,#703);
#702 = CARTESIAN_POINT('',(28.284271247462,-28.28427124746));
#703 = DIRECTION('',(0.507876501585,0.861429892178));
#704 = ( GEOMETRIC_REPRESENTATION_CONTEXT(2) 
PARAMETRIC_REPRESENTATION_CONTEXT() REPRESENTATION_CONTEXT('2D SPACE',''
  ) );
#705 = PCURVE('',#706,#711);
#706 = CYLINDRICAL_SURFACE('',#707,20.);
#707 = AXIS2_PLACEMENT_3D('',#708,#709,#710);
#708 = CARTESIAN_POINT('',(28.284271247462,-28.28427124746,
    -69.59899526853));
#709 = DIRECTION('',(0.,0.,-1.));
#710 = DIRECTION('',(0.707106781187,-0.707106781187,0.));
#711 = DEFINITIONAL_REPRESENTATION('',(#712),#716);
#712 = LINE('',#713,#714);
#713 = CARTESIAN_POINT('',(-1.823476581937,-69.59899526853));
#714 = VECTOR('',#715,1.);
#715 = DIRECTION('',(-1.,-0.));
#716 = ( GEOMETRIC_REPRESENTATION_CONTEXT(2) 
PARAMETRIC_REPRESENTATION_CONTEXT() REPRESENTATION_CONTEXT('2D SPACE',''
  ) );
#717 = ORIENTED_EDGE('',*,*,#718,.T.);
#718 = EDGE_CURVE('',#690,#719,#721,.T.);
#719 = VERTEX_POINT('',#720);
#720 = CARTESIAN_POINT('',(39.799497484265,-4.,0.));
#721 = SURFACE_CURVE('',#722,(#727,#734),.PCURVE_S1.);
#722 = CIRCLE('',#723,40.);
#723 = AXIS2_PLACEMENT_3D('',#724,#725,#726);
#724 = CARTESIAN_POINT('',(0.,0.,0.));
#725 = DIRECTION('',(0.,0.,1.));
#726 = DIRECTION('',(1.,0.,0.));
#727 = PCURVE('',#45,#728);
#728 = DEFINITIONAL_REPRESENTATION('',(#729),#733);
#729 = CIRCLE('',#730,40.);
#730 = AXIS2_PLACEMENT_2D('',#731,#732);
#731 = CARTESIAN_POINT('',(2.187904212063E-15,-2.742946025263E-15));
#732 = DIRECTION('',(1.,0.));
#733 = ( GEOMETRIC_REPRESENTATION_CONTEXT(2) 
PARAMETRIC_REPRESENTATION_CONTEXT() REPRESENTATION_CONTEXT('2D SPACE',''
  ) );
#734 = PCURVE('',#735,#740);
#735 = CYLINDRICAL_SURFACE('',#736,40.);
#736 = AXIS2_PLACEMENT_3D('',#737,#738,#739);
#737 = CARTESIAN_POINT('',(0.,0.,0.));
#738 = DIRECTION('',(-0.,-0.,-1.));
#739 = DIRECTION('',(1.,0.,0.));
#740 = DEFINITIONAL_REPRESENTATION('',(#741),#745);
#741 = LINE('',#742,#743);
#742 = CARTESIAN_POINT('',(-0.,0.));
#743 = VECTOR('',#744,1.);
#744 = DIRECTION('',(-1.,0.));
#745 = ( GEOMETRIC_REPRESENTATION_CONTEXT(2) 
PARAMETRIC_REPRESENTATION_CONTEXT() REPRESENTATION_CONTEXT('2D SPACE',''
  ) );
#746 = ORIENTED_EDGE('',*,*,#747,.T.);
#747 = EDGE_CURVE('',#719,#142,#748,.T.);
#748 = SURFACE_CURVE('',#749,(#753,#759),.PCURVE_S1.);
#749 = LINE('',#750,#751);
#750 = CARTESIAN_POINT('',(9.5,-4.,0.));
#751 = VECTOR('',#752,1.);
#752 = DIRECTION('',(-1.,0.,0.));
#753 = PCURVE('',#45,#754);
#754 = DEFINITIONAL_REPRESENTATION('',(#755),#758);
#755 = B_SPLINE_CURVE_WITH_KNOTS('',1,(#756,#757),.UNSPECIFIED.,.F.,.F.,
  (2,2),(-30.5,-9.5),.PIECEWISE_BEZIER_KNOTS.);
#756 = CARTESIAN_POINT('',(40.,-4.));
#757 = CARTESIAN_POINT('',(19.,-4.));
#758 = ( GEOMETRIC_REPRESENTATION_CONTEXT(2) 
PARAMETRIC_REPRESENTATION_CONTEXT() REPRESENTATION_CONTEXT('2D SPACE',''
  ) );
#759 = PCURVE('',#760,#765);
#760 = PLANE('',#761);
#761 = AXIS2_PLACEMENT_3D('',#762,#763,#764);
#762 = CARTESIAN_POINT('',(19.,-4.,-70.0000002));
#763 = DIRECTION('',(0.,1.,0.));
#764 = DIRECTION('',(1.,0.,0.));
#765 = DEFINITIONAL_REPRESENTATION('',(#766),#769);
#766 = B_SPLINE_CURVE_WITH_KNOTS('',1,(#767,#768),.UNSPECIFIED.,.F.,.F.,
  (2,2),(-30.5,-9.5),.PIECEWISE_BEZIER_KNOTS.);
#767 = CARTESIAN_POINT('',(21.,-70.0000002));
#768 = CARTESIAN_POINT('',(0.,-70.0000002));
#769 = ( GEOMETRIC_REPRESENTATION_CONTEXT(2) 
PARAMETRIC_REPRESENTATION_CONTEXT() REPRESENTATION_CONTEXT('2D SPACE',''
  ) );
#770 = FACE_BOUND('',#771,.F.);
#771 = EDGE_LOOP('',(#772));
#772 = ORIENTED_EDGE('',*,*,#773,.F.);
#773 = EDGE_CURVE('',#774,#774,#776,.T.);
#774 = VERTEX_POINT('',#775);
#775 = CARTESIAN_POINT('',(5.,0.,0.));
#776 = SURFACE_CURVE('',#777,(#782,#789),.PCURVE_S1.);
#777 = CIRCLE('',#778,5.);
#778 = AXIS2_PLACEMENT_3D('',#779,#780,#781);
#779 = CARTESIAN_POINT('',(-1.324296586866E-15,-1.110223024625E-15,0.));
#780 = DIRECTION('',(0.,0.,1.));
#781 = DIRECTION('',(1.,4.669739647545E-16,-0.));
#782 = PCURVE('',#45,#783);
#783 = DEFINITIONAL_REPRESENTATION('',(#784),#788);
#784 = CIRCLE('',#785,5.);
#785 = AXIS2_PLACEMENT_2D('',#786,#787);
#786 = CARTESIAN_POINT('',(8.636076251971E-16,-3.853169049888E-15));
#787 = DIRECTION('',(1.,4.669739647545E-16));
#788 = ( GEOMETRIC_REPRESENTATION_CONTEXT(2) 
PARAMETRIC_REPRESENTATION_CONTEXT() REPRESENTATION_CONTEXT('2D SPACE',''
  ) );
#789 = PCURVE('',#790,#795);
#790 = CYLINDRICAL_SURFACE('',#791,5.);
#791 = AXIS2_PLACEMENT_3D('',#792,#793,#794);
#792 = CARTESIAN_POINT('',(0.,0.,-70.0000002));
#793 = DIRECTION('',(-0.,-0.,-1.));
#794 = DIRECTION('',(1.,0.,0.));
#795 = DEFINITIONAL_REPRESENTATION('',(#796),#800);
#796 = LINE('',#797,#798);
#797 = CARTESIAN_POINT('',(-0.,-70.0000002));
#798 = VECTOR('',#799,1.);
#799 = DIRECTION('',(-1.,-0.));
#800 = ( GEOMETRIC_REPRESENTATION_CONTEXT(2) 
PARAMETRIC_REPRESENTATION_CONTEXT() REPRESENTATION_CONTEXT('2D SPACE',''
  ) );
#801 = ADVANCED_FACE('',(#802),#125,.F.);
#802 = FACE_BOUND('',#803,.T.);
#803 = EDGE_LOOP('',(#804,#805,#826,#848));
#804 = ORIENTED_EDGE('',*,*,#190,.F.);
#805 = ORIENTED_EDGE('',*,*,#806,.F.);
#806 = EDGE_CURVE('',#807,#191,#809,.T.);
#807 = VERTEX_POINT('',#808);
#808 = CARTESIAN_POINT('',(11.0556734039,38.441801279158,10.));
#809 = SURFACE_CURVE('',#810,(#814,#820),.PCURVE_S1.);
#810 = LINE('',#811,#812);
#811 = CARTESIAN_POINT('',(11.0556734039,38.441801279158,0.));
#812 = VECTOR('',#813,1.);
#813 = DIRECTION('',(-0.,-0.,-1.));
#814 = PCURVE('',#125,#815);
#815 = DEFINITIONAL_REPRESENTATION('',(#816),#819);
#816 = B_SPLINE_CURVE_WITH_KNOTS('',1,(#817,#818),.UNSPECIFIED.,.F.,.F.,
  (2,2),(-10.0000006,6.E-07),.PIECEWISE_BEZIER_KNOTS.);
#817 = CARTESIAN_POINT('',(-1.823476581937,-79.59899586853));
#818 = CARTESIAN_POINT('',(-1.823476581937,-69.59899466853));
#819 = ( GEOMETRIC_REPRESENTATION_CONTEXT(2) 
PARAMETRIC_REPRESENTATION_CONTEXT() REPRESENTATION_CONTEXT('2D SPACE',''
  ) );
#820 = PCURVE('',#231,#821);
#821 = DEFINITIONAL_REPRESENTATION('',(#822),#825);
#822 = B_SPLINE_CURVE_WITH_KNOTS('',1,(#823,#824),.UNSPECIFIED.,.F.,.F.,
  (2,2),(-10.0000006,6.E-07),.PIECEWISE_BEZIER_KNOTS.);
#823 = CARTESIAN_POINT('',(-1.290758673682,-10.0000006));
#824 = CARTESIAN_POINT('',(-1.290758673682,6.E-07));
#825 = ( GEOMETRIC_REPRESENTATION_CONTEXT(2) 
PARAMETRIC_REPRESENTATION_CONTEXT() REPRESENTATION_CONTEXT('2D SPACE',''
  ) );
#826 = ORIENTED_EDGE('',*,*,#827,.T.);
#827 = EDGE_CURVE('',#807,#84,#828,.T.);
#828 = SURFACE_CURVE('',#829,(#834,#841),.PCURVE_S1.);
#829 = CIRCLE('',#830,20.);
#830 = AXIS2_PLACEMENT_3D('',#831,#832,#833);
#831 = CARTESIAN_POINT('',(28.284271247462,28.284271247462,10.));
#832 = DIRECTION('',(0.,0.,1.));
#833 = DIRECTION('',(-0.861429892178,0.507876501585,0.));
#834 = PCURVE('',#125,#835);
#835 = DEFINITIONAL_REPRESENTATION('',(#836),#840);
#836 = LINE('',#837,#838);
#837 = CARTESIAN_POINT('',(-1.823476581937,-79.59899526853));
#838 = VECTOR('',#839,1.);
#839 = DIRECTION('',(-1.,-0.));
#840 = ( GEOMETRIC_REPRESENTATION_CONTEXT(2) 
PARAMETRIC_REPRESENTATION_CONTEXT() REPRESENTATION_CONTEXT('2D SPACE',''
  ) );
#841 = PCURVE('',#100,#842);
#842 = DEFINITIONAL_REPRESENTATION('',(#843),#847);
#843 = CIRCLE('',#844,20.);
#844 = AXIS2_PLACEMENT_2D('',#845,#846);
#845 = CARTESIAN_POINT('',(28.284271247462,28.284271247462));
#846 = DIRECTION('',(-0.861429892178,0.507876501585));
#847 = ( GEOMETRIC_REPRESENTATION_CONTEXT(2) 
PARAMETRIC_REPRESENTATION_CONTEXT() REPRESENTATION_CONTEXT('2D SPACE',''
  ) );
#848 = ORIENTED_EDGE('',*,*,#112,.T.);
#849 = ADVANCED_FACE('',(#850,#1384),#100,.T.);
#850 = FACE_BOUND('',#851,.T.);
#851 = EDGE_LOOP('',(#852,#878,#899,#927,#948,#972,#1000,#1024,#1045,
    #1073,#1092,#1093,#1094,#1118,#1139,#1167,#1188,#1212,#1240,#1264,
    #1285,#1313,#1334,#1358));
#852 = ORIENTED_EDGE('',*,*,#853,.T.);
#853 = EDGE_CURVE('',#854,#856,#858,.T.);
#854 = VERTEX_POINT('',#855);
#855 = CARTESIAN_POINT('',(-11.0556734039,-38.44180127915,10.));
#856 = VERTEX_POINT('',#857);
#857 = CARTESIAN_POINT('',(-4.,-39.79949748426,10.));
#858 = SURFACE_CURVE('',#859,(#864,#871),.PCURVE_S1.);
#859 = CIRCLE('',#860,40.);
#860 = AXIS2_PLACEMENT_3D('',#861,#862,#863);
#861 = CARTESIAN_POINT('',(0.,0.,10.));
#862 = DIRECTION('',(0.,0.,1.));
#863 = DIRECTION('',(1.,0.,0.));
#864 = PCURVE('',#100,#865);
#865 = DEFINITIONAL_REPRESENTATION('',(#866),#870);
#866 = CIRCLE('',#867,40.);
#867 = AXIS2_PLACEMENT_2D('',#868,#869);
#868 = CARTESIAN_POINT('',(2.187904212063E-15,-2.742946025263E-15));
#869 = DIRECTION('',(1.,0.));
#870 = ( GEOMETRIC_REPRESENTATION_CONTEXT(2) 
PARAMETRIC_REPRESENTATION_CONTEXT() REPRESENTATION_CONTEXT('2D SPACE',''
  ) );
#871 = PCURVE('',#567,#872);
#872 = DEFINITIONAL_REPRESENTATION('',(#873),#877);
#873 = LINE('',#874,#875);
#874 = CARTESIAN_POINT('',(-0.,-10.));
#875 = VECTOR('',#876,1.);
#876 = DIRECTION('',(-1.,0.));
#877 = ( GEOMETRIC_REPRESENTATION_CONTEXT(2) 
PARAMETRIC_REPRESENTATION_CONTEXT() REPRESENTATION_CONTEXT('2D SPACE',''
  ) );
#878 = ORIENTED_EDGE('',*,*,#879,.T.);
#879 = EDGE_CURVE('',#856,#880,#882,.T.);
#880 = VERTEX_POINT('',#881);
#881 = CARTESIAN_POINT('',(-4.,-19.,10.));
#882 = SURFACE_CURVE('',#883,(#887,#893),.PCURVE_S1.);
#883 = LINE('',#884,#885);
#884 = CARTESIAN_POINT('',(-4.,-9.5,10.));
#885 = VECTOR('',#886,1.);
#886 = DIRECTION('',(2.22044604925E-16,1.,-0.));
#887 = PCURVE('',#100,#888);
#888 = DEFINITIONAL_REPRESENTATION('',(#889),#892);
#889 = B_SPLINE_CURVE_WITH_KNOTS('',1,(#890,#891),.UNSPECIFIED.,.F.,.F.,
  (2,2),(-30.5,-9.5),.PIECEWISE_BEZIER_KNOTS.);
#890 = CARTESIAN_POINT('',(-4.,-40.));
#891 = CARTESIAN_POINT('',(-4.,-19.));
#892 = ( GEOMETRIC_REPRESENTATION_CONTEXT(2) 
PARAMETRIC_REPRESENTATION_CONTEXT() REPRESENTATION_CONTEXT('2D SPACE',''
  ) );
#893 = PCURVE('',#594,#894);
#894 = DEFINITIONAL_REPRESENTATION('',(#895),#898);
#895 = B_SPLINE_CURVE_WITH_KNOTS('',1,(#896,#897),.UNSPECIFIED.,.F.,.F.,
  (2,2),(-30.5,-9.5),.PIECEWISE_BEZIER_KNOTS.);
#896 = CARTESIAN_POINT('',(21.,-79.79949778426));
#897 = CARTESIAN_POINT('',(0.,-79.79949778426));
#898 = ( GEOMETRIC_REPRESENTATION_CONTEXT(2) 
PARAMETRIC_REPRESENTATION_CONTEXT() REPRESENTATION_CONTEXT('2D SPACE',''
  ) );
#899 = ORIENTED_EDGE('',*,*,#900,.T.);
#900 = EDGE_CURVE('',#880,#901,#903,.T.);
#901 = VERTEX_POINT('',#902);
#902 = CARTESIAN_POINT('',(4.,-19.,10.));
#903 = SURFACE_CURVE('',#904,(#909,#920),.PCURVE_S1.);
#904 = CIRCLE('',#905,4.);
#905 = AXIS2_PLACEMENT_3D('',#906,#907,#908);
#906 = CARTESIAN_POINT('',(-3.552713678801E-15,-19.,10.));
#907 = DIRECTION('',(-0.,0.,-1.));
#908 = DIRECTION('',(-2.22044604925E-16,-1.,0.));
#909 = PCURVE('',#100,#910);
#910 = DEFINITIONAL_REPRESENTATION('',(#911),#919);
#911 = ( BOUNDED_CURVE() B_SPLINE_CURVE(2,(#912,#913,#914,#915,#916,#917
,#918),.UNSPECIFIED.,.T.,.F.) B_SPLINE_CURVE_WITH_KNOTS((1,2,2,2,2,1),(
    -2.094395102393,0.,2.094395102393,4.188790204786,6.28318530718,
8.377580409573),.UNSPECIFIED.) CURVE() GEOMETRIC_REPRESENTATION_ITEM() 
RATIONAL_B_SPLINE_CURVE((1.,0.5,1.,0.5,1.,0.5,1.)) REPRESENTATION_ITEM(
  '') );
#912 = CARTESIAN_POINT('',(-2.252987886438E-15,-23.));
#913 = CARTESIAN_POINT('',(-6.928203230276,-23.));
#914 = CARTESIAN_POINT('',(-3.464101615138,-17.));
#915 = CARTESIAN_POINT('',(-5.681700666551E-16,-11.));
#916 = CARTESIAN_POINT('',(3.464101615138,-17.));
#917 = CARTESIAN_POINT('',(6.928203230276,-23.));
#918 = CARTESIAN_POINT('',(-2.252987886438E-15,-23.));
#919 = ( GEOMETRIC_REPRESENTATION_CONTEXT(2) 
PARAMETRIC_REPRESENTATION_CONTEXT() REPRESENTATION_CONTEXT('2D SPACE',''
  ) );
#920 = PCURVE('',#622,#921);
#921 = DEFINITIONAL_REPRESENTATION('',(#922),#926);
#922 = LINE('',#923,#924);
#923 = CARTESIAN_POINT('',(-6.28318530718,-80.0000002));
#924 = VECTOR('',#925,1.);
#925 = DIRECTION('',(1.,-0.));
#926 = ( GEOMETRIC_REPRESENTATION_CONTEXT(2) 
PARAMETRIC_REPRESENTATION_CONTEXT() REPRESENTATION_CONTEXT('2D SPACE',''
  ) );
#927 = ORIENTED_EDGE('',*,*,#928,.T.);
#928 = EDGE_CURVE('',#901,#929,#931,.T.);
#929 = VERTEX_POINT('',#930);
#930 = CARTESIAN_POINT('',(4.,-39.79949748426,10.));
#931 = SURFACE_CURVE('',#932,(#936,#942),.PCURVE_S1.);
#932 = LINE('',#933,#934);
#933 = CARTESIAN_POINT('',(4.,-22.5,10.));
#934 = VECTOR('',#935,1.);
#935 = DIRECTION('',(-2.22044604925E-16,-1.,0.));
#936 = PCURVE('',#100,#937);
#937 = DEFINITIONAL_REPRESENTATION('',(#938),#941);
#938 = B_SPLINE_CURVE_WITH_KNOTS('',1,(#939,#940),.UNSPECIFIED.,.F.,.F.,
  (2,2),(-3.5,17.5),.PIECEWISE_BEZIER_KNOTS.);
#939 = CARTESIAN_POINT('',(4.,-19.));
#940 = CARTESIAN_POINT('',(4.,-40.));
#941 = ( GEOMETRIC_REPRESENTATION_CONTEXT(2) 
PARAMETRIC_REPRESENTATION_CONTEXT() REPRESENTATION_CONTEXT('2D SPACE',''
  ) );
#942 = PCURVE('',#649,#943);
#943 = DEFINITIONAL_REPRESENTATION('',(#944),#947);
#944 = B_SPLINE_CURVE_WITH_KNOTS('',1,(#945,#946),.UNSPECIFIED.,.F.,.F.,
  (2,2),(-3.5,17.5),.PIECEWISE_BEZIER_KNOTS.);
#945 = CARTESIAN_POINT('',(26.,-79.79949778426));
#946 = CARTESIAN_POINT('',(5.,-79.79949778426));
#947 = ( GEOMETRIC_REPRESENTATION_CONTEXT(2) 
PARAMETRIC_REPRESENTATION_CONTEXT() REPRESENTATION_CONTEXT('2D SPACE',''
  ) );
#948 = ORIENTED_EDGE('',*,*,#949,.T.);
#949 = EDGE_CURVE('',#929,#950,#952,.T.);
#950 = VERTEX_POINT('',#951);
#951 = CARTESIAN_POINT('',(11.0556734039,-38.44180127915,10.));
#952 = SURFACE_CURVE('',#953,(#958,#965),.PCURVE_S1.);
#953 = CIRCLE('',#954,40.);
#954 = AXIS2_PLACEMENT_3D('',#955,#956,#957);
#955 = CARTESIAN_POINT('',(0.,0.,10.));
#956 = DIRECTION('',(0.,0.,1.));
#957 = DIRECTION('',(1.,0.,0.));
#958 = PCURVE('',#100,#959);
#959 = DEFINITIONAL_REPRESENTATION('',(#960),#964);
#960 = CIRCLE('',#961,40.);
#961 = AXIS2_PLACEMENT_2D('',#962,#963);
#962 = CARTESIAN_POINT('',(2.187904212063E-15,-2.742946025263E-15));
#963 = DIRECTION('',(1.,0.));
#964 = ( GEOMETRIC_REPRESENTATION_CONTEXT(2) 
PARAMETRIC_REPRESENTATION_CONTEXT() REPRESENTATION_CONTEXT('2D SPACE',''
  ) );
#965 = PCURVE('',#677,#966);
#966 = DEFINITIONAL_REPRESENTATION('',(#967),#971);
#967 = LINE('',#968,#969);
#968 = CARTESIAN_POINT('',(-0.,-10.));
#969 = VECTOR('',#970,1.);
#970 = DIRECTION('',(-1.,0.));
#971 = ( GEOMETRIC_REPRESENTATION_CONTEXT(2) 
PARAMETRIC_REPRESENTATION_CONTEXT() REPRESENTATION_CONTEXT('2D SPACE',''
  ) );
#972 = ORIENTED_EDGE('',*,*,#973,.T.);
#973 = EDGE_CURVE('',#950,#974,#976,.T.);
#974 = VERTEX_POINT('',#975);
#975 = CARTESIAN_POINT('',(38.441801279158,-11.0556734039,10.));
#976 = SURFACE_CURVE('',#977,(#982,#993),.PCURVE_S1.);
#977 = CIRCLE('',#978,20.);
#978 = AXIS2_PLACEMENT_3D('',#979,#980,#981);
#979 = CARTESIAN_POINT('',(28.284271247462,-28.28427124746,10.));
#980 = DIRECTION('',(0.,0.,-1.));
#981 = DIRECTION('',(-0.861429892178,-0.507876501585,-0.));
#982 = PCURVE('',#100,#983);
#983 = DEFINITIONAL_REPRESENTATION('',(#984),#992);
#984 = ( BOUNDED_CURVE() B_SPLINE_CURVE(2,(#985,#986,#987,#988,#989,#990
,#991),.UNSPECIFIED.,.T.,.F.) B_SPLINE_CURVE_WITH_KNOTS((1,2,2,2,2,1),(
    -2.094395102393,0.,2.094395102393,4.188790204786,6.28318530718,
8.377580409573),.UNSPECIFIED.) CURVE() GEOMETRIC_REPRESENTATION_ITEM() 
RATIONAL_B_SPLINE_CURVE((1.,0.5,1.,0.5,1.,0.5,1.)) REPRESENTATION_ITEM(
  '') );
#985 = CARTESIAN_POINT('',(11.0556734039,-38.44180127915));
#986 = CARTESIAN_POINT('',(-6.537684690405,-8.600994470938));
#987 = CARTESIAN_POINT('',(28.10189112209,-8.285102827503));
#988 = CARTESIAN_POINT('',(62.741466934586,-7.969211184069));
#989 = CARTESIAN_POINT('',(45.695249216395,-38.12590963572));
#990 = CARTESIAN_POINT('',(28.649031498205,-68.28260808737));
#991 = CARTESIAN_POINT('',(11.0556734039,-38.44180127915));
#992 = ( GEOMETRIC_REPRESENTATION_CONTEXT(2) 
PARAMETRIC_REPRESENTATION_CONTEXT() REPRESENTATION_CONTEXT('2D SPACE',''
  ) );
#993 = PCURVE('',#706,#994);
#994 = DEFINITIONAL_REPRESENTATION('',(#995),#999);
#995 = LINE('',#996,#997);
#996 = CARTESIAN_POINT('',(-4.459708725243,-79.59899526853));
#997 = VECTOR('',#998,1.);
#998 = DIRECTION('',(1.,-0.));
#999 = ( GEOMETRIC_REPRESENTATION_CONTEXT(2) 
PARAMETRIC_REPRESENTATION_CONTEXT() REPRESENTATION_CONTEXT('2D SPACE',''
  ) );
#1000 = ORIENTED_EDGE('',*,*,#1001,.T.);
#1001 = EDGE_CURVE('',#974,#1002,#1004,.T.);
#1002 = VERTEX_POINT('',#1003);
#1003 = CARTESIAN_POINT('',(39.799497484265,-4.,10.));
#1004 = SURFACE_CURVE('',#1005,(#1010,#1017),.PCURVE_S1.);
#1005 = CIRCLE('',#1006,40.);
#1006 = AXIS2_PLACEMENT_3D('',#1007,#1008,#1009);
#1007 = CARTESIAN_POINT('',(0.,0.,10.));
#1008 = DIRECTION('',(0.,0.,1.));
#1009 = DIRECTION('',(1.,0.,0.));
#1010 = PCURVE('',#100,#1011);
#1011 = DEFINITIONAL_REPRESENTATION('',(#1012),#1016);
#1012 = CIRCLE('',#1013,40.);
#1013 = AXIS2_PLACEMENT_2D('',#1014,#1015);
#1014 = CARTESIAN_POINT('',(2.187904212063E-15,-2.742946025263E-15));
#1015 = DIRECTION('',(1.,0.));
#1016 = ( GEOMETRIC_REPRESENTATION_CONTEXT(2) 
PARAMETRIC_REPRESENTATION_CONTEXT() REPRESENTATION_CONTEXT('2D SPACE',''
  ) );
#1017 = PCURVE('',#735,#1018);
#1018 = DEFINITIONAL_REPRESENTATION('',(#1019),#1023);
#1019 = LINE('',#1020,#1021);
#1020 = CARTESIAN_POINT('',(-0.,-10.));
#1021 = VECTOR('',#1022,1.);
#1022 = DIRECTION('',(-1.,0.));
#1023 = ( GEOMETRIC_REPRESENTATION_CONTEXT(2) 
PARAMETRIC_REPRESENTATION_CONTEXT() REPRESENTATION_CONTEXT('2D SPACE',''
  ) );
#1024 = ORIENTED_EDGE('',*,*,#1025,.T.);
#1025 = EDGE_CURVE('',#1002,#1026,#1028,.T.);
#1026 = VERTEX_POINT('',#1027);
#1027 = CARTESIAN_POINT('',(19.,-4.,10.));
#1028 = SURFACE_CURVE('',#1029,(#1033,#1039),.PCURVE_S1.);
#1029 = LINE('',#1030,#1031);
#1030 = CARTESIAN_POINT('',(9.5,-4.,10.));
#1031 = VECTOR('',#1032,1.);
#1032 = DIRECTION('',(-1.,0.,0.));
#1033 = PCURVE('',#100,#1034);
#1034 = DEFINITIONAL_REPRESENTATION('',(#1035),#1038);
#1035 = B_SPLINE_CURVE_WITH_KNOTS('',1,(#1036,#1037),.UNSPECIFIED.,.F.,
  .F.,(2,2),(-30.5,-9.5),.PIECEWISE_BEZIER_KNOTS.);
#1036 = CARTESIAN_POINT('',(40.,-4.));
#1037 = CARTESIAN_POINT('',(19.,-4.));
#1038 = ( GEOMETRIC_REPRESENTATION_CONTEXT(2) 
PARAMETRIC_REPRESENTATION_CONTEXT() REPRESENTATION_CONTEXT('2D SPACE',''
  ) );
#1039 = PCURVE('',#760,#1040);
#1040 = DEFINITIONAL_REPRESENTATION('',(#1041),#1044);
#1041 = B_SPLINE_CURVE_WITH_KNOTS('',1,(#1042,#1043),.UNSPECIFIED.,.F.,
  .F.,(2,2),(-30.5,-9.5),.PIECEWISE_BEZIER_KNOTS.);
#1042 = CARTESIAN_POINT('',(21.,-80.0000002));
#1043 = CARTESIAN_POINT('',(0.,-80.0000002));
#1044 = ( GEOMETRIC_REPRESENTATION_CONTEXT(2) 
PARAMETRIC_REPRESENTATION_CONTEXT() REPRESENTATION_CONTEXT('2D SPACE',''
  ) );
#1045 = ORIENTED_EDGE('',*,*,#1046,.T.);
#1046 = EDGE_CURVE('',#1026,#1047,#1049,.T.);
#1047 = VERTEX_POINT('',#1048);
#1048 = CARTESIAN_POINT('',(19.,4.,10.));
#1049 = SURFACE_CURVE('',#1050,(#1055,#1066),.PCURVE_S1.);
#1050 = CIRCLE('',#1051,4.);
#1051 = AXIS2_PLACEMENT_3D('',#1052,#1053,#1054);
#1052 = CARTESIAN_POINT('',(19.,0.,10.));
#1053 = DIRECTION('',(0.,0.,-1.));
#1054 = DIRECTION('',(1.,0.,0.));
#1055 = PCURVE('',#100,#1056);
#1056 = DEFINITIONAL_REPRESENTATION('',(#1057),#1065);
#1057 = ( BOUNDED_CURVE() B_SPLINE_CURVE(2,(#1058,#1059,#1060,#1061,
#1062,#1063,#1064),.UNSPECIFIED.,.T.,.F.) B_SPLINE_CURVE_WITH_KNOTS((1,2
    ,2,2,2,1),(-2.094395102393,0.,2.094395102393,4.188790204786,
6.28318530718,8.377580409573),.UNSPECIFIED.) CURVE() 
GEOMETRIC_REPRESENTATION_ITEM() RATIONAL_B_SPLINE_CURVE((1.,0.5,1.,0.5,
1.,0.5,1.)) REPRESENTATION_ITEM('') );
#1058 = CARTESIAN_POINT('',(23.,-2.742946025263E-15));
#1059 = CARTESIAN_POINT('',(23.,-6.928203230276));
#1060 = CARTESIAN_POINT('',(17.,-3.464101615138));
#1061 = CARTESIAN_POINT('',(11.,-3.722663464581E-15));
#1062 = CARTESIAN_POINT('',(17.,3.464101615138));
#1063 = CARTESIAN_POINT('',(23.,6.928203230276));
#1064 = CARTESIAN_POINT('',(23.,-2.742946025263E-15));
#1065 = ( GEOMETRIC_REPRESENTATION_CONTEXT(2) 
PARAMETRIC_REPRESENTATION_CONTEXT() REPRESENTATION_CONTEXT('2D SPACE',''
  ) );
#1066 = PCURVE('',#158,#1067);
#1067 = DEFINITIONAL_REPRESENTATION('',(#1068),#1072);
#1068 = LINE('',#1069,#1070);
#1069 = CARTESIAN_POINT('',(-6.28318530718,-80.0000002));
#1070 = VECTOR('',#1071,1.);
#1071 = DIRECTION('',(1.,-0.));
#1072 = ( GEOMETRIC_REPRESENTATION_CONTEXT(2) 
PARAMETRIC_REPRESENTATION_CONTEXT() REPRESENTATION_CONTEXT('2D SPACE',''
  ) );
#1073 = ORIENTED_EDGE('',*,*,#1074,.T.);
#1074 = EDGE_CURVE('',#1047,#58,#1075,.T.);
#1075 = SURFACE_CURVE('',#1076,(#1080,#1086),.PCURVE_S1.);
#1076 = LINE('',#1077,#1078);
#1077 = CARTESIAN_POINT('',(22.5,4.,10.));
#1078 = VECTOR('',#1079,1.);
#1079 = DIRECTION('',(1.,0.,-0.));
#1080 = PCURVE('',#100,#1081);
#1081 = DEFINITIONAL_REPRESENTATION('',(#1082),#1085);
#1082 = B_SPLINE_CURVE_WITH_KNOTS('',1,(#1083,#1084),.UNSPECIFIED.,.F.,
  .F.,(2,2),(-3.5,17.5),.PIECEWISE_BEZIER_KNOTS.);
#1083 = CARTESIAN_POINT('',(19.,4.));
#1084 = CARTESIAN_POINT('',(40.,4.));
#1085 = ( GEOMETRIC_REPRESENTATION_CONTEXT(2) 
PARAMETRIC_REPRESENTATION_CONTEXT() REPRESENTATION_CONTEXT('2D SPACE',''
  ) );
#1086 = PCURVE('',#72,#1087);
#1087 = DEFINITIONAL_REPRESENTATION('',(#1088),#1091);
#1088 = B_SPLINE_CURVE_WITH_KNOTS('',1,(#1089,#1090),.UNSPECIFIED.,.F.,
  .F.,(2,2),(-3.5,17.5),.PIECEWISE_BEZIER_KNOTS.);
#1089 = CARTESIAN_POINT('',(26.,-80.0000002));
#1090 = CARTESIAN_POINT('',(5.,-80.0000002));
#1091 = ( GEOMETRIC_REPRESENTATION_CONTEXT(2) 
PARAMETRIC_REPRESENTATION_CONTEXT() REPRESENTATION_CONTEXT('2D SPACE',''
  ) );
#1092 = ORIENTED_EDGE('',*,*,#83,.T.);
#1093 = ORIENTED_EDGE('',*,*,#827,.F.);
#1094 = ORIENTED_EDGE('',*,*,#1095,.T.);
#1095 = EDGE_CURVE('',#807,#1096,#1098,.T.);
#1096 = VERTEX_POINT('',#1097);
#1097 = CARTESIAN_POINT('',(4.,39.799497484265,10.));
#1098 = SURFACE_CURVE('',#1099,(#1104,#1111),.PCURVE_S1.);
#1099 = CIRCLE('',#1100,40.);
#1100 = AXIS2_PLACEMENT_3D('',#1101,#1102,#1103);
#1101 = CARTESIAN_POINT('',(0.,0.,10.));
#1102 = DIRECTION('',(0.,0.,1.));
#1103 = DIRECTION('',(1.,0.,0.));
#1104 = PCURVE('',#100,#1105);
#1105 = DEFINITIONAL_REPRESENTATION('',(#1106),#1110);
#1106 = CIRCLE('',#1107,40.);
#1107 = AXIS2_PLACEMENT_2D('',#1108,#1109);
#1108 = CARTESIAN_POINT('',(2.187904212063E-15,-2.742946025263E-15));
#1109 = DIRECTION('',(1.,0.));
#1110 = ( GEOMETRIC_REPRESENTATION_CONTEXT(2) 
PARAMETRIC_REPRESENTATION_CONTEXT() REPRESENTATION_CONTEXT('2D SPACE',''
  ) );
#1111 = PCURVE('',#231,#1112);
#1112 = DEFINITIONAL_REPRESENTATION('',(#1113),#1117);
#1113 = LINE('',#1114,#1115);
#1114 = CARTESIAN_POINT('',(-0.,-10.));
#1115 = VECTOR('',#1116,1.);
#1116 = DIRECTION('',(-1.,0.));
#1117 = ( GEOMETRIC_REPRESENTATION_CONTEXT(2) 
PARAMETRIC_REPRESENTATION_CONTEXT() REPRESENTATION_CONTEXT('2D SPACE',''
  ) );
#1118 = ORIENTED_EDGE('',*,*,#1119,.T.);
#1119 = EDGE_CURVE('',#1096,#1120,#1122,.T.);
#1120 = VERTEX_POINT('',#1121);
#1121 = CARTESIAN_POINT('',(4.,19.,10.));
#1122 = SURFACE_CURVE('',#1123,(#1127,#1133),.PCURVE_S1.);
#1123 = LINE('',#1124,#1125);
#1124 = CARTESIAN_POINT('',(4.,9.5,10.));
#1125 = VECTOR('',#1126,1.);
#1126 = DIRECTION('',(-1.110223024625E-16,-1.,0.));
#1127 = PCURVE('',#100,#1128);
#1128 = DEFINITIONAL_REPRESENTATION('',(#1129),#1132);
#1129 = B_SPLINE_CURVE_WITH_KNOTS('',1,(#1130,#1131),.UNSPECIFIED.,.F.,
  .F.,(2,2),(-30.5,-9.5),.PIECEWISE_BEZIER_KNOTS.);
#1130 = CARTESIAN_POINT('',(4.,40.));
#1131 = CARTESIAN_POINT('',(4.,19.));
#1132 = ( GEOMETRIC_REPRESENTATION_CONTEXT(2) 
PARAMETRIC_REPRESENTATION_CONTEXT() REPRESENTATION_CONTEXT('2D SPACE',''
  ) );
#1133 = PCURVE('',#258,#1134);
#1134 = DEFINITIONAL_REPRESENTATION('',(#1135),#1138);
#1135 = B_SPLINE_CURVE_WITH_KNOTS('',1,(#1136,#1137),.UNSPECIFIED.,.F.,
  .F.,(2,2),(-30.5,-9.5),.PIECEWISE_BEZIER_KNOTS.);
#1136 = CARTESIAN_POINT('',(21.,-80.0000003));
#1137 = CARTESIAN_POINT('',(0.,-80.0000003));
#1138 = ( GEOMETRIC_REPRESENTATION_CONTEXT(2) 
PARAMETRIC_REPRESENTATION_CONTEXT() REPRESENTATION_CONTEXT('2D SPACE',''
  ) );
#1139 = ORIENTED_EDGE('',*,*,#1140,.T.);
#1140 = EDGE_CURVE('',#1120,#1141,#1143,.T.);
#1141 = VERTEX_POINT('',#1142);
#1142 = CARTESIAN_POINT('',(-4.,19.,10.));
#1143 = SURFACE_CURVE('',#1144,(#1149,#1160),.PCURVE_S1.);
#1144 = CIRCLE('',#1145,4.);
#1145 = AXIS2_PLACEMENT_3D('',#1146,#1147,#1148);
#1146 = CARTESIAN_POINT('',(0.,19.,10.));
#1147 = DIRECTION('',(0.,0.,-1.));
#1148 = DIRECTION('',(1.110223024625E-16,1.,0.));
#1149 = PCURVE('',#100,#1150);
#1150 = DEFINITIONAL_REPRESENTATION('',(#1151),#1159);
#1151 = ( BOUNDED_CURVE() B_SPLINE_CURVE(2,(#1152,#1153,#1154,#1155,
#1156,#1157,#1158),.UNSPECIFIED.,.T.,.F.) B_SPLINE_CURVE_WITH_KNOTS((1,2
    ,2,2,2,1),(-2.094395102393,0.,2.094395102393,4.188790204786,
6.28318530718,8.377580409573),.UNSPECIFIED.) CURVE() 
GEOMETRIC_REPRESENTATION_ITEM() RATIONAL_B_SPLINE_CURVE((1.,0.5,1.,0.5,
1.,0.5,1.)) REPRESENTATION_ITEM('') );
#1152 = CARTESIAN_POINT('',(2.631993421913E-15,23.));
#1153 = CARTESIAN_POINT('',(6.928203230276,23.));
#1154 = CARTESIAN_POINT('',(3.464101615138,17.));
#1155 = CARTESIAN_POINT('',(2.279443231681E-15,11.));
#1156 = CARTESIAN_POINT('',(-3.464101615138,17.));
#1157 = CARTESIAN_POINT('',(-6.928203230276,23.));
#1158 = CARTESIAN_POINT('',(2.631993421913E-15,23.));
#1159 = ( GEOMETRIC_REPRESENTATION_CONTEXT(2) 
PARAMETRIC_REPRESENTATION_CONTEXT() REPRESENTATION_CONTEXT('2D SPACE',''
  ) );
#1160 = PCURVE('',#286,#1161);
#1161 = DEFINITIONAL_REPRESENTATION('',(#1162),#1166);
#1162 = LINE('',#1163,#1164);
#1163 = CARTESIAN_POINT('',(-6.28318530718,-80.0000002));
#1164 = VECTOR('',#1165,1.);
#1165 = DIRECTION('',(1.,-0.));
#1166 = ( GEOMETRIC_REPRESENTATION_CONTEXT(2) 
PARAMETRIC_REPRESENTATION_CONTEXT() REPRESENTATION_CONTEXT('2D SPACE',''
  ) );
#1167 = ORIENTED_EDGE('',*,*,#1168,.T.);
#1168 = EDGE_CURVE('',#1141,#1169,#1171,.T.);
#1169 = VERTEX_POINT('',#1170);
#1170 = CARTESIAN_POINT('',(-4.,39.799497484265,10.));
#1171 = SURFACE_CURVE('',#1172,(#1176,#1182),.PCURVE_S1.);
#1172 = LINE('',#1173,#1174);
#1173 = CARTESIAN_POINT('',(-4.,22.5,10.));
#1174 = VECTOR('',#1175,1.);
#1175 = DIRECTION('',(1.110223024625E-16,1.,-0.));
#1176 = PCURVE('',#100,#1177);
#1177 = DEFINITIONAL_REPRESENTATION('',(#1178),#1181);
#1178 = B_SPLINE_CURVE_WITH_KNOTS('',1,(#1179,#1180),.UNSPECIFIED.,.F.,
  .F.,(2,2),(-3.5,17.5),.PIECEWISE_BEZIER_KNOTS.);
#1179 = CARTESIAN_POINT('',(-4.,19.));
#1180 = CARTESIAN_POINT('',(-4.,40.));
#1181 = ( GEOMETRIC_REPRESENTATION_CONTEXT(2) 
PARAMETRIC_REPRESENTATION_CONTEXT() REPRESENTATION_CONTEXT('2D SPACE',''
  ) );
#1182 = PCURVE('',#313,#1183);
#1183 = DEFINITIONAL_REPRESENTATION('',(#1184),#1187);
#1184 = B_SPLINE_CURVE_WITH_KNOTS('',1,(#1185,#1186),.UNSPECIFIED.,.F.,
  .F.,(2,2),(-3.5,17.5),.PIECEWISE_BEZIER_KNOTS.);
#1185 = CARTESIAN_POINT('',(26.,-80.0000003));
#1186 = CARTESIAN_POINT('',(5.,-80.0000003));
#1187 = ( GEOMETRIC_REPRESENTATION_CONTEXT(2) 
PARAMETRIC_REPRESENTATION_CONTEXT() REPRESENTATION_CONTEXT('2D SPACE',''
  ) );
#1188 = ORIENTED_EDGE('',*,*,#1189,.T.);
#1189 = EDGE_CURVE('',#1169,#1190,#1192,.T.);
#1190 = VERTEX_POINT('',#1191);
#1191 = CARTESIAN_POINT('',(-11.0556734039,38.441801279158,10.));
#1192 = SURFACE_CURVE('',#1193,(#1198,#1205),.PCURVE_S1.);
#1193 = CIRCLE('',#1194,40.);
#1194 = AXIS2_PLACEMENT_3D('',#1195,#1196,#1197);
#1195 = CARTESIAN_POINT('',(0.,0.,10.));
#1196 = DIRECTION('',(0.,0.,1.));
#1197 = DIRECTION('',(1.,0.,0.));
#1198 = PCURVE('',#100,#1199);
#1199 = DEFINITIONAL_REPRESENTATION('',(#1200),#1204);
#1200 = CIRCLE('',#1201,40.);
#1201 = AXIS2_PLACEMENT_2D('',#1202,#1203);
#1202 = CARTESIAN_POINT('',(2.187904212063E-15,-2.742946025263E-15));
#1203 = DIRECTION('',(1.,0.));
#1204 = ( GEOMETRIC_REPRESENTATION_CONTEXT(2) 
PARAMETRIC_REPRESENTATION_CONTEXT() REPRESENTATION_CONTEXT('2D SPACE',''
  ) );
#1205 = PCURVE('',#341,#1206);
#1206 = DEFINITIONAL_REPRESENTATION('',(#1207),#1211);
#1207 = LINE('',#1208,#1209);
#1208 = CARTESIAN_POINT('',(-0.,-10.));
#1209 = VECTOR('',#1210,1.);
#1210 = DIRECTION('',(-1.,0.));
#1211 = ( GEOMETRIC_REPRESENTATION_CONTEXT(2) 
PARAMETRIC_REPRESENTATION_CONTEXT() REPRESENTATION_CONTEXT('2D SPACE',''
  ) );
#1212 = ORIENTED_EDGE('',*,*,#1213,.T.);
#1213 = EDGE_CURVE('',#1190,#1214,#1216,.T.);
#1214 = VERTEX_POINT('',#1215);
#1215 = CARTESIAN_POINT('',(-38.44180127915,11.0556734039,10.));
#1216 = SURFACE_CURVE('',#1217,(#1222,#1233),.PCURVE_S1.);
#1217 = CIRCLE('',#1218,20.);
#1218 = AXIS2_PLACEMENT_3D('',#1219,#1220,#1221);
#1219 = CARTESIAN_POINT('',(-28.28427124746,28.284271247462,10.));
#1220 = DIRECTION('',(0.,0.,-1.));
#1221 = DIRECTION('',(0.861429892178,0.507876501585,0.));
#1222 = PCURVE('',#100,#1223);
#1223 = DEFINITIONAL_REPRESENTATION('',(#1224),#1232);
#1224 = ( BOUNDED_CURVE() B_SPLINE_CURVE(2,(#1225,#1226,#1227,#1228,
#1229,#1230,#1231),.UNSPECIFIED.,.T.,.F.) B_SPLINE_CURVE_WITH_KNOTS((1,2
    ,2,2,2,1),(-2.094395102393,0.,2.094395102393,4.188790204786,
6.28318530718,8.377580409573),.UNSPECIFIED.) CURVE() 
GEOMETRIC_REPRESENTATION_ITEM() RATIONAL_B_SPLINE_CURVE((1.,0.5,1.,0.5,
1.,0.5,1.)) REPRESENTATION_ITEM('') );
#1225 = CARTESIAN_POINT('',(-11.0556734039,38.441801279158));
#1226 = CARTESIAN_POINT('',(6.537684690405,8.600994470938));
#1227 = CARTESIAN_POINT('',(-28.10189112209,8.285102827503));
#1228 = CARTESIAN_POINT('',(-62.74146693458,7.969211184069));
#1229 = CARTESIAN_POINT('',(-45.69524921639,38.125909635724));
#1230 = CARTESIAN_POINT('',(-28.6490314982,68.282608087379));
#1231 = CARTESIAN_POINT('',(-11.0556734039,38.441801279158));
#1232 = ( GEOMETRIC_REPRESENTATION_CONTEXT(2) 
PARAMETRIC_REPRESENTATION_CONTEXT() REPRESENTATION_CONTEXT('2D SPACE',''
  ) );
#1233 = PCURVE('',#370,#1234);
#1234 = DEFINITIONAL_REPRESENTATION('',(#1235),#1239);
#1235 = LINE('',#1236,#1237);
#1236 = CARTESIAN_POINT('',(-4.459708725243,-79.59899526853));
#1237 = VECTOR('',#1238,1.);
#1238 = DIRECTION('',(1.,-0.));
#1239 = ( GEOMETRIC_REPRESENTATION_CONTEXT(2) 
PARAMETRIC_REPRESENTATION_CONTEXT() REPRESENTATION_CONTEXT('2D SPACE',''
  ) );
#1240 = ORIENTED_EDGE('',*,*,#1241,.T.);
#1241 = EDGE_CURVE('',#1214,#1242,#1244,.T.);
#1242 = VERTEX_POINT('',#1243);
#1243 = CARTESIAN_POINT('',(-39.79949748426,4.,10.));
#1244 = SURFACE_CURVE('',#1245,(#1250,#1257),.PCURVE_S1.);
#1245 = CIRCLE('',#1246,40.);
#1246 = AXIS2_PLACEMENT_3D('',#1247,#1248,#1249);
#1247 = CARTESIAN_POINT('',(0.,0.,10.));
#1248 = DIRECTION('',(0.,0.,1.));
#1249 = DIRECTION('',(1.,0.,0.));
#1250 = PCURVE('',#100,#1251);
#1251 = DEFINITIONAL_REPRESENTATION('',(#1252),#1256);
#1252 = CIRCLE('',#1253,40.);
#1253 = AXIS2_PLACEMENT_2D('',#1254,#1255);
#1254 = CARTESIAN_POINT('',(2.187904212063E-15,-2.742946025263E-15));
#1255 = DIRECTION('',(1.,0.));
#1256 = ( GEOMETRIC_REPRESENTATION_CONTEXT(2) 
PARAMETRIC_REPRESENTATION_CONTEXT() REPRESENTATION_CONTEXT('2D SPACE',''
  ) );
#1257 = PCURVE('',#399,#1258);
#1258 = DEFINITIONAL_REPRESENTATION('',(#1259),#1263);
#1259 = LINE('',#1260,#1261);
#1260 = CARTESIAN_POINT('',(-0.,-10.));
#1261 = VECTOR('',#1262,1.);
#1262 = DIRECTION('',(-1.,0.));
#1263 = ( GEOMETRIC_REPRESENTATION_CONTEXT(2) 
PARAMETRIC_REPRESENTATION_CONTEXT() REPRESENTATION_CONTEXT('2D SPACE',''
  ) );
#1264 = ORIENTED_EDGE('',*,*,#1265,.T.);
#1265 = EDGE_CURVE('',#1242,#1266,#1268,.T.);
#1266 = VERTEX_POINT('',#1267);
#1267 = CARTESIAN_POINT('',(-19.,4.,10.));
#1268 = SURFACE_CURVE('',#1269,(#1273,#1279),.PCURVE_S1.);
#1269 = LINE('',#1270,#1271);
#1270 = CARTESIAN_POINT('',(-9.5,4.,10.));
#1271 = VECTOR('',#1272,1.);
#1272 = DIRECTION('',(1.,-1.224646799147E-16,0.));
#1273 = PCURVE('',#100,#1274);
#1274 = DEFINITIONAL_REPRESENTATION('',(#1275),#1278);
#1275 = B_SPLINE_CURVE_WITH_KNOTS('',1,(#1276,#1277),.UNSPECIFIED.,.F.,
  .F.,(2,2),(-30.5,-9.5),.PIECEWISE_BEZIER_KNOTS.);
#1276 = CARTESIAN_POINT('',(-40.,4.));
#1277 = CARTESIAN_POINT('',(-19.,4.));
#1278 = ( GEOMETRIC_REPRESENTATION_CONTEXT(2) 
PARAMETRIC_REPRESENTATION_CONTEXT() REPRESENTATION_CONTEXT('2D SPACE',''
  ) );
#1279 = PCURVE('',#426,#1280);
#1280 = DEFINITIONAL_REPRESENTATION('',(#1281),#1284);
#1281 = B_SPLINE_CURVE_WITH_KNOTS('',1,(#1282,#1283),.UNSPECIFIED.,.F.,
  .F.,(2,2),(-30.5,-9.5),.PIECEWISE_BEZIER_KNOTS.);
#1282 = CARTESIAN_POINT('',(21.,-79.79949778426));
#1283 = CARTESIAN_POINT('',(0.,-79.79949778426));
#1284 = ( GEOMETRIC_REPRESENTATION_CONTEXT(2) 
PARAMETRIC_REPRESENTATION_CONTEXT() REPRESENTATION_CONTEXT('2D SPACE',''
  ) );
#1285 = ORIENTED_EDGE('',*,*,#1286,.T.);
#1286 = EDGE_CURVE('',#1266,#1287,#1289,.T.);
#1287 = VERTEX_POINT('',#1288);
#1288 = CARTESIAN_POINT('',(-19.,-4.,10.));
#1289 = SURFACE_CURVE('',#1290,(#1295,#1306),.PCURVE_S1.);
#1290 = CIRCLE('',#1291,4.);
#1291 = AXIS2_PLACEMENT_3D('',#1292,#1293,#1294);
#1292 = CARTESIAN_POINT('',(-19.,2.32682891838E-15,10.));
#1293 = DIRECTION('',(-0.,0.,-1.));
#1294 = DIRECTION('',(-1.,1.224646799147E-16,0.));
#1295 = PCURVE('',#100,#1296);
#1296 = DEFINITIONAL_REPRESENTATION('',(#1297),#1305);
#1297 = ( BOUNDED_CURVE() B_SPLINE_CURVE(2,(#1298,#1299,#1300,#1301,
#1302,#1303,#1304),.UNSPECIFIED.,.T.,.F.) B_SPLINE_CURVE_WITH_KNOTS((1,2
    ,2,2,2,1),(-2.094395102393,0.,2.094395102393,4.188790204786,
6.28318530718,8.377580409573),.UNSPECIFIED.) CURVE() 
GEOMETRIC_REPRESENTATION_ITEM() RATIONAL_B_SPLINE_CURVE((1.,0.5,1.,0.5,
1.,0.5,1.)) REPRESENTATION_ITEM('') );
#1298 = CARTESIAN_POINT('',(-23.,7.37416127759E-17));
#1299 = CARTESIAN_POINT('',(-23.,6.928203230276));
#1300 = CARTESIAN_POINT('',(-17.,3.464101615138));
#1301 = CARTESIAN_POINT('',(-11.,-4.16117106883E-16));
#1302 = CARTESIAN_POINT('',(-17.,-3.464101615138));
#1303 = CARTESIAN_POINT('',(-23.,-6.928203230276));
#1304 = CARTESIAN_POINT('',(-23.,7.37416127759E-17));
#1305 = ( GEOMETRIC_REPRESENTATION_CONTEXT(2) 
PARAMETRIC_REPRESENTATION_CONTEXT() REPRESENTATION_CONTEXT('2D SPACE',''
  ) );
#1306 = PCURVE('',#454,#1307);
#1307 = DEFINITIONAL_REPRESENTATION('',(#1308),#1312);
#1308 = LINE('',#1309,#1310);
#1309 = CARTESIAN_POINT('',(-6.28318530718,-80.0000002));
#1310 = VECTOR('',#1311,1.);
#1311 = DIRECTION('',(1.,-0.));
#1312 = ( GEOMETRIC_REPRESENTATION_CONTEXT(2) 
PARAMETRIC_REPRESENTATION_CONTEXT() REPRESENTATION_CONTEXT('2D SPACE',''
  ) );
#1313 = ORIENTED_EDGE('',*,*,#1314,.T.);
#1314 = EDGE_CURVE('',#1287,#1315,#1317,.T.);
#1315 = VERTEX_POINT('',#1316);
#1316 = CARTESIAN_POINT('',(-39.79949748426,-4.,10.));
#1317 = SURFACE_CURVE('',#1318,(#1322,#1328),.PCURVE_S1.);
#1318 = LINE('',#1319,#1320);
#1319 = CARTESIAN_POINT('',(-22.5,-4.,10.));
#1320 = VECTOR('',#1321,1.);
#1321 = DIRECTION('',(-1.,1.224646799147E-16,0.));
#1322 = PCURVE('',#100,#1323);
#1323 = DEFINITIONAL_REPRESENTATION('',(#1324),#1327);
#1324 = B_SPLINE_CURVE_WITH_KNOTS('',1,(#1325,#1326),.UNSPECIFIED.,.F.,
  .F.,(2,2),(-3.5,17.5),.PIECEWISE_BEZIER_KNOTS.);
#1325 = CARTESIAN_POINT('',(-19.,-4.));
#1326 = CARTESIAN_POINT('',(-40.,-4.));
#1327 = ( GEOMETRIC_REPRESENTATION_CONTEXT(2) 
PARAMETRIC_REPRESENTATION_CONTEXT() REPRESENTATION_CONTEXT('2D SPACE',''
  ) );
#1328 = PCURVE('',#481,#1329);
#1329 = DEFINITIONAL_REPRESENTATION('',(#1330),#1333);
#1330 = B_SPLINE_CURVE_WITH_KNOTS('',1,(#1331,#1332),.UNSPECIFIED.,.F.,
  .F.,(2,2),(-3.5,17.5),.PIECEWISE_BEZIER_KNOTS.);
#1331 = CARTESIAN_POINT('',(26.,-79.79949778426));
#1332 = CARTESIAN_POINT('',(5.,-79.79949778426));
#1333 = ( GEOMETRIC_REPRESENTATION_CONTEXT(2) 
PARAMETRIC_REPRESENTATION_CONTEXT() REPRESENTATION_CONTEXT('2D SPACE',''
  ) );
#1334 = ORIENTED_EDGE('',*,*,#1335,.T.);
#1335 = EDGE_CURVE('',#1315,#1336,#1338,.T.);
#1336 = VERTEX_POINT('',#1337);
#1337 = CARTESIAN_POINT('',(-38.44180127915,-11.0556734039,10.));
#1338 = SURFACE_CURVE('',#1339,(#1344,#1351),.PCURVE_S1.);
#1339 = CIRCLE('',#1340,40.);
#1340 = AXIS2_PLACEMENT_3D('',#1341,#1342,#1343);
#1341 = CARTESIAN_POINT('',(0.,0.,10.));
#1342 = DIRECTION('',(0.,0.,1.));
#1343 = DIRECTION('',(1.,0.,0.));
#1344 = PCURVE('',#100,#1345);
#1345 = DEFINITIONAL_REPRESENTATION('',(#1346),#1350);
#1346 = CIRCLE('',#1347,40.);
#1347 = AXIS2_PLACEMENT_2D('',#1348,#1349);
#1348 = CARTESIAN_POINT('',(2.187904212063E-15,-2.742946025263E-15));
#1349 = DIRECTION('',(1.,0.));
#1350 = ( GEOMETRIC_REPRESENTATION_CONTEXT(2) 
PARAMETRIC_REPRESENTATION_CONTEXT() REPRESENTATION_CONTEXT('2D SPACE',''
  ) );
#1351 = PCURVE('',#509,#1352);
#1352 = DEFINITIONAL_REPRESENTATION('',(#1353),#1357);
#1353 = LINE('',#1354,#1355);
#1354 = CARTESIAN_POINT('',(-0.,-10.));
#1355 = VECTOR('',#1356,1.);
#1356 = DIRECTION('',(-1.,0.));
#1357 = ( GEOMETRIC_REPRESENTATION_CONTEXT(2) 
PARAMETRIC_REPRESENTATION_CONTEXT() REPRESENTATION_CONTEXT('2D SPACE',''
  ) );
#1358 = ORIENTED_EDGE('',*,*,#1359,.T.);
#1359 = EDGE_CURVE('',#1336,#854,#1360,.T.);
#1360 = SURFACE_CURVE('',#1361,(#1366,#1377),.PCURVE_S1.);
#1361 = CIRCLE('',#1362,20.);
#1362 = AXIS2_PLACEMENT_3D('',#1363,#1364,#1365);
#1363 = CARTESIAN_POINT('',(-28.28427124746,-28.28427124746,10.));
#1364 = DIRECTION('',(0.,0.,-1.));
#1365 = DIRECTION('',(-0.507876501585,0.861429892178,0.));
#1366 = PCURVE('',#100,#1367);
#1367 = DEFINITIONAL_REPRESENTATION('',(#1368),#1376);
#1368 = ( BOUNDED_CURVE() B_SPLINE_CURVE(2,(#1369,#1370,#1371,#1372,
#1373,#1374,#1375),.UNSPECIFIED.,.T.,.F.) B_SPLINE_CURVE_WITH_KNOTS((1,2
    ,2,2,2,1),(-2.094395102393,0.,2.094395102393,4.188790204786,
6.28318530718,8.377580409573),.UNSPECIFIED.) CURVE() 
GEOMETRIC_REPRESENTATION_ITEM() RATIONAL_B_SPLINE_CURVE((1.,0.5,1.,0.5,
1.,0.5,1.)) REPRESENTATION_ITEM('') );
#1369 = CARTESIAN_POINT('',(-38.44180127915,-11.0556734039));
#1370 = CARTESIAN_POINT('',(-8.600994470938,6.537684690405));
#1371 = CARTESIAN_POINT('',(-8.285102827503,-28.10189112209));
#1372 = CARTESIAN_POINT('',(-7.969211184069,-62.74146693458));
#1373 = CARTESIAN_POINT('',(-38.12590963572,-45.69524921639));
#1374 = CARTESIAN_POINT('',(-68.28260808737,-28.6490314982));
#1375 = CARTESIAN_POINT('',(-38.44180127915,-11.0556734039));
#1376 = ( GEOMETRIC_REPRESENTATION_CONTEXT(2) 
PARAMETRIC_REPRESENTATION_CONTEXT() REPRESENTATION_CONTEXT('2D SPACE',''
  ) );
#1377 = PCURVE('',#538,#1378);
#1378 = DEFINITIONAL_REPRESENTATION('',(#1379),#1383);
#1379 = LINE('',#1380,#1381);
#1380 = CARTESIAN_POINT('',(-4.459708725243,-79.59899526853));
#1381 = VECTOR('',#1382,1.);
#1382 = DIRECTION('',(1.,-0.));
#1383 = ( GEOMETRIC_REPRESENTATION_CONTEXT(2) 
PARAMETRIC_REPRESENTATION_CONTEXT() REPRESENTATION_CONTEXT('2D SPACE',''
  ) );
#1384 = FACE_BOUND('',#1385,.T.);
#1385 = EDGE_LOOP('',(#1386));
#1386 = ORIENTED_EDGE('',*,*,#1387,.T.);
#1387 = EDGE_CURVE('',#1388,#1388,#1390,.T.);
#1388 = VERTEX_POINT('',#1389);
#1389 = CARTESIAN_POINT('',(5.,0.,10.));
#1390 = SURFACE_CURVE('',#1391,(#1396,#1407),.PCURVE_S1.);
#1391 = CIRCLE('',#1392,5.);
#1392 = AXIS2_PLACEMENT_3D('',#1393,#1394,#1395);
#1393 = CARTESIAN_POINT('',(0.,0.,10.));
#1394 = DIRECTION('',(0.,0.,-1.));
#1395 = DIRECTION('',(1.,0.,0.));
#1396 = PCURVE('',#100,#1397);
#1397 = DEFINITIONAL_REPRESENTATION('',(#1398),#1406);
#1398 = ( BOUNDED_CURVE() B_SPLINE_CURVE(2,(#1399,#1400,#1401,#1402,
#1403,#1404,#1405),.UNSPECIFIED.,.T.,.F.) B_SPLINE_CURVE_WITH_KNOTS((1,2
    ,2,2,2,1),(-2.094395102393,0.,2.094395102393,4.188790204786,
6.28318530718,8.377580409573),.UNSPECIFIED.) CURVE() 
GEOMETRIC_REPRESENTATION_ITEM() RATIONAL_B_SPLINE_CURVE((1.,0.5,1.,0.5,
1.,0.5,1.)) REPRESENTATION_ITEM('') );
#1399 = CARTESIAN_POINT('',(5.,-2.742946025263E-15));
#1400 = CARTESIAN_POINT('',(5.,-8.660254037844));
#1401 = CARTESIAN_POINT('',(-2.5,-4.330127018922));
#1402 = CARTESIAN_POINT('',(-10.,-3.96759282441E-15));
#1403 = CARTESIAN_POINT('',(-2.5,4.330127018922));
#1404 = CARTESIAN_POINT('',(5.,8.660254037844));
#1405 = CARTESIAN_POINT('',(5.,-2.742946025263E-15));
#1406 = ( GEOMETRIC_REPRESENTATION_CONTEXT(2) 
PARAMETRIC_REPRESENTATION_CONTEXT() REPRESENTATION_CONTEXT('2D SPACE',''
  ) );
#1407 = PCURVE('',#790,#1408);
#1408 = DEFINITIONAL_REPRESENTATION('',(#1409),#1413);
#1409 = LINE('',#1410,#1411);
#1410 = CARTESIAN_POINT('',(-6.28318530718,-80.0000002));
#1411 = VECTOR('',#1412,1.);
#1412 = DIRECTION('',(1.,-0.));
#1413 = ( GEOMETRIC_REPRESENTATION_CONTEXT(2) 
PARAMETRIC_REPRESENTATION_CONTEXT() REPRESENTATION_CONTEXT('2D SPACE',''
  ) );
#1414 = ADVANCED_FACE('',(#1415),#72,.T.);
#1415 = FACE_BOUND('',#1416,.T.);
#1416 = EDGE_LOOP('',(#1417,#1438,#1439,#1440));
#1417 = ORIENTED_EDGE('',*,*,#1418,.F.);
#1418 = EDGE_CURVE('',#140,#1047,#1419,.T.);
#1419 = SURFACE_CURVE('',#1420,(#1424,#1431),.PCURVE_S1.);
#1420 = LINE('',#1421,#1422);
#1421 = CARTESIAN_POINT('',(19.,4.,-70.0000002));
#1422 = VECTOR('',#1423,1.);
#1423 = DIRECTION('',(0.,0.,1.));
#1424 = PCURVE('',#72,#1425);
#1425 = DEFINITIONAL_REPRESENTATION('',(#1426),#1430);
#1426 = LINE('',#1427,#1428);
#1427 = CARTESIAN_POINT('',(26.,0.));
#1428 = VECTOR('',#1429,1.);
#1429 = DIRECTION('',(0.,-1.));
#1430 = ( GEOMETRIC_REPRESENTATION_CONTEXT(2) 
PARAMETRIC_REPRESENTATION_CONTEXT() REPRESENTATION_CONTEXT('2D SPACE',''
  ) );
#1431 = PCURVE('',#158,#1432);
#1432 = DEFINITIONAL_REPRESENTATION('',(#1433),#1437);
#1433 = LINE('',#1434,#1435);
#1434 = CARTESIAN_POINT('',(-1.570796326795,0.));
#1435 = VECTOR('',#1436,1.);
#1436 = DIRECTION('',(-0.,-1.));
#1437 = ( GEOMETRIC_REPRESENTATION_CONTEXT(2) 
PARAMETRIC_REPRESENTATION_CONTEXT() REPRESENTATION_CONTEXT('2D SPACE',''
  ) );
#1438 = ORIENTED_EDGE('',*,*,#170,.T.);
#1439 = ORIENTED_EDGE('',*,*,#57,.F.);
#1440 = ORIENTED_EDGE('',*,*,#1074,.F.);
#1441 = ADVANCED_FACE('',(#1442),#158,.F.);
#1442 = FACE_BOUND('',#1443,.T.);
#1443 = EDGE_LOOP('',(#1444,#1445,#1446,#1447));
#1444 = ORIENTED_EDGE('',*,*,#139,.F.);
#1445 = ORIENTED_EDGE('',*,*,#1418,.T.);
#1446 = ORIENTED_EDGE('',*,*,#1046,.F.);
#1447 = ORIENTED_EDGE('',*,*,#1448,.F.);
#1448 = EDGE_CURVE('',#142,#1026,#1449,.T.);
#1449 = SURFACE_CURVE('',#1450,(#1454,#1461),.PCURVE_S1.);
#1450 = LINE('',#1451,#1452);
#1451 = CARTESIAN_POINT('',(19.,-4.,-70.0000002));
#1452 = VECTOR('',#1453,1.);
#1453 = DIRECTION('',(0.,0.,1.));
#1454 = PCURVE('',#158,#1455);
#1455 = DEFINITIONAL_REPRESENTATION('',(#1456),#1460);
#1456 = LINE('',#1457,#1458);
#1457 = CARTESIAN_POINT('',(-4.712388980385,0.));
#1458 = VECTOR('',#1459,1.);
#1459 = DIRECTION('',(-0.,-1.));
#1460 = ( GEOMETRIC_REPRESENTATION_CONTEXT(2) 
PARAMETRIC_REPRESENTATION_CONTEXT() REPRESENTATION_CONTEXT('2D SPACE',''
  ) );
#1461 = PCURVE('',#760,#1462);
#1462 = DEFINITIONAL_REPRESENTATION('',(#1463),#1467);
#1463 = LINE('',#1464,#1465);
#1464 = CARTESIAN_POINT('',(0.,0.));
#1465 = VECTOR('',#1466,1.);
#1466 = DIRECTION('',(0.,-1.));
#1467 = ( GEOMETRIC_REPRESENTATION_CONTEXT(2) 
PARAMETRIC_REPRESENTATION_CONTEXT() REPRESENTATION_CONTEXT('2D SPACE',''
  ) );
#1468 = ADVANCED_FACE('',(#1469),#760,.T.);
#1469 = FACE_BOUND('',#1470,.T.);
#1470 = EDGE_LOOP('',(#1471,#1472,#1473,#1474));
#1471 = ORIENTED_EDGE('',*,*,#747,.T.);
#1472 = ORIENTED_EDGE('',*,*,#1448,.T.);
#1473 = ORIENTED_EDGE('',*,*,#1025,.F.);
#1474 = ORIENTED_EDGE('',*,*,#1475,.T.);
#1475 = EDGE_CURVE('',#1002,#719,#1476,.T.);
#1476 = SURFACE_CURVE('',#1477,(#1481,#1487),.PCURVE_S1.);
#1477 = LINE('',#1478,#1479);
#1478 = CARTESIAN_POINT('',(39.799497484265,-4.,0.));
#1479 = VECTOR('',#1480,1.);
#1480 = DIRECTION('',(-0.,-0.,-1.));
#1481 = PCURVE('',#760,#1482);
#1482 = DEFINITIONAL_REPRESENTATION('',(#1483),#1486);
#1483 = B_SPLINE_CURVE_WITH_KNOTS('',1,(#1484,#1485),.UNSPECIFIED.,.F.,
  .F.,(2,2),(-10.0000006,6.E-07),.PIECEWISE_BEZIER_KNOTS.);
#1484 = CARTESIAN_POINT('',(20.799497484265,-80.0000008));
#1485 = CARTESIAN_POINT('',(20.799497484265,-69.9999996));
#1486 = ( GEOMETRIC_REPRESENTATION_CONTEXT(2) 
PARAMETRIC_REPRESENTATION_CONTEXT() REPRESENTATION_CONTEXT('2D SPACE',''
  ) );
#1487 = PCURVE('',#735,#1488);
#1488 = DEFINITIONAL_REPRESENTATION('',(#1489),#1492);
#1489 = B_SPLINE_CURVE_WITH_KNOTS('',1,(#1490,#1491),.UNSPECIFIED.,.F.,
  .F.,(2,2),(-10.0000006,6.E-07),.PIECEWISE_BEZIER_KNOTS.);
#1490 = CARTESIAN_POINT('',(-6.183017886018,-10.0000006));
#1491 = CARTESIAN_POINT('',(-6.183017886018,6.E-07));
#1492 = ( GEOMETRIC_REPRESENTATION_CONTEXT(2) 
PARAMETRIC_REPRESENTATION_CONTEXT() REPRESENTATION_CONTEXT('2D SPACE',''
  ) );
#1493 = ADVANCED_FACE('',(#1494),#735,.T.);
#1494 = FACE_BOUND('',#1495,.F.);
#1495 = EDGE_LOOP('',(#1496,#1497,#1516,#1517));
#1496 = ORIENTED_EDGE('',*,*,#718,.F.);
#1497 = ORIENTED_EDGE('',*,*,#1498,.F.);
#1498 = EDGE_CURVE('',#974,#690,#1499,.T.);
#1499 = SURFACE_CURVE('',#1500,(#1504,#1510),.PCURVE_S1.);
#1500 = LINE('',#1501,#1502);
#1501 = CARTESIAN_POINT('',(38.441801279158,-11.0556734039,0.));
#1502 = VECTOR('',#1503,1.);
#1503 = DIRECTION('',(-0.,-0.,-1.));
#1504 = PCURVE('',#735,#1505);
#1505 = DEFINITIONAL_REPRESENTATION('',(#1506),#1509);
#1506 = B_SPLINE_CURVE_WITH_KNOTS('',1,(#1507,#1508),.UNSPECIFIED.,.F.,
  .F.,(2,2),(-10.0000006,6.E-07),.PIECEWISE_BEZIER_KNOTS.);
#1507 = CARTESIAN_POINT('',(-6.003147654066,-10.0000006));
#1508 = CARTESIAN_POINT('',(-6.003147654066,6.E-07));
#1509 = ( GEOMETRIC_REPRESENTATION_CONTEXT(2) 
PARAMETRIC_REPRESENTATION_CONTEXT() REPRESENTATION_CONTEXT('2D SPACE',''
  ) );
#1510 = PCURVE('',#706,#1511);
#1511 = DEFINITIONAL_REPRESENTATION('',(#1512),#1515);
#1512 = B_SPLINE_CURVE_WITH_KNOTS('',1,(#1513,#1514),.UNSPECIFIED.,.F.,
  .F.,(2,2),(-10.0000006,6.E-07),.PIECEWISE_BEZIER_KNOTS.);
#1513 = CARTESIAN_POINT('',(-1.823476581937,-79.59899586853));
#1514 = CARTESIAN_POINT('',(-1.823476581937,-69.59899466853));
#1515 = ( GEOMETRIC_REPRESENTATION_CONTEXT(2) 
PARAMETRIC_REPRESENTATION_CONTEXT() REPRESENTATION_CONTEXT('2D SPACE',''
  ) );
#1516 = ORIENTED_EDGE('',*,*,#1001,.T.);
#1517 = ORIENTED_EDGE('',*,*,#1475,.T.);
#1518 = ADVANCED_FACE('',(#1519),#706,.F.);
#1519 = FACE_BOUND('',#1520,.T.);
#1520 = EDGE_LOOP('',(#1521,#1522,#1541,#1542));
#1521 = ORIENTED_EDGE('',*,*,#973,.F.);
#1522 = ORIENTED_EDGE('',*,*,#1523,.T.);
#1523 = EDGE_CURVE('',#950,#661,#1524,.T.);
#1524 = SURFACE_CURVE('',#1525,(#1529,#1535),.PCURVE_S1.);
#1525 = LINE('',#1526,#1527);
#1526 = CARTESIAN_POINT('',(11.0556734039,-38.44180127915,0.));
#1527 = VECTOR('',#1528,1.);
#1528 = DIRECTION('',(-0.,-0.,-1.));
#1529 = PCURVE('',#706,#1530);
#1530 = DEFINITIONAL_REPRESENTATION('',(#1531),#1534);
#1531 = B_SPLINE_CURVE_WITH_KNOTS('',1,(#1532,#1533),.UNSPECIFIED.,.F.,
  .F.,(2,2),(-10.0000006,6.E-07),.PIECEWISE_BEZIER_KNOTS.);
#1532 = CARTESIAN_POINT('',(-4.459708725243,-79.59899586853));
#1533 = CARTESIAN_POINT('',(-4.459708725243,-69.59899466853));
#1534 = ( GEOMETRIC_REPRESENTATION_CONTEXT(2) 
PARAMETRIC_REPRESENTATION_CONTEXT() REPRESENTATION_CONTEXT('2D SPACE',''
  ) );
#1535 = PCURVE('',#677,#1536);
#1536 = DEFINITIONAL_REPRESENTATION('',(#1537),#1540);
#1537 = B_SPLINE_CURVE_WITH_KNOTS('',1,(#1538,#1539),.UNSPECIFIED.,.F.,
  .F.,(2,2),(-10.0000006,6.E-07),.PIECEWISE_BEZIER_KNOTS.);
#1538 = CARTESIAN_POINT('',(-4.992426633498,-10.0000006));
#1539 = CARTESIAN_POINT('',(-4.992426633498,6.E-07));
#1540 = ( GEOMETRIC_REPRESENTATION_CONTEXT(2) 
PARAMETRIC_REPRESENTATION_CONTEXT() REPRESENTATION_CONTEXT('2D SPACE',''
  ) );
#1541 = ORIENTED_EDGE('',*,*,#689,.F.);
#1542 = ORIENTED_EDGE('',*,*,#1498,.F.);
#1543 = ADVANCED_FACE('',(#1544),#677,.T.);
#1544 = FACE_BOUND('',#1545,.F.);
#1545 = EDGE_LOOP('',(#1546,#1547,#1566,#1567));
#1546 = ORIENTED_EDGE('',*,*,#660,.F.);
#1547 = ORIENTED_EDGE('',*,*,#1548,.F.);
#1548 = EDGE_CURVE('',#929,#635,#1549,.T.);
#1549 = SURFACE_CURVE('',#1550,(#1554,#1560),.PCURVE_S1.);
#1550 = LINE('',#1551,#1552);
#1551 = CARTESIAN_POINT('',(4.,-39.79949748426,0.));
#1552 = VECTOR('',#1553,1.);
#1553 = DIRECTION('',(-0.,-0.,-1.));
#1554 = PCURVE('',#677,#1555);
#1555 = DEFINITIONAL_REPRESENTATION('',(#1556),#1559);
#1556 = B_SPLINE_CURVE_WITH_KNOTS('',1,(#1557,#1558),.UNSPECIFIED.,.F.,
  .F.,(2,2),(-10.0000006,6.E-07),.PIECEWISE_BEZIER_KNOTS.);
#1557 = CARTESIAN_POINT('',(-4.812556401546,-10.0000006));
#1558 = CARTESIAN_POINT('',(-4.812556401546,6.E-07));
#1559 = ( GEOMETRIC_REPRESENTATION_CONTEXT(2) 
PARAMETRIC_REPRESENTATION_CONTEXT() REPRESENTATION_CONTEXT('2D SPACE',''
  ) );
#1560 = PCURVE('',#649,#1561);
#1561 = DEFINITIONAL_REPRESENTATION('',(#1562),#1565);
#1562 = B_SPLINE_CURVE_WITH_KNOTS('',1,(#1563,#1564),.UNSPECIFIED.,.F.,
  .F.,(2,2),(-10.0000006,6.E-07),.PIECEWISE_BEZIER_KNOTS.);
#1563 = CARTESIAN_POINT('',(5.200502515735,-79.79949838426));
#1564 = CARTESIAN_POINT('',(5.200502515735,-69.79949718426));
#1565 = ( GEOMETRIC_REPRESENTATION_CONTEXT(2) 
PARAMETRIC_REPRESENTATION_CONTEXT() REPRESENTATION_CONTEXT('2D SPACE',''
  ) );
#1566 = ORIENTED_EDGE('',*,*,#949,.T.);
#1567 = ORIENTED_EDGE('',*,*,#1523,.T.);
#1568 = ADVANCED_FACE('',(#1569),#649,.T.);
#1569 = FACE_BOUND('',#1570,.T.);
#1570 = EDGE_LOOP('',(#1571,#1592,#1593,#1594));
#1571 = ORIENTED_EDGE('',*,*,#1572,.F.);
#1572 = EDGE_CURVE('',#606,#901,#1573,.T.);
#1573 = SURFACE_CURVE('',#1574,(#1578,#1585),.PCURVE_S1.);
#1574 = LINE('',#1575,#1576);
#1575 = CARTESIAN_POINT('',(4.,-19.,-69.79949778426));
#1576 = VECTOR('',#1577,1.);
#1577 = DIRECTION('',(0.,0.,1.));
#1578 = PCURVE('',#649,#1579);
#1579 = DEFINITIONAL_REPRESENTATION('',(#1580),#1584);
#1580 = LINE('',#1581,#1582);
#1581 = CARTESIAN_POINT('',(26.,0.));
#1582 = VECTOR('',#1583,1.);
#1583 = DIRECTION('',(0.,-1.));
#1584 = ( GEOMETRIC_REPRESENTATION_CONTEXT(2) 
PARAMETRIC_REPRESENTATION_CONTEXT() REPRESENTATION_CONTEXT('2D SPACE',''
  ) );
#1585 = PCURVE('',#622,#1586);
#1586 = DEFINITIONAL_REPRESENTATION('',(#1587),#1591);
#1587 = LINE('',#1588,#1589);
#1588 = CARTESIAN_POINT('',(-1.570796326795,-0.200502415735));
#1589 = VECTOR('',#1590,1.);
#1590 = DIRECTION('',(-0.,-1.));
#1591 = ( GEOMETRIC_REPRESENTATION_CONTEXT(2) 
PARAMETRIC_REPRESENTATION_CONTEXT() REPRESENTATION_CONTEXT('2D SPACE',''
  ) );
#1592 = ORIENTED_EDGE('',*,*,#634,.T.);
#1593 = ORIENTED_EDGE('',*,*,#1548,.F.);
#1594 = ORIENTED_EDGE('',*,*,#928,.F.);
#1595 = ADVANCED_FACE('',(#1596),#622,.F.);
#1596 = FACE_BOUND('',#1597,.T.);
#1597 = EDGE_LOOP('',(#1598,#1599,#1600,#1601));
#1598 = ORIENTED_EDGE('',*,*,#605,.F.);
#1599 = ORIENTED_EDGE('',*,*,#1572,.T.);
#1600 = ORIENTED_EDGE('',*,*,#900,.F.);
#1601 = ORIENTED_EDGE('',*,*,#1602,.F.);
#1602 = EDGE_CURVE('',#580,#880,#1603,.T.);
#1603 = SURFACE_CURVE('',#1604,(#1608,#1615),.PCURVE_S1.);
#1604 = LINE('',#1605,#1606);
#1605 = CARTESIAN_POINT('',(-4.,-19.,-69.79949778426));
#1606 = VECTOR('',#1607,1.);
#1607 = DIRECTION('',(0.,0.,1.));
#1608 = PCURVE('',#622,#1609);
#1609 = DEFINITIONAL_REPRESENTATION('',(#1610),#1614);
#1610 = LINE('',#1611,#1612);
#1611 = CARTESIAN_POINT('',(-4.712388980385,-0.200502415735));
#1612 = VECTOR('',#1613,1.);
#1613 = DIRECTION('',(-0.,-1.));
#1614 = ( GEOMETRIC_REPRESENTATION_CONTEXT(2) 
PARAMETRIC_REPRESENTATION_CONTEXT() REPRESENTATION_CONTEXT('2D SPACE',''
  ) );
#1615 = PCURVE('',#594,#1616);
#1616 = DEFINITIONAL_REPRESENTATION('',(#1617),#1621);
#1617 = LINE('',#1618,#1619);
#1618 = CARTESIAN_POINT('',(0.,0.));
#1619 = VECTOR('',#1620,1.);
#1620 = DIRECTION('',(0.,-1.));
#1621 = ( GEOMETRIC_REPRESENTATION_CONTEXT(2) 
PARAMETRIC_REPRESENTATION_CONTEXT() REPRESENTATION_CONTEXT('2D SPACE',''
  ) );
#1622 = ADVANCED_FACE('',(#1623),#594,.T.);
#1623 = FACE_BOUND('',#1624,.T.);
#1624 = EDGE_LOOP('',(#1625,#1626,#1627,#1628));
#1625 = ORIENTED_EDGE('',*,*,#579,.T.);
#1626 = ORIENTED_EDGE('',*,*,#1602,.T.);
#1627 = ORIENTED_EDGE('',*,*,#879,.F.);
#1628 = ORIENTED_EDGE('',*,*,#1629,.T.);
#1629 = EDGE_CURVE('',#856,#551,#1630,.T.);
#1630 = SURFACE_CURVE('',#1631,(#1635,#1641),.PCURVE_S1.);
#1631 = LINE('',#1632,#1633);
#1632 = CARTESIAN_POINT('',(-4.,-39.79949748426,0.));
#1633 = VECTOR('',#1634,1.);
#1634 = DIRECTION('',(-0.,-0.,-1.));
#1635 = PCURVE('',#594,#1636);
#1636 = DEFINITIONAL_REPRESENTATION('',(#1637),#1640);
#1637 = B_SPLINE_CURVE_WITH_KNOTS('',1,(#1638,#1639),.UNSPECIFIED.,.F.,
  .F.,(2,2),(-10.0000006,6.E-07),.PIECEWISE_BEZIER_KNOTS.);
#1638 = CARTESIAN_POINT('',(20.799497484265,-79.79949838426));
#1639 = CARTESIAN_POINT('',(20.799497484265,-69.79949718426));
#1640 = ( GEOMETRIC_REPRESENTATION_CONTEXT(2) 
PARAMETRIC_REPRESENTATION_CONTEXT() REPRESENTATION_CONTEXT('2D SPACE',''
  ) );
#1641 = PCURVE('',#567,#1642);
#1642 = DEFINITIONAL_REPRESENTATION('',(#1643),#1646);
#1643 = B_SPLINE_CURVE_WITH_KNOTS('',1,(#1644,#1645),.UNSPECIFIED.,.F.,
  .F.,(2,2),(-10.0000006,6.E-07),.PIECEWISE_BEZIER_KNOTS.);
#1644 = CARTESIAN_POINT('',(-4.612221559223,-10.0000006));
#1645 = CARTESIAN_POINT('',(-4.612221559223,6.E-07));
#1646 = ( GEOMETRIC_REPRESENTATION_CONTEXT(2) 
PARAMETRIC_REPRESENTATION_CONTEXT() REPRESENTATION_CONTEXT('2D SPACE',''
  ) );
#1647 = ADVANCED_FACE('',(#1648),#567,.T.);
#1648 = FACE_BOUND('',#1649,.F.);
#1649 = EDGE_LOOP('',(#1650,#1651,#1670,#1671));
#1650 = ORIENTED_EDGE('',*,*,#550,.F.);
#1651 = ORIENTED_EDGE('',*,*,#1652,.F.);
#1652 = EDGE_CURVE('',#854,#522,#1653,.T.);
#1653 = SURFACE_CURVE('',#1654,(#1658,#1664),.PCURVE_S1.);
#1654 = LINE('',#1655,#1656);
#1655 = CARTESIAN_POINT('',(-11.0556734039,-38.44180127915,0.));
#1656 = VECTOR('',#1657,1.);
#1657 = DIRECTION('',(-0.,-0.,-1.));
#1658 = PCURVE('',#567,#1659);
#1659 = DEFINITIONAL_REPRESENTATION('',(#1660),#1663);
#1660 = B_SPLINE_CURVE_WITH_KNOTS('',1,(#1661,#1662),.UNSPECIFIED.,.F.,
  .F.,(2,2),(-10.0000006,6.E-07),.PIECEWISE_BEZIER_KNOTS.);
#1661 = CARTESIAN_POINT('',(-4.432351327271,-10.0000006));
#1662 = CARTESIAN_POINT('',(-4.432351327271,6.E-07));
#1663 = ( GEOMETRIC_REPRESENTATION_CONTEXT(2) 
PARAMETRIC_REPRESENTATION_CONTEXT() REPRESENTATION_CONTEXT('2D SPACE',''
  ) );
#1664 = PCURVE('',#538,#1665);
#1665 = DEFINITIONAL_REPRESENTATION('',(#1666),#1669);
#1666 = B_SPLINE_CURVE_WITH_KNOTS('',1,(#1667,#1668),.UNSPECIFIED.,.F.,
  .F.,(2,2),(-10.0000006,6.E-07),.PIECEWISE_BEZIER_KNOTS.);
#1667 = CARTESIAN_POINT('',(-1.823476581937,-79.59899586853));
#1668 = CARTESIAN_POINT('',(-1.823476581937,-69.59899466853));
#1669 = ( GEOMETRIC_REPRESENTATION_CONTEXT(2) 
PARAMETRIC_REPRESENTATION_CONTEXT() REPRESENTATION_CONTEXT('2D SPACE',''
  ) );
#1670 = ORIENTED_EDGE('',*,*,#853,.T.);
#1671 = ORIENTED_EDGE('',*,*,#1629,.T.);
#1672 = ADVANCED_FACE('',(#1673),#538,.F.);
#1673 = FACE_BOUND('',#1674,.T.);
#1674 = EDGE_LOOP('',(#1675,#1676,#1695,#1696));
#1675 = ORIENTED_EDGE('',*,*,#1359,.F.);
#1676 = ORIENTED_EDGE('',*,*,#1677,.T.);
#1677 = EDGE_CURVE('',#1336,#493,#1678,.T.);
#1678 = SURFACE_CURVE('',#1679,(#1683,#1689),.PCURVE_S1.);
#1679 = LINE('',#1680,#1681);
#1680 = CARTESIAN_POINT('',(-38.44180127915,-11.0556734039,0.));
#1681 = VECTOR('',#1682,1.);
#1682 = DIRECTION('',(-0.,-0.,-1.));
#1683 = PCURVE('',#538,#1684);
#1684 = DEFINITIONAL_REPRESENTATION('',(#1685),#1688);
#1685 = B_SPLINE_CURVE_WITH_KNOTS('',1,(#1686,#1687),.UNSPECIFIED.,.F.,
  .F.,(2,2),(-10.0000006,6.E-07),.PIECEWISE_BEZIER_KNOTS.);
#1686 = CARTESIAN_POINT('',(-4.459708725243,-79.59899586853));
#1687 = CARTESIAN_POINT('',(-4.459708725243,-69.59899466853));
#1688 = ( GEOMETRIC_REPRESENTATION_CONTEXT(2) 
PARAMETRIC_REPRESENTATION_CONTEXT() REPRESENTATION_CONTEXT('2D SPACE',''
  ) );
#1689 = PCURVE('',#509,#1690);
#1690 = DEFINITIONAL_REPRESENTATION('',(#1691),#1694);
#1691 = B_SPLINE_CURVE_WITH_KNOTS('',1,(#1692,#1693),.UNSPECIFIED.,.F.,
  .F.,(2,2),(-10.0000006,6.E-07),.PIECEWISE_BEZIER_KNOTS.);
#1692 = CARTESIAN_POINT('',(-3.421630306703,-10.0000006));
#1693 = CARTESIAN_POINT('',(-3.421630306703,6.E-07));
#1694 = ( GEOMETRIC_REPRESENTATION_CONTEXT(2) 
PARAMETRIC_REPRESENTATION_CONTEXT() REPRESENTATION_CONTEXT('2D SPACE',''
  ) );
#1695 = ORIENTED_EDGE('',*,*,#521,.F.);
#1696 = ORIENTED_EDGE('',*,*,#1652,.F.);
#1697 = ADVANCED_FACE('',(#1698),#509,.T.);
#1698 = FACE_BOUND('',#1699,.F.);
#1699 = EDGE_LOOP('',(#1700,#1701,#1720,#1721));
#1700 = ORIENTED_EDGE('',*,*,#492,.F.);
#1701 = ORIENTED_EDGE('',*,*,#1702,.F.);
#1702 = EDGE_CURVE('',#1315,#467,#1703,.T.);
#1703 = SURFACE_CURVE('',#1704,(#1708,#1714),.PCURVE_S1.);
#1704 = LINE('',#1705,#1706);
#1705 = CARTESIAN_POINT('',(-39.79949748426,-4.,0.));
#1706 = VECTOR('',#1707,1.);
#1707 = DIRECTION('',(-0.,-0.,-1.));
#1708 = PCURVE('',#509,#1709);
#1709 = DEFINITIONAL_REPRESENTATION('',(#1710),#1713);
#1710 = B_SPLINE_CURVE_WITH_KNOTS('',1,(#1711,#1712),.UNSPECIFIED.,.F.,
  .F.,(2,2),(-10.0000006,6.E-07),.PIECEWISE_BEZIER_KNOTS.);
#1711 = CARTESIAN_POINT('',(-3.241760074751,-10.0000006));
#1712 = CARTESIAN_POINT('',(-3.241760074751,6.E-07));
#1713 = ( GEOMETRIC_REPRESENTATION_CONTEXT(2) 
PARAMETRIC_REPRESENTATION_CONTEXT() REPRESENTATION_CONTEXT('2D SPACE',''
  ) );
#1714 = PCURVE('',#481,#1715);
#1715 = DEFINITIONAL_REPRESENTATION('',(#1716),#1719);
#1716 = B_SPLINE_CURVE_WITH_KNOTS('',1,(#1717,#1718),.UNSPECIFIED.,.F.,
  .F.,(2,2),(-10.0000006,6.E-07),.PIECEWISE_BEZIER_KNOTS.);
#1717 = CARTESIAN_POINT('',(5.200502515735,-79.79949838426));
#1718 = CARTESIAN_POINT('',(5.200502515735,-69.79949718426));
#1719 = ( GEOMETRIC_REPRESENTATION_CONTEXT(2) 
PARAMETRIC_REPRESENTATION_CONTEXT() REPRESENTATION_CONTEXT('2D SPACE',''
  ) );
#1720 = ORIENTED_EDGE('',*,*,#1335,.T.);
#1721 = ORIENTED_EDGE('',*,*,#1677,.T.);
#1722 = ADVANCED_FACE('',(#1723),#481,.T.);
#1723 = FACE_BOUND('',#1724,.T.);
#1724 = EDGE_LOOP('',(#1725,#1746,#1747,#1748));
#1725 = ORIENTED_EDGE('',*,*,#1726,.F.);
#1726 = EDGE_CURVE('',#438,#1287,#1727,.T.);
#1727 = SURFACE_CURVE('',#1728,(#1732,#1739),.PCURVE_S1.);
#1728 = LINE('',#1729,#1730);
#1729 = CARTESIAN_POINT('',(-19.,-4.,-69.79949778426));
#1730 = VECTOR('',#1731,1.);
#1731 = DIRECTION('',(0.,0.,1.));
#1732 = PCURVE('',#481,#1733);
#1733 = DEFINITIONAL_REPRESENTATION('',(#1734),#1738);
#1734 = LINE('',#1735,#1736);
#1735 = CARTESIAN_POINT('',(26.,0.));
#1736 = VECTOR('',#1737,1.);
#1737 = DIRECTION('',(0.,-1.));
#1738 = ( GEOMETRIC_REPRESENTATION_CONTEXT(2) 
PARAMETRIC_REPRESENTATION_CONTEXT() REPRESENTATION_CONTEXT('2D SPACE',''
  ) );
#1739 = PCURVE('',#454,#1740);
#1740 = DEFINITIONAL_REPRESENTATION('',(#1741),#1745);
#1741 = LINE('',#1742,#1743);
#1742 = CARTESIAN_POINT('',(-1.570796326795,-0.200502415735));
#1743 = VECTOR('',#1744,1.);
#1744 = DIRECTION('',(-0.,-1.));
#1745 = ( GEOMETRIC_REPRESENTATION_CONTEXT(2) 
PARAMETRIC_REPRESENTATION_CONTEXT() REPRESENTATION_CONTEXT('2D SPACE',''
  ) );
#1746 = ORIENTED_EDGE('',*,*,#466,.T.);
#1747 = ORIENTED_EDGE('',*,*,#1702,.F.);
#1748 = ORIENTED_EDGE('',*,*,#1314,.F.);
#1749 = ADVANCED_FACE('',(#1750),#454,.F.);
#1750 = FACE_BOUND('',#1751,.T.);
#1751 = EDGE_LOOP('',(#1752,#1753,#1754,#1755));
#1752 = ORIENTED_EDGE('',*,*,#437,.F.);
#1753 = ORIENTED_EDGE('',*,*,#1726,.T.);
#1754 = ORIENTED_EDGE('',*,*,#1286,.F.);
#1755 = ORIENTED_EDGE('',*,*,#1756,.F.);
#1756 = EDGE_CURVE('',#412,#1266,#1757,.T.);
#1757 = SURFACE_CURVE('',#1758,(#1762,#1769),.PCURVE_S1.);
#1758 = LINE('',#1759,#1760);
#1759 = CARTESIAN_POINT('',(-19.,4.,-69.79949778426));
#1760 = VECTOR('',#1761,1.);
#1761 = DIRECTION('',(0.,0.,1.));
#1762 = PCURVE('',#454,#1763);
#1763 = DEFINITIONAL_REPRESENTATION('',(#1764),#1768);
#1764 = LINE('',#1765,#1766);
#1765 = CARTESIAN_POINT('',(-4.712388980385,-0.200502415735));
#1766 = VECTOR('',#1767,1.);
#1767 = DIRECTION('',(-0.,-1.));
#1768 = ( GEOMETRIC_REPRESENTATION_CONTEXT(2) 
PARAMETRIC_REPRESENTATION_CONTEXT() REPRESENTATION_CONTEXT('2D SPACE',''
  ) );
#1769 = PCURVE('',#426,#1770);
#1770 = DEFINITIONAL_REPRESENTATION('',(#1771),#1775);
#1771 = LINE('',#1772,#1773);
#1772 = CARTESIAN_POINT('',(0.,0.));
#1773 = VECTOR('',#1774,1.);
#1774 = DIRECTION('',(0.,-1.));
#1775 = ( GEOMETRIC_REPRESENTATION_CONTEXT(2) 
PARAMETRIC_REPRESENTATION_CONTEXT() REPRESENTATION_CONTEXT('2D SPACE',''
  ) );
#1776 = ADVANCED_FACE('',(#1777),#426,.T.);
#1777 = FACE_BOUND('',#1778,.T.);
#1778 = EDGE_LOOP('',(#1779,#1780,#1781,#1782));
#1779 = ORIENTED_EDGE('',*,*,#411,.T.);
#1780 = ORIENTED_EDGE('',*,*,#1756,.T.);
#1781 = ORIENTED_EDGE('',*,*,#1265,.F.);
#1782 = ORIENTED_EDGE('',*,*,#1783,.T.);
#1783 = EDGE_CURVE('',#1242,#383,#1784,.T.);
#1784 = SURFACE_CURVE('',#1785,(#1789,#1795),.PCURVE_S1.);
#1785 = LINE('',#1786,#1787);
#1786 = CARTESIAN_POINT('',(-39.79949748426,4.,0.));
#1787 = VECTOR('',#1788,1.);
#1788 = DIRECTION('',(-0.,-0.,-1.));
#1789 = PCURVE('',#426,#1790);
#1790 = DEFINITIONAL_REPRESENTATION('',(#1791),#1794);
#1791 = B_SPLINE_CURVE_WITH_KNOTS('',1,(#1792,#1793),.UNSPECIFIED.,.F.,
  .F.,(2,2),(-10.0000006,6.E-07),.PIECEWISE_BEZIER_KNOTS.);
#1792 = CARTESIAN_POINT('',(20.799497484265,-79.79949838426));
#1793 = CARTESIAN_POINT('',(20.799497484265,-69.79949718426));
#1794 = ( GEOMETRIC_REPRESENTATION_CONTEXT(2) 
PARAMETRIC_REPRESENTATION_CONTEXT() REPRESENTATION_CONTEXT('2D SPACE',''
  ) );
#1795 = PCURVE('',#399,#1796);
#1796 = DEFINITIONAL_REPRESENTATION('',(#1797),#1800);
#1797 = B_SPLINE_CURVE_WITH_KNOTS('',1,(#1798,#1799),.UNSPECIFIED.,.F.,
  .F.,(2,2),(-10.0000006,6.E-07),.PIECEWISE_BEZIER_KNOTS.);
#1798 = CARTESIAN_POINT('',(-3.041425232428,-10.0000006));
#1799 = CARTESIAN_POINT('',(-3.041425232428,6.E-07));
#1800 = ( GEOMETRIC_REPRESENTATION_CONTEXT(2) 
PARAMETRIC_REPRESENTATION_CONTEXT() REPRESENTATION_CONTEXT('2D SPACE',''
  ) );
#1801 = ADVANCED_FACE('',(#1802),#399,.T.);
#1802 = FACE_BOUND('',#1803,.F.);
#1803 = EDGE_LOOP('',(#1804,#1805,#1824,#1825));
#1804 = ORIENTED_EDGE('',*,*,#382,.F.);
#1805 = ORIENTED_EDGE('',*,*,#1806,.F.);
#1806 = EDGE_CURVE('',#1214,#354,#1807,.T.);
#1807 = SURFACE_CURVE('',#1808,(#1812,#1818),.PCURVE_S1.);
#1808 = LINE('',#1809,#1810);
#1809 = CARTESIAN_POINT('',(-38.44180127915,11.0556734039,0.));
#1810 = VECTOR('',#1811,1.);
#1811 = DIRECTION('',(-0.,-0.,-1.));
#1812 = PCURVE('',#399,#1813);
#1813 = DEFINITIONAL_REPRESENTATION('',(#1814),#1817);
#1814 = B_SPLINE_CURVE_WITH_KNOTS('',1,(#1815,#1816),.UNSPECIFIED.,.F.,
  .F.,(2,2),(-10.0000006,6.E-07),.PIECEWISE_BEZIER_KNOTS.);
#1815 = CARTESIAN_POINT('',(-2.861555000477,-10.0000006));
#1816 = CARTESIAN_POINT('',(-2.861555000477,6.E-07));
#1817 = ( GEOMETRIC_REPRESENTATION_CONTEXT(2) 
PARAMETRIC_REPRESENTATION_CONTEXT() REPRESENTATION_CONTEXT('2D SPACE',''
  ) );
#1818 = PCURVE('',#370,#1819);
#1819 = DEFINITIONAL_REPRESENTATION('',(#1820),#1823);
#1820 = B_SPLINE_CURVE_WITH_KNOTS('',1,(#1821,#1822),.UNSPECIFIED.,.F.,
  .F.,(2,2),(-10.0000006,6.E-07),.PIECEWISE_BEZIER_KNOTS.);
#1821 = CARTESIAN_POINT('',(-1.823476581937,-79.59899586853));
#1822 = CARTESIAN_POINT('',(-1.823476581937,-69.59899466853));
#1823 = ( GEOMETRIC_REPRESENTATION_CONTEXT(2) 
PARAMETRIC_REPRESENTATION_CONTEXT() REPRESENTATION_CONTEXT('2D SPACE',''
  ) );
#1824 = ORIENTED_EDGE('',*,*,#1241,.T.);
#1825 = ORIENTED_EDGE('',*,*,#1783,.T.);
#1826 = ADVANCED_FACE('',(#1827),#370,.F.);
#1827 = FACE_BOUND('',#1828,.T.);
#1828 = EDGE_LOOP('',(#1829,#1830,#1849,#1850));
#1829 = ORIENTED_EDGE('',*,*,#1213,.F.);
#1830 = ORIENTED_EDGE('',*,*,#1831,.T.);
#1831 = EDGE_CURVE('',#1190,#325,#1832,.T.);
#1832 = SURFACE_CURVE('',#1833,(#1837,#1843),.PCURVE_S1.);
#1833 = LINE('',#1834,#1835);
#1834 = CARTESIAN_POINT('',(-11.0556734039,38.441801279158,0.));
#1835 = VECTOR('',#1836,1.);
#1836 = DIRECTION('',(-0.,-0.,-1.));
#1837 = PCURVE('',#370,#1838);
#1838 = DEFINITIONAL_REPRESENTATION('',(#1839),#1842);
#1839 = B_SPLINE_CURVE_WITH_KNOTS('',1,(#1840,#1841),.UNSPECIFIED.,.F.,
  .F.,(2,2),(-10.0000006,6.E-07),.PIECEWISE_BEZIER_KNOTS.);
#1840 = CARTESIAN_POINT('',(-4.459708725243,-79.59899586853));
#1841 = CARTESIAN_POINT('',(-4.459708725243,-69.59899466853));
#1842 = ( GEOMETRIC_REPRESENTATION_CONTEXT(2) 
PARAMETRIC_REPRESENTATION_CONTEXT() REPRESENTATION_CONTEXT('2D SPACE',''
  ) );
#1843 = PCURVE('',#341,#1844);
#1844 = DEFINITIONAL_REPRESENTATION('',(#1845),#1848);
#1845 = B_SPLINE_CURVE_WITH_KNOTS('',1,(#1846,#1847),.UNSPECIFIED.,.F.,
  .F.,(2,2),(-10.0000006,6.E-07),.PIECEWISE_BEZIER_KNOTS.);
#1846 = CARTESIAN_POINT('',(-1.850833979908,-10.0000006));
#1847 = CARTESIAN_POINT('',(-1.850833979908,6.E-07));
#1848 = ( GEOMETRIC_REPRESENTATION_CONTEXT(2) 
PARAMETRIC_REPRESENTATION_CONTEXT() REPRESENTATION_CONTEXT('2D SPACE',''
  ) );
#1849 = ORIENTED_EDGE('',*,*,#353,.F.);
#1850 = ORIENTED_EDGE('',*,*,#1806,.F.);
#1851 = ADVANCED_FACE('',(#1852),#341,.T.);
#1852 = FACE_BOUND('',#1853,.F.);
#1853 = EDGE_LOOP('',(#1854,#1855,#1874,#1875));
#1854 = ORIENTED_EDGE('',*,*,#324,.F.);
#1855 = ORIENTED_EDGE('',*,*,#1856,.F.);
#1856 = EDGE_CURVE('',#1169,#299,#1857,.T.);
#1857 = SURFACE_CURVE('',#1858,(#1862,#1868),.PCURVE_S1.);
#1858 = LINE('',#1859,#1860);
#1859 = CARTESIAN_POINT('',(-4.,39.799497484265,0.));
#1860 = VECTOR('',#1861,1.);
#1861 = DIRECTION('',(-0.,-0.,-1.));
#1862 = PCURVE('',#341,#1863);
#1863 = DEFINITIONAL_REPRESENTATION('',(#1864),#1867);
#1864 = B_SPLINE_CURVE_WITH_KNOTS('',1,(#1865,#1866),.UNSPECIFIED.,.F.,
  .F.,(2,2),(-10.0000006,6.E-07),.PIECEWISE_BEZIER_KNOTS.);
#1865 = CARTESIAN_POINT('',(-1.670963747956,-10.0000006));
#1866 = CARTESIAN_POINT('',(-1.670963747956,6.E-07));
#1867 = ( GEOMETRIC_REPRESENTATION_CONTEXT(2) 
PARAMETRIC_REPRESENTATION_CONTEXT() REPRESENTATION_CONTEXT('2D SPACE',''
  ) );
#1868 = PCURVE('',#313,#1869);
#1869 = DEFINITIONAL_REPRESENTATION('',(#1870),#1873);
#1870 = B_SPLINE_CURVE_WITH_KNOTS('',1,(#1871,#1872),.UNSPECIFIED.,.F.,
  .F.,(2,2),(-10.0000006,6.E-07),.PIECEWISE_BEZIER_KNOTS.);
#1871 = CARTESIAN_POINT('',(5.200502515735,-80.0000009));
#1872 = CARTESIAN_POINT('',(5.200502515735,-69.9999997));
#1873 = ( GEOMETRIC_REPRESENTATION_CONTEXT(2) 
PARAMETRIC_REPRESENTATION_CONTEXT() REPRESENTATION_CONTEXT('2D SPACE',''
  ) );
#1874 = ORIENTED_EDGE('',*,*,#1189,.T.);
#1875 = ORIENTED_EDGE('',*,*,#1831,.T.);
#1876 = ADVANCED_FACE('',(#1877),#313,.T.);
#1877 = FACE_BOUND('',#1878,.T.);
#1878 = EDGE_LOOP('',(#1879,#1900,#1901,#1902));
#1879 = ORIENTED_EDGE('',*,*,#1880,.F.);
#1880 = EDGE_CURVE('',#270,#1141,#1881,.T.);
#1881 = SURFACE_CURVE('',#1882,(#1886,#1893),.PCURVE_S1.);
#1882 = LINE('',#1883,#1884);
#1883 = CARTESIAN_POINT('',(-4.,19.,-70.0000003));
#1884 = VECTOR('',#1885,1.);
#1885 = DIRECTION('',(0.,0.,1.));
#1886 = PCURVE('',#313,#1887);
#1887 = DEFINITIONAL_REPRESENTATION('',(#1888),#1892);
#1888 = LINE('',#1889,#1890);
#1889 = CARTESIAN_POINT('',(26.,0.));
#1890 = VECTOR('',#1891,1.);
#1891 = DIRECTION('',(0.,-1.));
#1892 = ( GEOMETRIC_REPRESENTATION_CONTEXT(2) 
PARAMETRIC_REPRESENTATION_CONTEXT() REPRESENTATION_CONTEXT('2D SPACE',''
  ) );
#1893 = PCURVE('',#286,#1894);
#1894 = DEFINITIONAL_REPRESENTATION('',(#1895),#1899);
#1895 = LINE('',#1896,#1897);
#1896 = CARTESIAN_POINT('',(-1.570796326795,9.999999406318E-08));
#1897 = VECTOR('',#1898,1.);
#1898 = DIRECTION('',(-0.,-1.));
#1899 = ( GEOMETRIC_REPRESENTATION_CONTEXT(2) 
PARAMETRIC_REPRESENTATION_CONTEXT() REPRESENTATION_CONTEXT('2D SPACE',''
  ) );
#1900 = ORIENTED_EDGE('',*,*,#298,.T.);
#1901 = ORIENTED_EDGE('',*,*,#1856,.F.);
#1902 = ORIENTED_EDGE('',*,*,#1168,.F.);
#1903 = ADVANCED_FACE('',(#1904),#286,.F.);
#1904 = FACE_BOUND('',#1905,.T.);
#1905 = EDGE_LOOP('',(#1906,#1907,#1908,#1909));
#1906 = ORIENTED_EDGE('',*,*,#269,.F.);
#1907 = ORIENTED_EDGE('',*,*,#1880,.T.);
#1908 = ORIENTED_EDGE('',*,*,#1140,.F.);
#1909 = ORIENTED_EDGE('',*,*,#1910,.F.);
#1910 = EDGE_CURVE('',#244,#1120,#1911,.T.);
#1911 = SURFACE_CURVE('',#1912,(#1916,#1923),.PCURVE_S1.);
#1912 = LINE('',#1913,#1914);
#1913 = CARTESIAN_POINT('',(4.,19.,-70.0000003));
#1914 = VECTOR('',#1915,1.);
#1915 = DIRECTION('',(0.,0.,1.));
#1916 = PCURVE('',#286,#1917);
#1917 = DEFINITIONAL_REPRESENTATION('',(#1918),#1922);
#1918 = LINE('',#1919,#1920);
#1919 = CARTESIAN_POINT('',(-4.712388980385,9.999999406318E-08));
#1920 = VECTOR('',#1921,1.);
#1921 = DIRECTION('',(-0.,-1.));
#1922 = ( GEOMETRIC_REPRESENTATION_CONTEXT(2) 
PARAMETRIC_REPRESENTATION_CONTEXT() REPRESENTATION_CONTEXT('2D SPACE',''
  ) );
#1923 = PCURVE('',#258,#1924);
#1924 = DEFINITIONAL_REPRESENTATION('',(#1925),#1929);
#1925 = LINE('',#1926,#1927);
#1926 = CARTESIAN_POINT('',(0.,0.));
#1927 = VECTOR('',#1928,1.);
#1928 = DIRECTION('',(0.,-1.));
#1929 = ( GEOMETRIC_REPRESENTATION_CONTEXT(2) 
PARAMETRIC_REPRESENTATION_CONTEXT() REPRESENTATION_CONTEXT('2D SPACE',''
  ) );
#1930 = ADVANCED_FACE('',(#1931),#258,.T.);
#1931 = FACE_BOUND('',#1932,.T.);
#1932 = EDGE_LOOP('',(#1933,#1934,#1935,#1936));
#1933 = ORIENTED_EDGE('',*,*,#243,.T.);
#1934 = ORIENTED_EDGE('',*,*,#1910,.T.);
#1935 = ORIENTED_EDGE('',*,*,#1119,.F.);
#1936 = ORIENTED_EDGE('',*,*,#1937,.T.);
#1937 = EDGE_CURVE('',#1096,#215,#1938,.T.);
#1938 = SURFACE_CURVE('',#1939,(#1943,#1949),.PCURVE_S1.);
#1939 = LINE('',#1940,#1941);
#1940 = CARTESIAN_POINT('',(4.,39.799497484265,0.));
#1941 = VECTOR('',#1942,1.);
#1942 = DIRECTION('',(-0.,-0.,-1.));
#1943 = PCURVE('',#258,#1944);
#1944 = DEFINITIONAL_REPRESENTATION('',(#1945),#1948);
#1945 = B_SPLINE_CURVE_WITH_KNOTS('',1,(#1946,#1947),.UNSPECIFIED.,.F.,
  .F.,(2,2),(-10.0000006,6.E-07),.PIECEWISE_BEZIER_KNOTS.);
#1946 = CARTESIAN_POINT('',(20.799497484265,-80.0000009));
#1947 = CARTESIAN_POINT('',(20.799497484265,-69.9999997));
#1948 = ( GEOMETRIC_REPRESENTATION_CONTEXT(2) 
PARAMETRIC_REPRESENTATION_CONTEXT() REPRESENTATION_CONTEXT('2D SPACE',''
  ) );
#1949 = PCURVE('',#231,#1950);
#1950 = DEFINITIONAL_REPRESENTATION('',(#1951),#1954);
#1951 = B_SPLINE_CURVE_WITH_KNOTS('',1,(#1952,#1953),.UNSPECIFIED.,.F.,
  .F.,(2,2),(-10.0000006,6.E-07),.PIECEWISE_BEZIER_KNOTS.);
#1952 = CARTESIAN_POINT('',(-1.470628905633,-10.0000006));
#1953 = CARTESIAN_POINT('',(-1.470628905633,6.E-07));
#1954 = ( GEOMETRIC_REPRESENTATION_CONTEXT(2) 
PARAMETRIC_REPRESENTATION_CONTEXT() REPRESENTATION_CONTEXT('2D SPACE',''
  ) );
#1955 = ADVANCED_FACE('',(#1956),#231,.T.);
#1956 = FACE_BOUND('',#1957,.F.);
#1957 = EDGE_LOOP('',(#1958,#1959,#1960,#1961));
#1958 = ORIENTED_EDGE('',*,*,#214,.F.);
#1959 = ORIENTED_EDGE('',*,*,#806,.F.);
#1960 = ORIENTED_EDGE('',*,*,#1095,.T.);
#1961 = ORIENTED_EDGE('',*,*,#1937,.T.);
#1962 = ADVANCED_FACE('',(#1963),#790,.F.);
#1963 = FACE_BOUND('',#1964,.T.);
#1964 = EDGE_LOOP('',(#1965,#1966,#1987,#1988));
#1965 = ORIENTED_EDGE('',*,*,#773,.F.);
#1966 = ORIENTED_EDGE('',*,*,#1967,.T.);
#1967 = EDGE_CURVE('',#774,#1388,#1968,.T.);
#1968 = SEAM_CURVE('',#1969,(#1973,#1980),.PCURVE_S1.);
#1969 = LINE('',#1970,#1971);
#1970 = CARTESIAN_POINT('',(5.,0.,-70.0000002));
#1971 = VECTOR('',#1972,1.);
#1972 = DIRECTION('',(0.,0.,1.));
#1973 = PCURVE('',#790,#1974);
#1974 = DEFINITIONAL_REPRESENTATION('',(#1975),#1979);
#1975 = LINE('',#1976,#1977);
#1976 = CARTESIAN_POINT('',(-0.,0.));
#1977 = VECTOR('',#1978,1.);
#1978 = DIRECTION('',(-0.,-1.));
#1979 = ( GEOMETRIC_REPRESENTATION_CONTEXT(2) 
PARAMETRIC_REPRESENTATION_CONTEXT() REPRESENTATION_CONTEXT('2D SPACE',''
  ) );
#1980 = PCURVE('',#790,#1981);
#1981 = DEFINITIONAL_REPRESENTATION('',(#1982),#1986);
#1982 = LINE('',#1983,#1984);
#1983 = CARTESIAN_POINT('',(-6.28318530718,0.));
#1984 = VECTOR('',#1985,1.);
#1985 = DIRECTION('',(-0.,-1.));
#1986 = ( GEOMETRIC_REPRESENTATION_CONTEXT(2) 
PARAMETRIC_REPRESENTATION_CONTEXT() REPRESENTATION_CONTEXT('2D SPACE',''
  ) );
#1987 = ORIENTED_EDGE('',*,*,#1387,.F.);
#1988 = ORIENTED_EDGE('',*,*,#1967,.F.);
#1989 = ( GEOMETRIC_REPRESENTATION_CONTEXT(3) 
GLOBAL_UNCERTAINTY_ASSIGNED_CONTEXT((#1993)) 
GLOBAL_UNIT_ASSIGNED_CONTEXT((#1990,#1991,#1992)) REPRESENTATION_CONTEXT
('Context #1','3D Context with UNIT and UNCERTAINTY') );
#1990 = ( LENGTH_UNIT() NAMED_UNIT(*) SI_UNIT(.MILLI.,.METRE.) );
#1991 = ( NAMED_UNIT(*) PLANE_ANGLE_UNIT() SI_UNIT($,.RADIAN.) );
#1992 = ( NAMED_UNIT(*) SI_UNIT($,.STERADIAN.) SOLID_ANGLE_UNIT() );
#1993 = UNCERTAINTY_MEASURE_WITH_UNIT(LENGTH_MEASURE(1.E-07),#1990,
  'distance_accuracy_value','confusion accuracy');
#1994 = PRODUCT_RELATED_PRODUCT_CATEGORY('part',$,(#7));
ENDSEC;
END-ISO-10303-21;
