ISO-10303-21;
HEADER;
FILE_DESCRIPTION(('Open CASCADE Model'),'2;1');
FILE_NAME('Open CASCADE Shape Model','2026-08-07T02:34:18',('Author'),(
    'Open CASCADE'),'Open CASCADE STEP processor 7.7','Open CASCADE 7.7'
  ,'Unknown');
FILE_SCHEMA(('AUTOMOTIVE_DESIGN { 1 0 10303 214 1 1 1 1 }'));
ENDSEC;
DATA;
#1 = APPLICATION_PROTOCOL_DEFINITION('international standard',
  'automotive_design',2000,#2);
#2 = APPLICATION_CONTEXT(
  'core data for automotive mechanical design processes');
#3 = SHAPE_DEFINITION_REPRESENTATION(#4,#10);
#4 = PRODUCT_DEFINITION_SHAPE('','',#5);
#5 = PRODUCT_DEFINITION('design','',#6,#9);
#6 = PRODUCT_DEFINITION_FORMATION('','',#7);
#7 = PRODUCT('Open CASCADE STEP translator 7.7 36',
  'Open CASCADE STEP translator 7.7 36','',(#8));
#8 = PRODUCT_CONTEXT('',#2,'mechanical');
#9 = PRODUCT_DEFINITION_CONTEXT('part definition',#2,'design');
#10 = ADVANCED_BREP_SHAPE_REPRESENTATION('',(#11,#15),#1898);
#11 = AXIS2_PLACEMENT_3D('',#12,#13,#14);
#12 = CARTESIAN_POINT('',(0.,0.,0.));
#13 = DIRECTION('',(0.,0.,1.));
#14 = DIRECTION('',(1.,0.,-0.));
#15 = MANIFOLD_SOLID_BREP('',#16);
#16 = CLOSED_SHELL('',(#17,#230,#361,#465,#522,#557,#867,#965,#995,#1199
    ,#1292,#1322,#1498,#1533,#1588,#1656,#1686,#1801,#1831,#1884,#1891)
  );
#17 = ADVANCED_FACE('',(#18),#33,.T.);
#18 = FACE_BOUND('',#19,.F.);
#19 = EDGE_LOOP('',(#20,#68,#91,#118,#119,#155,#196));
#20 = ORIENTED_EDGE('',*,*,#21,.T.);
#21 = EDGE_CURVE('',#22,#24,#26,.T.);
#22 = VERTEX_POINT('',#23);
#23 = CARTESIAN_POINT('',(6.123233995737E-16,-1.271035289593E-14,20.));
#24 = VERTEX_POINT('',#25);
#25 = CARTESIAN_POINT('',(20.,20.,0.));
#26 = SURFACE_CURVE('',#27,(#32,#50),.PCURVE_S1.);
#27 = ELLIPSE('',#28,28.284271247462,20.);
#28 = AXIS2_PLACEMENT_3D('',#29,#30,#31);
#29 = CARTESIAN_POINT('',(0.,0.,0.));
#30 = DIRECTION('',(-0.707106781187,0.707106781187,0.));
#31 = DIRECTION('',(-0.707106781187,-0.707106781187,0.));
#32 = PCURVE('',#33,#38);
#33 = CYLINDRICAL_SURFACE('',#34,20.);
#34 = AXIS2_PLACEMENT_3D('',#35,#36,#37);
#35 = CARTESIAN_POINT('',(0.,0.,0.));
#36 = DIRECTION('',(-1.,-0.,-0.));
#37 = DIRECTION('',(0.,1.,0.));
#38 = DEFINITIONAL_REPRESENTATION('',(#39),#49);
#39 = B_SPLINE_CURVE_WITH_KNOTS('',8,(#40,#41,#42,#43,#44,#45,#46,#47,
    #48),.UNSPECIFIED.,.F.,.F.,(9,9),(1.570796311795,3.14159265359),
  .PIECEWISE_BEZIER_KNOTS.);
#40 = CARTESIAN_POINT('',(-1.570796341795,2.999999994014E-07));
#41 = CARTESIAN_POINT('',(-1.374446799071,-3.926990554487));
#42 = CARTESIAN_POINT('',(-1.178097256347,-7.853982354565));
#43 = CARTESIAN_POINT('',(-0.981747713621,-11.55026506978));
#44 = CARTESIAN_POINT('',(-0.785398170896,-14.78517491323));
#45 = CARTESIAN_POINT('',(-0.589048628171,-17.35636087632));
#46 = CARTESIAN_POINT('',(-0.392699085449,-19.11878446343));
#47 = CARTESIAN_POINT('',(-0.196349542724,-20.));
#48 = CARTESIAN_POINT('',(-1.224646799147E-16,-20.));
#49 = ( GEOMETRIC_REPRESENTATION_CONTEXT(2) 
PARAMETRIC_REPRESENTATION_CONTEXT() REPRESENTATION_CONTEXT('2D SPACE',''
  ) );
#50 = PCURVE('',#51,#56);
#51 = CYLINDRICAL_SURFACE('',#52,20.);
#52 = AXIS2_PLACEMENT_3D('',#53,#54,#55);
#53 = CARTESIAN_POINT('',(0.,0.,0.));
#54 = DIRECTION('',(0.,-1.,0.));
#55 = DIRECTION('',(1.,0.,0.));
#56 = DEFINITIONAL_REPRESENTATION('',(#57),#67);
#57 = B_SPLINE_CURVE_WITH_KNOTS('',8,(#58,#59,#60,#61,#62,#63,#64,#65,
    #66),.UNSPECIFIED.,.F.,.F.,(9,9),(1.570796311795,3.14159265359),
  .PIECEWISE_BEZIER_KNOTS.);
#58 = CARTESIAN_POINT('',(1.570796341795,2.999999994014E-07));
#59 = CARTESIAN_POINT('',(1.374446799071,-3.926990554487));
#60 = CARTESIAN_POINT('',(1.178097256347,-7.853982354565));
#61 = CARTESIAN_POINT('',(0.981747713621,-11.55026506978));
#62 = CARTESIAN_POINT('',(0.785398170896,-14.78517491323));
#63 = CARTESIAN_POINT('',(0.589048628171,-17.35636087632));
#64 = CARTESIAN_POINT('',(0.392699085449,-19.11878446343));
#65 = CARTESIAN_POINT('',(0.196349542724,-20.));
#66 = CARTESIAN_POINT('',(1.224646799147E-16,-20.));
#67 = ( GEOMETRIC_REPRESENTATION_CONTEXT(2) 
PARAMETRIC_REPRESENTATION_CONTEXT() REPRESENTATION_CONTEXT('2D SPACE',''
  ) );
#68 = ORIENTED_EDGE('',*,*,#69,.T.);
#69 = EDGE_CURVE('',#24,#70,#72,.T.);
#70 = VERTEX_POINT('',#71);
#71 = CARTESIAN_POINT('',(50.,20.,0.));
#72 = SEAM_CURVE('',#73,(#77,#84),.PCURVE_S1.);
#73 = LINE('',#74,#75);
#74 = CARTESIAN_POINT('',(0.,20.,0.));
#75 = VECTOR('',#76,1.);
#76 = DIRECTION('',(1.,0.,0.));
#77 = PCURVE('',#33,#78);
#78 = DEFINITIONAL_REPRESENTATION('',(#79),#83);
#79 = LINE('',#80,#81);
#80 = CARTESIAN_POINT('',(-6.28318530718,0.));
#81 = VECTOR('',#82,1.);
#82 = DIRECTION('',(-0.,-1.));
#83 = ( GEOMETRIC_REPRESENTATION_CONTEXT(2) 
PARAMETRIC_REPRESENTATION_CONTEXT() REPRESENTATION_CONTEXT('2D SPACE',''
  ) );
#84 = PCURVE('',#33,#85);
#85 = DEFINITIONAL_REPRESENTATION('',(#86),#90);
#86 = LINE('',#87,#88);
#87 = CARTESIAN_POINT('',(-0.,0.));
#88 = VECTOR('',#89,1.);
#89 = DIRECTION('',(-0.,-1.));
#90 = ( GEOMETRIC_REPRESENTATION_CONTEXT(2) 
PARAMETRIC_REPRESENTATION_CONTEXT() REPRESENTATION_CONTEXT('2D SPACE',''
  ) );
#91 = ORIENTED_EDGE('',*,*,#92,.T.);
#92 = EDGE_CURVE('',#70,#70,#93,.T.);
#93 = SURFACE_CURVE('',#94,(#99,#106),.PCURVE_S1.);
#94 = CIRCLE('',#95,20.);
#95 = AXIS2_PLACEMENT_3D('',#96,#97,#98);
#96 = CARTESIAN_POINT('',(50.,0.,0.));
#97 = DIRECTION('',(1.,0.,0.));
#98 = DIRECTION('',(0.,1.,0.));
#99 = PCURVE('',#33,#100);
#100 = DEFINITIONAL_REPRESENTATION('',(#101),#105);
#101 = LINE('',#102,#103);
#102 = CARTESIAN_POINT('',(-0.,-50.));
#103 = VECTOR('',#104,1.);
#104 = DIRECTION('',(-1.,0.));
#105 = ( GEOMETRIC_REPRESENTATION_CONTEXT(2) 
PARAMETRIC_REPRESENTATION_CONTEXT() REPRESENTATION_CONTEXT('2D SPACE',''
  ) );
#106 = PCURVE('',#107,#112);
#107 = PLANE('',#108);
#108 = AXIS2_PLACEMENT_3D('',#109,#110,#111);
#109 = CARTESIAN_POINT('',(50.,-1.093952106032E-15,1.371473012632E-15));
#110 = DIRECTION('',(1.,0.,0.));
#111 = DIRECTION('',(-0.,0.,1.));
#112 = DEFINITIONAL_REPRESENTATION('',(#113),#117);
#113 = CIRCLE('',#114,20.);
#114 = AXIS2_PLACEMENT_2D('',#115,#116);
#115 = CARTESIAN_POINT('',(-1.371473012632E-15,-1.093952106032E-15));
#116 = DIRECTION('',(0.,-1.));
#117 = ( GEOMETRIC_REPRESENTATION_CONTEXT(2) 
PARAMETRIC_REPRESENTATION_CONTEXT() REPRESENTATION_CONTEXT('2D SPACE',''
  ) );
#118 = ORIENTED_EDGE('',*,*,#69,.F.);
#119 = ORIENTED_EDGE('',*,*,#120,.T.);
#120 = EDGE_CURVE('',#24,#121,#123,.T.);
#121 = VERTEX_POINT('',#122);
#122 = CARTESIAN_POINT('',(-1.836970198721E-15,-2.848232278972E-14,-20.)
  );
#123 = SURFACE_CURVE('',#124,(#129,#142),.PCURVE_S1.);
#124 = ELLIPSE('',#125,28.284271247462,20.);
#125 = AXIS2_PLACEMENT_3D('',#126,#127,#128);
#126 = CARTESIAN_POINT('',(0.,0.,0.));
#127 = DIRECTION('',(-0.707106781187,0.707106781187,0.));
#128 = DIRECTION('',(-0.707106781187,-0.707106781187,0.));
#129 = PCURVE('',#33,#130);
#130 = DEFINITIONAL_REPRESENTATION('',(#131),#141);
#131 = B_SPLINE_CURVE_WITH_KNOTS('',8,(#132,#133,#134,#135,#136,#137,
    #138,#139,#140),.UNSPECIFIED.,.F.,.F.,(9,9),(3.14159265359,
    4.712388995385),.PIECEWISE_BEZIER_KNOTS.);
#132 = CARTESIAN_POINT('',(-6.28318530718,-20.));
#133 = CARTESIAN_POINT('',(-6.086835764455,-20.));
#134 = CARTESIAN_POINT('',(-5.890486221732,-19.11878446343));
#135 = CARTESIAN_POINT('',(-5.694136679006,-17.35636087628));
#136 = CARTESIAN_POINT('',(-5.497787136287,-14.78517491329));
#137 = CARTESIAN_POINT('',(-5.301437593557,-11.55026506976));
#138 = CARTESIAN_POINT('',(-5.105088050835,-7.853982354578));
#139 = CARTESIAN_POINT('',(-4.908738508109,-3.926990554487));
#140 = CARTESIAN_POINT('',(-4.712388965385,3.000000033846E-07));
#141 = ( GEOMETRIC_REPRESENTATION_CONTEXT(2) 
PARAMETRIC_REPRESENTATION_CONTEXT() REPRESENTATION_CONTEXT('2D SPACE',''
  ) );
#142 = PCURVE('',#51,#143);
#143 = DEFINITIONAL_REPRESENTATION('',(#144),#154);
#144 = B_SPLINE_CURVE_WITH_KNOTS('',8,(#145,#146,#147,#148,#149,#150,
    #151,#152,#153),.UNSPECIFIED.,.F.,.F.,(9,9),(3.14159265359,
    4.712388995385),.PIECEWISE_BEZIER_KNOTS.);
#145 = CARTESIAN_POINT('',(6.28318530718,-20.));
#146 = CARTESIAN_POINT('',(6.086835764455,-20.));
#147 = CARTESIAN_POINT('',(5.890486221732,-19.11878446343));
#148 = CARTESIAN_POINT('',(5.694136679006,-17.35636087628));
#149 = CARTESIAN_POINT('',(5.497787136287,-14.78517491329));
#150 = CARTESIAN_POINT('',(5.301437593557,-11.55026506976));
#151 = CARTESIAN_POINT('',(5.105088050835,-7.853982354578));
#152 = CARTESIAN_POINT('',(4.908738508109,-3.926990554487));
#153 = CARTESIAN_POINT('',(4.712388965385,3.000000033846E-07));
#154 = ( GEOMETRIC_REPRESENTATION_CONTEXT(2) 
PARAMETRIC_REPRESENTATION_CONTEXT() REPRESENTATION_CONTEXT('2D SPACE',''
  ) );
#155 = ORIENTED_EDGE('',*,*,#156,.T.);
#156 = EDGE_CURVE('',#121,#157,#159,.T.);
#157 = VERTEX_POINT('',#158);
#158 = CARTESIAN_POINT('',(20.,-20.,0.));
#159 = SURFACE_CURVE('',#160,(#165,#178),.PCURVE_S1.);
#160 = ELLIPSE('',#161,28.284271247462,20.);
#161 = AXIS2_PLACEMENT_3D('',#162,#163,#164);
#162 = CARTESIAN_POINT('',(0.,0.,0.));
#163 = DIRECTION('',(-0.707106781187,-0.707106781187,0.));
#164 = DIRECTION('',(-0.707106781187,0.707106781187,0.));
#165 = PCURVE('',#33,#166);
#166 = DEFINITIONAL_REPRESENTATION('',(#167),#177);
#167 = B_SPLINE_CURVE_WITH_KNOTS('',8,(#168,#169,#170,#171,#172,#173,
    #174,#175,#176),.UNSPECIFIED.,.F.,.F.,(9,9),(1.570796311795,
    3.14159265359),.PIECEWISE_BEZIER_KNOTS.);
#168 = CARTESIAN_POINT('',(-4.712388995385,3.000000038423E-07));
#169 = CARTESIAN_POINT('',(-4.51603945266,-3.926990554487));
#170 = CARTESIAN_POINT('',(-4.319689909937,-7.853982354594));
#171 = CARTESIAN_POINT('',(-4.123340367209,-11.55026506972));
#172 = CARTESIAN_POINT('',(-3.92699082449,-14.78517491334));
#173 = CARTESIAN_POINT('',(-3.730641281758,-17.35636087627));
#174 = CARTESIAN_POINT('',(-3.53429173904,-19.11878446344));
#175 = CARTESIAN_POINT('',(-3.337942196314,-20.));
#176 = CARTESIAN_POINT('',(-3.14159265359,-20.));
#177 = ( GEOMETRIC_REPRESENTATION_CONTEXT(2) 
PARAMETRIC_REPRESENTATION_CONTEXT() REPRESENTATION_CONTEXT('2D SPACE',''
  ) );
#178 = PCURVE('',#179,#184);
#179 = CYLINDRICAL_SURFACE('',#180,20.);
#180 = AXIS2_PLACEMENT_3D('',#181,#182,#183);
#181 = CARTESIAN_POINT('',(0.,0.,0.));
#182 = DIRECTION('',(-0.,1.,-0.));
#183 = DIRECTION('',(1.,0.,0.));
#184 = DEFINITIONAL_REPRESENTATION('',(#185),#195);
#185 = B_SPLINE_CURVE_WITH_KNOTS('',8,(#186,#187,#188,#189,#190,#191,
    #192,#193,#194),.UNSPECIFIED.,.F.,.F.,(9,9),(1.570796311795,
    3.14159265359),.PIECEWISE_BEZIER_KNOTS.);
#186 = CARTESIAN_POINT('',(-4.712388965385,3.000000038423E-07));
#187 = CARTESIAN_POINT('',(-4.908738508109,-3.926990554487));
#188 = CARTESIAN_POINT('',(-5.105088050827,-7.853982354594));
#189 = CARTESIAN_POINT('',(-5.301437593571,-11.55026506972));
#190 = CARTESIAN_POINT('',(-5.497787136246,-14.78517491334));
#191 = CARTESIAN_POINT('',(-5.694136679009,-17.35636087627));
#192 = CARTESIAN_POINT('',(-5.890486221725,-19.11878446344));
#193 = CARTESIAN_POINT('',(-6.086835764455,-20.));
#194 = CARTESIAN_POINT('',(-6.28318530718,-20.));
#195 = ( GEOMETRIC_REPRESENTATION_CONTEXT(2) 
PARAMETRIC_REPRESENTATION_CONTEXT() REPRESENTATION_CONTEXT('2D SPACE',''
  ) );
#196 = ORIENTED_EDGE('',*,*,#197,.T.);
#197 = EDGE_CURVE('',#157,#22,#198,.T.);
#198 = SURFACE_CURVE('',#199,(#204,#217),.PCURVE_S1.);
#199 = ELLIPSE('',#200,28.284271247462,20.);
#200 = AXIS2_PLACEMENT_3D('',#201,#202,#203);
#201 = CARTESIAN_POINT('',(0.,0.,0.));
#202 = DIRECTION('',(-0.707106781187,-0.707106781187,0.));
#203 = DIRECTION('',(-0.707106781187,0.707106781187,0.));
#204 = PCURVE('',#33,#205);
#205 = DEFINITIONAL_REPRESENTATION('',(#206),#216);
#206 = B_SPLINE_CURVE_WITH_KNOTS('',8,(#207,#208,#209,#210,#211,#212,
    #213,#214,#215),.UNSPECIFIED.,.F.,.F.,(9,9),(3.14159265359,
    4.712388995385),.PIECEWISE_BEZIER_KNOTS.);
#207 = CARTESIAN_POINT('',(-3.14159265359,-20.));
#208 = CARTESIAN_POINT('',(-2.945243110865,-20.));
#209 = CARTESIAN_POINT('',(-2.74889356814,-19.11878446342));
#210 = CARTESIAN_POINT('',(-2.552544025423,-17.35636087628));
#211 = CARTESIAN_POINT('',(-2.356194482685,-14.78517491329));
#212 = CARTESIAN_POINT('',(-2.159844939972,-11.55026506976));
#213 = CARTESIAN_POINT('',(-1.963495397243,-7.853982354578));
#214 = CARTESIAN_POINT('',(-1.767145854519,-3.926990554487));
#215 = CARTESIAN_POINT('',(-1.570796311795,2.99999985621E-07));
#216 = ( GEOMETRIC_REPRESENTATION_CONTEXT(2) 
PARAMETRIC_REPRESENTATION_CONTEXT() REPRESENTATION_CONTEXT('2D SPACE',''
  ) );
#217 = PCURVE('',#179,#218);
#218 = DEFINITIONAL_REPRESENTATION('',(#219),#229);
#219 = B_SPLINE_CURVE_WITH_KNOTS('',8,(#220,#221,#222,#223,#224,#225,
    #226,#227,#228),.UNSPECIFIED.,.F.,.F.,(9,9),(3.14159265359,
    4.712388995385),.PIECEWISE_BEZIER_KNOTS.);
#220 = CARTESIAN_POINT('',(8.881784197001E-16,-20.));
#221 = CARTESIAN_POINT('',(-0.196349542724,-20.));
#222 = CARTESIAN_POINT('',(-0.392699085448,-19.11878446342));
#223 = CARTESIAN_POINT('',(-0.589048628173,-17.35636087628));
#224 = CARTESIAN_POINT('',(-0.785398170895,-14.78517491329));
#225 = CARTESIAN_POINT('',(-0.981747713622,-11.55026506976));
#226 = CARTESIAN_POINT('',(-1.178097256345,-7.853982354578));
#227 = CARTESIAN_POINT('',(-1.374446799071,-3.926990554487));
#228 = CARTESIAN_POINT('',(-1.570796341795,2.99999985621E-07));
#229 = ( GEOMETRIC_REPRESENTATION_CONTEXT(2) 
PARAMETRIC_REPRESENTATION_CONTEXT() REPRESENTATION_CONTEXT('2D SPACE',''
  ) );
#230 = ADVANCED_FACE('',(#231),#51,.T.);
#231 = FACE_BOUND('',#232,.T.);
#232 = EDGE_LOOP('',(#233,#234,#257,#284,#285,#286,#327));
#233 = ORIENTED_EDGE('',*,*,#21,.T.);
#234 = ORIENTED_EDGE('',*,*,#235,.T.);
#235 = EDGE_CURVE('',#24,#236,#238,.T.);
#236 = VERTEX_POINT('',#237);
#237 = CARTESIAN_POINT('',(20.,50.,0.));
#238 = SEAM_CURVE('',#239,(#243,#250),.PCURVE_S1.);
#239 = LINE('',#240,#241);
#240 = CARTESIAN_POINT('',(20.,0.,0.));
#241 = VECTOR('',#242,1.);
#242 = DIRECTION('',(-0.,1.,-0.));
#243 = PCURVE('',#51,#244);
#244 = DEFINITIONAL_REPRESENTATION('',(#245),#249);
#245 = LINE('',#246,#247);
#246 = CARTESIAN_POINT('',(6.28318530718,0.));
#247 = VECTOR('',#248,1.);
#248 = DIRECTION('',(0.,-1.));
#249 = ( GEOMETRIC_REPRESENTATION_CONTEXT(2) 
PARAMETRIC_REPRESENTATION_CONTEXT() REPRESENTATION_CONTEXT('2D SPACE',''
  ) );
#250 = PCURVE('',#51,#251);
#251 = DEFINITIONAL_REPRESENTATION('',(#252),#256);
#252 = LINE('',#253,#254);
#253 = CARTESIAN_POINT('',(0.,0.));
#254 = VECTOR('',#255,1.);
#255 = DIRECTION('',(0.,-1.));
#256 = ( GEOMETRIC_REPRESENTATION_CONTEXT(2) 
PARAMETRIC_REPRESENTATION_CONTEXT() REPRESENTATION_CONTEXT('2D SPACE',''
  ) );
#257 = ORIENTED_EDGE('',*,*,#258,.T.);
#258 = EDGE_CURVE('',#236,#236,#259,.T.);
#259 = SURFACE_CURVE('',#260,(#265,#272),.PCURVE_S1.);
#260 = CIRCLE('',#261,20.);
#261 = AXIS2_PLACEMENT_3D('',#262,#263,#264);
#262 = CARTESIAN_POINT('',(0.,50.,0.));
#263 = DIRECTION('',(0.,-1.,0.));
#264 = DIRECTION('',(1.,0.,0.));
#265 = PCURVE('',#51,#266);
#266 = DEFINITIONAL_REPRESENTATION('',(#267),#271);
#267 = LINE('',#268,#269);
#268 = CARTESIAN_POINT('',(0.,-50.));
#269 = VECTOR('',#270,1.);
#270 = DIRECTION('',(1.,0.));
#271 = ( GEOMETRIC_REPRESENTATION_CONTEXT(2) 
PARAMETRIC_REPRESENTATION_CONTEXT() REPRESENTATION_CONTEXT('2D SPACE',''
  ) );
#272 = PCURVE('',#273,#278);
#273 = PLANE('',#274);
#274 = AXIS2_PLACEMENT_3D('',#275,#276,#277);
#275 = CARTESIAN_POINT('',(-1.093952106032E-15,50.,1.371473012632E-15));
#276 = DIRECTION('',(-0.,-1.,-0.));
#277 = DIRECTION('',(0.,0.,-1.));
#278 = DEFINITIONAL_REPRESENTATION('',(#279),#283);
#279 = CIRCLE('',#280,20.);
#280 = AXIS2_PLACEMENT_2D('',#281,#282);
#281 = CARTESIAN_POINT('',(1.371473012632E-15,1.093952106032E-15));
#282 = DIRECTION('',(0.,1.));
#283 = ( GEOMETRIC_REPRESENTATION_CONTEXT(2) 
PARAMETRIC_REPRESENTATION_CONTEXT() REPRESENTATION_CONTEXT('2D SPACE',''
  ) );
#284 = ORIENTED_EDGE('',*,*,#235,.F.);
#285 = ORIENTED_EDGE('',*,*,#120,.T.);
#286 = ORIENTED_EDGE('',*,*,#287,.T.);
#287 = EDGE_CURVE('',#121,#288,#290,.T.);
#288 = VERTEX_POINT('',#289);
#289 = CARTESIAN_POINT('',(-20.,20.,0.));
#290 = SURFACE_CURVE('',#291,(#296,#309),.PCURVE_S1.);
#291 = ELLIPSE('',#292,28.284271247462,20.);
#292 = AXIS2_PLACEMENT_3D('',#293,#294,#295);
#293 = CARTESIAN_POINT('',(0.,0.,0.));
#294 = DIRECTION('',(0.707106781187,0.707106781187,0.));
#295 = DIRECTION('',(0.707106781187,-0.707106781187,0.));
#296 = PCURVE('',#51,#297);
#297 = DEFINITIONAL_REPRESENTATION('',(#298),#308);
#298 = B_SPLINE_CURVE_WITH_KNOTS('',8,(#299,#300,#301,#302,#303,#304,
    #305,#306,#307),.UNSPECIFIED.,.F.,.F.,(9,9),(1.570796311795,
    3.14159265359),.PIECEWISE_BEZIER_KNOTS.);
#299 = CARTESIAN_POINT('',(4.712388995385,3.000000038423E-07));
#300 = CARTESIAN_POINT('',(4.51603945266,-3.926990554487));
#301 = CARTESIAN_POINT('',(4.319689909937,-7.853982354594));
#302 = CARTESIAN_POINT('',(4.123340367209,-11.55026506972));
#303 = CARTESIAN_POINT('',(3.92699082449,-14.78517491334));
#304 = CARTESIAN_POINT('',(3.730641281758,-17.35636087627));
#305 = CARTESIAN_POINT('',(3.53429173904,-19.11878446344));
#306 = CARTESIAN_POINT('',(3.337942196314,-20.));
#307 = CARTESIAN_POINT('',(3.14159265359,-20.));
#308 = ( GEOMETRIC_REPRESENTATION_CONTEXT(2) 
PARAMETRIC_REPRESENTATION_CONTEXT() REPRESENTATION_CONTEXT('2D SPACE',''
  ) );
#309 = PCURVE('',#310,#315);
#310 = CYLINDRICAL_SURFACE('',#311,20.);
#311 = AXIS2_PLACEMENT_3D('',#312,#313,#314);
#312 = CARTESIAN_POINT('',(0.,0.,0.));
#313 = DIRECTION('',(1.,0.,0.));
#314 = DIRECTION('',(0.,1.,0.));
#315 = DEFINITIONAL_REPRESENTATION('',(#316),#326);
#316 = B_SPLINE_CURVE_WITH_KNOTS('',8,(#317,#318,#319,#320,#321,#322,
    #323,#324,#325),.UNSPECIFIED.,.F.,.F.,(9,9),(1.570796311795,
    3.14159265359),.PIECEWISE_BEZIER_KNOTS.);
#317 = CARTESIAN_POINT('',(4.712388965385,3.000000038423E-07));
#318 = CARTESIAN_POINT('',(4.908738508109,-3.926990554487));
#319 = CARTESIAN_POINT('',(5.105088050827,-7.853982354594));
#320 = CARTESIAN_POINT('',(5.301437593571,-11.55026506972));
#321 = CARTESIAN_POINT('',(5.497787136246,-14.78517491334));
#322 = CARTESIAN_POINT('',(5.694136679009,-17.35636087627));
#323 = CARTESIAN_POINT('',(5.890486221725,-19.11878446344));
#324 = CARTESIAN_POINT('',(6.086835764455,-20.));
#325 = CARTESIAN_POINT('',(6.28318530718,-20.));
#326 = ( GEOMETRIC_REPRESENTATION_CONTEXT(2) 
PARAMETRIC_REPRESENTATION_CONTEXT() REPRESENTATION_CONTEXT('2D SPACE',''
  ) );
#327 = ORIENTED_EDGE('',*,*,#328,.T.);
#328 = EDGE_CURVE('',#288,#22,#329,.T.);
#329 = SURFACE_CURVE('',#330,(#335,#348),.PCURVE_S1.);
#330 = ELLIPSE('',#331,28.284271247462,20.);
#331 = AXIS2_PLACEMENT_3D('',#332,#333,#334);
#332 = CARTESIAN_POINT('',(0.,0.,0.));
#333 = DIRECTION('',(0.707106781187,0.707106781187,0.));
#334 = DIRECTION('',(0.707106781187,-0.707106781187,0.));
#335 = PCURVE('',#51,#336);
#336 = DEFINITIONAL_REPRESENTATION('',(#337),#347);
#337 = B_SPLINE_CURVE_WITH_KNOTS('',8,(#338,#339,#340,#341,#342,#343,
    #344,#345,#346),.UNSPECIFIED.,.F.,.F.,(9,9),(3.14159265359,
    4.712388995385),.PIECEWISE_BEZIER_KNOTS.);
#338 = CARTESIAN_POINT('',(3.14159265359,-20.));
#339 = CARTESIAN_POINT('',(2.945243110865,-20.));
#340 = CARTESIAN_POINT('',(2.74889356814,-19.11878446342));
#341 = CARTESIAN_POINT('',(2.552544025423,-17.35636087628));
#342 = CARTESIAN_POINT('',(2.356194482685,-14.78517491329));
#343 = CARTESIAN_POINT('',(2.159844939972,-11.55026506976));
#344 = CARTESIAN_POINT('',(1.963495397243,-7.853982354578));
#345 = CARTESIAN_POINT('',(1.767145854519,-3.926990554487));
#346 = CARTESIAN_POINT('',(1.570796311795,2.99999985621E-07));
#347 = ( GEOMETRIC_REPRESENTATION_CONTEXT(2) 
PARAMETRIC_REPRESENTATION_CONTEXT() REPRESENTATION_CONTEXT('2D SPACE',''
  ) );
#348 = PCURVE('',#310,#349);
#349 = DEFINITIONAL_REPRESENTATION('',(#350),#360);
#350 = B_SPLINE_CURVE_WITH_KNOTS('',8,(#351,#352,#353,#354,#355,#356,
    #357,#358,#359),.UNSPECIFIED.,.F.,.F.,(9,9),(3.14159265359,
    4.712388995385),.PIECEWISE_BEZIER_KNOTS.);
#351 = CARTESIAN_POINT('',(-8.881784197001E-16,-20.));
#352 = CARTESIAN_POINT('',(0.196349542724,-20.));
#353 = CARTESIAN_POINT('',(0.392699085448,-19.11878446342));
#354 = CARTESIAN_POINT('',(0.589048628173,-17.35636087628));
#355 = CARTESIAN_POINT('',(0.785398170895,-14.78517491329));
#356 = CARTESIAN_POINT('',(0.981747713622,-11.55026506976));
#357 = CARTESIAN_POINT('',(1.178097256345,-7.853982354578));
#358 = CARTESIAN_POINT('',(1.374446799071,-3.926990554487));
#359 = CARTESIAN_POINT('',(1.570796341795,2.99999985621E-07));
#360 = ( GEOMETRIC_REPRESENTATION_CONTEXT(2) 
PARAMETRIC_REPRESENTATION_CONTEXT() REPRESENTATION_CONTEXT('2D SPACE',''
  ) );
#361 = ADVANCED_FACE('',(#362),#179,.T.);
#362 = FACE_BOUND('',#363,.F.);
#363 = EDGE_LOOP('',(#364,#365,#388,#415,#416,#417));
#364 = ORIENTED_EDGE('',*,*,#197,.F.);
#365 = ORIENTED_EDGE('',*,*,#366,.T.);
#366 = EDGE_CURVE('',#157,#367,#369,.T.);
#367 = VERTEX_POINT('',#368);
#368 = CARTESIAN_POINT('',(20.,-50.,0.));
#369 = SEAM_CURVE('',#370,(#374,#381),.PCURVE_S1.);
#370 = LINE('',#371,#372);
#371 = CARTESIAN_POINT('',(20.,0.,0.));
#372 = VECTOR('',#373,1.);
#373 = DIRECTION('',(0.,-1.,0.));
#374 = PCURVE('',#179,#375);
#375 = DEFINITIONAL_REPRESENTATION('',(#376),#380);
#376 = LINE('',#377,#378);
#377 = CARTESIAN_POINT('',(-6.28318530718,0.));
#378 = VECTOR('',#379,1.);
#379 = DIRECTION('',(-0.,-1.));
#380 = ( GEOMETRIC_REPRESENTATION_CONTEXT(2) 
PARAMETRIC_REPRESENTATION_CONTEXT() REPRESENTATION_CONTEXT('2D SPACE',''
  ) );
#381 = PCURVE('',#179,#382);
#382 = DEFINITIONAL_REPRESENTATION('',(#383),#387);
#383 = LINE('',#384,#385);
#384 = CARTESIAN_POINT('',(-0.,0.));
#385 = VECTOR('',#386,1.);
#386 = DIRECTION('',(-0.,-1.));
#387 = ( GEOMETRIC_REPRESENTATION_CONTEXT(2) 
PARAMETRIC_REPRESENTATION_CONTEXT() REPRESENTATION_CONTEXT('2D SPACE',''
  ) );
#388 = ORIENTED_EDGE('',*,*,#389,.T.);
#389 = EDGE_CURVE('',#367,#367,#390,.T.);
#390 = SURFACE_CURVE('',#391,(#396,#403),.PCURVE_S1.);
#391 = CIRCLE('',#392,20.);
#392 = AXIS2_PLACEMENT_3D('',#393,#394,#395);
#393 = CARTESIAN_POINT('',(0.,-50.,0.));
#394 = DIRECTION('',(0.,-1.,0.));
#395 = DIRECTION('',(1.,0.,0.));
#396 = PCURVE('',#179,#397);
#397 = DEFINITIONAL_REPRESENTATION('',(#398),#402);
#398 = LINE('',#399,#400);
#399 = CARTESIAN_POINT('',(-0.,-50.));
#400 = VECTOR('',#401,1.);
#401 = DIRECTION('',(-1.,0.));
#402 = ( GEOMETRIC_REPRESENTATION_CONTEXT(2) 
PARAMETRIC_REPRESENTATION_CONTEXT() REPRESENTATION_CONTEXT('2D SPACE',''
  ) );
#403 = PCURVE('',#404,#409);
#404 = PLANE('',#405);
#405 = AXIS2_PLACEMENT_3D('',#406,#407,#408);
#406 = CARTESIAN_POINT('',(-1.093952106032E-15,-50.,1.371473012632E-15)
  );
#407 = DIRECTION('',(-0.,-1.,-0.));
#408 = DIRECTION('',(0.,0.,-1.));
#409 = DEFINITIONAL_REPRESENTATION('',(#410),#414);
#410 = CIRCLE('',#411,20.);
#411 = AXIS2_PLACEMENT_2D('',#412,#413);
#412 = CARTESIAN_POINT('',(1.371473012632E-15,1.093952106032E-15));
#413 = DIRECTION('',(0.,1.));
#414 = ( GEOMETRIC_REPRESENTATION_CONTEXT(2) 
PARAMETRIC_REPRESENTATION_CONTEXT() REPRESENTATION_CONTEXT('2D SPACE',''
  ) );
#415 = ORIENTED_EDGE('',*,*,#366,.F.);
#416 = ORIENTED_EDGE('',*,*,#156,.F.);
#417 = ORIENTED_EDGE('',*,*,#418,.F.);
#418 = EDGE_CURVE('',#22,#121,#419,.T.);
#419 = SURFACE_CURVE('',#420,(#425,#445),.PCURVE_S1.);
#420 = ELLIPSE('',#421,28.284271247462,20.);
#421 = AXIS2_PLACEMENT_3D('',#422,#423,#424);
#422 = CARTESIAN_POINT('',(0.,0.,0.));
#423 = DIRECTION('',(0.707106781187,-0.707106781187,0.));
#424 = DIRECTION('',(0.707106781187,0.707106781187,0.));
#425 = PCURVE('',#179,#426);
#426 = DEFINITIONAL_REPRESENTATION('',(#427),#444);
#427 = B_SPLINE_CURVE_WITH_KNOTS('',8,(#428,#429,#430,#431,#432,#433,
    #434,#435,#436,#437,#438,#439,#440,#441,#442,#443),.UNSPECIFIED.,.F.
  ,.F.,(9,7,9),(1.570796311795,3.14159265359,4.712388995385),
  .UNSPECIFIED.);
#428 = CARTESIAN_POINT('',(-1.570796311795,2.999999994014E-07));
#429 = CARTESIAN_POINT('',(-1.767145854519,-3.926990554487));
#430 = CARTESIAN_POINT('',(-1.963495397243,-7.853982354565));
#431 = CARTESIAN_POINT('',(-2.159844939968,-11.55026506978));
#432 = CARTESIAN_POINT('',(-2.356194482689,-14.78517491323));
#433 = CARTESIAN_POINT('',(-2.552544025417,-17.35636087632));
#434 = CARTESIAN_POINT('',(-2.748893568141,-19.11878446343));
#435 = CARTESIAN_POINT('',(-2.945243110865,-20.));
#436 = CARTESIAN_POINT('',(-3.337942196314,-20.));
#437 = CARTESIAN_POINT('',(-3.534291739043,-19.11878446343));
#438 = CARTESIAN_POINT('',(-3.730641281745,-17.35636087622));
#439 = CARTESIAN_POINT('',(-3.926990824504,-14.78517491334));
#440 = CARTESIAN_POINT('',(-4.12334036719,-11.5502650697));
#441 = CARTESIAN_POINT('',(-4.31968990994,-7.853982354578));
#442 = CARTESIAN_POINT('',(-4.51603945266,-3.926990554487));
#443 = CARTESIAN_POINT('',(-4.712388995385,2.99999985621E-07));
#444 = ( GEOMETRIC_REPRESENTATION_CONTEXT(2) 
PARAMETRIC_REPRESENTATION_CONTEXT() REPRESENTATION_CONTEXT('2D SPACE',''
  ) );
#445 = PCURVE('',#310,#446);
#446 = DEFINITIONAL_REPRESENTATION('',(#447),#464);
#447 = B_SPLINE_CURVE_WITH_KNOTS('',8,(#448,#449,#450,#451,#452,#453,
    #454,#455,#456,#457,#458,#459,#460,#461,#462,#463),.UNSPECIFIED.,.F.
  ,.F.,(9,7,9),(1.570796311795,3.14159265359,4.712388995385),
  .UNSPECIFIED.);
#448 = CARTESIAN_POINT('',(1.570796311795,2.999999994014E-07));
#449 = CARTESIAN_POINT('',(1.767145854519,-3.926990554487));
#450 = CARTESIAN_POINT('',(1.963495397243,-7.853982354565));
#451 = CARTESIAN_POINT('',(2.159844939968,-11.55026506978));
#452 = CARTESIAN_POINT('',(2.356194482689,-14.78517491323));
#453 = CARTESIAN_POINT('',(2.552544025417,-17.35636087632));
#454 = CARTESIAN_POINT('',(2.748893568141,-19.11878446343));
#455 = CARTESIAN_POINT('',(2.945243110865,-20.));
#456 = CARTESIAN_POINT('',(3.337942196314,-20.));
#457 = CARTESIAN_POINT('',(3.534291739043,-19.11878446343));
#458 = CARTESIAN_POINT('',(3.730641281745,-17.35636087622));
#459 = CARTESIAN_POINT('',(3.926990824504,-14.78517491334));
#460 = CARTESIAN_POINT('',(4.12334036719,-11.5502650697));
#461 = CARTESIAN_POINT('',(4.31968990994,-7.853982354578));
#462 = CARTESIAN_POINT('',(4.51603945266,-3.926990554487));
#463 = CARTESIAN_POINT('',(4.712388995385,2.99999985621E-07));
#464 = ( GEOMETRIC_REPRESENTATION_CONTEXT(2) 
PARAMETRIC_REPRESENTATION_CONTEXT() REPRESENTATION_CONTEXT('2D SPACE',''
  ) );
#465 = ADVANCED_FACE('',(#466),#310,.T.);
#466 = FACE_BOUND('',#467,.T.);
#467 = EDGE_LOOP('',(#468,#469,#492,#519,#520,#521));
#468 = ORIENTED_EDGE('',*,*,#328,.F.);
#469 = ORIENTED_EDGE('',*,*,#470,.T.);
#470 = EDGE_CURVE('',#288,#471,#473,.T.);
#471 = VERTEX_POINT('',#472);
#472 = CARTESIAN_POINT('',(-50.,20.,0.));
#473 = SEAM_CURVE('',#474,(#478,#485),.PCURVE_S1.);
#474 = LINE('',#475,#476);
#475 = CARTESIAN_POINT('',(0.,20.,0.));
#476 = VECTOR('',#477,1.);
#477 = DIRECTION('',(-1.,-0.,-0.));
#478 = PCURVE('',#310,#479);
#479 = DEFINITIONAL_REPRESENTATION('',(#480),#484);
#480 = LINE('',#481,#482);
#481 = CARTESIAN_POINT('',(6.28318530718,0.));
#482 = VECTOR('',#483,1.);
#483 = DIRECTION('',(0.,-1.));
#484 = ( GEOMETRIC_REPRESENTATION_CONTEXT(2) 
PARAMETRIC_REPRESENTATION_CONTEXT() REPRESENTATION_CONTEXT('2D SPACE',''
  ) );
#485 = PCURVE('',#310,#486);
#486 = DEFINITIONAL_REPRESENTATION('',(#487),#491);
#487 = LINE('',#488,#489);
#488 = CARTESIAN_POINT('',(0.,0.));
#489 = VECTOR('',#490,1.);
#490 = DIRECTION('',(0.,-1.));
#491 = ( GEOMETRIC_REPRESENTATION_CONTEXT(2) 
PARAMETRIC_REPRESENTATION_CONTEXT() REPRESENTATION_CONTEXT('2D SPACE',''
  ) );
#492 = ORIENTED_EDGE('',*,*,#493,.T.);
#493 = EDGE_CURVE('',#471,#471,#494,.T.);
#494 = SURFACE_CURVE('',#495,(#500,#507),.PCURVE_S1.);
#495 = CIRCLE('',#496,20.);
#496 = AXIS2_PLACEMENT_3D('',#497,#498,#499);
#497 = CARTESIAN_POINT('',(-50.,0.,0.));
#498 = DIRECTION('',(1.,0.,0.));
#499 = DIRECTION('',(0.,1.,0.));
#500 = PCURVE('',#310,#501);
#501 = DEFINITIONAL_REPRESENTATION('',(#502),#506);
#502 = LINE('',#503,#504);
#503 = CARTESIAN_POINT('',(0.,-50.));
#504 = VECTOR('',#505,1.);
#505 = DIRECTION('',(1.,0.));
#506 = ( GEOMETRIC_REPRESENTATION_CONTEXT(2) 
PARAMETRIC_REPRESENTATION_CONTEXT() REPRESENTATION_CONTEXT('2D SPACE',''
  ) );
#507 = PCURVE('',#508,#513);
#508 = PLANE('',#509);
#509 = AXIS2_PLACEMENT_3D('',#510,#511,#512);
#510 = CARTESIAN_POINT('',(-50.,-1.093952106032E-15,1.371473012632E-15)
  );
#511 = DIRECTION('',(1.,0.,0.));
#512 = DIRECTION('',(-0.,0.,1.));
#513 = DEFINITIONAL_REPRESENTATION('',(#514),#518);
#514 = CIRCLE('',#515,20.);
#515 = AXIS2_PLACEMENT_2D('',#516,#517);
#516 = CARTESIAN_POINT('',(-1.371473012632E-15,-1.093952106032E-15));
#517 = DIRECTION('',(0.,-1.));
#518 = ( GEOMETRIC_REPRESENTATION_CONTEXT(2) 
PARAMETRIC_REPRESENTATION_CONTEXT() REPRESENTATION_CONTEXT('2D SPACE',''
  ) );
#519 = ORIENTED_EDGE('',*,*,#470,.F.);
#520 = ORIENTED_EDGE('',*,*,#287,.F.);
#521 = ORIENTED_EDGE('',*,*,#418,.F.);
#522 = ADVANCED_FACE('',(#523,#526),#107,.T.);
#523 = FACE_BOUND('',#524,.T.);
#524 = EDGE_LOOP('',(#525));
#525 = ORIENTED_EDGE('',*,*,#92,.T.);
#526 = FACE_BOUND('',#527,.T.);
#527 = EDGE_LOOP('',(#528));
#528 = ORIENTED_EDGE('',*,*,#529,.F.);
#529 = EDGE_CURVE('',#530,#530,#532,.T.);
#530 = VERTEX_POINT('',#531);
#531 = CARTESIAN_POINT('',(50.,18.,-4.40872847693E-15));
#532 = SURFACE_CURVE('',#533,(#538,#545),.PCURVE_S1.);
#533 = CIRCLE('',#534,18.);
#534 = AXIS2_PLACEMENT_3D('',#535,#536,#537);
#535 = CARTESIAN_POINT('',(50.,0.,0.));
#536 = DIRECTION('',(1.,0.,0.));
#537 = DIRECTION('',(0.,1.,0.));
#538 = PCURVE('',#107,#539);
#539 = DEFINITIONAL_REPRESENTATION('',(#540),#544);
#540 = CIRCLE('',#541,18.);
#541 = AXIS2_PLACEMENT_2D('',#542,#543);
#542 = CARTESIAN_POINT('',(-1.371473012632E-15,-1.093952106032E-15));
#543 = DIRECTION('',(0.,-1.));
#544 = ( GEOMETRIC_REPRESENTATION_CONTEXT(2) 
PARAMETRIC_REPRESENTATION_CONTEXT() REPRESENTATION_CONTEXT('2D SPACE',''
  ) );
#545 = PCURVE('',#546,#551);
#546 = CYLINDRICAL_SURFACE('',#547,18.);
#547 = AXIS2_PLACEMENT_3D('',#548,#549,#550);
#548 = CARTESIAN_POINT('',(0.,0.,0.));
#549 = DIRECTION('',(-1.,-0.,-0.));
#550 = DIRECTION('',(0.,1.,0.));
#551 = DEFINITIONAL_REPRESENTATION('',(#552),#556);
#552 = LINE('',#553,#554);
#553 = CARTESIAN_POINT('',(-0.,-50.));
#554 = VECTOR('',#555,1.);
#555 = DIRECTION('',(-1.,0.));
#556 = ( GEOMETRIC_REPRESENTATION_CONTEXT(2) 
PARAMETRIC_REPRESENTATION_CONTEXT() REPRESENTATION_CONTEXT('2D SPACE',''
  ) );
#557 = ADVANCED_FACE('',(#558),#546,.F.);
#558 = FACE_BOUND('',#559,.T.);
#559 = EDGE_LOOP('',(#560,#633,#654,#655,#656,#727,#798));
#560 = ORIENTED_EDGE('',*,*,#561,.T.);
#561 = EDGE_CURVE('',#562,#564,#566,.T.);
#562 = VERTEX_POINT('',#563);
#563 = CARTESIAN_POINT('',(-3.326006223675E-16,-2.894620769418E-15,18.)
  );
#564 = VERTEX_POINT('',#565);
#565 = CARTESIAN_POINT('',(20.,18.,2.204364238465E-15));
#566 = SURFACE_CURVE('',#567,(#579,#592),.PCURVE_S1.);
#567 = ( BOUNDED_CURVE() B_SPLINE_CURVE(10,(#568,#569,#570,#571,#572,
    #573,#574,#575,#576,#577,#578),.UNSPECIFIED.,.F.,.F.) 
B_SPLINE_CURVE_WITH_KNOTS((11,11),(1.570796326795,3.14159265359),
.PIECEWISE_BEZIER_KNOTS.) CURVE() GEOMETRIC_REPRESENTATION_ITEM() 
RATIONAL_B_SPLINE_CURVE((1.,1.,1.,1.,1.,1.,1.,1.,1.,1.,1.)) 
REPRESENTATION_ITEM('') );
#568 = CARTESIAN_POINT('',(0.,-8.881784197001E-15,18.));
#569 = CARTESIAN_POINT('',(3.14159265359,2.827433388231,18.));
#570 = CARTESIAN_POINT('',(6.283185887322,5.654866774428,17.506519781797
    ));
#571 = CARTESIAN_POINT('',(9.317115023405,8.385405562688,16.519559328629
    ));
#572 = CARTESIAN_POINT('',(12.135730798924,10.922155052641,
    15.060861815913));
#573 = CARTESIAN_POINT('',(14.637680817705,13.173913224486,
    13.173913224453));
#574 = CARTESIAN_POINT('',(16.734288762158,15.060861815943,
    10.922155052591));
#575 = CARTESIAN_POINT('',(18.355067856637,16.519559328623,
    8.385405562663));
#576 = CARTESIAN_POINT('',(19.451688121055,17.506519781797,
    5.654866774434));
#577 = CARTESIAN_POINT('',(20.,18.,2.827433388231));
#578 = CARTESIAN_POINT('',(20.,18.,1.7763568394E-15));
#579 = PCURVE('',#546,#580);
#580 = DEFINITIONAL_REPRESENTATION('',(#581),#591);
#581 = B_SPLINE_CURVE_WITH_KNOTS('',8,(#582,#583,#584,#585,#586,#587,
    #588,#589,#590),.UNSPECIFIED.,.F.,.F.,(9,9),(1.570796311795,
    3.14159265359),.PIECEWISE_BEZIER_KNOTS.);
#582 = CARTESIAN_POINT('',(-1.570796341795,2.999999994014E-07));
#583 = CARTESIAN_POINT('',(-1.374446799071,-3.926990554487));
#584 = CARTESIAN_POINT('',(-1.178097256347,-7.853982354565));
#585 = CARTESIAN_POINT('',(-0.981747713621,-11.55026506978));
#586 = CARTESIAN_POINT('',(-0.785398170896,-14.78517491323));
#587 = CARTESIAN_POINT('',(-0.589048628171,-17.35636087632));
#588 = CARTESIAN_POINT('',(-0.392699085449,-19.11878446343));
#589 = CARTESIAN_POINT('',(-0.196349542724,-20.));
#590 = CARTESIAN_POINT('',(-1.224646799147E-16,-20.));
#591 = ( GEOMETRIC_REPRESENTATION_CONTEXT(2) 
PARAMETRIC_REPRESENTATION_CONTEXT() REPRESENTATION_CONTEXT('2D SPACE',''
  ) );
#592 = PCURVE('',#593,#627);
#593 = ( BOUNDED_SURFACE() B_SPLINE_SURFACE(2,10,(
    (#594,#595,#596,#597,#598,#599,#600,#601,#602,#603,#604)
    ,(#605,#606,#607,#608,#609,#610,#611,#612,#613,#614,#615)
    ,(#616,#617,#618,#619,#620,#621,#622,#623,#624,#625,#626
)),.UNSPECIFIED.,.F.,.F.,.F.) B_SPLINE_SURFACE_WITH_KNOTS((3,3),(11,11),
  (0.,1.),(1.570796326795,3.14159265359),.PIECEWISE_BEZIER_KNOTS.) 
GEOMETRIC_REPRESENTATION_ITEM() RATIONAL_B_SPLINE_SURFACE((
    (1.,1.,1.,1.,1.,1.,1.,1.,1.,1.,1.)
    ,(1.,1.,0.986298019013,0.958839389999,0.919388356276,0.870186338163
      ,0.817666867566,0.765223827211,0.726496302956,0.707106781187
      ,0.707106781187)
,(1.,1.,1.,1.,1.,1.,1.,1.,1.,1.,1.
  ))) REPRESENTATION_ITEM('') SURFACE() );
#594 = CARTESIAN_POINT('',(0.,-8.881784197001E-15,18.));
#595 = CARTESIAN_POINT('',(3.14159265359,2.827433388231,18.));
#596 = CARTESIAN_POINT('',(6.283185887322,5.654866774428,17.506519781797
    ));
#597 = CARTESIAN_POINT('',(9.317115023405,8.385405562688,16.519559328629
    ));
#598 = CARTESIAN_POINT('',(12.135730798924,10.922155052641,
    15.060861815913));
#599 = CARTESIAN_POINT('',(14.637680817705,13.173913224486,
    13.173913224453));
#600 = CARTESIAN_POINT('',(16.734288762158,15.060861815943,
    10.922155052591));
#601 = CARTESIAN_POINT('',(18.355067856637,16.519559328623,
    8.385405562663));
#602 = CARTESIAN_POINT('',(19.451688121055,17.506519781797,
    5.654866774434));
#603 = CARTESIAN_POINT('',(20.,18.,2.827433388231));
#604 = CARTESIAN_POINT('',(20.,18.,1.7763568394E-15));
#605 = CARTESIAN_POINT('',(-3.552713678801E-15,-1.7763568394E-15,18.));
#606 = CARTESIAN_POINT('',(2.98451302091,2.984513020911,18.));
#607 = CARTESIAN_POINT('',(6.052264892881,6.05226489288,17.443495352039)
  );
#608 = CARTESIAN_POINT('',(9.052360371732,9.052360371733,16.287788591332
    ));
#609 = CARTESIAN_POINT('',(11.808877157503,11.808877157503,
    14.524885563615));
#610 = CARTESIAN_POINT('',(14.099066486008,14.099066486009,
    12.314177985958));
#611 = CARTESIAN_POINT('',(15.853430627859,15.853430627858,
    9.759622409024));
#612 = CARTESIAN_POINT('',(16.935248370159,16.935248370159,
    7.238148343094));
#613 = CARTESIAN_POINT('',(17.626441961719,17.626441961718,4.89365548214
    ));
#614 = CARTESIAN_POINT('',(18.,18.,2.513274122872));
#615 = CARTESIAN_POINT('',(18.,18.,5.329070518201E-15));
#616 = CARTESIAN_POINT('',(-8.881784197001E-15,0.,18.));
#617 = CARTESIAN_POINT('',(2.827433388231,3.14159265359,18.));
#618 = CARTESIAN_POINT('',(5.654866774428,6.283185887322,17.506519781797
    ));
#619 = CARTESIAN_POINT('',(8.385405562688,9.317115023405,16.519559328629
    ));
#620 = CARTESIAN_POINT('',(10.922155052641,12.135730798924,
    15.060861815913));
#621 = CARTESIAN_POINT('',(13.173913224486,14.637680817705,
    13.173913224453));
#622 = CARTESIAN_POINT('',(15.060861815943,16.734288762158,
    10.922155052591));
#623 = CARTESIAN_POINT('',(16.519559328623,18.355067856637,
    8.385405562663));
#624 = CARTESIAN_POINT('',(17.506519781797,19.451688121055,
    5.654866774434));
#625 = CARTESIAN_POINT('',(18.,20.,2.827433388231));
#626 = CARTESIAN_POINT('',(18.,20.,1.7763568394E-15));
#627 = DEFINITIONAL_REPRESENTATION('',(#628),#632);
#628 = LINE('',#629,#630);
#629 = CARTESIAN_POINT('',(0.,0.));
#630 = VECTOR('',#631,1.);
#631 = DIRECTION('',(0.,1.));
#632 = ( GEOMETRIC_REPRESENTATION_CONTEXT(2) 
PARAMETRIC_REPRESENTATION_CONTEXT() REPRESENTATION_CONTEXT('2D SPACE',''
  ) );
#633 = ORIENTED_EDGE('',*,*,#634,.T.);
#634 = EDGE_CURVE('',#564,#530,#635,.T.);
#635 = SEAM_CURVE('',#636,(#640,#647),.PCURVE_S1.);
#636 = LINE('',#637,#638);
#637 = CARTESIAN_POINT('',(0.,18.,-4.40872847693E-15));
#638 = VECTOR('',#639,1.);
#639 = DIRECTION('',(1.,0.,0.));
#640 = PCURVE('',#546,#641);
#641 = DEFINITIONAL_REPRESENTATION('',(#642),#646);
#642 = LINE('',#643,#644);
#643 = CARTESIAN_POINT('',(-0.,0.));
#644 = VECTOR('',#645,1.);
#645 = DIRECTION('',(-0.,-1.));
#646 = ( GEOMETRIC_REPRESENTATION_CONTEXT(2) 
PARAMETRIC_REPRESENTATION_CONTEXT() REPRESENTATION_CONTEXT('2D SPACE',''
  ) );
#647 = PCURVE('',#546,#648);
#648 = DEFINITIONAL_REPRESENTATION('',(#649),#653);
#649 = LINE('',#650,#651);
#650 = CARTESIAN_POINT('',(-6.28318530718,0.));
#651 = VECTOR('',#652,1.);
#652 = DIRECTION('',(-0.,-1.));
#653 = ( GEOMETRIC_REPRESENTATION_CONTEXT(2) 
PARAMETRIC_REPRESENTATION_CONTEXT() REPRESENTATION_CONTEXT('2D SPACE',''
  ) );
#654 = ORIENTED_EDGE('',*,*,#529,.T.);
#655 = ORIENTED_EDGE('',*,*,#634,.F.);
#656 = ORIENTED_EDGE('',*,*,#657,.T.);
#657 = EDGE_CURVE('',#564,#658,#660,.T.);
#658 = VERTEX_POINT('',#659);
#659 = CARTESIAN_POINT('',(-1.285624158888E-15,-1.92937579123E-14,-18.)
  );
#660 = SURFACE_CURVE('',#661,(#673,#686),.PCURVE_S1.);
#661 = ( BOUNDED_CURVE() B_SPLINE_CURVE(10,(#662,#663,#664,#665,#666,
    #667,#668,#669,#670,#671,#672),.UNSPECIFIED.,.F.,.F.) 
B_SPLINE_CURVE_WITH_KNOTS((11,11),(3.14159265359,4.712388980385),
.PIECEWISE_BEZIER_KNOTS.) CURVE() GEOMETRIC_REPRESENTATION_ITEM() 
RATIONAL_B_SPLINE_CURVE((1.,1.,1.,1.000000000001,0.999999999999,
    1.000000000001,0.999999999999,1.000000000001,1.,1.,1.)) 
REPRESENTATION_ITEM('') );
#662 = CARTESIAN_POINT('',(20.,18.,-1.7763568394E-15));
#663 = CARTESIAN_POINT('',(20.,18.,-2.827433388232));
#664 = CARTESIAN_POINT('',(19.451688121055,17.506519781798,
    -5.654866774419));
#665 = CARTESIAN_POINT('',(18.355067856616,16.519559328632,
    -8.385405562678));
#666 = CARTESIAN_POINT('',(16.734288762151,15.060861815922,
    -10.92215505259));
#667 = CARTESIAN_POINT('',(14.637680817723,13.173913224513,
    -13.17391322442));
#668 = CARTESIAN_POINT('',(12.135730798931,10.922155052644,
    -15.06086181593));
#669 = CARTESIAN_POINT('',(9.317115023408,8.385405562685,-16.51955932861
    ));
#670 = CARTESIAN_POINT('',(6.283185887328,5.654866774446,-17.50651978179
    ));
#671 = CARTESIAN_POINT('',(3.141592653591,2.827433388232,-18.));
#672 = CARTESIAN_POINT('',(3.552713678801E-15,-4.973799150321E-14,-18.)
  );
#673 = PCURVE('',#546,#674);
#674 = DEFINITIONAL_REPRESENTATION('',(#675),#685);
#675 = B_SPLINE_CURVE_WITH_KNOTS('',8,(#676,#677,#678,#679,#680,#681,
    #682,#683,#684),.UNSPECIFIED.,.F.,.F.,(9,9),(3.14159265359,
    4.712388995385),.PIECEWISE_BEZIER_KNOTS.);
#676 = CARTESIAN_POINT('',(-6.28318530718,-20.));
#677 = CARTESIAN_POINT('',(-6.086835764455,-20.));
#678 = CARTESIAN_POINT('',(-5.890486221732,-19.11878446343));
#679 = CARTESIAN_POINT('',(-5.694136679006,-17.35636087628));
#680 = CARTESIAN_POINT('',(-5.497787136287,-14.78517491329));
#681 = CARTESIAN_POINT('',(-5.301437593557,-11.55026506976));
#682 = CARTESIAN_POINT('',(-5.105088050835,-7.853982354578));
#683 = CARTESIAN_POINT('',(-4.908738508109,-3.926990554487));
#684 = CARTESIAN_POINT('',(-4.712388965385,3.000000033846E-07));
#685 = ( GEOMETRIC_REPRESENTATION_CONTEXT(2) 
PARAMETRIC_REPRESENTATION_CONTEXT() REPRESENTATION_CONTEXT('2D SPACE',''
  ) );
#686 = PCURVE('',#687,#721);
#687 = ( BOUNDED_SURFACE() B_SPLINE_SURFACE(2,10,(
    (#688,#689,#690,#691,#692,#693,#694,#695,#696,#697,#698)
    ,(#699,#700,#701,#702,#703,#704,#705,#706,#707,#708,#709)
    ,(#710,#711,#712,#713,#714,#715,#716,#717,#718,#719,#720
)),.UNSPECIFIED.,.F.,.F.,.F.) B_SPLINE_SURFACE_WITH_KNOTS((3,3),(11,11),
  (0.,1.),(3.14159265359,4.712388980385),.PIECEWISE_BEZIER_KNOTS.) 
GEOMETRIC_REPRESENTATION_ITEM() RATIONAL_B_SPLINE_SURFACE((
    (1.,1.,1.,1.000000000001,0.999999999999,1.000000000001
      ,0.999999999999,1.000000000001,1.,1.,1.)
    ,(0.707106781187,0.707106781187,0.726496302955,0.765223827223
      ,0.817666867556,0.87018633817,0.91938835627,0.958839390002
      ,0.986298019013,1.,1.)
    ,(1.,1.,1.,1.000000000001,0.999999999999,1.000000000001
,0.999999999999,1.000000000001,1.,1.,1.
))) REPRESENTATION_ITEM('') SURFACE() );
#688 = CARTESIAN_POINT('',(20.,18.,-1.7763568394E-15));
#689 = CARTESIAN_POINT('',(20.,18.,-2.827433388232));
#690 = CARTESIAN_POINT('',(19.451688121055,17.506519781798,
    -5.654866774419));
#691 = CARTESIAN_POINT('',(18.355067856616,16.519559328632,
    -8.385405562678));
#692 = CARTESIAN_POINT('',(16.734288762151,15.060861815922,
    -10.92215505259));
#693 = CARTESIAN_POINT('',(14.637680817723,13.173913224513,
    -13.17391322442));
#694 = CARTESIAN_POINT('',(12.135730798931,10.922155052644,
    -15.06086181593));
#695 = CARTESIAN_POINT('',(9.317115023408,8.385405562685,-16.51955932861
    ));
#696 = CARTESIAN_POINT('',(6.283185887328,5.654866774446,-17.50651978179
    ));
#697 = CARTESIAN_POINT('',(3.141592653591,2.827433388232,-18.));
#698 = CARTESIAN_POINT('',(3.552713678801E-15,-4.973799150321E-14,-18.)
  );
#699 = CARTESIAN_POINT('',(18.,18.,-1.24344978758E-14));
#700 = CARTESIAN_POINT('',(18.,18.,-2.513274122873));
#701 = CARTESIAN_POINT('',(17.626441961721,17.626441961721,
    -4.893655482097));
#702 = CARTESIAN_POINT('',(16.935248370218,16.935248370218,
    -7.238148343096));
#703 = CARTESIAN_POINT('',(15.853430627744,15.853430627744,
    -9.759622409175));
#704 = CARTESIAN_POINT('',(14.099066486094,14.099066486094,
    -12.31417798577));
#705 = CARTESIAN_POINT('',(11.808877157486,11.808877157486,
    -14.52488556371));
#706 = CARTESIAN_POINT('',(9.052360371745,9.052360371745,-16.28778859129
    ));
#707 = CARTESIAN_POINT('',(6.052264892888,6.052264892888,-17.44349535204
    ));
#708 = CARTESIAN_POINT('',(2.984513020911,2.984513020911,-17.99999999999
    ));
#709 = CARTESIAN_POINT('',(-2.48689957516E-14,-2.48689957516E-14,-18.));
#710 = CARTESIAN_POINT('',(18.,20.,-1.7763568394E-15));
#711 = CARTESIAN_POINT('',(18.,20.,-2.827433388232));
#712 = CARTESIAN_POINT('',(17.506519781798,19.451688121055,
    -5.654866774419));
#713 = CARTESIAN_POINT('',(16.519559328632,18.355067856616,
    -8.385405562678));
#714 = CARTESIAN_POINT('',(15.060861815922,16.734288762151,
    -10.92215505259));
#715 = CARTESIAN_POINT('',(13.173913224513,14.637680817723,
    -13.17391322442));
#716 = CARTESIAN_POINT('',(10.922155052644,12.135730798931,
    -15.06086181593));
#717 = CARTESIAN_POINT('',(8.385405562685,9.317115023408,-16.51955932861
    ));
#718 = CARTESIAN_POINT('',(5.654866774446,6.283185887328,-17.50651978179
    ));
#719 = CARTESIAN_POINT('',(2.827433388232,3.141592653591,-18.));
#720 = CARTESIAN_POINT('',(-4.973799150321E-14,3.552713678801E-15,-18.)
  );
#721 = DEFINITIONAL_REPRESENTATION('',(#722),#726);
#722 = LINE('',#723,#724);
#723 = CARTESIAN_POINT('',(0.,0.));
#724 = VECTOR('',#725,1.);
#725 = DIRECTION('',(0.,1.));
#726 = ( GEOMETRIC_REPRESENTATION_CONTEXT(2) 
PARAMETRIC_REPRESENTATION_CONTEXT() REPRESENTATION_CONTEXT('2D SPACE',''
  ) );
#727 = ORIENTED_EDGE('',*,*,#728,.T.);
#728 = EDGE_CURVE('',#658,#729,#731,.T.);
#729 = VERTEX_POINT('',#730);
#730 = CARTESIAN_POINT('',(20.,-18.,-5.789241538836E-15));
#731 = SURFACE_CURVE('',#732,(#744,#757),.PCURVE_S1.);
#732 = ( BOUNDED_CURVE() B_SPLINE_CURVE(10,(#733,#734,#735,#736,#737,
    #738,#739,#740,#741,#742,#743),.UNSPECIFIED.,.F.,.F.) 
B_SPLINE_CURVE_WITH_KNOTS((11,11),(1.570796326795,3.14159265359),
.PIECEWISE_BEZIER_KNOTS.) CURVE() GEOMETRIC_REPRESENTATION_ITEM() 
RATIONAL_B_SPLINE_CURVE((1.,1.,1.,1.,1.,1.,1.,1.,1.,1.,1.)) 
REPRESENTATION_ITEM('') );
#733 = CARTESIAN_POINT('',(0.,4.263256414561E-14,-18.));
#734 = CARTESIAN_POINT('',(3.14159265359,-2.827433388231,-18.));
#735 = CARTESIAN_POINT('',(6.28318588734,-5.654866774426,-17.50651978179
    ));
#736 = CARTESIAN_POINT('',(9.317115023392,-8.385405562702,
    -16.51955932863));
#737 = CARTESIAN_POINT('',(12.135730798929,-10.92215505263,
    -15.06086181589));
#738 = CARTESIAN_POINT('',(14.637680817739,-13.17391322446,
    -13.17391322447));
#739 = CARTESIAN_POINT('',(16.734288762158,-15.06086181596,
    -10.92215505259));
#740 = CARTESIAN_POINT('',(18.355067856615,-16.51955932861,
    -8.385405562651));
#741 = CARTESIAN_POINT('',(19.451688121057,-17.50651978179,
    -5.654866774449));
#742 = CARTESIAN_POINT('',(20.,-18.,-2.827433388231));
#743 = CARTESIAN_POINT('',(20.,-18.,-3.552713678801E-15));
#744 = PCURVE('',#546,#745);
#745 = DEFINITIONAL_REPRESENTATION('',(#746),#756);
#746 = B_SPLINE_CURVE_WITH_KNOTS('',8,(#747,#748,#749,#750,#751,#752,
    #753,#754,#755),.UNSPECIFIED.,.F.,.F.,(9,9),(1.570796311795,
    3.14159265359),.PIECEWISE_BEZIER_KNOTS.);
#747 = CARTESIAN_POINT('',(-4.712388995385,3.000000038423E-07));
#748 = CARTESIAN_POINT('',(-4.51603945266,-3.926990554487));
#749 = CARTESIAN_POINT('',(-4.319689909937,-7.853982354594));
#750 = CARTESIAN_POINT('',(-4.123340367209,-11.55026506972));
#751 = CARTESIAN_POINT('',(-3.92699082449,-14.78517491334));
#752 = CARTESIAN_POINT('',(-3.730641281758,-17.35636087627));
#753 = CARTESIAN_POINT('',(-3.53429173904,-19.11878446344));
#754 = CARTESIAN_POINT('',(-3.337942196314,-20.));
#755 = CARTESIAN_POINT('',(-3.14159265359,-20.));
#756 = ( GEOMETRIC_REPRESENTATION_CONTEXT(2) 
PARAMETRIC_REPRESENTATION_CONTEXT() REPRESENTATION_CONTEXT('2D SPACE',''
  ) );
#757 = PCURVE('',#758,#792);
#758 = ( BOUNDED_SURFACE() B_SPLINE_SURFACE(2,10,(
    (#759,#760,#761,#762,#763,#764,#765,#766,#767,#768,#769)
    ,(#770,#771,#772,#773,#774,#775,#776,#777,#778,#779,#780)
    ,(#781,#782,#783,#784,#785,#786,#787,#788,#789,#790,#791
)),.UNSPECIFIED.,.F.,.F.,.F.) B_SPLINE_SURFACE_WITH_KNOTS((3,3),(11,11),
  (0.,1.),(1.570796326795,3.14159265359),.PIECEWISE_BEZIER_KNOTS.) 
GEOMETRIC_REPRESENTATION_ITEM() RATIONAL_B_SPLINE_SURFACE((
    (1.,1.,1.,1.,1.,1.,1.,1.,1.,1.,1.)
    ,(1.,1.,0.986298019014,0.958839389987,0.919388356305,0.870186338099
      ,0.817666867556,0.765223827216,0.726496302954,0.707106781187
      ,0.707106781187)
,(1.,1.,1.,1.,1.,1.,1.,1.,1.,1.,1.
  ))) REPRESENTATION_ITEM('') SURFACE() );
#759 = CARTESIAN_POINT('',(0.,4.263256414561E-14,-18.));
#760 = CARTESIAN_POINT('',(3.14159265359,-2.827433388231,-18.));
#761 = CARTESIAN_POINT('',(6.28318588734,-5.654866774426,-17.50651978179
    ));
#762 = CARTESIAN_POINT('',(9.317115023392,-8.385405562702,
    -16.51955932863));
#763 = CARTESIAN_POINT('',(12.135730798929,-10.92215505263,
    -15.06086181589));
#764 = CARTESIAN_POINT('',(14.637680817739,-13.17391322446,
    -13.17391322447));
#765 = CARTESIAN_POINT('',(16.734288762158,-15.06086181596,
    -10.92215505259));
#766 = CARTESIAN_POINT('',(18.355067856615,-16.51955932861,
    -8.385405562651));
#767 = CARTESIAN_POINT('',(19.451688121057,-17.50651978179,
    -5.654866774449));
#768 = CARTESIAN_POINT('',(20.,-18.,-2.827433388231));
#769 = CARTESIAN_POINT('',(20.,-18.,-3.552713678801E-15));
#770 = CARTESIAN_POINT('',(-2.6645352591E-14,2.48689957516E-14,-18.));
#771 = CARTESIAN_POINT('',(2.98451302091,-2.98451302091,-18.));
#772 = CARTESIAN_POINT('',(6.052264892893,-6.052264892922,
    -17.44349535203));
#773 = CARTESIAN_POINT('',(9.052360371633,-9.052360371617,
    -16.28778859129));
#774 = CARTESIAN_POINT('',(11.808877157631,-11.80887715767,
    -14.52488556384));
#775 = CARTESIAN_POINT('',(14.099066486091,-14.0990664863,
    -12.31417798506));
#776 = CARTESIAN_POINT('',(15.853430627203,-15.85343062724,
    -9.75962241005));
#777 = CARTESIAN_POINT('',(16.935248370338,-16.93524837035,
    -7.238148342895));
#778 = CARTESIAN_POINT('',(17.626441961673,-17.62644196167,
    -4.893655482251));
#779 = CARTESIAN_POINT('',(18.,-18.,-2.513274122872));
#780 = CARTESIAN_POINT('',(18.,-18.,-1.24344978758E-14));
#781 = CARTESIAN_POINT('',(-4.796163466381E-14,0.,-18.));
#782 = CARTESIAN_POINT('',(2.827433388231,-3.14159265359,-18.));
#783 = CARTESIAN_POINT('',(5.654866774365,-6.28318588734,-17.50651978179
    ));
#784 = CARTESIAN_POINT('',(8.385405562747,-9.317115023392,
    -16.51955932867));
#785 = CARTESIAN_POINT('',(10.922155052522,-12.13573079892,
    -15.06086181581));
#786 = CARTESIAN_POINT('',(13.173913224132,-14.63768081773,
    -13.17391322473));
#787 = CARTESIAN_POINT('',(15.060861815947,-16.73428876215,
    -10.92215505283));
#788 = CARTESIAN_POINT('',(16.519559328578,-18.35506785661,
    -8.385405562704));
#789 = CARTESIAN_POINT('',(17.506519781798,-19.45168812105,-5.6548667745
    ));
#790 = CARTESIAN_POINT('',(18.,-20.,-2.827433388231));
#791 = CARTESIAN_POINT('',(18.,-20.,-1.7763568394E-14));
#792 = DEFINITIONAL_REPRESENTATION('',(#793),#797);
#793 = LINE('',#794,#795);
#794 = CARTESIAN_POINT('',(0.,0.));
#795 = VECTOR('',#796,1.);
#796 = DIRECTION('',(0.,1.));
#797 = ( GEOMETRIC_REPRESENTATION_CONTEXT(2) 
PARAMETRIC_REPRESENTATION_CONTEXT() REPRESENTATION_CONTEXT('2D SPACE',''
  ) );
#798 = ORIENTED_EDGE('',*,*,#799,.T.);
#799 = EDGE_CURVE('',#729,#562,#800,.T.);
#800 = SURFACE_CURVE('',#801,(#813,#826),.PCURVE_S1.);
#801 = ( BOUNDED_CURVE() B_SPLINE_CURVE(10,(#802,#803,#804,#805,#806,
    #807,#808,#809,#810,#811,#812),.UNSPECIFIED.,.F.,.F.) 
B_SPLINE_CURVE_WITH_KNOTS((11,11),(3.14159265359,4.712388980385),
.PIECEWISE_BEZIER_KNOTS.) CURVE() GEOMETRIC_REPRESENTATION_ITEM() 
RATIONAL_B_SPLINE_CURVE((1.,1.,1.,1.,1.,1.,1.,1.,1.,1.,1.)) 
REPRESENTATION_ITEM('') );
#802 = CARTESIAN_POINT('',(20.,-18.,-5.329070518201E-15));
#803 = CARTESIAN_POINT('',(20.,-18.,2.827433388231));
#804 = CARTESIAN_POINT('',(19.451688121049,-17.50651978179,
    5.654866774443));
#805 = CARTESIAN_POINT('',(18.355067856616,-16.51955932861,8.38540556263
    ));
#806 = CARTESIAN_POINT('',(16.734288762147,-15.06086181597,
    10.92215505261));
#807 = CARTESIAN_POINT('',(14.637680817723,-13.17391322442,
    13.17391322452));
#808 = CARTESIAN_POINT('',(12.135730798934,-10.92215505261,
    15.060861815887));
#809 = CARTESIAN_POINT('',(9.317115023403,-8.385405562707,
    16.519559328636));
#810 = CARTESIAN_POINT('',(6.283185887331,-5.654866774424,
    17.506519781795));
#811 = CARTESIAN_POINT('',(3.14159265359,-2.827433388231,18.));
#812 = CARTESIAN_POINT('',(8.881784197001E-15,-1.59872115546E-14,18.));
#813 = PCURVE('',#546,#814);
#814 = DEFINITIONAL_REPRESENTATION('',(#815),#825);
#815 = B_SPLINE_CURVE_WITH_KNOTS('',8,(#816,#817,#818,#819,#820,#821,
    #822,#823,#824),.UNSPECIFIED.,.F.,.F.,(9,9),(3.14159265359,
    4.712388995385),.PIECEWISE_BEZIER_KNOTS.);
#816 = CARTESIAN_POINT('',(-3.14159265359,-20.));
#817 = CARTESIAN_POINT('',(-2.945243110865,-20.));
#818 = CARTESIAN_POINT('',(-2.74889356814,-19.11878446342));
#819 = CARTESIAN_POINT('',(-2.552544025423,-17.35636087628));
#820 = CARTESIAN_POINT('',(-2.356194482685,-14.78517491329));
#821 = CARTESIAN_POINT('',(-2.159844939972,-11.55026506976));
#822 = CARTESIAN_POINT('',(-1.963495397243,-7.853982354578));
#823 = CARTESIAN_POINT('',(-1.767145854519,-3.926990554487));
#824 = CARTESIAN_POINT('',(-1.570796311795,2.99999985621E-07));
#825 = ( GEOMETRIC_REPRESENTATION_CONTEXT(2) 
PARAMETRIC_REPRESENTATION_CONTEXT() REPRESENTATION_CONTEXT('2D SPACE',''
  ) );
#826 = PCURVE('',#827,#861);
#827 = ( BOUNDED_SURFACE() B_SPLINE_SURFACE(2,10,(
    (#828,#829,#830,#831,#832,#833,#834,#835,#836,#837,#838)
    ,(#839,#840,#841,#842,#843,#844,#845,#846,#847,#848,#849)
    ,(#850,#851,#852,#853,#854,#855,#856,#857,#858,#859,#860
)),.UNSPECIFIED.,.F.,.F.,.F.) B_SPLINE_SURFACE_WITH_KNOTS((3,3),(11,11),
  (0.,1.),(3.14159265359,4.712388980385),.PIECEWISE_BEZIER_KNOTS.) 
GEOMETRIC_REPRESENTATION_ITEM() RATIONAL_B_SPLINE_SURFACE((
    (1.,1.,1.,1.,1.,1.,1.,1.,1.,1.,1.)
    ,(0.707106781187,0.707106781187,0.726496302957,0.765223827221
      ,0.817666867567,0.870186338146,0.919388356282,0.958839389997
      ,0.986298019014,1.,1.)
,(1.,1.,1.,1.,1.,1.,1.,1.,1.,1.,1.
  ))) REPRESENTATION_ITEM('') SURFACE() );
#828 = CARTESIAN_POINT('',(20.,-18.,-5.329070518201E-15));
#829 = CARTESIAN_POINT('',(20.,-18.,2.827433388231));
#830 = CARTESIAN_POINT('',(19.451688121049,-17.50651978179,
    5.654866774443));
#831 = CARTESIAN_POINT('',(18.355067856616,-16.51955932861,8.38540556263
    ));
#832 = CARTESIAN_POINT('',(16.734288762147,-15.06086181597,
    10.92215505261));
#833 = CARTESIAN_POINT('',(14.637680817723,-13.17391322442,
    13.17391322452));
#834 = CARTESIAN_POINT('',(12.135730798934,-10.92215505261,
    15.060861815887));
#835 = CARTESIAN_POINT('',(9.317115023403,-8.385405562707,
    16.519559328636));
#836 = CARTESIAN_POINT('',(6.283185887331,-5.654866774424,
    17.506519781795));
#837 = CARTESIAN_POINT('',(3.14159265359,-2.827433388231,18.));
#838 = CARTESIAN_POINT('',(8.881784197001E-15,-1.59872115546E-14,18.));
#839 = CARTESIAN_POINT('',(18.,-18.,-1.42108547152E-14));
#840 = CARTESIAN_POINT('',(18.,-18.,2.513274122872));
#841 = CARTESIAN_POINT('',(17.626441961711,-17.62644196171,
    4.893655482132));
#842 = CARTESIAN_POINT('',(16.93524837027,-16.93524837026,7.238148342974
    ));
#843 = CARTESIAN_POINT('',(15.853430627658,-15.85343062769,
    9.759622409429));
#844 = CARTESIAN_POINT('',(14.099066486038,-14.09906648598,
    12.314177985667));
#845 = CARTESIAN_POINT('',(11.808877157606,-11.80887715759,
    14.524885563679));
#846 = CARTESIAN_POINT('',(9.052360371688,-9.052360371691,
    16.287788591321));
#847 = CARTESIAN_POINT('',(6.052264892904,-6.052264892892,
    17.443495352039));
#848 = CARTESIAN_POINT('',(2.98451302091,-2.98451302091,18.));
#849 = CARTESIAN_POINT('',(3.552713678801E-15,-1.06581410364E-14,18.));
#850 = CARTESIAN_POINT('',(18.,-20.,-1.06581410364E-14));
#851 = CARTESIAN_POINT('',(18.,-20.,2.827433388231));
#852 = CARTESIAN_POINT('',(17.506519781796,-19.45168812104,
    5.654866774426));
#853 = CARTESIAN_POINT('',(16.519559328632,-18.35506785661,
    8.385405562673));
#854 = CARTESIAN_POINT('',(15.060861815924,-16.73428876214,
    10.922155052606));
#855 = CARTESIAN_POINT('',(13.17391322449,-14.63768081772,
    13.173913224443));
#856 = CARTESIAN_POINT('',(10.922155052642,-12.13573079893,
    15.060861815915));
#857 = CARTESIAN_POINT('',(8.385405562694,-9.317115023403,
    16.519559328617));
#858 = CARTESIAN_POINT('',(5.65486677445,-6.283185887331,17.506519781796
    ));
#859 = CARTESIAN_POINT('',(2.827433388231,-3.14159265359,18.));
#860 = CARTESIAN_POINT('',(8.881784197001E-15,-8.881784197001E-15,18.));
#861 = DEFINITIONAL_REPRESENTATION('',(#862),#866);
#862 = LINE('',#863,#864);
#863 = CARTESIAN_POINT('',(0.,0.));
#864 = VECTOR('',#865,1.);
#865 = DIRECTION('',(0.,1.));
#866 = ( GEOMETRIC_REPRESENTATION_CONTEXT(2) 
PARAMETRIC_REPRESENTATION_CONTEXT() REPRESENTATION_CONTEXT('2D SPACE',''
  ) );
#867 = ADVANCED_FACE('',(#868),#687,.T.);
#868 = FACE_BOUND('',#869,.T.);
#869 = EDGE_LOOP('',(#870,#871,#894,#936));
#870 = ORIENTED_EDGE('',*,*,#657,.F.);
#871 = ORIENTED_EDGE('',*,*,#872,.T.);
#872 = EDGE_CURVE('',#564,#873,#875,.T.);
#873 = VERTEX_POINT('',#874);
#874 = CARTESIAN_POINT('',(18.,20.,2.204364238465E-15));
#875 = SURFACE_CURVE('',#876,(#880,#887),.PCURVE_S1.);
#876 = ( BOUNDED_CURVE() B_SPLINE_CURVE(2,(#877,#878,#879),
.UNSPECIFIED.,.F.,.F.) B_SPLINE_CURVE_WITH_KNOTS((3,3),(0.,1.),
.PIECEWISE_BEZIER_KNOTS.) CURVE() GEOMETRIC_REPRESENTATION_ITEM() 
RATIONAL_B_SPLINE_CURVE((1.,0.707106781187,1.)) REPRESENTATION_ITEM('') 
  );
#877 = CARTESIAN_POINT('',(20.,18.,1.7763568394E-15));
#878 = CARTESIAN_POINT('',(18.,18.,5.329070518201E-15));
#879 = CARTESIAN_POINT('',(18.,20.,1.7763568394E-15));
#880 = PCURVE('',#687,#881);
#881 = DEFINITIONAL_REPRESENTATION('',(#882),#886);
#882 = LINE('',#883,#884);
#883 = CARTESIAN_POINT('',(0.,3.14159265359));
#884 = VECTOR('',#885,1.);
#885 = DIRECTION('',(1.,0.));
#886 = ( GEOMETRIC_REPRESENTATION_CONTEXT(2) 
PARAMETRIC_REPRESENTATION_CONTEXT() REPRESENTATION_CONTEXT('2D SPACE',''
  ) );
#887 = PCURVE('',#593,#888);
#888 = DEFINITIONAL_REPRESENTATION('',(#889),#893);
#889 = LINE('',#890,#891);
#890 = CARTESIAN_POINT('',(0.,3.14159265359));
#891 = VECTOR('',#892,1.);
#892 = DIRECTION('',(1.,0.));
#893 = ( GEOMETRIC_REPRESENTATION_CONTEXT(2) 
PARAMETRIC_REPRESENTATION_CONTEXT() REPRESENTATION_CONTEXT('2D SPACE',''
  ) );
#894 = ORIENTED_EDGE('',*,*,#895,.T.);
#895 = EDGE_CURVE('',#873,#896,#898,.T.);
#896 = VERTEX_POINT('',#897);
#897 = CARTESIAN_POINT('',(-1.92937579123E-14,-1.285624158888E-15,-18.)
  );
#898 = SURFACE_CURVE('',#899,(#911,#918),.PCURVE_S1.);
#899 = ( BOUNDED_CURVE() B_SPLINE_CURVE(10,(#900,#901,#902,#903,#904,
    #905,#906,#907,#908,#909,#910),.UNSPECIFIED.,.F.,.F.) 
B_SPLINE_CURVE_WITH_KNOTS((11,11),(3.14159265359,4.712388980385),
.PIECEWISE_BEZIER_KNOTS.) CURVE() GEOMETRIC_REPRESENTATION_ITEM() 
RATIONAL_B_SPLINE_CURVE((1.,1.,1.,1.000000000001,0.999999999999,
    1.000000000001,0.999999999999,1.000000000001,1.,1.,1.)) 
REPRESENTATION_ITEM('') );
#900 = CARTESIAN_POINT('',(18.,20.,-1.7763568394E-15));
#901 = CARTESIAN_POINT('',(18.,20.,-2.827433388232));
#902 = CARTESIAN_POINT('',(17.506519781798,19.451688121055,
    -5.654866774419));
#903 = CARTESIAN_POINT('',(16.519559328632,18.355067856616,
    -8.385405562678));
#904 = CARTESIAN_POINT('',(15.060861815922,16.734288762151,
    -10.92215505259));
#905 = CARTESIAN_POINT('',(13.173913224513,14.637680817723,
    -13.17391322442));
#906 = CARTESIAN_POINT('',(10.922155052644,12.135730798931,
    -15.06086181593));
#907 = CARTESIAN_POINT('',(8.385405562685,9.317115023408,-16.51955932861
    ));
#908 = CARTESIAN_POINT('',(5.654866774446,6.283185887328,-17.50651978179
    ));
#909 = CARTESIAN_POINT('',(2.827433388232,3.141592653591,-18.));
#910 = CARTESIAN_POINT('',(-4.973799150321E-14,3.552713678801E-15,-18.)
  );
#911 = PCURVE('',#687,#912);
#912 = DEFINITIONAL_REPRESENTATION('',(#913),#917);
#913 = LINE('',#914,#915);
#914 = CARTESIAN_POINT('',(1.,0.));
#915 = VECTOR('',#916,1.);
#916 = DIRECTION('',(0.,1.));
#917 = ( GEOMETRIC_REPRESENTATION_CONTEXT(2) 
PARAMETRIC_REPRESENTATION_CONTEXT() REPRESENTATION_CONTEXT('2D SPACE',''
  ) );
#918 = PCURVE('',#919,#924);
#919 = CYLINDRICAL_SURFACE('',#920,18.);
#920 = AXIS2_PLACEMENT_3D('',#921,#922,#923);
#921 = CARTESIAN_POINT('',(0.,0.,0.));
#922 = DIRECTION('',(0.,-1.,0.));
#923 = DIRECTION('',(1.,0.,0.));
#924 = DEFINITIONAL_REPRESENTATION('',(#925),#935);
#925 = B_SPLINE_CURVE_WITH_KNOTS('',8,(#926,#927,#928,#929,#930,#931,
    #932,#933,#934),.UNSPECIFIED.,.F.,.F.,(9,9),(3.14159265359,
    4.712388995385),.PIECEWISE_BEZIER_KNOTS.);
#926 = CARTESIAN_POINT('',(6.28318530718,-20.));
#927 = CARTESIAN_POINT('',(6.086835764455,-20.));
#928 = CARTESIAN_POINT('',(5.890486221732,-19.11878446343));
#929 = CARTESIAN_POINT('',(5.694136679006,-17.35636087628));
#930 = CARTESIAN_POINT('',(5.497787136287,-14.78517491329));
#931 = CARTESIAN_POINT('',(5.301437593557,-11.55026506976));
#932 = CARTESIAN_POINT('',(5.105088050835,-7.853982354578));
#933 = CARTESIAN_POINT('',(4.908738508109,-3.926990554487));
#934 = CARTESIAN_POINT('',(4.712388965385,3.000000033846E-07));
#935 = ( GEOMETRIC_REPRESENTATION_CONTEXT(2) 
PARAMETRIC_REPRESENTATION_CONTEXT() REPRESENTATION_CONTEXT('2D SPACE',''
  ) );
#936 = ORIENTED_EDGE('',*,*,#937,.F.);
#937 = EDGE_CURVE('',#658,#896,#938,.T.);
#938 = SURFACE_CURVE('',#939,(#943,#950),.PCURVE_S1.);
#939 = B_SPLINE_CURVE_WITH_KNOTS('',2,(#940,#941,#942),.UNSPECIFIED.,.T.
  ,.F.,(3,3),(0.,1.),.PIECEWISE_BEZIER_KNOTS.);
#940 = CARTESIAN_POINT('',(3.552713678801E-15,-4.973799150321E-14,-18.)
  );
#941 = CARTESIAN_POINT('',(-2.48689957516E-14,-2.48689957516E-14,-18.));
#942 = CARTESIAN_POINT('',(-4.973799150321E-14,3.552713678801E-15,-18.)
  );
#943 = PCURVE('',#687,#944);
#944 = DEFINITIONAL_REPRESENTATION('',(#945),#949);
#945 = LINE('',#946,#947);
#946 = CARTESIAN_POINT('',(0.,4.712388980385));
#947 = VECTOR('',#948,1.);
#948 = DIRECTION('',(1.,0.));
#949 = ( GEOMETRIC_REPRESENTATION_CONTEXT(2) 
PARAMETRIC_REPRESENTATION_CONTEXT() REPRESENTATION_CONTEXT('2D SPACE',''
  ) );
#950 = PCURVE('',#951,#956);
#951 = SPHERICAL_SURFACE('',#952,2.);
#952 = AXIS2_PLACEMENT_3D('',#953,#954,#955);
#953 = CARTESIAN_POINT('',(-1.836970198721E-15,-2.848232278972E-14,-20.)
  );
#954 = DIRECTION('',(0.89975780849,0.436389603521,-7.041108914907E-16));
#955 = DIRECTION('',(1.156099019304E-14,-2.545019863434E-14,-1.));
#956 = DEFINITIONAL_REPRESENTATION('',(#957),#964);
#957 = B_SPLINE_CURVE_WITH_KNOTS('',5,(#958,#959,#960,#961,#962,#963),
  .UNSPECIFIED.,.F.,.F.,(6,6),(0.,1.),.PIECEWISE_BEZIER_KNOTS.);
#958 = CARTESIAN_POINT('',(3.14159265359,-2.917282235664E-15));
#959 = CARTESIAN_POINT('',(3.14159265359,-5.861298994594E-15));
#960 = CARTESIAN_POINT('',(3.14159265359,-8.567968294147E-15));
#961 = CARTESIAN_POINT('',(3.14159265359,-1.103729013432E-14));
#962 = CARTESIAN_POINT('',(3.14159265359,-1.326926451512E-14));
#963 = CARTESIAN_POINT('',(3.14159265359,-1.526389143654E-14));
#964 = ( GEOMETRIC_REPRESENTATION_CONTEXT(2) 
PARAMETRIC_REPRESENTATION_CONTEXT() REPRESENTATION_CONTEXT('2D SPACE',''
  ) );
#965 = ADVANCED_FACE('',(#966,#969),#273,.F.);
#966 = FACE_BOUND('',#967,.F.);
#967 = EDGE_LOOP('',(#968));
#968 = ORIENTED_EDGE('',*,*,#258,.T.);
#969 = FACE_BOUND('',#970,.F.);
#970 = EDGE_LOOP('',(#971));
#971 = ORIENTED_EDGE('',*,*,#972,.F.);
#972 = EDGE_CURVE('',#973,#973,#975,.T.);
#973 = VERTEX_POINT('',#974);
#974 = CARTESIAN_POINT('',(18.,50.,-4.40872847693E-15));
#975 = SURFACE_CURVE('',#976,(#981,#988),.PCURVE_S1.);
#976 = CIRCLE('',#977,18.);
#977 = AXIS2_PLACEMENT_3D('',#978,#979,#980);
#978 = CARTESIAN_POINT('',(0.,50.,0.));
#979 = DIRECTION('',(0.,-1.,0.));
#980 = DIRECTION('',(1.,0.,0.));
#981 = PCURVE('',#273,#982);
#982 = DEFINITIONAL_REPRESENTATION('',(#983),#987);
#983 = CIRCLE('',#984,18.);
#984 = AXIS2_PLACEMENT_2D('',#985,#986);
#985 = CARTESIAN_POINT('',(1.371473012632E-15,1.093952106032E-15));
#986 = DIRECTION('',(0.,1.));
#987 = ( GEOMETRIC_REPRESENTATION_CONTEXT(2) 
PARAMETRIC_REPRESENTATION_CONTEXT() REPRESENTATION_CONTEXT('2D SPACE',''
  ) );
#988 = PCURVE('',#919,#989);
#989 = DEFINITIONAL_REPRESENTATION('',(#990),#994);
#990 = LINE('',#991,#992);
#991 = CARTESIAN_POINT('',(0.,-50.));
#992 = VECTOR('',#993,1.);
#993 = DIRECTION('',(1.,0.));
#994 = ( GEOMETRIC_REPRESENTATION_CONTEXT(2) 
PARAMETRIC_REPRESENTATION_CONTEXT() REPRESENTATION_CONTEXT('2D SPACE',''
  ) );
#995 = ADVANCED_FACE('',(#996),#919,.F.);
#996 = FACE_BOUND('',#997,.F.);
#997 = EDGE_LOOP('',(#998,#1035,#1056,#1057,#1058,#1059,#1130));
#998 = ORIENTED_EDGE('',*,*,#999,.T.);
#999 = EDGE_CURVE('',#1000,#873,#1002,.T.);
#1000 = VERTEX_POINT('',#1001);
#1001 = CARTESIAN_POINT('',(-2.894620769418E-15,-3.326006223675E-16,18.)
  );
#1002 = SURFACE_CURVE('',#1003,(#1015,#1028),.PCURVE_S1.);
#1003 = ( BOUNDED_CURVE() B_SPLINE_CURVE(10,(#1004,#1005,#1006,#1007,
    #1008,#1009,#1010,#1011,#1012,#1013,#1014),.UNSPECIFIED.,.F.,.F.) 
B_SPLINE_CURVE_WITH_KNOTS((11,11),(1.570796326795,3.14159265359),
.PIECEWISE_BEZIER_KNOTS.) CURVE() GEOMETRIC_REPRESENTATION_ITEM() 
RATIONAL_B_SPLINE_CURVE((1.,1.,1.,1.,1.,1.,1.,1.,1.,1.,1.)) 
REPRESENTATION_ITEM('') );
#1004 = CARTESIAN_POINT('',(-8.881784197001E-15,0.,18.));
#1005 = CARTESIAN_POINT('',(2.827433388231,3.14159265359,18.));
#1006 = CARTESIAN_POINT('',(5.654866774428,6.283185887322,
    17.506519781797));
#1007 = CARTESIAN_POINT('',(8.385405562688,9.317115023405,
    16.519559328629));
#1008 = CARTESIAN_POINT('',(10.922155052641,12.135730798924,
    15.060861815913));
#1009 = CARTESIAN_POINT('',(13.173913224486,14.637680817705,
    13.173913224453));
#1010 = CARTESIAN_POINT('',(15.060861815943,16.734288762158,
    10.922155052591));
#1011 = CARTESIAN_POINT('',(16.519559328623,18.355067856637,
    8.385405562663));
#1012 = CARTESIAN_POINT('',(17.506519781797,19.451688121055,
    5.654866774434));
#1013 = CARTESIAN_POINT('',(18.,20.,2.827433388231));
#1014 = CARTESIAN_POINT('',(18.,20.,1.7763568394E-15));
#1015 = PCURVE('',#919,#1016);
#1016 = DEFINITIONAL_REPRESENTATION('',(#1017),#1027);
#1017 = B_SPLINE_CURVE_WITH_KNOTS('',8,(#1018,#1019,#1020,#1021,#1022,
    #1023,#1024,#1025,#1026),.UNSPECIFIED.,.F.,.F.,(9,9),(1.570796311795
    ,3.14159265359),.PIECEWISE_BEZIER_KNOTS.);
#1018 = CARTESIAN_POINT('',(1.570796341795,2.999999994014E-07));
#1019 = CARTESIAN_POINT('',(1.374446799071,-3.926990554487));
#1020 = CARTESIAN_POINT('',(1.178097256347,-7.853982354565));
#1021 = CARTESIAN_POINT('',(0.981747713621,-11.55026506978));
#1022 = CARTESIAN_POINT('',(0.785398170896,-14.78517491323));
#1023 = CARTESIAN_POINT('',(0.589048628171,-17.35636087632));
#1024 = CARTESIAN_POINT('',(0.392699085449,-19.11878446343));
#1025 = CARTESIAN_POINT('',(0.196349542724,-20.));
#1026 = CARTESIAN_POINT('',(1.224646799147E-16,-20.));
#1027 = ( GEOMETRIC_REPRESENTATION_CONTEXT(2) 
PARAMETRIC_REPRESENTATION_CONTEXT() REPRESENTATION_CONTEXT('2D SPACE',''
  ) );
#1028 = PCURVE('',#593,#1029);
#1029 = DEFINITIONAL_REPRESENTATION('',(#1030),#1034);
#1030 = LINE('',#1031,#1032);
#1031 = CARTESIAN_POINT('',(1.,0.));
#1032 = VECTOR('',#1033,1.);
#1033 = DIRECTION('',(0.,1.));
#1034 = ( GEOMETRIC_REPRESENTATION_CONTEXT(2) 
PARAMETRIC_REPRESENTATION_CONTEXT() REPRESENTATION_CONTEXT('2D SPACE',''
  ) );
#1035 = ORIENTED_EDGE('',*,*,#1036,.T.);
#1036 = EDGE_CURVE('',#873,#973,#1037,.T.);
#1037 = SEAM_CURVE('',#1038,(#1042,#1049),.PCURVE_S1.);
#1038 = LINE('',#1039,#1040);
#1039 = CARTESIAN_POINT('',(18.,0.,-4.40872847693E-15));
#1040 = VECTOR('',#1041,1.);
#1041 = DIRECTION('',(-0.,1.,-0.));
#1042 = PCURVE('',#919,#1043);
#1043 = DEFINITIONAL_REPRESENTATION('',(#1044),#1048);
#1044 = LINE('',#1045,#1046);
#1045 = CARTESIAN_POINT('',(0.,0.));
#1046 = VECTOR('',#1047,1.);
#1047 = DIRECTION('',(0.,-1.));
#1048 = ( GEOMETRIC_REPRESENTATION_CONTEXT(2) 
PARAMETRIC_REPRESENTATION_CONTEXT() REPRESENTATION_CONTEXT('2D SPACE',''
  ) );
#1049 = PCURVE('',#919,#1050);
#1050 = DEFINITIONAL_REPRESENTATION('',(#1051),#1055);
#1051 = LINE('',#1052,#1053);
#1052 = CARTESIAN_POINT('',(6.28318530718,0.));
#1053 = VECTOR('',#1054,1.);
#1054 = DIRECTION('',(0.,-1.));
#1055 = ( GEOMETRIC_REPRESENTATION_CONTEXT(2) 
PARAMETRIC_REPRESENTATION_CONTEXT() REPRESENTATION_CONTEXT('2D SPACE',''
  ) );
#1056 = ORIENTED_EDGE('',*,*,#972,.T.);
#1057 = ORIENTED_EDGE('',*,*,#1036,.F.);
#1058 = ORIENTED_EDGE('',*,*,#895,.T.);
#1059 = ORIENTED_EDGE('',*,*,#1060,.T.);
#1060 = EDGE_CURVE('',#896,#1061,#1063,.T.);
#1061 = VERTEX_POINT('',#1062);
#1062 = CARTESIAN_POINT('',(-18.,20.,-5.789241538836E-15));
#1063 = SURFACE_CURVE('',#1064,(#1076,#1089),.PCURVE_S1.);
#1064 = ( BOUNDED_CURVE() B_SPLINE_CURVE(10,(#1065,#1066,#1067,#1068,
    #1069,#1070,#1071,#1072,#1073,#1074,#1075),.UNSPECIFIED.,.F.,.F.) 
B_SPLINE_CURVE_WITH_KNOTS((11,11),(1.570796326795,3.14159265359),
.PIECEWISE_BEZIER_KNOTS.) CURVE() GEOMETRIC_REPRESENTATION_ITEM() 
RATIONAL_B_SPLINE_CURVE((1.,1.,1.,1.,1.,1.,1.,1.,1.,1.,1.)) 
REPRESENTATION_ITEM('') );
#1065 = CARTESIAN_POINT('',(4.263256414561E-14,0.,-18.));
#1066 = CARTESIAN_POINT('',(-2.827433388231,3.14159265359,-18.));
#1067 = CARTESIAN_POINT('',(-5.654866774426,6.28318588734,
    -17.50651978179));
#1068 = CARTESIAN_POINT('',(-8.385405562702,9.317115023392,
    -16.51955932863));
#1069 = CARTESIAN_POINT('',(-10.92215505263,12.135730798929,
    -15.06086181589));
#1070 = CARTESIAN_POINT('',(-13.17391322446,14.637680817739,
    -13.17391322447));
#1071 = CARTESIAN_POINT('',(-15.06086181596,16.734288762158,
    -10.92215505259));
#1072 = CARTESIAN_POINT('',(-16.51955932861,18.355067856615,
    -8.385405562651));
#1073 = CARTESIAN_POINT('',(-17.50651978179,19.451688121057,
    -5.654866774449));
#1074 = CARTESIAN_POINT('',(-18.,20.,-2.827433388231));
#1075 = CARTESIAN_POINT('',(-18.,20.,-3.552713678801E-15));
#1076 = PCURVE('',#919,#1077);
#1077 = DEFINITIONAL_REPRESENTATION('',(#1078),#1088);
#1078 = B_SPLINE_CURVE_WITH_KNOTS('',8,(#1079,#1080,#1081,#1082,#1083,
    #1084,#1085,#1086,#1087),.UNSPECIFIED.,.F.,.F.,(9,9),(1.570796311795
    ,3.14159265359),.PIECEWISE_BEZIER_KNOTS.);
#1079 = CARTESIAN_POINT('',(4.712388995385,3.000000038423E-07));
#1080 = CARTESIAN_POINT('',(4.51603945266,-3.926990554487));
#1081 = CARTESIAN_POINT('',(4.319689909937,-7.853982354594));
#1082 = CARTESIAN_POINT('',(4.123340367209,-11.55026506972));
#1083 = CARTESIAN_POINT('',(3.92699082449,-14.78517491334));
#1084 = CARTESIAN_POINT('',(3.730641281758,-17.35636087627));
#1085 = CARTESIAN_POINT('',(3.53429173904,-19.11878446344));
#1086 = CARTESIAN_POINT('',(3.337942196314,-20.));
#1087 = CARTESIAN_POINT('',(3.14159265359,-20.));
#1088 = ( GEOMETRIC_REPRESENTATION_CONTEXT(2) 
PARAMETRIC_REPRESENTATION_CONTEXT() REPRESENTATION_CONTEXT('2D SPACE',''
  ) );
#1089 = PCURVE('',#1090,#1124);
#1090 = ( BOUNDED_SURFACE() B_SPLINE_SURFACE(2,10,(
    (#1091,#1092,#1093,#1094,#1095,#1096,#1097,#1098,#1099,#1100,#1101)
    ,(#1102,#1103,#1104,#1105,#1106,#1107,#1108,#1109,#1110,#1111,#1112)
    ,(#1113,#1114,#1115,#1116,#1117,#1118,#1119,#1120,#1121,#1122,#1123
)),.UNSPECIFIED.,.F.,.F.,.F.) B_SPLINE_SURFACE_WITH_KNOTS((3,3),(11,11),
  (0.,1.),(1.570796326795,3.14159265359),.PIECEWISE_BEZIER_KNOTS.) 
GEOMETRIC_REPRESENTATION_ITEM() RATIONAL_B_SPLINE_SURFACE((
    (1.,1.,1.,1.,1.,1.,1.,1.,1.,1.,1.)
    ,(1.,1.,0.986298019014,0.958839389987,0.919388356305,0.870186338099
      ,0.817666867556,0.765223827216,0.726496302954,0.707106781187
      ,0.707106781187)
,(1.,1.,1.,1.,1.,1.,1.,1.,1.,1.,1.
  ))) REPRESENTATION_ITEM('') SURFACE() );
#1091 = CARTESIAN_POINT('',(4.263256414561E-14,0.,-18.));
#1092 = CARTESIAN_POINT('',(-2.827433388231,3.14159265359,-18.));
#1093 = CARTESIAN_POINT('',(-5.654866774426,6.28318588734,
    -17.50651978179));
#1094 = CARTESIAN_POINT('',(-8.385405562702,9.317115023392,
    -16.51955932863));
#1095 = CARTESIAN_POINT('',(-10.92215505263,12.135730798929,
    -15.06086181589));
#1096 = CARTESIAN_POINT('',(-13.17391322446,14.637680817739,
    -13.17391322447));
#1097 = CARTESIAN_POINT('',(-15.06086181596,16.734288762158,
    -10.92215505259));
#1098 = CARTESIAN_POINT('',(-16.51955932861,18.355067856615,
    -8.385405562651));
#1099 = CARTESIAN_POINT('',(-17.50651978179,19.451688121057,
    -5.654866774449));
#1100 = CARTESIAN_POINT('',(-18.,20.,-2.827433388231));
#1101 = CARTESIAN_POINT('',(-18.,20.,-3.552713678801E-15));
#1102 = CARTESIAN_POINT('',(2.48689957516E-14,-2.6645352591E-14,-18.));
#1103 = CARTESIAN_POINT('',(-2.98451302091,2.98451302091,-18.));
#1104 = CARTESIAN_POINT('',(-6.052264892922,6.052264892893,
    -17.44349535203));
#1105 = CARTESIAN_POINT('',(-9.052360371617,9.052360371633,
    -16.28778859129));
#1106 = CARTESIAN_POINT('',(-11.80887715767,11.808877157631,
    -14.52488556384));
#1107 = CARTESIAN_POINT('',(-14.0990664863,14.099066486091,
    -12.31417798506));
#1108 = CARTESIAN_POINT('',(-15.85343062724,15.853430627203,
    -9.75962241005));
#1109 = CARTESIAN_POINT('',(-16.93524837035,16.935248370338,
    -7.238148342895));
#1110 = CARTESIAN_POINT('',(-17.62644196167,17.626441961673,
    -4.893655482251));
#1111 = CARTESIAN_POINT('',(-18.,18.,-2.513274122872));
#1112 = CARTESIAN_POINT('',(-18.,18.,-1.24344978758E-14));
#1113 = CARTESIAN_POINT('',(0.,-4.796163466381E-14,-18.));
#1114 = CARTESIAN_POINT('',(-3.14159265359,2.827433388231,-18.));
#1115 = CARTESIAN_POINT('',(-6.28318588734,5.654866774365,
    -17.50651978179));
#1116 = CARTESIAN_POINT('',(-9.317115023392,8.385405562747,
    -16.51955932867));
#1117 = CARTESIAN_POINT('',(-12.13573079892,10.922155052522,
    -15.06086181581));
#1118 = CARTESIAN_POINT('',(-14.63768081773,13.173913224132,
    -13.17391322473));
#1119 = CARTESIAN_POINT('',(-16.73428876215,15.060861815947,
    -10.92215505283));
#1120 = CARTESIAN_POINT('',(-18.35506785661,16.519559328578,
    -8.385405562704));
#1121 = CARTESIAN_POINT('',(-19.45168812105,17.506519781798,
    -5.6548667745));
#1122 = CARTESIAN_POINT('',(-20.,18.,-2.827433388231));
#1123 = CARTESIAN_POINT('',(-20.,18.,-1.7763568394E-14));
#1124 = DEFINITIONAL_REPRESENTATION('',(#1125),#1129);
#1125 = LINE('',#1126,#1127);
#1126 = CARTESIAN_POINT('',(0.,0.));
#1127 = VECTOR('',#1128,1.);
#1128 = DIRECTION('',(0.,1.));
#1129 = ( GEOMETRIC_REPRESENTATION_CONTEXT(2) 
PARAMETRIC_REPRESENTATION_CONTEXT() REPRESENTATION_CONTEXT('2D SPACE',''
  ) );
#1130 = ORIENTED_EDGE('',*,*,#1131,.T.);
#1131 = EDGE_CURVE('',#1061,#1000,#1132,.T.);
#1132 = SURFACE_CURVE('',#1133,(#1145,#1158),.PCURVE_S1.);
#1133 = ( BOUNDED_CURVE() B_SPLINE_CURVE(10,(#1134,#1135,#1136,#1137,
    #1138,#1139,#1140,#1141,#1142,#1143,#1144),.UNSPECIFIED.,.F.,.F.) 
B_SPLINE_CURVE_WITH_KNOTS((11,11),(3.14159265359,4.712388980385),
.PIECEWISE_BEZIER_KNOTS.) CURVE() GEOMETRIC_REPRESENTATION_ITEM() 
RATIONAL_B_SPLINE_CURVE((1.,1.,1.,1.,1.,1.,1.,1.,1.,1.,1.)) 
REPRESENTATION_ITEM('') );
#1134 = CARTESIAN_POINT('',(-18.,20.,-5.329070518201E-15));
#1135 = CARTESIAN_POINT('',(-18.,20.,2.827433388231));
#1136 = CARTESIAN_POINT('',(-17.50651978179,19.451688121049,
    5.654866774443));
#1137 = CARTESIAN_POINT('',(-16.51955932861,18.355067856616,
    8.38540556263));
#1138 = CARTESIAN_POINT('',(-15.06086181597,16.734288762147,
    10.92215505261));
#1139 = CARTESIAN_POINT('',(-13.17391322442,14.637680817723,
    13.17391322452));
#1140 = CARTESIAN_POINT('',(-10.92215505261,12.135730798934,
    15.060861815887));
#1141 = CARTESIAN_POINT('',(-8.385405562707,9.317115023403,
    16.519559328636));
#1142 = CARTESIAN_POINT('',(-5.654866774424,6.283185887331,
    17.506519781795));
#1143 = CARTESIAN_POINT('',(-2.827433388231,3.14159265359,18.));
#1144 = CARTESIAN_POINT('',(-1.59872115546E-14,8.881784197001E-15,18.));
#1145 = PCURVE('',#919,#1146);
#1146 = DEFINITIONAL_REPRESENTATION('',(#1147),#1157);
#1147 = B_SPLINE_CURVE_WITH_KNOTS('',8,(#1148,#1149,#1150,#1151,#1152,
    #1153,#1154,#1155,#1156),.UNSPECIFIED.,.F.,.F.,(9,9),(3.14159265359,
    4.712388995385),.PIECEWISE_BEZIER_KNOTS.);
#1148 = CARTESIAN_POINT('',(3.14159265359,-20.));
#1149 = CARTESIAN_POINT('',(2.945243110865,-20.));
#1150 = CARTESIAN_POINT('',(2.74889356814,-19.11878446342));
#1151 = CARTESIAN_POINT('',(2.552544025423,-17.35636087628));
#1152 = CARTESIAN_POINT('',(2.356194482685,-14.78517491329));
#1153 = CARTESIAN_POINT('',(2.159844939972,-11.55026506976));
#1154 = CARTESIAN_POINT('',(1.963495397243,-7.853982354578));
#1155 = CARTESIAN_POINT('',(1.767145854519,-3.926990554487));
#1156 = CARTESIAN_POINT('',(1.570796311795,2.99999985621E-07));
#1157 = ( GEOMETRIC_REPRESENTATION_CONTEXT(2) 
PARAMETRIC_REPRESENTATION_CONTEXT() REPRESENTATION_CONTEXT('2D SPACE',''
  ) );
#1158 = PCURVE('',#1159,#1193);
#1159 = ( BOUNDED_SURFACE() B_SPLINE_SURFACE(2,10,(
    (#1160,#1161,#1162,#1163,#1164,#1165,#1166,#1167,#1168,#1169,#1170)
    ,(#1171,#1172,#1173,#1174,#1175,#1176,#1177,#1178,#1179,#1180,#1181)
    ,(#1182,#1183,#1184,#1185,#1186,#1187,#1188,#1189,#1190,#1191,#1192
)),.UNSPECIFIED.,.F.,.F.,.F.) B_SPLINE_SURFACE_WITH_KNOTS((3,3),(11,11),
  (0.,1.),(3.14159265359,4.712388980385),.PIECEWISE_BEZIER_KNOTS.) 
GEOMETRIC_REPRESENTATION_ITEM() RATIONAL_B_SPLINE_SURFACE((
    (1.,1.,1.,1.,1.,1.,1.,1.,1.,1.,1.)
    ,(0.707106781187,0.707106781187,0.726496302957,0.765223827221
      ,0.817666867567,0.870186338146,0.919388356282,0.958839389997
      ,0.986298019014,1.,1.)
,(1.,1.,1.,1.,1.,1.,1.,1.,1.,1.,1.
  ))) REPRESENTATION_ITEM('') SURFACE() );
#1160 = CARTESIAN_POINT('',(-18.,20.,-5.329070518201E-15));
#1161 = CARTESIAN_POINT('',(-18.,20.,2.827433388231));
#1162 = CARTESIAN_POINT('',(-17.50651978179,19.451688121049,
    5.654866774443));
#1163 = CARTESIAN_POINT('',(-16.51955932861,18.355067856616,
    8.38540556263));
#1164 = CARTESIAN_POINT('',(-15.06086181597,16.734288762147,
    10.92215505261));
#1165 = CARTESIAN_POINT('',(-13.17391322442,14.637680817723,
    13.17391322452));
#1166 = CARTESIAN_POINT('',(-10.92215505261,12.135730798934,
    15.060861815887));
#1167 = CARTESIAN_POINT('',(-8.385405562707,9.317115023403,
    16.519559328636));
#1168 = CARTESIAN_POINT('',(-5.654866774424,6.283185887331,
    17.506519781795));
#1169 = CARTESIAN_POINT('',(-2.827433388231,3.14159265359,18.));
#1170 = CARTESIAN_POINT('',(-1.59872115546E-14,8.881784197001E-15,18.));
#1171 = CARTESIAN_POINT('',(-18.,18.,-1.42108547152E-14));
#1172 = CARTESIAN_POINT('',(-18.,18.,2.513274122872));
#1173 = CARTESIAN_POINT('',(-17.62644196171,17.626441961711,
    4.893655482132));
#1174 = CARTESIAN_POINT('',(-16.93524837026,16.93524837027,
    7.238148342974));
#1175 = CARTESIAN_POINT('',(-15.85343062769,15.853430627658,
    9.759622409429));
#1176 = CARTESIAN_POINT('',(-14.09906648598,14.099066486038,
    12.314177985667));
#1177 = CARTESIAN_POINT('',(-11.80887715759,11.808877157606,
    14.524885563679));
#1178 = CARTESIAN_POINT('',(-9.052360371691,9.052360371688,
    16.287788591321));
#1179 = CARTESIAN_POINT('',(-6.052264892892,6.052264892904,
    17.443495352039));
#1180 = CARTESIAN_POINT('',(-2.98451302091,2.98451302091,18.));
#1181 = CARTESIAN_POINT('',(-1.06581410364E-14,3.552713678801E-15,18.));
#1182 = CARTESIAN_POINT('',(-20.,18.,-1.06581410364E-14));
#1183 = CARTESIAN_POINT('',(-20.,18.,2.827433388231));
#1184 = CARTESIAN_POINT('',(-19.45168812104,17.506519781796,
    5.654866774426));
#1185 = CARTESIAN_POINT('',(-18.35506785661,16.519559328632,
    8.385405562673));
#1186 = CARTESIAN_POINT('',(-16.73428876214,15.060861815924,
    10.922155052606));
#1187 = CARTESIAN_POINT('',(-14.63768081772,13.17391322449,
    13.173913224443));
#1188 = CARTESIAN_POINT('',(-12.13573079893,10.922155052642,
    15.060861815915));
#1189 = CARTESIAN_POINT('',(-9.317115023403,8.385405562694,
    16.519559328617));
#1190 = CARTESIAN_POINT('',(-6.283185887331,5.65486677445,
    17.506519781796));
#1191 = CARTESIAN_POINT('',(-3.14159265359,2.827433388231,18.));
#1192 = CARTESIAN_POINT('',(-8.881784197001E-15,8.881784197001E-15,18.)
  );
#1193 = DEFINITIONAL_REPRESENTATION('',(#1194),#1198);
#1194 = LINE('',#1195,#1196);
#1195 = CARTESIAN_POINT('',(0.,0.));
#1196 = VECTOR('',#1197,1.);
#1197 = DIRECTION('',(0.,1.));
#1198 = ( GEOMETRIC_REPRESENTATION_CONTEXT(2) 
PARAMETRIC_REPRESENTATION_CONTEXT() REPRESENTATION_CONTEXT('2D SPACE',''
  ) );
#1199 = ADVANCED_FACE('',(#1200),#1090,.F.);
#1200 = FACE_BOUND('',#1201,.F.);
#1201 = EDGE_LOOP('',(#1202,#1203,#1229,#1271));
#1202 = ORIENTED_EDGE('',*,*,#1060,.F.);
#1203 = ORIENTED_EDGE('',*,*,#1204,.T.);
#1204 = EDGE_CURVE('',#896,#1205,#1207,.T.);
#1205 = VERTEX_POINT('',#1206);
#1206 = CARTESIAN_POINT('',(-3.673942754747E-15,-3.52809694669E-14,-18.)
  );
#1207 = SURFACE_CURVE('',#1208,(#1212,#1219),.PCURVE_S1.);
#1208 = B_SPLINE_CURVE_WITH_KNOTS('',2,(#1209,#1210,#1211),
  .UNSPECIFIED.,.T.,.F.,(3,3),(0.,1.),.PIECEWISE_BEZIER_KNOTS.);
#1209 = CARTESIAN_POINT('',(4.263256414561E-14,0.,-18.));
#1210 = CARTESIAN_POINT('',(2.48689957516E-14,-2.6645352591E-14,-18.));
#1211 = CARTESIAN_POINT('',(0.,-4.796163466381E-14,-18.));
#1212 = PCURVE('',#1090,#1213);
#1213 = DEFINITIONAL_REPRESENTATION('',(#1214),#1218);
#1214 = LINE('',#1215,#1216);
#1215 = CARTESIAN_POINT('',(0.,1.570796326795));
#1216 = VECTOR('',#1217,1.);
#1217 = DIRECTION('',(1.,0.));
#1218 = ( GEOMETRIC_REPRESENTATION_CONTEXT(2) 
PARAMETRIC_REPRESENTATION_CONTEXT() REPRESENTATION_CONTEXT('2D SPACE',''
  ) );
#1219 = PCURVE('',#951,#1220);
#1220 = DEFINITIONAL_REPRESENTATION('',(#1221),#1228);
#1221 = B_SPLINE_CURVE_WITH_KNOTS('',5,(#1222,#1223,#1224,#1225,#1226,
    #1227),.UNSPECIFIED.,.F.,.F.,(6,6),(0.,1.),
  .PIECEWISE_BEZIER_KNOTS.);
#1222 = CARTESIAN_POINT('',(3.14159265359,2.55164892664E-14));
#1223 = CARTESIAN_POINT('',(3.14159265359,1.9994356422E-14));
#1224 = CARTESIAN_POINT('',(3.14159265359,1.426884293874E-14));
#1225 = CARTESIAN_POINT('',(3.14159265359,8.339948816634E-15));
#1226 = CARTESIAN_POINT('',(3.14159265359,2.207674055669E-15));
#1227 = CARTESIAN_POINT('',(3.14159265359,-4.127981344151E-15));
#1228 = ( GEOMETRIC_REPRESENTATION_CONTEXT(2) 
PARAMETRIC_REPRESENTATION_CONTEXT() REPRESENTATION_CONTEXT('2D SPACE',''
  ) );
#1229 = ORIENTED_EDGE('',*,*,#1230,.T.);
#1230 = EDGE_CURVE('',#1205,#1231,#1233,.T.);
#1231 = VERTEX_POINT('',#1232);
#1232 = CARTESIAN_POINT('',(-20.,18.,-1.59872115546E-14));
#1233 = SURFACE_CURVE('',#1234,(#1246,#1253),.PCURVE_S1.);
#1234 = ( BOUNDED_CURVE() B_SPLINE_CURVE(10,(#1235,#1236,#1237,#1238,
    #1239,#1240,#1241,#1242,#1243,#1244,#1245),.UNSPECIFIED.,.F.,.F.) 
B_SPLINE_CURVE_WITH_KNOTS((11,11),(1.570796326795,3.14159265359),
.PIECEWISE_BEZIER_KNOTS.) CURVE() GEOMETRIC_REPRESENTATION_ITEM() 
RATIONAL_B_SPLINE_CURVE((1.,1.,1.,1.,1.,1.,1.,1.,1.,1.,1.)) 
REPRESENTATION_ITEM('') );
#1235 = CARTESIAN_POINT('',(0.,-4.796163466381E-14,-18.));
#1236 = CARTESIAN_POINT('',(-3.14159265359,2.827433388231,-18.));
#1237 = CARTESIAN_POINT('',(-6.28318588734,5.654866774365,
    -17.50651978179));
#1238 = CARTESIAN_POINT('',(-9.317115023392,8.385405562747,
    -16.51955932867));
#1239 = CARTESIAN_POINT('',(-12.13573079892,10.922155052522,
    -15.06086181581));
#1240 = CARTESIAN_POINT('',(-14.63768081773,13.173913224132,
    -13.17391322473));
#1241 = CARTESIAN_POINT('',(-16.73428876215,15.060861815947,
    -10.92215505283));
#1242 = CARTESIAN_POINT('',(-18.35506785661,16.519559328578,
    -8.385405562704));
#1243 = CARTESIAN_POINT('',(-19.45168812105,17.506519781798,
    -5.6548667745));
#1244 = CARTESIAN_POINT('',(-20.,18.,-2.827433388231));
#1245 = CARTESIAN_POINT('',(-20.,18.,-1.7763568394E-14));
#1246 = PCURVE('',#1090,#1247);
#1247 = DEFINITIONAL_REPRESENTATION('',(#1248),#1252);
#1248 = LINE('',#1249,#1250);
#1249 = CARTESIAN_POINT('',(1.,0.));
#1250 = VECTOR('',#1251,1.);
#1251 = DIRECTION('',(0.,1.));
#1252 = ( GEOMETRIC_REPRESENTATION_CONTEXT(2) 
PARAMETRIC_REPRESENTATION_CONTEXT() REPRESENTATION_CONTEXT('2D SPACE',''
  ) );
#1253 = PCURVE('',#1254,#1259);
#1254 = CYLINDRICAL_SURFACE('',#1255,18.);
#1255 = AXIS2_PLACEMENT_3D('',#1256,#1257,#1258);
#1256 = CARTESIAN_POINT('',(0.,0.,0.));
#1257 = DIRECTION('',(1.,0.,0.));
#1258 = DIRECTION('',(0.,1.,0.));
#1259 = DEFINITIONAL_REPRESENTATION('',(#1260),#1270);
#1260 = B_SPLINE_CURVE_WITH_KNOTS('',8,(#1261,#1262,#1263,#1264,#1265,
    #1266,#1267,#1268,#1269),.UNSPECIFIED.,.F.,.F.,(9,9),(1.570796311795
    ,3.14159265359),.PIECEWISE_BEZIER_KNOTS.);
#1261 = CARTESIAN_POINT('',(4.712388965385,3.000000038423E-07));
#1262 = CARTESIAN_POINT('',(4.908738508109,-3.926990554487));
#1263 = CARTESIAN_POINT('',(5.105088050827,-7.853982354594));
#1264 = CARTESIAN_POINT('',(5.301437593571,-11.55026506972));
#1265 = CARTESIAN_POINT('',(5.497787136246,-14.78517491334));
#1266 = CARTESIAN_POINT('',(5.694136679009,-17.35636087627));
#1267 = CARTESIAN_POINT('',(5.890486221725,-19.11878446344));
#1268 = CARTESIAN_POINT('',(6.086835764455,-20.));
#1269 = CARTESIAN_POINT('',(6.28318530718,-20.));
#1270 = ( GEOMETRIC_REPRESENTATION_CONTEXT(2) 
PARAMETRIC_REPRESENTATION_CONTEXT() REPRESENTATION_CONTEXT('2D SPACE',''
  ) );
#1271 = ORIENTED_EDGE('',*,*,#1272,.F.);
#1272 = EDGE_CURVE('',#1061,#1231,#1273,.T.);
#1273 = SURFACE_CURVE('',#1274,(#1278,#1285),.PCURVE_S1.);
#1274 = ( BOUNDED_CURVE() B_SPLINE_CURVE(2,(#1275,#1276,#1277),
.UNSPECIFIED.,.F.,.F.) B_SPLINE_CURVE_WITH_KNOTS((3,3),(0.,1.),
.PIECEWISE_BEZIER_KNOTS.) CURVE() GEOMETRIC_REPRESENTATION_ITEM() 
RATIONAL_B_SPLINE_CURVE((1.,0.707106781187,1.)) REPRESENTATION_ITEM('') 
  );
#1275 = CARTESIAN_POINT('',(-18.,20.,-5.329070518201E-15));
#1276 = CARTESIAN_POINT('',(-18.,18.,-1.42108547152E-14));
#1277 = CARTESIAN_POINT('',(-20.,18.,-1.06581410364E-14));
#1278 = PCURVE('',#1090,#1279);
#1279 = DEFINITIONAL_REPRESENTATION('',(#1280),#1284);
#1280 = LINE('',#1281,#1282);
#1281 = CARTESIAN_POINT('',(0.,3.14159265359));
#1282 = VECTOR('',#1283,1.);
#1283 = DIRECTION('',(1.,0.));
#1284 = ( GEOMETRIC_REPRESENTATION_CONTEXT(2) 
PARAMETRIC_REPRESENTATION_CONTEXT() REPRESENTATION_CONTEXT('2D SPACE',''
  ) );
#1285 = PCURVE('',#1159,#1286);
#1286 = DEFINITIONAL_REPRESENTATION('',(#1287),#1291);
#1287 = LINE('',#1288,#1289);
#1288 = CARTESIAN_POINT('',(0.,3.14159265359));
#1289 = VECTOR('',#1290,1.);
#1290 = DIRECTION('',(1.,0.));
#1291 = ( GEOMETRIC_REPRESENTATION_CONTEXT(2) 
PARAMETRIC_REPRESENTATION_CONTEXT() REPRESENTATION_CONTEXT('2D SPACE',''
  ) );
#1292 = ADVANCED_FACE('',(#1293,#1296),#508,.F.);
#1293 = FACE_BOUND('',#1294,.F.);
#1294 = EDGE_LOOP('',(#1295));
#1295 = ORIENTED_EDGE('',*,*,#493,.T.);
#1296 = FACE_BOUND('',#1297,.F.);
#1297 = EDGE_LOOP('',(#1298));
#1298 = ORIENTED_EDGE('',*,*,#1299,.F.);
#1299 = EDGE_CURVE('',#1300,#1300,#1302,.T.);
#1300 = VERTEX_POINT('',#1301);
#1301 = CARTESIAN_POINT('',(-50.,18.,-4.40872847693E-15));
#1302 = SURFACE_CURVE('',#1303,(#1308,#1315),.PCURVE_S1.);
#1303 = CIRCLE('',#1304,18.);
#1304 = AXIS2_PLACEMENT_3D('',#1305,#1306,#1307);
#1305 = CARTESIAN_POINT('',(-50.,0.,0.));
#1306 = DIRECTION('',(1.,0.,0.));
#1307 = DIRECTION('',(0.,1.,0.));
#1308 = PCURVE('',#508,#1309);
#1309 = DEFINITIONAL_REPRESENTATION('',(#1310),#1314);
#1310 = CIRCLE('',#1311,18.);
#1311 = AXIS2_PLACEMENT_2D('',#1312,#1313);
#1312 = CARTESIAN_POINT('',(-1.371473012632E-15,-1.093952106032E-15));
#1313 = DIRECTION('',(0.,-1.));
#1314 = ( GEOMETRIC_REPRESENTATION_CONTEXT(2) 
PARAMETRIC_REPRESENTATION_CONTEXT() REPRESENTATION_CONTEXT('2D SPACE',''
  ) );
#1315 = PCURVE('',#1254,#1316);
#1316 = DEFINITIONAL_REPRESENTATION('',(#1317),#1321);
#1317 = LINE('',#1318,#1319);
#1318 = CARTESIAN_POINT('',(0.,-50.));
#1319 = VECTOR('',#1320,1.);
#1320 = DIRECTION('',(1.,0.));
#1321 = ( GEOMETRIC_REPRESENTATION_CONTEXT(2) 
PARAMETRIC_REPRESENTATION_CONTEXT() REPRESENTATION_CONTEXT('2D SPACE',''
  ) );
#1322 = ADVANCED_FACE('',(#1323),#1254,.F.);
#1323 = FACE_BOUND('',#1324,.F.);
#1324 = EDGE_LOOP('',(#1325,#1362,#1383,#1384,#1385,#1386));
#1325 = ORIENTED_EDGE('',*,*,#1326,.F.);
#1326 = EDGE_CURVE('',#1231,#1327,#1329,.T.);
#1327 = VERTEX_POINT('',#1328);
#1328 = CARTESIAN_POINT('',(-3.673942754747E-15,-2.894620769418E-15,18.)
  );
#1329 = SURFACE_CURVE('',#1330,(#1342,#1355),.PCURVE_S1.);
#1330 = ( BOUNDED_CURVE() B_SPLINE_CURVE(10,(#1331,#1332,#1333,#1334,
    #1335,#1336,#1337,#1338,#1339,#1340,#1341),.UNSPECIFIED.,.F.,.F.) 
B_SPLINE_CURVE_WITH_KNOTS((11,11),(3.14159265359,4.712388980385),
.PIECEWISE_BEZIER_KNOTS.) CURVE() GEOMETRIC_REPRESENTATION_ITEM() 
RATIONAL_B_SPLINE_CURVE((1.,1.,1.,1.,1.,1.,1.,1.,1.,1.,1.)) 
REPRESENTATION_ITEM('') );
#1331 = CARTESIAN_POINT('',(-20.,18.,-1.06581410364E-14));
#1332 = CARTESIAN_POINT('',(-20.,18.,2.827433388231));
#1333 = CARTESIAN_POINT('',(-19.45168812104,17.506519781796,
    5.654866774426));
#1334 = CARTESIAN_POINT('',(-18.35506785661,16.519559328632,
    8.385405562673));
#1335 = CARTESIAN_POINT('',(-16.73428876214,15.060861815924,
    10.922155052606));
#1336 = CARTESIAN_POINT('',(-14.63768081772,13.17391322449,
    13.173913224443));
#1337 = CARTESIAN_POINT('',(-12.13573079893,10.922155052642,
    15.060861815915));
#1338 = CARTESIAN_POINT('',(-9.317115023403,8.385405562694,
    16.519559328617));
#1339 = CARTESIAN_POINT('',(-6.283185887331,5.65486677445,
    17.506519781796));
#1340 = CARTESIAN_POINT('',(-3.14159265359,2.827433388231,18.));
#1341 = CARTESIAN_POINT('',(-8.881784197001E-15,8.881784197001E-15,18.)
  );
#1342 = PCURVE('',#1254,#1343);
#1343 = DEFINITIONAL_REPRESENTATION('',(#1344),#1354);
#1344 = B_SPLINE_CURVE_WITH_KNOTS('',8,(#1345,#1346,#1347,#1348,#1349,
    #1350,#1351,#1352,#1353),.UNSPECIFIED.,.F.,.F.,(9,9),(3.14159265359,
    4.712388995385),.PIECEWISE_BEZIER_KNOTS.);
#1345 = CARTESIAN_POINT('',(-8.881784197001E-16,-20.));
#1346 = CARTESIAN_POINT('',(0.196349542724,-20.));
#1347 = CARTESIAN_POINT('',(0.392699085448,-19.11878446342));
#1348 = CARTESIAN_POINT('',(0.589048628173,-17.35636087628));
#1349 = CARTESIAN_POINT('',(0.785398170895,-14.78517491329));
#1350 = CARTESIAN_POINT('',(0.981747713622,-11.55026506976));
#1351 = CARTESIAN_POINT('',(1.178097256345,-7.853982354578));
#1352 = CARTESIAN_POINT('',(1.374446799071,-3.926990554487));
#1353 = CARTESIAN_POINT('',(1.570796341795,2.99999985621E-07));
#1354 = ( GEOMETRIC_REPRESENTATION_CONTEXT(2) 
PARAMETRIC_REPRESENTATION_CONTEXT() REPRESENTATION_CONTEXT('2D SPACE',''
  ) );
#1355 = PCURVE('',#1159,#1356);
#1356 = DEFINITIONAL_REPRESENTATION('',(#1357),#1361);
#1357 = LINE('',#1358,#1359);
#1358 = CARTESIAN_POINT('',(1.,0.));
#1359 = VECTOR('',#1360,1.);
#1360 = DIRECTION('',(0.,1.));
#1361 = ( GEOMETRIC_REPRESENTATION_CONTEXT(2) 
PARAMETRIC_REPRESENTATION_CONTEXT() REPRESENTATION_CONTEXT('2D SPACE',''
  ) );
#1362 = ORIENTED_EDGE('',*,*,#1363,.T.);
#1363 = EDGE_CURVE('',#1231,#1300,#1364,.T.);
#1364 = SEAM_CURVE('',#1365,(#1369,#1376),.PCURVE_S1.);
#1365 = LINE('',#1366,#1367);
#1366 = CARTESIAN_POINT('',(0.,18.,-4.40872847693E-15));
#1367 = VECTOR('',#1368,1.);
#1368 = DIRECTION('',(-1.,-0.,-0.));
#1369 = PCURVE('',#1254,#1370);
#1370 = DEFINITIONAL_REPRESENTATION('',(#1371),#1375);
#1371 = LINE('',#1372,#1373);
#1372 = CARTESIAN_POINT('',(0.,0.));
#1373 = VECTOR('',#1374,1.);
#1374 = DIRECTION('',(0.,-1.));
#1375 = ( GEOMETRIC_REPRESENTATION_CONTEXT(2) 
PARAMETRIC_REPRESENTATION_CONTEXT() REPRESENTATION_CONTEXT('2D SPACE',''
  ) );
#1376 = PCURVE('',#1254,#1377);
#1377 = DEFINITIONAL_REPRESENTATION('',(#1378),#1382);
#1378 = LINE('',#1379,#1380);
#1379 = CARTESIAN_POINT('',(6.28318530718,0.));
#1380 = VECTOR('',#1381,1.);
#1381 = DIRECTION('',(0.,-1.));
#1382 = ( GEOMETRIC_REPRESENTATION_CONTEXT(2) 
PARAMETRIC_REPRESENTATION_CONTEXT() REPRESENTATION_CONTEXT('2D SPACE',''
  ) );
#1383 = ORIENTED_EDGE('',*,*,#1299,.T.);
#1384 = ORIENTED_EDGE('',*,*,#1363,.F.);
#1385 = ORIENTED_EDGE('',*,*,#1230,.F.);
#1386 = ORIENTED_EDGE('',*,*,#1387,.F.);
#1387 = EDGE_CURVE('',#1327,#1205,#1388,.T.);
#1388 = SURFACE_CURVE('',#1389,(#1410,#1430),.PCURVE_S1.);
#1389 = ( BOUNDED_CURVE() B_SPLINE_CURVE(10,(#1390,#1391,#1392,#1393,
    #1394,#1395,#1396,#1397,#1398,#1399,#1400,#1401,#1402,#1403,#1404,
    #1405,#1406,#1407,#1408,#1409),.UNSPECIFIED.,.F.,.F.) 
B_SPLINE_CURVE_WITH_KNOTS((11,9,11),(1.570796326795,3.14159265359,
4.712388980385),.UNSPECIFIED.) CURVE() GEOMETRIC_REPRESENTATION_ITEM() 
RATIONAL_B_SPLINE_CURVE((1.,1.,1.,1.,1.,1.,1.,1.,1.,1.,1.,1.,
    1.000000000001,0.999999999999,1.000000000001,0.999999999999,
1.000000000001,1.,1.,1.)) REPRESENTATION_ITEM('') );
#1390 = CARTESIAN_POINT('',(0.,7.105427357601E-15,18.));
#1391 = CARTESIAN_POINT('',(-3.14159265359,-2.827433388231,18.));
#1392 = CARTESIAN_POINT('',(-6.283185887322,-5.654866774431,
    17.506519781797));
#1393 = CARTESIAN_POINT('',(-9.317115023405,-8.385405562681,
    16.519559328626));
#1394 = CARTESIAN_POINT('',(-12.13573079892,-10.9221550526,
    15.06086181592));
#1395 = CARTESIAN_POINT('',(-14.6376808177,-13.17391322443,
    13.173913224498));
#1396 = CARTESIAN_POINT('',(-16.73428876215,-15.06086181592,
    10.922155052644));
#1397 = CARTESIAN_POINT('',(-18.35506785663,-16.51955932862,
    8.385405562684));
#1398 = CARTESIAN_POINT('',(-19.45168812105,-17.50651978179,
    5.654866774436));
#1399 = CARTESIAN_POINT('',(-20.,-18.,2.827433388231));
#1400 = CARTESIAN_POINT('',(-20.,-18.,-2.827433388231));
#1401 = CARTESIAN_POINT('',(-19.45168812105,-17.50651978179,
    -5.654866774484));
#1402 = CARTESIAN_POINT('',(-18.35506785659,-16.51955932858,
    -8.385405562568));
#1403 = CARTESIAN_POINT('',(-16.73428876213,-15.06086181606,
    -10.92215505257));
#1404 = CARTESIAN_POINT('',(-14.63768081773,-13.17391322438,
    -13.17391322453));
#1405 = CARTESIAN_POINT('',(-12.13573079891,-10.9221550527,
    -15.06086181575));
#1406 = CARTESIAN_POINT('',(-9.317115023381,-8.385405562833,
    -16.51955932866));
#1407 = CARTESIAN_POINT('',(-6.283185887328,-5.654866774383,
    -17.50651978179));
#1408 = CARTESIAN_POINT('',(-3.141592653591,-2.827433388231,-18.));
#1409 = CARTESIAN_POINT('',(-3.552713678801E-15,1.24344978758E-14,-18.)
  );
#1410 = PCURVE('',#1254,#1411);
#1411 = DEFINITIONAL_REPRESENTATION('',(#1412),#1429);
#1412 = B_SPLINE_CURVE_WITH_KNOTS('',8,(#1413,#1414,#1415,#1416,#1417,
    #1418,#1419,#1420,#1421,#1422,#1423,#1424,#1425,#1426,#1427,#1428),
  .UNSPECIFIED.,.F.,.F.,(9,7,9),(1.570796311795,3.14159265359,
    4.712388995385),.UNSPECIFIED.);
#1413 = CARTESIAN_POINT('',(1.570796311795,2.999999994014E-07));
#1414 = CARTESIAN_POINT('',(1.767145854519,-3.926990554487));
#1415 = CARTESIAN_POINT('',(1.963495397243,-7.853982354565));
#1416 = CARTESIAN_POINT('',(2.159844939968,-11.55026506978));
#1417 = CARTESIAN_POINT('',(2.356194482689,-14.78517491323));
#1418 = CARTESIAN_POINT('',(2.552544025417,-17.35636087632));
#1419 = CARTESIAN_POINT('',(2.748893568141,-19.11878446343));
#1420 = CARTESIAN_POINT('',(2.945243110865,-20.));
#1421 = CARTESIAN_POINT('',(3.337942196314,-20.));
#1422 = CARTESIAN_POINT('',(3.534291739043,-19.11878446343));
#1423 = CARTESIAN_POINT('',(3.730641281745,-17.35636087622));
#1424 = CARTESIAN_POINT('',(3.926990824504,-14.78517491334));
#1425 = CARTESIAN_POINT('',(4.12334036719,-11.5502650697));
#1426 = CARTESIAN_POINT('',(4.31968990994,-7.853982354578));
#1427 = CARTESIAN_POINT('',(4.51603945266,-3.926990554487));
#1428 = CARTESIAN_POINT('',(4.712388995385,2.99999985621E-07));
#1429 = ( GEOMETRIC_REPRESENTATION_CONTEXT(2) 
PARAMETRIC_REPRESENTATION_CONTEXT() REPRESENTATION_CONTEXT('2D SPACE',''
  ) );
#1430 = PCURVE('',#1431,#1492);
#1431 = ( BOUNDED_SURFACE() B_SPLINE_SURFACE(2,10,(
    (#1432,#1433,#1434,#1435,#1436,#1437,#1438,#1439,#1440,#1441,#1442
      ,#1443,#1444,#1445,#1446,#1447,#1448,#1449,#1450,#1451)
    ,(#1452,#1453,#1454,#1455,#1456,#1457,#1458,#1459,#1460,#1461,#1462
      ,#1463,#1464,#1465,#1466,#1467,#1468,#1469,#1470,#1471)
    ,(#1472,#1473,#1474,#1475,#1476,#1477,#1478,#1479,#1480,#1481,#1482
      ,#1483,#1484,#1485,#1486,#1487,#1488,#1489,#1490,#1491
)),.UNSPECIFIED.,.F.,.F.,.F.) B_SPLINE_SURFACE_WITH_KNOTS((3,3),(11,9,11
    ),(0.,1.),(1.570796326795,3.14159265359,4.712388980385),
.UNSPECIFIED.) GEOMETRIC_REPRESENTATION_ITEM() RATIONAL_B_SPLINE_SURFACE
((
    (1.,1.,1.,1.,1.,1.,1.,1.,1.,1.,1.,1.,1.000000000001,0.999999999999
      ,1.000000000001,0.999999999999,1.000000000001,1.,1.,1.)
    ,(1.,1.,0.986298019013,0.958839389999,0.919388356275,0.870186338149
      ,0.817666867557,0.765223827212,0.726496302956,0.707106781187
      ,0.707106781187,0.726496302955,0.765223827221,0.817666867604
      ,0.870186338106,0.919388356339,0.958839389985,0.986298019014,1.,1.
      )
    ,(1.,1.,1.,1.,1.,1.,1.,1.,1.,1.,1.,1.,1.000000000001,0.999999999999
      ,1.000000000001,0.999999999999,1.000000000001,1.,1.,1.
))) REPRESENTATION_ITEM('') SURFACE() );
#1432 = CARTESIAN_POINT('',(7.105427357601E-15,0.,18.));
#1433 = CARTESIAN_POINT('',(-2.827433388231,-3.14159265359,18.));
#1434 = CARTESIAN_POINT('',(-5.654866774431,-6.283185887322,
    17.506519781797));
#1435 = CARTESIAN_POINT('',(-8.385405562681,-9.317115023405,
    16.519559328626));
#1436 = CARTESIAN_POINT('',(-10.9221550526,-12.13573079892,
    15.06086181592));
#1437 = CARTESIAN_POINT('',(-13.17391322443,-14.6376808177,
    13.173913224498));
#1438 = CARTESIAN_POINT('',(-15.06086181592,-16.73428876215,
    10.922155052644));
#1439 = CARTESIAN_POINT('',(-16.51955932862,-18.35506785663,
    8.385405562684));
#1440 = CARTESIAN_POINT('',(-17.50651978179,-19.45168812105,
    5.654866774436));
#1441 = CARTESIAN_POINT('',(-18.,-20.,2.827433388231));
#1442 = CARTESIAN_POINT('',(-18.,-20.,-2.827433388231));
#1443 = CARTESIAN_POINT('',(-17.50651978179,-19.45168812105,
    -5.654866774484));
#1444 = CARTESIAN_POINT('',(-16.51955932858,-18.35506785659,
    -8.385405562568));
#1445 = CARTESIAN_POINT('',(-15.06086181606,-16.73428876213,
    -10.92215505257));
#1446 = CARTESIAN_POINT('',(-13.17391322438,-14.63768081773,
    -13.17391322453));
#1447 = CARTESIAN_POINT('',(-10.9221550527,-12.13573079891,
    -15.06086181575));
#1448 = CARTESIAN_POINT('',(-8.385405562833,-9.317115023381,
    -16.51955932866));
#1449 = CARTESIAN_POINT('',(-5.654866774383,-6.283185887328,
    -17.50651978179));
#1450 = CARTESIAN_POINT('',(-2.827433388231,-3.141592653591,-18.));
#1451 = CARTESIAN_POINT('',(1.24344978758E-14,-3.552713678801E-15,-18.)
  );
#1452 = CARTESIAN_POINT('',(7.105427357601E-15,3.552713678801E-15,18.));
#1453 = CARTESIAN_POINT('',(-2.984513020911,-2.984513020911,18.));
#1454 = CARTESIAN_POINT('',(-6.052264892885,-6.052264892885,
    17.44349535204));
#1455 = CARTESIAN_POINT('',(-9.052360371706,-9.052360371706,
    16.287788591325));
#1456 = CARTESIAN_POINT('',(-11.80887715756,-11.80887715756,
    14.524885563643));
#1457 = CARTESIAN_POINT('',(-14.099066486,-14.099066486,12.314177985769)
  );
#1458 = CARTESIAN_POINT('',(-15.85343062769,-15.85343062769,
    9.759622409258));
#1459 = CARTESIAN_POINT('',(-16.93524837018,-16.93524837018,
    7.238148343124));
#1460 = CARTESIAN_POINT('',(-17.62644196171,-17.62644196171,
    4.893655482142));
#1461 = CARTESIAN_POINT('',(-18.,-18.,2.513274122872));
#1462 = CARTESIAN_POINT('',(-18.,-18.,-2.513274122872));
#1463 = CARTESIAN_POINT('',(-17.62644196166,-17.62644196166,
    -4.893655482293));
#1464 = CARTESIAN_POINT('',(-16.93524837041,-16.93524837041,
    -7.238148342476));
#1465 = CARTESIAN_POINT('',(-15.85343062756,-15.85343062756,
    -9.759622409944));
#1466 = CARTESIAN_POINT('',(-14.09906648617,-14.09906648617,
    -12.31417798526));
#1467 = CARTESIAN_POINT('',(-11.80887715766,-11.80887715766,
    -14.52488556383));
#1468 = CARTESIAN_POINT('',(-9.052360371576,-9.052360371576,
    -16.28778859135));
#1469 = CARTESIAN_POINT('',(-6.052264892913,-6.052264892913,
    -17.44349535202));
#1470 = CARTESIAN_POINT('',(-2.984513020911,-2.984513020911,
    -17.99999999999));
#1471 = CARTESIAN_POINT('',(3.552713678801E-15,3.552713678801E-15,-18.)
  );
#1472 = CARTESIAN_POINT('',(0.,7.105427357601E-15,18.));
#1473 = CARTESIAN_POINT('',(-3.14159265359,-2.827433388231,18.));
#1474 = CARTESIAN_POINT('',(-6.283185887322,-5.654866774431,
    17.506519781797));
#1475 = CARTESIAN_POINT('',(-9.317115023405,-8.385405562681,
    16.519559328626));
#1476 = CARTESIAN_POINT('',(-12.13573079892,-10.9221550526,
    15.06086181592));
#1477 = CARTESIAN_POINT('',(-14.6376808177,-13.17391322443,
    13.173913224498));
#1478 = CARTESIAN_POINT('',(-16.73428876215,-15.06086181592,
    10.922155052644));
#1479 = CARTESIAN_POINT('',(-18.35506785663,-16.51955932862,
    8.385405562684));
#1480 = CARTESIAN_POINT('',(-19.45168812105,-17.50651978179,
    5.654866774436));
#1481 = CARTESIAN_POINT('',(-20.,-18.,2.827433388231));
#1482 = CARTESIAN_POINT('',(-20.,-18.,-2.827433388231));
#1483 = CARTESIAN_POINT('',(-19.45168812105,-17.50651978179,
    -5.654866774484));
#1484 = CARTESIAN_POINT('',(-18.35506785659,-16.51955932858,
    -8.385405562568));
#1485 = CARTESIAN_POINT('',(-16.73428876213,-15.06086181606,
    -10.92215505257));
#1486 = CARTESIAN_POINT('',(-14.63768081773,-13.17391322438,
    -13.17391322453));
#1487 = CARTESIAN_POINT('',(-12.13573079891,-10.9221550527,
    -15.06086181575));
#1488 = CARTESIAN_POINT('',(-9.317115023381,-8.385405562833,
    -16.51955932866));
#1489 = CARTESIAN_POINT('',(-6.283185887328,-5.654866774383,
    -17.50651978179));
#1490 = CARTESIAN_POINT('',(-3.141592653591,-2.827433388231,-18.));
#1491 = CARTESIAN_POINT('',(-3.552713678801E-15,1.24344978758E-14,-18.)
  );
#1492 = DEFINITIONAL_REPRESENTATION('',(#1493),#1497);
#1493 = LINE('',#1494,#1495);
#1494 = CARTESIAN_POINT('',(1.,0.));
#1495 = VECTOR('',#1496,1.);
#1496 = DIRECTION('',(0.,1.));
#1497 = ( GEOMETRIC_REPRESENTATION_CONTEXT(2) 
PARAMETRIC_REPRESENTATION_CONTEXT() REPRESENTATION_CONTEXT('2D SPACE',''
  ) );
#1498 = ADVANCED_FACE('',(#1499),#1159,.F.);
#1499 = FACE_BOUND('',#1500,.F.);
#1500 = EDGE_LOOP('',(#1501,#1502,#1503,#1504));
#1501 = ORIENTED_EDGE('',*,*,#1131,.F.);
#1502 = ORIENTED_EDGE('',*,*,#1272,.T.);
#1503 = ORIENTED_EDGE('',*,*,#1326,.T.);
#1504 = ORIENTED_EDGE('',*,*,#1505,.F.);
#1505 = EDGE_CURVE('',#1000,#1327,#1506,.T.);
#1506 = SURFACE_CURVE('',#1507,(#1511,#1518),.PCURVE_S1.);
#1507 = ( BOUNDED_CURVE() B_SPLINE_CURVE(2,(#1508,#1509,#1510),
.UNSPECIFIED.,.T.,.F.) B_SPLINE_CURVE_WITH_KNOTS((3,3),(0.,1.),
.PIECEWISE_BEZIER_KNOTS.) CURVE() GEOMETRIC_REPRESENTATION_ITEM() 
RATIONAL_B_SPLINE_CURVE((1.,1.,1.)) REPRESENTATION_ITEM('') );
#1508 = CARTESIAN_POINT('',(-1.59872115546E-14,8.881784197001E-15,18.));
#1509 = CARTESIAN_POINT('',(-1.06581410364E-14,3.552713678801E-15,18.));
#1510 = CARTESIAN_POINT('',(-8.881784197001E-15,8.881784197001E-15,18.)
  );
#1511 = PCURVE('',#1159,#1512);
#1512 = DEFINITIONAL_REPRESENTATION('',(#1513),#1517);
#1513 = LINE('',#1514,#1515);
#1514 = CARTESIAN_POINT('',(0.,4.712388980385));
#1515 = VECTOR('',#1516,1.);
#1516 = DIRECTION('',(1.,0.));
#1517 = ( GEOMETRIC_REPRESENTATION_CONTEXT(2) 
PARAMETRIC_REPRESENTATION_CONTEXT() REPRESENTATION_CONTEXT('2D SPACE',''
  ) );
#1518 = PCURVE('',#1519,#1524);
#1519 = SPHERICAL_SURFACE('',#1520,2.);
#1520 = AXIS2_PLACEMENT_3D('',#1521,#1522,#1523);
#1521 = CARTESIAN_POINT('',(6.123233995737E-16,-1.271035289593E-14,20.)
  );
#1522 = DIRECTION('',(-0.86431659778,-0.502948127347,-2.931703454732E-16
    ));
#1523 = DIRECTION('',(2.242454082005E-15,-4.436562156183E-15,1.));
#1524 = DEFINITIONAL_REPRESENTATION('',(#1525),#1532);
#1525 = B_SPLINE_CURVE_WITH_KNOTS('',5,(#1526,#1527,#1528,#1529,#1530,
    #1531),.UNSPECIFIED.,.F.,.F.,(6,6),(0.,1.),
  .PIECEWISE_BEZIER_KNOTS.);
#1526 = CARTESIAN_POINT('',(3.14159265359,2.036934675485E-15));
#1527 = CARTESIAN_POINT('',(3.14159265359,1.651783063086E-15));
#1528 = CARTESIAN_POINT('',(3.14159265359,1.152140316912E-15));
#1529 = CARTESIAN_POINT('',(3.14159265359,5.380064369619E-16));
#1530 = CARTESIAN_POINT('',(3.14159265359,-1.906185767631E-16));
#1531 = CARTESIAN_POINT('',(3.14159265359,-1.033734724264E-15));
#1532 = ( GEOMETRIC_REPRESENTATION_CONTEXT(2) 
PARAMETRIC_REPRESENTATION_CONTEXT() REPRESENTATION_CONTEXT('2D SPACE',''
  ) );
#1533 = ADVANCED_FACE('',(#1534),#951,.T.);
#1534 = FACE_BOUND('',#1535,.F.);
#1535 = EDGE_LOOP('',(#1536,#1562,#1563,#1587));
#1536 = ORIENTED_EDGE('',*,*,#1537,.T.);
#1537 = EDGE_CURVE('',#658,#1538,#1540,.T.);
#1538 = VERTEX_POINT('',#1539);
#1539 = CARTESIAN_POINT('',(-3.52809694669E-14,-3.673942754747E-15,-18.)
  );
#1540 = SURFACE_CURVE('',#1541,(#1545,#1555),.PCURVE_S1.);
#1541 = B_SPLINE_CURVE_WITH_KNOTS('',2,(#1542,#1543,#1544),
  .UNSPECIFIED.,.T.,.F.,(3,3),(0.,1.),.PIECEWISE_BEZIER_KNOTS.);
#1542 = CARTESIAN_POINT('',(0.,4.263256414561E-14,-18.));
#1543 = CARTESIAN_POINT('',(-2.6645352591E-14,2.48689957516E-14,-18.));
#1544 = CARTESIAN_POINT('',(-4.796163466381E-14,0.,-18.));
#1545 = PCURVE('',#951,#1546);
#1546 = DEFINITIONAL_REPRESENTATION('',(#1547),#1554);
#1547 = B_SPLINE_CURVE_WITH_KNOTS('',5,(#1548,#1549,#1550,#1551,#1552,
    #1553),.UNSPECIFIED.,.F.,.F.,(6,6),(0.,1.),
  .PIECEWISE_BEZIER_KNOTS.);
#1548 = CARTESIAN_POINT('',(3.14159265359,1.56392019057E-14));
#1549 = CARTESIAN_POINT('',(3.14159265359,9.293961781238E-15));
#1550 = CARTESIAN_POINT('',(3.14159265359,3.033428565944E-15));
#1551 = CARTESIAN_POINT('',(3.14159265359,-3.142397740184E-15));
#1552 = CARTESIAN_POINT('',(3.14159265359,-9.233517137146E-15));
#1553 = CARTESIAN_POINT('',(3.14159265359,-1.523992962494E-14));
#1554 = ( GEOMETRIC_REPRESENTATION_CONTEXT(2) 
PARAMETRIC_REPRESENTATION_CONTEXT() REPRESENTATION_CONTEXT('2D SPACE',''
  ) );
#1555 = PCURVE('',#758,#1556);
#1556 = DEFINITIONAL_REPRESENTATION('',(#1557),#1561);
#1557 = LINE('',#1558,#1559);
#1558 = CARTESIAN_POINT('',(0.,1.570796326795));
#1559 = VECTOR('',#1560,1.);
#1560 = DIRECTION('',(1.,0.));
#1561 = ( GEOMETRIC_REPRESENTATION_CONTEXT(2) 
PARAMETRIC_REPRESENTATION_CONTEXT() REPRESENTATION_CONTEXT('2D SPACE',''
  ) );
#1562 = ORIENTED_EDGE('',*,*,#1204,.F.);
#1563 = ORIENTED_EDGE('',*,*,#1564,.T.);
#1564 = EDGE_CURVE('',#1538,#1205,#1565,.T.);
#1565 = SURFACE_CURVE('',#1566,(#1570,#1580),.PCURVE_S1.);
#1566 = ( BOUNDED_CURVE() B_SPLINE_CURVE(2,(#1567,#1568,#1569),
.UNSPECIFIED.,.T.,.F.) B_SPLINE_CURVE_WITH_KNOTS((3,3),(0.,1.),
.PIECEWISE_BEZIER_KNOTS.) CURVE() GEOMETRIC_REPRESENTATION_ITEM() 
RATIONAL_B_SPLINE_CURVE((1.,1.,1.)) REPRESENTATION_ITEM('') );
#1567 = CARTESIAN_POINT('',(1.24344978758E-14,-3.552713678801E-15,-18.)
  );
#1568 = CARTESIAN_POINT('',(3.552713678801E-15,3.552713678801E-15,-18.)
  );
#1569 = CARTESIAN_POINT('',(-3.552713678801E-15,1.24344978758E-14,-18.)
  );
#1570 = PCURVE('',#951,#1571);
#1571 = DEFINITIONAL_REPRESENTATION('',(#1572),#1579);
#1572 = B_SPLINE_CURVE_WITH_KNOTS('',5,(#1573,#1574,#1575,#1576,#1577,
    #1578),.UNSPECIFIED.,.F.,.F.,(6,6),(0.,1.),
  .PIECEWISE_BEZIER_KNOTS.);
#1573 = CARTESIAN_POINT('',(3.14159265359,1.115583264576E-14));
#1574 = CARTESIAN_POINT('',(3.14159265359,1.017768863433E-14));
#1575 = CARTESIAN_POINT('',(3.14159265359,9.318218352592E-15));
#1576 = CARTESIAN_POINT('',(3.14159265359,8.57742180054E-15));
#1577 = CARTESIAN_POINT('',(3.14159265359,7.955298978175E-15));
#1578 = CARTESIAN_POINT('',(3.14159265359,7.4518498855E-15));
#1579 = ( GEOMETRIC_REPRESENTATION_CONTEXT(2) 
PARAMETRIC_REPRESENTATION_CONTEXT() REPRESENTATION_CONTEXT('2D SPACE',''
  ) );
#1580 = PCURVE('',#1431,#1581);
#1581 = DEFINITIONAL_REPRESENTATION('',(#1582),#1586);
#1582 = LINE('',#1583,#1584);
#1583 = CARTESIAN_POINT('',(0.,4.712388980385));
#1584 = VECTOR('',#1585,1.);
#1585 = DIRECTION('',(1.,0.));
#1586 = ( GEOMETRIC_REPRESENTATION_CONTEXT(2) 
PARAMETRIC_REPRESENTATION_CONTEXT() REPRESENTATION_CONTEXT('2D SPACE',''
  ) );
#1587 = ORIENTED_EDGE('',*,*,#937,.F.);
#1588 = ADVANCED_FACE('',(#1589),#758,.T.);
#1589 = FACE_BOUND('',#1590,.T.);
#1590 = EDGE_LOOP('',(#1591,#1592,#1593,#1635));
#1591 = ORIENTED_EDGE('',*,*,#728,.F.);
#1592 = ORIENTED_EDGE('',*,*,#1537,.T.);
#1593 = ORIENTED_EDGE('',*,*,#1594,.T.);
#1594 = EDGE_CURVE('',#1538,#1595,#1597,.T.);
#1595 = VERTEX_POINT('',#1596);
#1596 = CARTESIAN_POINT('',(18.,-20.,-1.59872115546E-14));
#1597 = SURFACE_CURVE('',#1598,(#1610,#1617),.PCURVE_S1.);
#1598 = ( BOUNDED_CURVE() B_SPLINE_CURVE(10,(#1599,#1600,#1601,#1602,
    #1603,#1604,#1605,#1606,#1607,#1608,#1609),.UNSPECIFIED.,.F.,.F.) 
B_SPLINE_CURVE_WITH_KNOTS((11,11),(1.570796326795,3.14159265359),
.PIECEWISE_BEZIER_KNOTS.) CURVE() GEOMETRIC_REPRESENTATION_ITEM() 
RATIONAL_B_SPLINE_CURVE((1.,1.,1.,1.,1.,1.,1.,1.,1.,1.,1.)) 
REPRESENTATION_ITEM('') );
#1599 = CARTESIAN_POINT('',(-4.796163466381E-14,0.,-18.));
#1600 = CARTESIAN_POINT('',(2.827433388231,-3.14159265359,-18.));
#1601 = CARTESIAN_POINT('',(5.654866774365,-6.28318588734,
    -17.50651978179));
#1602 = CARTESIAN_POINT('',(8.385405562747,-9.317115023392,
    -16.51955932867));
#1603 = CARTESIAN_POINT('',(10.922155052522,-12.13573079892,
    -15.06086181581));
#1604 = CARTESIAN_POINT('',(13.173913224132,-14.63768081773,
    -13.17391322473));
#1605 = CARTESIAN_POINT('',(15.060861815947,-16.73428876215,
    -10.92215505283));
#1606 = CARTESIAN_POINT('',(16.519559328578,-18.35506785661,
    -8.385405562704));
#1607 = CARTESIAN_POINT('',(17.506519781798,-19.45168812105,
    -5.6548667745));
#1608 = CARTESIAN_POINT('',(18.,-20.,-2.827433388231));
#1609 = CARTESIAN_POINT('',(18.,-20.,-1.7763568394E-14));
#1610 = PCURVE('',#758,#1611);
#1611 = DEFINITIONAL_REPRESENTATION('',(#1612),#1616);
#1612 = LINE('',#1613,#1614);
#1613 = CARTESIAN_POINT('',(1.,0.));
#1614 = VECTOR('',#1615,1.);
#1615 = DIRECTION('',(0.,1.));
#1616 = ( GEOMETRIC_REPRESENTATION_CONTEXT(2) 
PARAMETRIC_REPRESENTATION_CONTEXT() REPRESENTATION_CONTEXT('2D SPACE',''
  ) );
#1617 = PCURVE('',#1618,#1623);
#1618 = CYLINDRICAL_SURFACE('',#1619,18.);
#1619 = AXIS2_PLACEMENT_3D('',#1620,#1621,#1622);
#1620 = CARTESIAN_POINT('',(0.,0.,0.));
#1621 = DIRECTION('',(-0.,1.,-0.));
#1622 = DIRECTION('',(1.,0.,0.));
#1623 = DEFINITIONAL_REPRESENTATION('',(#1624),#1634);
#1624 = B_SPLINE_CURVE_WITH_KNOTS('',8,(#1625,#1626,#1627,#1628,#1629,
    #1630,#1631,#1632,#1633),.UNSPECIFIED.,.F.,.F.,(9,9),(1.570796311795
    ,3.14159265359),.PIECEWISE_BEZIER_KNOTS.);
#1625 = CARTESIAN_POINT('',(-4.712388965385,3.000000038423E-07));
#1626 = CARTESIAN_POINT('',(-4.908738508109,-3.926990554487));
#1627 = CARTESIAN_POINT('',(-5.105088050827,-7.853982354594));
#1628 = CARTESIAN_POINT('',(-5.301437593571,-11.55026506972));
#1629 = CARTESIAN_POINT('',(-5.497787136246,-14.78517491334));
#1630 = CARTESIAN_POINT('',(-5.694136679009,-17.35636087627));
#1631 = CARTESIAN_POINT('',(-5.890486221725,-19.11878446344));
#1632 = CARTESIAN_POINT('',(-6.086835764455,-20.));
#1633 = CARTESIAN_POINT('',(-6.28318530718,-20.));
#1634 = ( GEOMETRIC_REPRESENTATION_CONTEXT(2) 
PARAMETRIC_REPRESENTATION_CONTEXT() REPRESENTATION_CONTEXT('2D SPACE',''
  ) );
#1635 = ORIENTED_EDGE('',*,*,#1636,.F.);
#1636 = EDGE_CURVE('',#729,#1595,#1637,.T.);
#1637 = SURFACE_CURVE('',#1638,(#1642,#1649),.PCURVE_S1.);
#1638 = ( BOUNDED_CURVE() B_SPLINE_CURVE(2,(#1639,#1640,#1641),
.UNSPECIFIED.,.F.,.F.) B_SPLINE_CURVE_WITH_KNOTS((3,3),(0.,1.),
.PIECEWISE_BEZIER_KNOTS.) CURVE() GEOMETRIC_REPRESENTATION_ITEM() 
RATIONAL_B_SPLINE_CURVE((1.,0.707106781187,1.)) REPRESENTATION_ITEM('') 
  );
#1639 = CARTESIAN_POINT('',(20.,-18.,-5.329070518201E-15));
#1640 = CARTESIAN_POINT('',(18.,-18.,-1.42108547152E-14));
#1641 = CARTESIAN_POINT('',(18.,-20.,-1.06581410364E-14));
#1642 = PCURVE('',#758,#1643);
#1643 = DEFINITIONAL_REPRESENTATION('',(#1644),#1648);
#1644 = LINE('',#1645,#1646);
#1645 = CARTESIAN_POINT('',(0.,3.14159265359));
#1646 = VECTOR('',#1647,1.);
#1647 = DIRECTION('',(1.,0.));
#1648 = ( GEOMETRIC_REPRESENTATION_CONTEXT(2) 
PARAMETRIC_REPRESENTATION_CONTEXT() REPRESENTATION_CONTEXT('2D SPACE',''
  ) );
#1649 = PCURVE('',#827,#1650);
#1650 = DEFINITIONAL_REPRESENTATION('',(#1651),#1655);
#1651 = LINE('',#1652,#1653);
#1652 = CARTESIAN_POINT('',(0.,3.14159265359));
#1653 = VECTOR('',#1654,1.);
#1654 = DIRECTION('',(1.,0.));
#1655 = ( GEOMETRIC_REPRESENTATION_CONTEXT(2) 
PARAMETRIC_REPRESENTATION_CONTEXT() REPRESENTATION_CONTEXT('2D SPACE',''
  ) );
#1656 = ADVANCED_FACE('',(#1657,#1660),#404,.T.);
#1657 = FACE_BOUND('',#1658,.T.);
#1658 = EDGE_LOOP('',(#1659));
#1659 = ORIENTED_EDGE('',*,*,#389,.T.);
#1660 = FACE_BOUND('',#1661,.T.);
#1661 = EDGE_LOOP('',(#1662));
#1662 = ORIENTED_EDGE('',*,*,#1663,.F.);
#1663 = EDGE_CURVE('',#1664,#1664,#1666,.T.);
#1664 = VERTEX_POINT('',#1665);
#1665 = CARTESIAN_POINT('',(18.,-50.,-4.40872847693E-15));
#1666 = SURFACE_CURVE('',#1667,(#1672,#1679),.PCURVE_S1.);
#1667 = CIRCLE('',#1668,18.);
#1668 = AXIS2_PLACEMENT_3D('',#1669,#1670,#1671);
#1669 = CARTESIAN_POINT('',(0.,-50.,0.));
#1670 = DIRECTION('',(0.,-1.,0.));
#1671 = DIRECTION('',(1.,0.,0.));
#1672 = PCURVE('',#404,#1673);
#1673 = DEFINITIONAL_REPRESENTATION('',(#1674),#1678);
#1674 = CIRCLE('',#1675,18.);
#1675 = AXIS2_PLACEMENT_2D('',#1676,#1677);
#1676 = CARTESIAN_POINT('',(1.371473012632E-15,1.093952106032E-15));
#1677 = DIRECTION('',(0.,1.));
#1678 = ( GEOMETRIC_REPRESENTATION_CONTEXT(2) 
PARAMETRIC_REPRESENTATION_CONTEXT() REPRESENTATION_CONTEXT('2D SPACE',''
  ) );
#1679 = PCURVE('',#1618,#1680);
#1680 = DEFINITIONAL_REPRESENTATION('',(#1681),#1685);
#1681 = LINE('',#1682,#1683);
#1682 = CARTESIAN_POINT('',(-0.,-50.));
#1683 = VECTOR('',#1684,1.);
#1684 = DIRECTION('',(-1.,0.));
#1685 = ( GEOMETRIC_REPRESENTATION_CONTEXT(2) 
PARAMETRIC_REPRESENTATION_CONTEXT() REPRESENTATION_CONTEXT('2D SPACE',''
  ) );
#1686 = ADVANCED_FACE('',(#1687),#1618,.F.);
#1687 = FACE_BOUND('',#1688,.T.);
#1688 = EDGE_LOOP('',(#1689,#1726,#1747,#1748,#1749,#1750));
#1689 = ORIENTED_EDGE('',*,*,#1690,.F.);
#1690 = EDGE_CURVE('',#1595,#1691,#1693,.T.);
#1691 = VERTEX_POINT('',#1692);
#1692 = CARTESIAN_POINT('',(-2.894620769418E-15,-3.673942754747E-15,18.)
  );
#1693 = SURFACE_CURVE('',#1694,(#1706,#1719),.PCURVE_S1.);
#1694 = ( BOUNDED_CURVE() B_SPLINE_CURVE(10,(#1695,#1696,#1697,#1698,
    #1699,#1700,#1701,#1702,#1703,#1704,#1705),.UNSPECIFIED.,.F.,.F.) 
B_SPLINE_CURVE_WITH_KNOTS((11,11),(3.14159265359,4.712388980385),
.PIECEWISE_BEZIER_KNOTS.) CURVE() GEOMETRIC_REPRESENTATION_ITEM() 
RATIONAL_B_SPLINE_CURVE((1.,1.,1.,1.,1.,1.,1.,1.,1.,1.,1.)) 
REPRESENTATION_ITEM('') );
#1695 = CARTESIAN_POINT('',(18.,-20.,-1.06581410364E-14));
#1696 = CARTESIAN_POINT('',(18.,-20.,2.827433388231));
#1697 = CARTESIAN_POINT('',(17.506519781796,-19.45168812104,
    5.654866774426));
#1698 = CARTESIAN_POINT('',(16.519559328632,-18.35506785661,
    8.385405562673));
#1699 = CARTESIAN_POINT('',(15.060861815924,-16.73428876214,
    10.922155052606));
#1700 = CARTESIAN_POINT('',(13.17391322449,-14.63768081772,
    13.173913224443));
#1701 = CARTESIAN_POINT('',(10.922155052642,-12.13573079893,
    15.060861815915));
#1702 = CARTESIAN_POINT('',(8.385405562694,-9.317115023403,
    16.519559328617));
#1703 = CARTESIAN_POINT('',(5.65486677445,-6.283185887331,
    17.506519781796));
#1704 = CARTESIAN_POINT('',(2.827433388231,-3.14159265359,18.));
#1705 = CARTESIAN_POINT('',(8.881784197001E-15,-8.881784197001E-15,18.)
  );
#1706 = PCURVE('',#1618,#1707);
#1707 = DEFINITIONAL_REPRESENTATION('',(#1708),#1718);
#1708 = B_SPLINE_CURVE_WITH_KNOTS('',8,(#1709,#1710,#1711,#1712,#1713,
    #1714,#1715,#1716,#1717),.UNSPECIFIED.,.F.,.F.,(9,9),(3.14159265359,
    4.712388995385),.PIECEWISE_BEZIER_KNOTS.);
#1709 = CARTESIAN_POINT('',(8.881784197001E-16,-20.));
#1710 = CARTESIAN_POINT('',(-0.196349542724,-20.));
#1711 = CARTESIAN_POINT('',(-0.392699085448,-19.11878446342));
#1712 = CARTESIAN_POINT('',(-0.589048628173,-17.35636087628));
#1713 = CARTESIAN_POINT('',(-0.785398170895,-14.78517491329));
#1714 = CARTESIAN_POINT('',(-0.981747713622,-11.55026506976));
#1715 = CARTESIAN_POINT('',(-1.178097256345,-7.853982354578));
#1716 = CARTESIAN_POINT('',(-1.374446799071,-3.926990554487));
#1717 = CARTESIAN_POINT('',(-1.570796341795,2.99999985621E-07));
#1718 = ( GEOMETRIC_REPRESENTATION_CONTEXT(2) 
PARAMETRIC_REPRESENTATION_CONTEXT() REPRESENTATION_CONTEXT('2D SPACE',''
  ) );
#1719 = PCURVE('',#827,#1720);
#1720 = DEFINITIONAL_REPRESENTATION('',(#1721),#1725);
#1721 = LINE('',#1722,#1723);
#1722 = CARTESIAN_POINT('',(1.,0.));
#1723 = VECTOR('',#1724,1.);
#1724 = DIRECTION('',(0.,1.));
#1725 = ( GEOMETRIC_REPRESENTATION_CONTEXT(2) 
PARAMETRIC_REPRESENTATION_CONTEXT() REPRESENTATION_CONTEXT('2D SPACE',''
  ) );
#1726 = ORIENTED_EDGE('',*,*,#1727,.T.);
#1727 = EDGE_CURVE('',#1595,#1664,#1728,.T.);
#1728 = SEAM_CURVE('',#1729,(#1733,#1740),.PCURVE_S1.);
#1729 = LINE('',#1730,#1731);
#1730 = CARTESIAN_POINT('',(18.,0.,-4.40872847693E-15));
#1731 = VECTOR('',#1732,1.);
#1732 = DIRECTION('',(0.,-1.,0.));
#1733 = PCURVE('',#1618,#1734);
#1734 = DEFINITIONAL_REPRESENTATION('',(#1735),#1739);
#1735 = LINE('',#1736,#1737);
#1736 = CARTESIAN_POINT('',(-0.,0.));
#1737 = VECTOR('',#1738,1.);
#1738 = DIRECTION('',(-0.,-1.));
#1739 = ( GEOMETRIC_REPRESENTATION_CONTEXT(2) 
PARAMETRIC_REPRESENTATION_CONTEXT() REPRESENTATION_CONTEXT('2D SPACE',''
  ) );
#1740 = PCURVE('',#1618,#1741);
#1741 = DEFINITIONAL_REPRESENTATION('',(#1742),#1746);
#1742 = LINE('',#1743,#1744);
#1743 = CARTESIAN_POINT('',(-6.28318530718,0.));
#1744 = VECTOR('',#1745,1.);
#1745 = DIRECTION('',(-0.,-1.));
#1746 = ( GEOMETRIC_REPRESENTATION_CONTEXT(2) 
PARAMETRIC_REPRESENTATION_CONTEXT() REPRESENTATION_CONTEXT('2D SPACE',''
  ) );
#1747 = ORIENTED_EDGE('',*,*,#1663,.T.);
#1748 = ORIENTED_EDGE('',*,*,#1727,.F.);
#1749 = ORIENTED_EDGE('',*,*,#1594,.F.);
#1750 = ORIENTED_EDGE('',*,*,#1751,.F.);
#1751 = EDGE_CURVE('',#1691,#1538,#1752,.T.);
#1752 = SURFACE_CURVE('',#1753,(#1774,#1794),.PCURVE_S1.);
#1753 = ( BOUNDED_CURVE() B_SPLINE_CURVE(10,(#1754,#1755,#1756,#1757,
    #1758,#1759,#1760,#1761,#1762,#1763,#1764,#1765,#1766,#1767,#1768,
    #1769,#1770,#1771,#1772,#1773),.UNSPECIFIED.,.F.,.F.) 
B_SPLINE_CURVE_WITH_KNOTS((11,9,11),(1.570796326795,3.14159265359,
4.712388980385),.UNSPECIFIED.) CURVE() GEOMETRIC_REPRESENTATION_ITEM() 
RATIONAL_B_SPLINE_CURVE((1.,1.,1.,1.,1.,1.,1.,1.,1.,1.,1.,1.,
    1.000000000001,0.999999999999,1.000000000001,0.999999999999,
1.000000000001,1.,1.,1.)) REPRESENTATION_ITEM('') );
#1754 = CARTESIAN_POINT('',(7.105427357601E-15,0.,18.));
#1755 = CARTESIAN_POINT('',(-2.827433388231,-3.14159265359,18.));
#1756 = CARTESIAN_POINT('',(-5.654866774431,-6.283185887322,
    17.506519781797));
#1757 = CARTESIAN_POINT('',(-8.385405562681,-9.317115023405,
    16.519559328626));
#1758 = CARTESIAN_POINT('',(-10.9221550526,-12.13573079892,
    15.06086181592));
#1759 = CARTESIAN_POINT('',(-13.17391322443,-14.6376808177,
    13.173913224498));
#1760 = CARTESIAN_POINT('',(-15.06086181592,-16.73428876215,
    10.922155052644));
#1761 = CARTESIAN_POINT('',(-16.51955932862,-18.35506785663,
    8.385405562684));
#1762 = CARTESIAN_POINT('',(-17.50651978179,-19.45168812105,
    5.654866774436));
#1763 = CARTESIAN_POINT('',(-18.,-20.,2.827433388231));
#1764 = CARTESIAN_POINT('',(-18.,-20.,-2.827433388231));
#1765 = CARTESIAN_POINT('',(-17.50651978179,-19.45168812105,
    -5.654866774484));
#1766 = CARTESIAN_POINT('',(-16.51955932858,-18.35506785659,
    -8.385405562568));
#1767 = CARTESIAN_POINT('',(-15.06086181606,-16.73428876213,
    -10.92215505257));
#1768 = CARTESIAN_POINT('',(-13.17391322438,-14.63768081773,
    -13.17391322453));
#1769 = CARTESIAN_POINT('',(-10.9221550527,-12.13573079891,
    -15.06086181575));
#1770 = CARTESIAN_POINT('',(-8.385405562833,-9.317115023381,
    -16.51955932866));
#1771 = CARTESIAN_POINT('',(-5.654866774383,-6.283185887328,
    -17.50651978179));
#1772 = CARTESIAN_POINT('',(-2.827433388231,-3.141592653591,-18.));
#1773 = CARTESIAN_POINT('',(1.24344978758E-14,-3.552713678801E-15,-18.)
  );
#1774 = PCURVE('',#1618,#1775);
#1775 = DEFINITIONAL_REPRESENTATION('',(#1776),#1793);
#1776 = B_SPLINE_CURVE_WITH_KNOTS('',8,(#1777,#1778,#1779,#1780,#1781,
    #1782,#1783,#1784,#1785,#1786,#1787,#1788,#1789,#1790,#1791,#1792),
  .UNSPECIFIED.,.F.,.F.,(9,7,9),(1.570796311795,3.14159265359,
    4.712388995385),.UNSPECIFIED.);
#1777 = CARTESIAN_POINT('',(-1.570796311795,2.999999994014E-07));
#1778 = CARTESIAN_POINT('',(-1.767145854519,-3.926990554487));
#1779 = CARTESIAN_POINT('',(-1.963495397243,-7.853982354565));
#1780 = CARTESIAN_POINT('',(-2.159844939968,-11.55026506978));
#1781 = CARTESIAN_POINT('',(-2.356194482689,-14.78517491323));
#1782 = CARTESIAN_POINT('',(-2.552544025417,-17.35636087632));
#1783 = CARTESIAN_POINT('',(-2.748893568141,-19.11878446343));
#1784 = CARTESIAN_POINT('',(-2.945243110865,-20.));
#1785 = CARTESIAN_POINT('',(-3.337942196314,-20.));
#1786 = CARTESIAN_POINT('',(-3.534291739043,-19.11878446343));
#1787 = CARTESIAN_POINT('',(-3.730641281745,-17.35636087622));
#1788 = CARTESIAN_POINT('',(-3.926990824504,-14.78517491334));
#1789 = CARTESIAN_POINT('',(-4.12334036719,-11.5502650697));
#1790 = CARTESIAN_POINT('',(-4.31968990994,-7.853982354578));
#1791 = CARTESIAN_POINT('',(-4.51603945266,-3.926990554487));
#1792 = CARTESIAN_POINT('',(-4.712388995385,2.99999985621E-07));
#1793 = ( GEOMETRIC_REPRESENTATION_CONTEXT(2) 
PARAMETRIC_REPRESENTATION_CONTEXT() REPRESENTATION_CONTEXT('2D SPACE',''
  ) );
#1794 = PCURVE('',#1431,#1795);
#1795 = DEFINITIONAL_REPRESENTATION('',(#1796),#1800);
#1796 = LINE('',#1797,#1798);
#1797 = CARTESIAN_POINT('',(0.,0.));
#1798 = VECTOR('',#1799,1.);
#1799 = DIRECTION('',(0.,1.));
#1800 = ( GEOMETRIC_REPRESENTATION_CONTEXT(2) 
PARAMETRIC_REPRESENTATION_CONTEXT() REPRESENTATION_CONTEXT('2D SPACE',''
  ) );
#1801 = ADVANCED_FACE('',(#1802),#593,.T.);
#1802 = FACE_BOUND('',#1803,.T.);
#1803 = EDGE_LOOP('',(#1804,#1805,#1829,#1830));
#1804 = ORIENTED_EDGE('',*,*,#561,.F.);
#1805 = ORIENTED_EDGE('',*,*,#1806,.T.);
#1806 = EDGE_CURVE('',#562,#1000,#1807,.T.);
#1807 = SURFACE_CURVE('',#1808,(#1812,#1819),.PCURVE_S1.);
#1808 = B_SPLINE_CURVE_WITH_KNOTS('',2,(#1809,#1810,#1811),
  .UNSPECIFIED.,.T.,.F.,(3,3),(0.,1.),.PIECEWISE_BEZIER_KNOTS.);
#1809 = CARTESIAN_POINT('',(0.,-8.881784197001E-15,18.));
#1810 = CARTESIAN_POINT('',(-3.552713678801E-15,-1.7763568394E-15,18.));
#1811 = CARTESIAN_POINT('',(-8.881784197001E-15,0.,18.));
#1812 = PCURVE('',#593,#1813);
#1813 = DEFINITIONAL_REPRESENTATION('',(#1814),#1818);
#1814 = LINE('',#1815,#1816);
#1815 = CARTESIAN_POINT('',(0.,1.570796326795));
#1816 = VECTOR('',#1817,1.);
#1817 = DIRECTION('',(1.,0.));
#1818 = ( GEOMETRIC_REPRESENTATION_CONTEXT(2) 
PARAMETRIC_REPRESENTATION_CONTEXT() REPRESENTATION_CONTEXT('2D SPACE',''
  ) );
#1819 = PCURVE('',#1519,#1820);
#1820 = DEFINITIONAL_REPRESENTATION('',(#1821),#1828);
#1821 = B_SPLINE_CURVE_WITH_KNOTS('',5,(#1822,#1823,#1824,#1825,#1826,
    #1827),.UNSPECIFIED.,.F.,.F.,(6,6),(0.,1.),
  .PIECEWISE_BEZIER_KNOTS.);
#1822 = CARTESIAN_POINT('',(3.14159265359,-4.049947445684E-16));
#1823 = CARTESIAN_POINT('',(3.14159265359,-5.055931413196E-16));
#1824 = CARTESIAN_POINT('',(3.14159265359,-3.954125011957E-16));
#1825 = CARTESIAN_POINT('',(3.14159265359,-7.445282419675E-17));
#1826 = CARTESIAN_POINT('',(3.14159265359,4.572858896773E-16));
#1827 = CARTESIAN_POINT('',(3.14159265359,1.199803640427E-15));
#1828 = ( GEOMETRIC_REPRESENTATION_CONTEXT(2) 
PARAMETRIC_REPRESENTATION_CONTEXT() REPRESENTATION_CONTEXT('2D SPACE',''
  ) );
#1829 = ORIENTED_EDGE('',*,*,#999,.T.);
#1830 = ORIENTED_EDGE('',*,*,#872,.F.);
#1831 = ADVANCED_FACE('',(#1832),#1519,.T.);
#1832 = FACE_BOUND('',#1833,.F.);
#1833 = EDGE_LOOP('',(#1834,#1835,#1836,#1860));
#1834 = ORIENTED_EDGE('',*,*,#1806,.T.);
#1835 = ORIENTED_EDGE('',*,*,#1505,.T.);
#1836 = ORIENTED_EDGE('',*,*,#1837,.F.);
#1837 = EDGE_CURVE('',#1691,#1327,#1838,.T.);
#1838 = SURFACE_CURVE('',#1839,(#1843,#1853),.PCURVE_S1.);
#1839 = B_SPLINE_CURVE_WITH_KNOTS('',2,(#1840,#1841,#1842),
  .UNSPECIFIED.,.T.,.F.,(3,3),(0.,1.),.PIECEWISE_BEZIER_KNOTS.);
#1840 = CARTESIAN_POINT('',(7.105427357601E-15,0.,18.));
#1841 = CARTESIAN_POINT('',(7.105427357601E-15,3.552713678801E-15,18.));
#1842 = CARTESIAN_POINT('',(0.,7.105427357601E-15,18.));
#1843 = PCURVE('',#1519,#1844);
#1844 = DEFINITIONAL_REPRESENTATION('',(#1845),#1852);
#1845 = B_SPLINE_CURVE_WITH_KNOTS('',5,(#1846,#1847,#1848,#1849,#1850,
    #1851),.UNSPECIFIED.,.F.,.F.,(6,6),(0.,1.),
  .PIECEWISE_BEZIER_KNOTS.);
#1846 = CARTESIAN_POINT('',(3.14159265359,-5.709202509007E-15));
#1847 = CARTESIAN_POINT('',(3.14159265359,-6.066568647357E-15));
#1848 = CARTESIAN_POINT('',(3.14159265359,-6.116867845733E-15));
#1849 = CARTESIAN_POINT('',(3.14159265359,-5.860100104133E-15));
#1850 = CARTESIAN_POINT('',(3.14159265359,-5.296265422559E-15));
#1851 = CARTESIAN_POINT('',(3.14159265359,-4.425363801011E-15));
#1852 = ( GEOMETRIC_REPRESENTATION_CONTEXT(2) 
PARAMETRIC_REPRESENTATION_CONTEXT() REPRESENTATION_CONTEXT('2D SPACE',''
  ) );
#1853 = PCURVE('',#1431,#1854);
#1854 = DEFINITIONAL_REPRESENTATION('',(#1855),#1859);
#1855 = LINE('',#1856,#1857);
#1856 = CARTESIAN_POINT('',(0.,1.570796326795));
#1857 = VECTOR('',#1858,1.);
#1858 = DIRECTION('',(1.,0.));
#1859 = ( GEOMETRIC_REPRESENTATION_CONTEXT(2) 
PARAMETRIC_REPRESENTATION_CONTEXT() REPRESENTATION_CONTEXT('2D SPACE',''
  ) );
#1860 = ORIENTED_EDGE('',*,*,#1861,.F.);
#1861 = EDGE_CURVE('',#562,#1691,#1862,.T.);
#1862 = SURFACE_CURVE('',#1863,(#1867,#1877),.PCURVE_S1.);
#1863 = ( BOUNDED_CURVE() B_SPLINE_CURVE(2,(#1864,#1865,#1866),
.UNSPECIFIED.,.T.,.F.) B_SPLINE_CURVE_WITH_KNOTS((3,3),(0.,1.),
.PIECEWISE_BEZIER_KNOTS.) CURVE() GEOMETRIC_REPRESENTATION_ITEM() 
RATIONAL_B_SPLINE_CURVE((1.,1.,1.)) REPRESENTATION_ITEM('') );
#1864 = CARTESIAN_POINT('',(8.881784197001E-15,-1.59872115546E-14,18.));
#1865 = CARTESIAN_POINT('',(3.552713678801E-15,-1.06581410364E-14,18.));
#1866 = CARTESIAN_POINT('',(8.881784197001E-15,-8.881784197001E-15,18.)
  );
#1867 = PCURVE('',#1519,#1868);
#1868 = DEFINITIONAL_REPRESENTATION('',(#1869),#1876);
#1869 = B_SPLINE_CURVE_WITH_KNOTS('',5,(#1870,#1871,#1872,#1873,#1874,
    #1875),.UNSPECIFIED.,.F.,.F.,(6,6),(0.,1.),
  .PIECEWISE_BEZIER_KNOTS.);
#1870 = CARTESIAN_POINT('',(3.14159265359,-2.456500802501E-15));
#1871 = CARTESIAN_POINT('',(3.14159265359,-2.071349190103E-15));
#1872 = CARTESIAN_POINT('',(3.14159265359,-2.057456453078E-15));
#1873 = CARTESIAN_POINT('',(3.14159265359,-2.414822591429E-15));
#1874 = CARTESIAN_POINT('',(3.14159265359,-3.143447605154E-15));
#1875 = CARTESIAN_POINT('',(3.14159265359,-4.243331494253E-15));
#1876 = ( GEOMETRIC_REPRESENTATION_CONTEXT(2) 
PARAMETRIC_REPRESENTATION_CONTEXT() REPRESENTATION_CONTEXT('2D SPACE',''
  ) );
#1877 = PCURVE('',#827,#1878);
#1878 = DEFINITIONAL_REPRESENTATION('',(#1879),#1883);
#1879 = LINE('',#1880,#1881);
#1880 = CARTESIAN_POINT('',(0.,4.712388980385));
#1881 = VECTOR('',#1882,1.);
#1882 = DIRECTION('',(1.,0.));
#1883 = ( GEOMETRIC_REPRESENTATION_CONTEXT(2) 
PARAMETRIC_REPRESENTATION_CONTEXT() REPRESENTATION_CONTEXT('2D SPACE',''
  ) );
#1884 = ADVANCED_FACE('',(#1885),#1431,.F.);
#1885 = FACE_BOUND('',#1886,.F.);
#1886 = EDGE_LOOP('',(#1887,#1888,#1889,#1890));
#1887 = ORIENTED_EDGE('',*,*,#1751,.F.);
#1888 = ORIENTED_EDGE('',*,*,#1837,.T.);
#1889 = ORIENTED_EDGE('',*,*,#1387,.T.);
#1890 = ORIENTED_EDGE('',*,*,#1564,.F.);
#1891 = ADVANCED_FACE('',(#1892),#827,.T.);
#1892 = FACE_BOUND('',#1893,.T.);
#1893 = EDGE_LOOP('',(#1894,#1895,#1896,#1897));
#1894 = ORIENTED_EDGE('',*,*,#799,.F.);
#1895 = ORIENTED_EDGE('',*,*,#1636,.T.);
#1896 = ORIENTED_EDGE('',*,*,#1690,.T.);
#1897 = ORIENTED_EDGE('',*,*,#1861,.F.);
#1898 = ( GEOMETRIC_REPRESENTATION_CONTEXT(3) 
GLOBAL_UNCERTAINTY_ASSIGNED_CONTEXT((#1902)) 
GLOBAL_UNIT_ASSIGNED_CONTEXT((#1899,#1900,#1901)) REPRESENTATION_CONTEXT
('Context #1','3D Context with UNIT and UNCERTAINTY') );
#1899 = ( LENGTH_UNIT() NAMED_UNIT(*) SI_UNIT(.MILLI.,.METRE.) );
#1900 = ( NAMED_UNIT(*) PLANE_ANGLE_UNIT() SI_UNIT($,.RADIAN.) );
#1901 = ( NAMED_UNIT(*) SI_UNIT($,.STERADIAN.) SOLID_ANGLE_UNIT() );
#1902 = UNCERTAINTY_MEASURE_WITH_UNIT(LENGTH_MEASURE(2.E-05),#1899,
  'distance_accuracy_value','confusion accuracy');
#1903 = PRODUCT_RELATED_PRODUCT_CATEGORY('part',$,(#7));
ENDSEC;
END-ISO-10303-21;
